{"type": "FeatureCollection", "features": [{"type": "Feature", "properties": {"id": 17, "name": "Waterford E", "lst": 48.3, "green": 13.4, "pop": 140, "pct65": 12.4, "ac": 88.3, "holc": null, "access_min": 38.7, "access_km": 3.1, "score": 67.5, "rank": 63, "area_m2": 109981, "street_m": 638}, "geometry": {"type": "Polygon", "coordinates": [[[-121.88153, 37.75719], [-121.88045, 37.75887], [-121.88171, 37.76038], [-121.88405, 37.76021], [-121.88513, 37.75853], [-121.88387, 37.75702], [-121.88153, 37.75719]]]}}, {"type": "Feature", "properties": {"id": 22, "name": "Carlyle", "lst": 46.0, "green": 16.6, "pop": 133, "pct65": 9.1, "ac": 88.3, "holc": null, "access_min": 36.4, "access_km": 2.92, "score": 52.5, "rank": 198, "area_m2": 109971, "street_m": 861}, "geometry": {"type": "Polygon", "coordinates": [[[-121.8853, 37.76173], [-121.88422, 37.76341], [-121.88547, 37.76492], [-121.88781, 37.76475], [-121.8889, 37.76307], [-121.88764, 37.76156], [-121.8853, 37.76173]]]}}, {"type": "Feature", "properties": {"id": 23, "name": "Aventura", "lst": 46.8, "green": 22.0, "pop": 323, "pct65": 7.5, "ac": 88.3, "holc": null, "access_min": 32.3, "access_km": 2.59, "score": 57.5, "rank": 143, "area_m2": 109966, "street_m": 1378}, "geometry": {"type": "Polygon", "coordinates": [[[-121.8889, 37.76307], [-121.88781, 37.76475], [-121.88907, 37.76627], [-121.89141, 37.7661], [-121.89249, 37.76442], [-121.89124, 37.7629], [-121.8889, 37.76307]]]}}, {"type": "Feature", "properties": {"id": 25, "name": "Solaire & Belvedere NE 2", "lst": 47.3, "green": 19.7, "pop": 75, "pct65": 12.2, "ac": 88.3, "holc": null, "access_min": 28.6, "access_km": 2.29, "score": 53.7, "rank": 182, "area_m2": 109936, "street_m": 345}, "geometry": {"type": "Polygon", "coordinates": [[[-121.9002, 37.77669], [-121.89912, 37.77837], [-121.90038, 37.77988], [-121.90271, 37.77971], [-121.9038, 37.77803], [-121.90254, 37.77652], [-121.9002, 37.77669]]]}}, {"type": "Feature", "properties": {"id": 26, "name": "Avanti E", "lst": 50.2, "green": 13.0, "pop": 20, "pct65": 10.7, "ac": 77.2, "holc": null, "access_min": 27.2, "access_km": 2.18, "score": 67.6, "rank": 62, "area_m2": 109931, "street_m": 38}, "geometry": {"type": "Polygon", "coordinates": [[[-121.9038, 37.77803], [-121.90271, 37.77971], [-121.90397, 37.78122], [-121.90631, 37.78106], [-121.90739, 37.77938], [-121.90614, 37.77786], [-121.9038, 37.77803]]]}}, {"type": "Feature", "properties": {"id": 27, "name": "Solaire & Belvedere NE 3", "lst": 46.0, "green": 21.1, "pop": 128, "pct65": 12.3, "ac": 88.3, "holc": null, "access_min": 34.1, "access_km": 2.73, "score": 49.3, "rank": 236, "area_m2": 109938, "street_m": 573}, "geometry": {"type": "Polygon", "coordinates": [[[-121.89678, 37.77854], [-121.8957, 37.78022], [-121.89695, 37.78173], [-121.89929, 37.78156], [-121.90038, 37.77988], [-121.89912, 37.77837], [-121.89678, 37.77854]]]}}, {"type": "Feature", "properties": {"id": 29, "name": "Solaire & Belvedere E 2", "lst": 46.2, "green": 17.4, "pop": 295, "pct65": 8.5, "ac": 60.2, "holc": null, "access_min": 25.1, "access_km": 2.01, "score": 59.2, "rank": 124, "area_m2": 109941, "street_m": 1284}, "geometry": {"type": "Polygon", "coordinates": [[[-121.90003, 37.77349], [-121.89895, 37.77517], [-121.9002, 37.77669], [-121.90254, 37.77652], [-121.90362, 37.77484], [-121.90237, 37.77333], [-121.90003, 37.77349]]]}}, {"type": "Feature", "properties": {"id": 30, "name": "Solaire & Belvedere NE", "lst": 46.4, "green": 24.6, "pop": 118, "pct65": 8.3, "ac": 78.7, "holc": null, "access_min": 22.9, "access_km": 1.83, "score": 44.7, "rank": 295, "area_m2": 109935, "street_m": 1157}, "geometry": {"type": "Polygon", "coordinates": [[[-121.90362, 37.77484], [-121.90254, 37.77652], [-121.9038, 37.77803], [-121.90614, 37.77786], [-121.90722, 37.77618], [-121.90596, 37.77467], [-121.90362, 37.77484]]]}}, {"type": "Feature", "properties": {"id": 31, "name": "Piccadilly Square Park", "lst": 45.8, "green": 20.0, "pop": 261, "pct65": 12.5, "ac": 88.3, "holc": null, "access_min": 31.0, "access_km": 2.48, "score": 55.3, "rank": 168, "area_m2": 109942, "street_m": 1677}, "geometry": {"type": "Polygon", "coordinates": [[[-121.89661, 37.77534], [-121.89552, 37.77702], [-121.89678, 37.77854], [-121.89912, 37.77837], [-121.9002, 37.77669], [-121.89895, 37.77517], [-121.89661, 37.77534]]]}}, {"type": "Feature", "properties": {"id": 36, "name": "Avanti N", "lst": 48.8, "green": 12.6, "pop": 40, "pct65": 10.0, "ac": 77.2, "holc": null, "access_min": 26.9, "access_km": 2.15, "score": 63.1, "rank": 92, "area_m2": 109926, "street_m": 128}, "geometry": {"type": "Polygon", "coordinates": [[[-121.90739, 37.77938], [-121.90631, 37.78106], [-121.90757, 37.78257], [-121.90991, 37.7824], [-121.91099, 37.78072], [-121.90973, 37.77921], [-121.90739, 37.77938]]]}}, {"type": "Feature", "properties": {"id": 37, "name": "Avanti NW 2", "lst": 48.9, "green": 12.8, "pop": 14, "pct65": 11.0, "ac": 77.8, "holc": null, "access_min": 27.7, "access_km": 2.22, "score": 62.7, "rank": 98, "area_m2": 109920, "street_m": 0}, "geometry": {"type": "Polygon", "coordinates": [[[-121.91099, 37.78072], [-121.90991, 37.7824], [-121.91116, 37.78391], [-121.9135, 37.78374], [-121.91459, 37.78206], [-121.91333, 37.78055], [-121.91099, 37.78072]]]}}, {"type": "Feature", "properties": {"id": 43, "name": "Solaire & Belvedere NE 4", "lst": 47.1, "green": 14.2, "pop": 272, "pct65": 12.5, "ac": 93.9, "holc": null, "access_min": 32.3, "access_km": 2.58, "score": 68.7, "rank": 55, "area_m2": 109943, "street_m": 1019}, "geometry": {"type": "Polygon", "coordinates": [[[-121.89318, 37.77719], [-121.8921, 37.77887], [-121.89336, 37.78039], [-121.8957, 37.78022], [-121.89678, 37.77854], [-121.89552, 37.77702], [-121.89318, 37.77719]]]}}, {"type": "Feature", "properties": {"id": 48, "name": "Solaire & Belvedere SE", "lst": 46.1, "green": 23.1, "pop": 142, "pct65": 7.3, "ac": 56.1, "holc": null, "access_min": 17.0, "access_km": 1.36, "score": 45.4, "rank": 288, "area_m2": 109944, "street_m": 0}, "geometry": {"type": "Polygon", "coordinates": [[[-121.90328, 37.76845], [-121.9022, 37.77013], [-121.90345, 37.77165], [-121.90579, 37.77148], [-121.90687, 37.7698], [-121.90562, 37.76828], [-121.90328, 37.76845]]]}}, {"type": "Feature", "properties": {"id": 49, "name": "Veranda", "lst": 44.2, "green": 26.3, "pop": 226, "pct65": 7.0, "ac": 79.8, "holc": null, "access_min": 13.5, "access_km": 1.08, "score": 36.6, "rank": 351, "area_m2": 109938, "street_m": 1194}, "geometry": {"type": "Polygon", "coordinates": [[[-121.90687, 37.7698], [-121.90579, 37.77148], [-121.90705, 37.77299], [-121.90939, 37.77282], [-121.91047, 37.77114], [-121.90921, 37.76963], [-121.90687, 37.7698]]]}}, {"type": "Feature", "properties": {"id": 50, "name": "Solaire & Belvedere SE 2", "lst": 45.7, "green": 17.3, "pop": 710, "pct65": 5.1, "ac": 56.3, "holc": null, "access_min": 22.6, "access_km": 1.81, "score": 72.1, "rank": 29, "area_m2": 109945, "street_m": 1149}, "geometry": {"type": "Polygon", "coordinates": [[[-121.89986, 37.7703], [-121.89877, 37.77198], [-121.90003, 37.77349], [-121.90237, 37.77333], [-121.90345, 37.77165], [-121.9022, 37.77013], [-121.89986, 37.7703]]]}}, {"type": "Feature", "properties": {"id": 51, "name": "Solaire & Belvedere E", "lst": 46.0, "green": 22.8, "pop": 89, "pct65": 8.5, "ac": 79.8, "holc": null, "access_min": 19.3, "access_km": 1.55, "score": 44.0, "rank": 300, "area_m2": 109940, "street_m": 435}, "geometry": {"type": "Polygon", "coordinates": [[[-121.90345, 37.77165], [-121.90237, 37.77333], [-121.90362, 37.77484], [-121.90596, 37.77467], [-121.90705, 37.77299], [-121.90579, 37.77148], [-121.90345, 37.77165]]]}}, {"type": "Feature", "properties": {"id": 52, "name": "Taramea W", "lst": 46.2, "green": 18.6, "pop": 396, "pct65": 8.5, "ac": 61.6, "holc": null, "access_min": 16.3, "access_km": 1.3, "score": 62.2, "rank": 101, "area_m2": 109948, "street_m": 1569}, "geometry": {"type": "Polygon", "coordinates": [[[-121.90311, 37.76526], [-121.90202, 37.76694], [-121.90328, 37.76845], [-121.90562, 37.76828], [-121.9067, 37.7666], [-121.90544, 37.76509], [-121.90311, 37.76526]]]}}, {"type": "Feature", "properties": {"id": 53, "name": "Shelbourne", "lst": 45.2, "green": 23.0, "pop": 237, "pct65": 9.3, "ac": 38.0, "holc": null, "access_min": 11.5, "access_km": 0.92, "score": 46.6, "rank": 271, "area_m2": 109943, "street_m": 967}, "geometry": {"type": "Polygon", "coordinates": [[[-121.9067, 37.7666], [-121.90562, 37.76828], [-121.90687, 37.7698], [-121.90921, 37.76963], [-121.9103, 37.76795], [-121.90904, 37.76643], [-121.9067, 37.7666]]]}}, {"type": "Feature", "properties": {"id": 54, "name": "Taramea N", "lst": 46.1, "green": 13.5, "pop": 315, "pct65": 6.5, "ac": 59.9, "holc": null, "access_min": 21.3, "access_km": 1.7, "score": 63.0, "rank": 93, "area_m2": 109949, "street_m": 673}, "geometry": {"type": "Polygon", "coordinates": [[[-121.89968, 37.76711], [-121.8986, 37.76879], [-121.89986, 37.7703], [-121.9022, 37.77013], [-121.90328, 37.76845], [-121.90202, 37.76694], [-121.89968, 37.76711]]]}}, {"type": "Feature", "properties": {"id": 55, "name": "Terravista N", "lst": 45.6, "green": 22.0, "pop": 264, "pct65": 6.8, "ac": 79.3, "holc": null, "access_min": 16.9, "access_km": 1.36, "score": 48.9, "rank": 242, "area_m2": 109929, "street_m": 1106}, "geometry": {"type": "Polygon", "coordinates": [[[-121.91064, 37.77433], [-121.90956, 37.77601], [-121.91082, 37.77753], [-121.91316, 37.77736], [-121.91424, 37.77568], [-121.91298, 37.77417], [-121.91064, 37.77433]]]}}, {"type": "Feature", "properties": {"id": 56, "name": "Monarch SE", "lst": 46.4, "green": 22.3, "pop": 203, "pct65": 7.1, "ac": 79.8, "holc": null, "access_min": 18.3, "access_km": 1.47, "score": 49.7, "rank": 232, "area_m2": 109923, "street_m": 1236}, "geometry": {"type": "Polygon", "coordinates": [[[-121.91424, 37.77568], [-121.91316, 37.77736], [-121.91441, 37.77887], [-121.91675, 37.7787], [-121.91783, 37.77702], [-121.91658, 37.77551], [-121.91424, 37.77568]]]}}, {"type": "Feature", "properties": {"id": 57, "name": "Avanti", "lst": 48.0, "green": 16.6, "pop": 250, "pct65": 7.3, "ac": 78.3, "holc": null, "access_min": 21.9, "access_km": 1.75, "score": 65.8, "rank": 70, "area_m2": 109930, "street_m": 1216}, "geometry": {"type": "Polygon", "coordinates": [[[-121.90722, 37.77618], [-121.90614, 37.77786], [-121.90739, 37.77938], [-121.90973, 37.77921], [-121.91082, 37.77753], [-121.90956, 37.77601], [-121.90722, 37.77618]]]}}, {"type": "Feature", "properties": {"id": 58, "name": "Avanti NW", "lst": 48.7, "green": 15.2, "pop": 211, "pct65": 7.5, "ac": 78.4, "holc": null, "access_min": 22.3, "access_km": 1.78, "score": 68.6, "rank": 56, "area_m2": 109924, "street_m": 975}, "geometry": {"type": "Polygon", "coordinates": [[[-121.91082, 37.77753], [-121.90973, 37.77921], [-121.91099, 37.78072], [-121.91333, 37.78055], [-121.91441, 37.77887], [-121.91316, 37.77736], [-121.91082, 37.77753]]]}}, {"type": "Feature", "properties": {"id": 59, "name": "Terravista", "lst": 44.2, "green": 27.4, "pop": 215, "pct65": 7.0, "ac": 79.5, "holc": null, "access_min": 11.9, "access_km": 0.95, "score": 34.9, "rank": 361, "area_m2": 109933, "street_m": 2057}, "geometry": {"type": "Polygon", "coordinates": [[[-121.91047, 37.77114], [-121.90939, 37.77282], [-121.91064, 37.77433], [-121.91298, 37.77417], [-121.91406, 37.77248], [-121.91281, 37.77097], [-121.91047, 37.77114]]]}}, {"type": "Feature", "properties": {"id": 60, "name": "Coronado", "lst": 45.0, "green": 24.1, "pop": 266, "pct65": 6.7, "ac": 79.0, "holc": null, "access_min": 12.7, "access_km": 1.02, "score": 43.6, "rank": 302, "area_m2": 109928, "street_m": 1653}, "geometry": {"type": "Polygon", "coordinates": [[[-121.91406, 37.77248], [-121.91298, 37.77417], [-121.91424, 37.77568], [-121.91658, 37.77551], [-121.91766, 37.77383], [-121.9164, 37.77232], [-121.91406, 37.77248]]]}}, {"type": "Feature", "properties": {"id": 61, "name": "Solaire & Belvedere", "lst": 44.4, "green": 30.0, "pop": 211, "pct65": 7.1, "ac": 79.8, "holc": null, "access_min": 17.3, "access_km": 1.38, "score": 32.9, "rank": 371, "area_m2": 109934, "street_m": 1669}, "geometry": {"type": "Polygon", "coordinates": [[[-121.90705, 37.77299], [-121.90596, 37.77467], [-121.90722, 37.77618], [-121.90956, 37.77601], [-121.91064, 37.77433], [-121.90939, 37.77282], [-121.90705, 37.77299]]]}}, {"type": "Feature", "properties": {"id": 62, "name": "Fiore NE 2", "lst": 48.9, "green": 11.4, "pop": 15, "pct65": 11.9, "ac": 88.3, "holc": null, "access_min": 32.2, "access_km": 2.57, "score": 64.3, "rank": 81, "area_m2": 109952, "street_m": 0}, "geometry": {"type": "Polygon", "coordinates": [[[-121.89284, 37.7708], [-121.89175, 37.77249], [-121.89301, 37.774], [-121.89535, 37.77383], [-121.89643, 37.77215], [-121.89518, 37.77064], [-121.89284, 37.7708]]]}}, {"type": "Feature", "properties": {"id": 65, "name": "Solaire & Belvedere E 4", "lst": 46.6, "green": 13.3, "pop": 50, "pct65": 12.1, "ac": 88.3, "holc": null, "access_min": 34.1, "access_km": 2.73, "score": 55.7, "rank": 161, "area_m2": 109947, "street_m": 193}, "geometry": {"type": "Polygon", "coordinates": [[[-121.89301, 37.774], [-121.89193, 37.77568], [-121.89318, 37.77719], [-121.89552, 37.77702], [-121.89661, 37.77534], [-121.89535, 37.77383], [-121.89301, 37.774]]]}}, {"type": "Feature", "properties": {"id": 67, "name": "Fiore N", "lst": 47.9, "green": 11.9, "pop": 252, "pct65": 6.3, "ac": 56.1, "holc": null, "access_min": 26.6, "access_km": 2.13, "score": 70.0, "rank": 41, "area_m2": 109950, "street_m": 364}, "geometry": {"type": "Polygon", "coordinates": [[[-121.89626, 37.76896], [-121.89518, 37.77064], [-121.89643, 37.77215], [-121.89877, 37.77198], [-121.89986, 37.7703], [-121.8986, 37.76879], [-121.89626, 37.76896]]]}}, {"type": "Feature", "properties": {"id": 71, "name": "eaves Dublin Apartments NE", "lst": 47.6, "green": 16.6, "pop": 68, "pct65": 9.1, "ac": 75.9, "holc": null, "access_min": 19.5, "access_km": 1.56, "score": 55.9, "rank": 160, "area_m2": 109989, "street_m": 917}, "geometry": {"type": "Polygon", "coordinates": [[[-121.90822, 37.72962], [-121.90713, 37.7313], [-121.90839, 37.73282], [-121.91073, 37.73265], [-121.91181, 37.73097], [-121.91056, 37.72945], [-121.90822, 37.72962]]]}}, {"type": "Feature", "properties": {"id": 72, "name": "The Hills at Bent Creek E", "lst": 45.6, "green": 26.0, "pop": 210, "pct65": 7.2, "ac": 75.9, "holc": null, "access_min": 14.2, "access_km": 1.14, "score": 42.4, "rank": 311, "area_m2": 109984, "street_m": 1011}, "geometry": {"type": "Polygon", "coordinates": [[[-121.91181, 37.73097], [-121.91073, 37.73265], [-121.91198, 37.73416], [-121.91432, 37.73399], [-121.91541, 37.73231], [-121.91415, 37.7308], [-121.91181, 37.73097]]]}}, {"type": "Feature", "properties": {"id": 74, "name": "eaves Dublin Apartments", "lst": 45.4, "green": 32.0, "pop": 46, "pct65": 9.7, "ac": 75.9, "holc": null, "access_min": 15.9, "access_km": 1.27, "score": 31.5, "rank": 376, "area_m2": 109988, "street_m": 944}, "geometry": {"type": "Polygon", "coordinates": [[[-121.91164, 37.72777], [-121.91056, 37.72945], [-121.91181, 37.73097], [-121.91415, 37.7308], [-121.91523, 37.72912], [-121.91398, 37.7276], [-121.91164, 37.72777]]]}}, {"type": "Feature", "properties": {"id": 75, "name": "Old Ranch Summit NE", "lst": 47.8, "green": 12.6, "pop": 14, "pct65": 11.8, "ac": 88.3, "holc": null, "access_min": 10.8, "access_km": 0.86, "score": 59.0, "rank": 127, "area_m2": 109959, "street_m": 0}, "geometry": {"type": "Polygon", "coordinates": [[[-121.92294, 37.74139], [-121.92186, 37.74307], [-121.92311, 37.74458], [-121.92545, 37.74441], [-121.92654, 37.74273], [-121.92528, 37.74122], [-121.92294, 37.74139]]]}}, {"type": "Feature", "properties": {"id": 76, "name": "Old Ranch Summit NW", "lst": 47.0, "green": 15.5, "pop": 71, "pct65": 11.8, "ac": 82.3, "holc": null, "access_min": 12.6, "access_km": 1.01, "score": 56.3, "rank": 155, "area_m2": 109953, "street_m": 232}, "geometry": {"type": "Polygon", "coordinates": [[[-121.92654, 37.74273], [-121.92545, 37.74441], [-121.92671, 37.74593], [-121.92905, 37.74576], [-121.93013, 37.74408], [-121.92887, 37.74256], [-121.92654, 37.74273]]]}}, {"type": "Feature", "properties": {"id": 77, "name": "Old Ranch Estates N", "lst": 47.6, "green": 20.3, "pop": 80, "pct65": 11.8, "ac": 82.3, "holc": null, "access_min": 5.7, "access_km": 0.46, "score": 54.4, "rank": 178, "area_m2": 109960, "street_m": 707}, "geometry": {"type": "Polygon", "coordinates": [[[-121.91952, 37.74324], [-121.91844, 37.74492], [-121.91969, 37.74643], [-121.92203, 37.74626], [-121.92311, 37.74458], [-121.92186, 37.74307], [-121.91952, 37.74324]]]}}, {"type": "Feature", "properties": {"id": 78, "name": "Old Ranch Estates NW", "lst": 49.0, "green": 11.6, "pop": 16, "pct65": 11.8, "ac": 88.3, "holc": null, "access_min": 6.8, "access_km": 0.55, "score": 64.7, "rank": 77, "area_m2": 109954, "street_m": 0}, "geometry": {"type": "Polygon", "coordinates": [[[-121.92311, 37.74458], [-121.92203, 37.74626], [-121.92329, 37.74778], [-121.92563, 37.74761], [-121.92671, 37.74593], [-121.92545, 37.74441], [-121.92311, 37.74458]]]}}, {"type": "Feature", "properties": {"id": 79, "name": "Old Ranch Summit SE", "lst": 47.6, "green": 14.4, "pop": 116, "pct65": 11.8, "ac": 88.3, "holc": null, "access_min": 11.7, "access_km": 0.94, "score": 61.9, "rank": 104, "area_m2": 109963, "street_m": 546}, "geometry": {"type": "Polygon", "coordinates": [[[-121.92277, 37.73819], [-121.92169, 37.73988], [-121.92294, 37.74139], [-121.92528, 37.74122], [-121.92636, 37.73954], [-121.92511, 37.73803], [-121.92277, 37.73819]]]}}, {"type": "Feature", "properties": {"id": 80, "name": "Old Ranch Summit", "lst": 46.8, "green": 16.0, "pop": 159, "pct65": 13.8, "ac": 93.9, "holc": null, "access_min": 12.7, "access_km": 1.02, "score": 60.3, "rank": 117, "area_m2": 109958, "street_m": 1646}, "geometry": {"type": "Polygon", "coordinates": [[[-121.92636, 37.73954], [-121.92528, 37.74122], [-121.92654, 37.74273], [-121.92887, 37.74256], [-121.92996, 37.74088], [-121.9287, 37.73937], [-121.92636, 37.73954]]]}}, {"type": "Feature", "properties": {"id": 81, "name": "Old Ranch Estates", "lst": 47.4, "green": 17.3, "pop": 81, "pct65": 11.8, "ac": 88.3, "holc": null, "access_min": 11.1, "access_km": 0.89, "score": 56.5, "rank": 153, "area_m2": 109964, "street_m": 705}, "geometry": {"type": "Polygon", "coordinates": [[[-121.91935, 37.74004], [-121.91826, 37.74172], [-121.91952, 37.74324], [-121.92186, 37.74307], [-121.92294, 37.74139], [-121.92169, 37.73988], [-121.91935, 37.74004]]]}}, {"type": "Feature", "properties": {"id": 82, "name": "Old Ranch Summit NW 3", "lst": 45.6, "green": 19.9, "pop": 79, "pct65": 11.0, "ac": 71.7, "holc": null, "access_min": 16.0, "access_km": 1.28, "score": 46.1, "rank": 278, "area_m2": 109944, "street_m": 1021}, "geometry": {"type": "Polygon", "coordinates": [[[-121.9303, 37.74727], [-121.92922, 37.74895], [-121.93048, 37.75046], [-121.93282, 37.75029], [-121.9339, 37.74861], [-121.93264, 37.7471], [-121.9303, 37.74727]]]}}, {"type": "Feature", "properties": {"id": 83, "name": "Old Ranch Summit NW 5", "lst": 46.3, "green": 21.6, "pop": 231, "pct65": 11.6, "ac": 67.1, "holc": null, "access_min": 16.4, "access_km": 1.31, "score": 54.2, "rank": 180, "area_m2": 109938, "street_m": 1834}, "geometry": {"type": "Polygon", "coordinates": [[[-121.9339, 37.74861], [-121.93282, 37.75029], [-121.93407, 37.75181], [-121.93641, 37.75164], [-121.93749, 37.74996], [-121.93624, 37.74845], [-121.9339, 37.74861]]]}}, {"type": "Feature", "properties": {"id": 84, "name": "Old Ranch Summit N 2", "lst": 46.7, "green": 17.7, "pop": 12, "pct65": 11.6, "ac": 71.7, "holc": null, "access_min": 12.0, "access_km": 0.96, "score": 49.7, "rank": 231, "area_m2": 109945, "street_m": 0}, "geometry": {"type": "Polygon", "coordinates": [[[-121.92688, 37.74912], [-121.9258, 37.7508], [-121.92706, 37.75231], [-121.92939, 37.75214], [-121.93048, 37.75046], [-121.92922, 37.74895], [-121.92688, 37.74912]]]}}, {"type": "Feature", "properties": {"id": 85, "name": "Old Ranch Summit NW 6", "lst": 46.6, "green": 16.6, "pop": 46, "pct65": 11.2, "ac": 71.7, "holc": null, "access_min": 17.5, "access_km": 1.4, "score": 51.8, "rank": 209, "area_m2": 109939, "street_m": 252}, "geometry": {"type": "Polygon", "coordinates": [[[-121.93048, 37.75046], [-121.92939, 37.75214], [-121.93065, 37.75366], [-121.93299, 37.75349], [-121.93407, 37.75181], [-121.93282, 37.75029], [-121.93048, 37.75046]]]}}, {"type": "Feature", "properties": {"id": 86, "name": "Old Ranch Summit NW 2", "lst": 44.4, "green": 18.0, "pop": 32, "pct65": 11.7, "ac": 67.8, "holc": null, "access_min": 16.3, "access_km": 1.3, "score": 41.8, "rank": 315, "area_m2": 109948, "street_m": 872}, "geometry": {"type": "Polygon", "coordinates": [[[-121.93013, 37.74408], [-121.92905, 37.74576], [-121.9303, 37.74727], [-121.93264, 37.7471], [-121.93372, 37.74542], [-121.93247, 37.74391], [-121.93013, 37.74408]]]}}, {"type": "Feature", "properties": {"id": 87, "name": "Old Ranch Summit NW 4", "lst": 46.8, "green": 17.8, "pop": 258, "pct65": 11.8, "ac": 64.0, "holc": null, "access_min": 16.3, "access_km": 1.3, "score": 61.7, "rank": 105, "area_m2": 109942, "street_m": 836}, "geometry": {"type": "Polygon", "coordinates": [[[-121.93372, 37.74542], [-121.93264, 37.7471], [-121.9339, 37.74861], [-121.93624, 37.74845], [-121.93732, 37.74676], [-121.93606, 37.74525], [-121.93372, 37.74542]]]}}, {"type": "Feature", "properties": {"id": 89, "name": "Old Ranch Estates NE 2", "lst": 45.5, "green": 17.7, "pop": 12, "pct65": 11.8, "ac": 88.3, "holc": null, "access_min": 9.0, "access_km": 0.72, "score": 45.4, "rank": 287, "area_m2": 109966, "street_m": 681}, "geometry": {"type": "Polygon", "coordinates": [[[-121.9125, 37.74374], [-121.91142, 37.74542], [-121.91268, 37.74694], [-121.91502, 37.74677], [-121.9161, 37.74509], [-121.91484, 37.74357], [-121.9125, 37.74374]]]}}, {"type": "Feature", "properties": {"id": 90, "name": "Old Ranch Estates N 2", "lst": 46.6, "green": 21.0, "pop": 32, "pct65": 11.8, "ac": 88.3, "holc": null, "access_min": 3.4, "access_km": 0.27, "score": 47.5, "rank": 256, "area_m2": 109961, "street_m": 311}, "geometry": {"type": "Polygon", "coordinates": [[[-121.9161, 37.74509], [-121.91502, 37.74677], [-121.91627, 37.74828], [-121.91861, 37.74811], [-121.91969, 37.74643], [-121.91844, 37.74492], [-121.9161, 37.74509]]]}}, {"type": "Feature", "properties": {"id": 93, "name": "Old Ranch Estates E", "lst": 46.2, "green": 16.7, "pop": 52, "pct65": 11.8, "ac": 82.3, "holc": null, "access_min": 12.9, "access_km": 1.03, "score": 50.9, "rank": 219, "area_m2": 109971, "street_m": 903}, "geometry": {"type": "Polygon", "coordinates": [[[-121.91233, 37.74055], [-121.91125, 37.74223], [-121.9125, 37.74374], [-121.91484, 37.74357], [-121.91593, 37.74189], [-121.91467, 37.74038], [-121.91233, 37.74055]]]}}, {"type": "Feature", "properties": {"id": 94, "name": "Old Ranch Estates NE", "lst": 44.4, "green": 33.3, "pop": 147, "pct65": 11.8, "ac": 88.3, "holc": null, "access_min": 8.3, "access_km": 0.66, "score": 30.5, "rank": 379, "area_m2": 109965, "street_m": 1411}, "geometry": {"type": "Polygon", "coordinates": [[[-121.91593, 37.74189], [-121.91484, 37.74357], [-121.9161, 37.74509], [-121.91844, 37.74492], [-121.91952, 37.74324], [-121.91826, 37.74172], [-121.91593, 37.74189]]]}}, {"type": "Feature", "properties": {"id": 95, "name": "Serena & Cordova SW", "lst": 50.2, "green": 15.9, "pop": 12, "pct65": 11.8, "ac": 93.9, "holc": null, "access_min": 5.5, "access_km": 0.44, "score": 64.8, "rank": 75, "area_m2": 109951, "street_m": 454}, "geometry": {"type": "Polygon", "coordinates": [[[-121.91987, 37.74962], [-121.91878, 37.75131], [-121.92004, 37.75282], [-121.92238, 37.75265], [-121.92346, 37.75097], [-121.92221, 37.74946], [-121.91987, 37.74962]]]}}, {"type": "Feature", "properties": {"id": 97, "name": "Serena & Cordova S", "lst": 48.1, "green": 18.7, "pop": 93, "pct65": 11.8, "ac": 88.3, "holc": null, "access_min": 8.6, "access_km": 0.69, "score": 58.5, "rank": 137, "area_m2": 109952, "street_m": 729}, "geometry": {"type": "Polygon", "coordinates": [[[-121.91645, 37.75147], [-121.91536, 37.75316], [-121.91662, 37.75467], [-121.91896, 37.7545], [-121.92004, 37.75282], [-121.91878, 37.75131], [-121.91645, 37.75147]]]}}, {"type": "Feature", "properties": {"id": 98, "name": "Serena & Cordova W", "lst": 50.4, "green": 10.4, "pop": 33, "pct65": 11.8, "ac": 88.3, "holc": null, "access_min": 11.1, "access_km": 0.89, "score": 71.9, "rank": 30, "area_m2": 109947, "street_m": 823}, "geometry": {"type": "Polygon", "coordinates": [[[-121.92004, 37.75282], [-121.91896, 37.7545], [-121.92021, 37.75601], [-121.92255, 37.75584], [-121.92364, 37.75416], [-121.92238, 37.75265], [-121.92004, 37.75282]]]}}, {"type": "Feature", "properties": {"id": 99, "name": "Old Ranch Estates N 3", "lst": 51.0, "green": 15.2, "pop": 12, "pct65": 11.8, "ac": 88.3, "holc": null, "access_min": 1.1, "access_km": 0.09, "score": 68.5, "rank": 57, "area_m2": 109956, "street_m": 0}, "geometry": {"type": "Polygon", "coordinates": [[[-121.91969, 37.74643], [-121.91861, 37.74811], [-121.91987, 37.74962], [-121.92221, 37.74946], [-121.92329, 37.74778], [-121.92203, 37.74626], [-121.91969, 37.74643]]]}}, {"type": "Feature", "properties": {"id": 100, "name": "Old Ranch Estates NW 2", "lst": 49.9, "green": 11.4, "pop": 29, "pct65": 11.8, "ac": 88.3, "holc": null, "access_min": 6.4, "access_km": 0.51, "score": 68.8, "rank": 54, "area_m2": 109950, "street_m": 0}, "geometry": {"type": "Polygon", "coordinates": [[[-121.92329, 37.74778], [-121.92221, 37.74946], [-121.92346, 37.75097], [-121.9258, 37.7508], [-121.92688, 37.74912], [-121.92563, 37.74761], [-121.92329, 37.74778]]]}}, {"type": "Feature", "properties": {"id": 101, "name": "Serena & Cordova S 2", "lst": 47.4, "green": 24.0, "pop": 39, "pct65": 11.8, "ac": 88.3, "holc": null, "access_min": 4.4, "access_km": 0.35, "score": 47.8, "rank": 254, "area_m2": 109957, "street_m": 928}, "geometry": {"type": "Polygon", "coordinates": [[[-121.91627, 37.74828], [-121.91519, 37.74996], [-121.91645, 37.75147], [-121.91878, 37.75131], [-121.91987, 37.74962], [-121.91861, 37.74811], [-121.91627, 37.74828]]]}}, {"type": "Feature", "properties": {"id": 102, "name": "Fairway Village Apartments N", "lst": 44.4, "green": 27.6, "pop": 118, "pct65": 16.0, "ac": 82.3, "holc": null, "access_min": 1.7, "access_km": 0.14, "score": 37.9, "rank": 338, "area_m2": 109966, "street_m": 710}, "geometry": {"type": "Polygon", "coordinates": [[[-121.92601, 37.73315], [-121.92493, 37.73483], [-121.92619, 37.73634], [-121.92853, 37.73618], [-121.92961, 37.73449], [-121.92835, 37.73298], [-121.92601, 37.73315]]]}}, {"type": "Feature", "properties": {"id": 103, "name": "Fairway Village Apartments N 2", "lst": 42.4, "green": 33.0, "pop": 110, "pct65": 15.8, "ac": 88.3, "holc": null, "access_min": 5.6, "access_km": 0.45, "score": 23.6, "rank": 400, "area_m2": 109961, "street_m": 748}, "geometry": {"type": "Polygon", "coordinates": [[[-121.92961, 37.73449], [-121.92853, 37.73618], [-121.92978, 37.73769], [-121.93212, 37.73752], [-121.9332, 37.73584], [-121.93195, 37.73433], [-121.92961, 37.73449]]]}}, {"type": "Feature", "properties": {"id": 104, "name": "Old Ranch Summit S 2", "lst": 45.8, "green": 21.4, "pop": 105, "pct65": 10.2, "ac": 78.9, "holc": null, "access_min": 6.2, "access_km": 0.5, "score": 46.3, "rank": 274, "area_m2": 109967, "street_m": 1426}, "geometry": {"type": "Polygon", "coordinates": [[[-121.92259, 37.735], [-121.92151, 37.73668], [-121.92277, 37.73819], [-121.92511, 37.73803], [-121.92619, 37.73634], [-121.92493, 37.73483], [-121.92259, 37.735]]]}}, {"type": "Feature", "properties": {"id": 105, "name": "Old Ranch Summit S", "lst": 44.1, "green": 29.4, "pop": 142, "pct65": 15.7, "ac": 88.3, "holc": null, "access_min": 7.1, "access_km": 0.57, "score": 35.3, "rank": 359, "area_m2": 109962, "street_m": 1374}, "geometry": {"type": "Polygon", "coordinates": [[[-121.92619, 37.73634], [-121.92511, 37.73803], [-121.92636, 37.73954], [-121.9287, 37.73937], [-121.92978, 37.73769], [-121.92853, 37.73618], [-121.92619, 37.73634]]]}}, {"type": "Feature", "properties": {"id": 106, "name": "Fairway Village Apartments", "lst": 45.7, "green": 23.0, "pop": 195, "pct65": 40.4, "ac": 93.9, "holc": null, "access_min": 4.3, "access_km": 0.35, "score": 65.4, "rank": 73, "area_m2": 109970, "street_m": 1560}, "geometry": {"type": "Polygon", "coordinates": [[[-121.92584, 37.72996], [-121.92476, 37.73164], [-121.92601, 37.73315], [-121.92835, 37.73298], [-121.92943, 37.7313], [-121.92818, 37.72979], [-121.92584, 37.72996]]]}}, {"type": "Feature", "properties": {"id": 107, "name": "Fairway Village Apartments NW", "lst": 42.6, "green": 36.5, "pop": 66, "pct65": 15.4, "ac": 48.7, "holc": null, "access_min": 4.3, "access_km": 0.34, "score": 20.0, "rank": 407, "area_m2": 109965, "street_m": 64}, "geometry": {"type": "Polygon", "coordinates": [[[-121.92943, 37.7313], [-121.92835, 37.73298], [-121.92961, 37.73449], [-121.93195, 37.73433], [-121.93303, 37.73264], [-121.93177, 37.73113], [-121.92943, 37.7313]]]}}, {"type": "Feature", "properties": {"id": 108, "name": "Senior Center Park Gardens", "lst": 45.2, "green": 21.9, "pop": 105, "pct65": 22.9, "ac": 80.3, "holc": null, "access_min": 0.9, "access_km": 0.07, "score": 49.8, "rank": 228, "area_m2": 109972, "street_m": 1169}, "geometry": {"type": "Polygon", "coordinates": [[[-121.92242, 37.73181], [-121.92134, 37.73349], [-121.92259, 37.735], [-121.92493, 37.73483], [-121.92601, 37.73315], [-121.92476, 37.73164], [-121.92242, 37.73181]]]}}, {"type": "Feature", "properties": {"id": 109, "name": "Old Ranch Summit W 2", "lst": 46.5, "green": 20.3, "pop": 139, "pct65": 15.4, "ac": 75.4, "holc": null, "access_min": 15.1, "access_km": 1.21, "score": 54.6, "rank": 173, "area_m2": 109951, "street_m": 906}, "geometry": {"type": "Polygon", "coordinates": [[[-121.93338, 37.73903], [-121.93229, 37.74071], [-121.93355, 37.74223], [-121.93589, 37.74206], [-121.93697, 37.74038], [-121.93571, 37.73886], [-121.93338, 37.73903]]]}}, {"type": "Feature", "properties": {"id": 110, "name": "Old Ranch Summit W 4", "lst": 47.3, "green": 18.8, "pop": 127, "pct65": 12.1, "ac": 59.2, "holc": null, "access_min": 15.8, "access_km": 1.26, "score": 56.8, "rank": 148, "area_m2": 109946, "street_m": 732}, "geometry": {"type": "Polygon", "coordinates": [[[-121.93697, 37.74038], [-121.93589, 37.74206], [-121.93714, 37.74357], [-121.93948, 37.7434], [-121.94056, 37.74172], [-121.93931, 37.74021], [-121.93697, 37.74038]]]}}, {"type": "Feature", "properties": {"id": 111, "name": "Old Ranch Summit W", "lst": 43.8, "green": 30.0, "pop": 158, "pct65": 15.3, "ac": 76.6, "holc": null, "access_min": 15.8, "access_km": 1.26, "score": 33.3, "rank": 366, "area_m2": 109952, "street_m": 1425}, "geometry": {"type": "Polygon", "coordinates": [[[-121.92996, 37.74088], [-121.92887, 37.74256], [-121.93013, 37.74408], [-121.93247, 37.74391], [-121.93355, 37.74223], [-121.93229, 37.74071], [-121.92996, 37.74088]]]}}, {"type": "Feature", "properties": {"id": 112, "name": "Old Ranch Summit W 3", "lst": 44.7, "green": 21.4, "pop": 17, "pct65": 11.8, "ac": 64.0, "holc": null, "access_min": 18.0, "access_km": 1.44, "score": 39.1, "rank": 331, "area_m2": 109947, "street_m": 82}, "geometry": {"type": "Polygon", "coordinates": [[[-121.93355, 37.74223], [-121.93247, 37.74391], [-121.93372, 37.74542], [-121.93606, 37.74525], [-121.93714, 37.74357], [-121.93589, 37.74206], [-121.93355, 37.74223]]]}}, {"type": "Feature", "properties": {"id": 113, "name": "Old Ranch Summit SW 2", "lst": 45.7, "green": 23.4, "pop": 181, "pct65": 17.2, "ac": 59.6, "holc": null, "access_min": 11.1, "access_km": 0.89, "score": 50.7, "rank": 221, "area_m2": 109955, "street_m": 1068}, "geometry": {"type": "Polygon", "coordinates": [[[-121.9332, 37.73584], [-121.93212, 37.73752], [-121.93338, 37.73903], [-121.93571, 37.73886], [-121.9368, 37.73718], [-121.93554, 37.73567], [-121.9332, 37.73584]]]}}, {"type": "Feature", "properties": {"id": 114, "name": "Old Ranch Summit W 5", "lst": 47.7, "green": 19.8, "pop": 344, "pct65": 19.0, "ac": 47.2, "holc": null, "access_min": 16.6, "access_km": 1.33, "score": 72.8, "rank": 24, "area_m2": 109950, "street_m": 936}, "geometry": {"type": "Polygon", "coordinates": [[[-121.9368, 37.73718], [-121.93571, 37.73886], [-121.93697, 37.74038], [-121.93931, 37.74021], [-121.94039, 37.73853], [-121.93913, 37.73701], [-121.9368, 37.73718]]]}}, {"type": "Feature", "properties": {"id": 115, "name": "Old Ranch Summit SW", "lst": 44.0, "green": 28.5, "pop": 115, "pct65": 15.9, "ac": 88.3, "holc": null, "access_min": 10.4, "access_km": 0.83, "score": 35.2, "rank": 360, "area_m2": 109956, "street_m": 1112}, "geometry": {"type": "Polygon", "coordinates": [[[-121.92978, 37.73769], [-121.9287, 37.73937], [-121.92996, 37.74088], [-121.93229, 37.74071], [-121.93338, 37.73903], [-121.93212, 37.73752], [-121.92978, 37.73769]]]}}, {"type": "Feature", "properties": {"id": 116, "name": "Bent Creek Estates", "lst": 45.3, "green": 30.0, "pop": 161, "pct65": 8.1, "ac": 78.6, "holc": null, "access_min": 11.3, "access_km": 0.91, "score": 36.1, "rank": 353, "area_m2": 109974, "street_m": 1733}, "geometry": {"type": "Polygon", "coordinates": [[[-121.91558, 37.7355], [-121.9145, 37.73719], [-121.91575, 37.7387], [-121.91809, 37.73853], [-121.91917, 37.73685], [-121.91792, 37.73534], [-121.91558, 37.7355]]]}}, {"type": "Feature", "properties": {"id": 117, "name": "Old Ranch Estates S", "lst": 46.8, "green": 20.0, "pop": 100, "pct65": 11.8, "ac": 82.3, "holc": null, "access_min": 10.2, "access_km": 0.81, "score": 52.2, "rank": 200, "area_m2": 109968, "street_m": 1379}, "geometry": {"type": "Polygon", "coordinates": [[[-121.91917, 37.73685], [-121.91809, 37.73853], [-121.91935, 37.74004], [-121.92169, 37.73988], [-121.92277, 37.73819], [-121.92151, 37.73668], [-121.91917, 37.73685]]]}}, {"type": "Feature", "properties": {"id": 118, "name": "Bent Creek Estates NE", "lst": 46.5, "green": 18.5, "pop": 155, "pct65": 7.9, "ac": 76.7, "holc": null, "access_min": 17.1, "access_km": 1.37, "score": 52.8, "rank": 190, "area_m2": 109975, "street_m": 1448}, "geometry": {"type": "Polygon", "coordinates": [[[-121.91216, 37.73735], [-121.91108, 37.73904], [-121.91233, 37.74055], [-121.91467, 37.74038], [-121.91575, 37.7387], [-121.9145, 37.73719], [-121.91216, 37.73735]]]}}, {"type": "Feature", "properties": {"id": 119, "name": "Old Ranch Estates SE", "lst": 44.8, "green": 29.0, "pop": 161, "pct65": 11.8, "ac": 82.3, "holc": null, "access_min": 13.7, "access_km": 1.1, "score": 36.9, "rank": 347, "area_m2": 109970, "street_m": 1862}, "geometry": {"type": "Polygon", "coordinates": [[[-121.91575, 37.7387], [-121.91467, 37.74038], [-121.91593, 37.74189], [-121.91826, 37.74172], [-121.91935, 37.74004], [-121.91809, 37.73853], [-121.91575, 37.7387]]]}}, {"type": "Feature", "properties": {"id": 120, "name": "The Hills at Bent Creek", "lst": 47.0, "green": 19.8, "pop": 215, "pct65": 7.2, "ac": 75.9, "holc": null, "access_min": 9.2, "access_km": 0.74, "score": 56.0, "rank": 159, "area_m2": 109978, "street_m": 664}, "geometry": {"type": "Polygon", "coordinates": [[[-121.91541, 37.73231], [-121.91432, 37.73399], [-121.91558, 37.7355], [-121.91792, 37.73534], [-121.919, 37.73366], [-121.91774, 37.73214], [-121.91541, 37.73231]]]}}, {"type": "Feature", "properties": {"id": 122, "name": "Bent Creek Estates E", "lst": 44.9, "green": 25.4, "pop": 126, "pct65": 8.0, "ac": 75.9, "holc": null, "access_min": 14.7, "access_km": 1.18, "score": 38.0, "rank": 336, "area_m2": 109979, "street_m": 1689}, "geometry": {"type": "Polygon", "coordinates": [[[-121.91198, 37.73416], [-121.9109, 37.73584], [-121.91216, 37.73735], [-121.9145, 37.73719], [-121.91558, 37.7355], [-121.91432, 37.73399], [-121.91198, 37.73416]]]}}, {"type": "Feature", "properties": {"id": 127, "name": "Montecito E", "lst": 46.9, "green": 17.5, "pop": 139, "pct65": 13.0, "ac": 88.3, "holc": null, "access_min": 34.0, "access_km": 2.72, "score": 57.7, "rank": 142, "area_m2": 109988, "street_m": 518}, "geometry": {"type": "Polygon", "coordinates": [[[-121.88461, 37.74895], [-121.88353, 37.75063], [-121.88478, 37.75215], [-121.88712, 37.75198], [-121.88821, 37.7503], [-121.88695, 37.74878], [-121.88461, 37.74895]]]}}, {"type": "Feature", "properties": {"id": 128, "name": "Chantera SE 3", "lst": 47.0, "green": 16.2, "pop": 287, "pct65": 13.1, "ac": 88.3, "holc": null, "access_min": 38.2, "access_km": 3.05, "score": 67.1, "rank": 67, "area_m2": 109997, "street_m": 1491}, "geometry": {"type": "Polygon", "coordinates": [[[-121.88427, 37.74256], [-121.88318, 37.74424], [-121.88444, 37.74576], [-121.88678, 37.74559], [-121.88786, 37.74391], [-121.88661, 37.7424], [-121.88427, 37.74256]]]}}, {"type": "Feature", "properties": {"id": 129, "name": "Chantera SE", "lst": 45.4, "green": 19.7, "pop": 277, "pct65": 12.7, "ac": 93.9, "holc": null, "access_min": 32.6, "access_km": 2.61, "score": 54.5, "rank": 174, "area_m2": 109992, "street_m": 1831}, "geometry": {"type": "Polygon", "coordinates": [[[-121.88786, 37.74391], [-121.88678, 37.74559], [-121.88803, 37.7471], [-121.89037, 37.74694], [-121.89146, 37.74525], [-121.8902, 37.74374], [-121.88786, 37.74391]]]}}, {"type": "Feature", "properties": {"id": 131, "name": "Chantera E", "lst": 46.6, "green": 15.1, "pop": 345, "pct65": 13.4, "ac": 93.9, "holc": null, "access_min": 35.7, "access_km": 2.86, "score": 69.4, "rank": 48, "area_m2": 109993, "street_m": 896}, "geometry": {"type": "Polygon", "coordinates": [[[-121.88444, 37.74576], [-121.88336, 37.74744], [-121.88461, 37.74895], [-121.88695, 37.74878], [-121.88803, 37.7471], [-121.88678, 37.74559], [-121.88444, 37.74576]]]}}, {"type": "Feature", "properties": {"id": 133, "name": "Chantera SE 2", "lst": 48.0, "green": 13.7, "pop": 75, "pct65": 10.5, "ac": 88.3, "holc": null, "access_min": 35.7, "access_km": 2.86, "score": 61.3, "rank": 109, "area_m2": 109996, "street_m": 576}, "geometry": {"type": "Polygon", "coordinates": [[[-121.88769, 37.74071], [-121.88661, 37.7424], [-121.88786, 37.74391], [-121.8902, 37.74374], [-121.89128, 37.74206], [-121.89003, 37.74055], [-121.88769, 37.74071]]]}}, {"type": "Feature", "properties": {"id": 135, "name": "Torello", "lst": 47.7, "green": 15.9, "pop": 230, "pct65": 7.9, "ac": 82.3, "holc": null, "access_min": 13.8, "access_km": 1.1, "score": 64.6, "rank": 78, "area_m2": 109967, "street_m": 704}, "geometry": {"type": "Polygon", "coordinates": [[[-121.89899, 37.75433], [-121.89791, 37.75601], [-121.89916, 37.75753], [-121.9015, 37.75736], [-121.90259, 37.75568], [-121.90133, 37.75416], [-121.89899, 37.75433]]]}}, {"type": "Feature", "properties": {"id": 137, "name": "Coventry N", "lst": 46.8, "green": 14.5, "pop": 55, "pct65": 9.8, "ac": 82.3, "holc": null, "access_min": 19.3, "access_km": 1.55, "score": 54.4, "rank": 179, "area_m2": 109968, "street_m": 103}, "geometry": {"type": "Polygon", "coordinates": [[[-121.89557, 37.75618], [-121.89449, 37.75786], [-121.89574, 37.75938], [-121.89808, 37.75921], [-121.89916, 37.75753], [-121.89791, 37.75601], [-121.89557, 37.75618]]]}}, {"type": "Feature", "properties": {"id": 138, "name": "Canadoro SE", "lst": 45.1, "green": 18.9, "pop": 106, "pct65": 8.9, "ac": 88.3, "holc": null, "access_min": 15.8, "access_km": 1.27, "score": 45.2, "rank": 290, "area_m2": 109962, "street_m": 328}, "geometry": {"type": "Polygon", "coordinates": [[[-121.89916, 37.75753], [-121.89808, 37.75921], [-121.89934, 37.76072], [-121.90168, 37.76055], [-121.90276, 37.75887], [-121.9015, 37.75736], [-121.89916, 37.75753]]]}}, {"type": "Feature", "properties": {"id": 139, "name": "Wedgewood", "lst": 44.4, "green": 20.6, "pop": 482, "pct65": 5.1, "ac": 88.3, "holc": null, "access_min": 13.8, "access_km": 1.1, "score": 51.2, "rank": 215, "area_m2": 109971, "street_m": 1953}, "geometry": {"type": "Polygon", "coordinates": [[[-121.89882, 37.75114], [-121.89774, 37.75282], [-121.89899, 37.75433], [-121.90133, 37.75416], [-121.90241, 37.75248], [-121.90116, 37.75097], [-121.89882, 37.75114]]]}}, {"type": "Feature", "properties": {"id": 140, "name": "Cambridge", "lst": 46.4, "green": 19.6, "pop": 383, "pct65": 5.3, "ac": 93.9, "holc": null, "access_min": 8.5, "access_km": 0.68, "score": 59.5, "rank": 123, "area_m2": 109965, "street_m": 1776}, "geometry": {"type": "Polygon", "coordinates": [[[-121.90241, 37.75248], [-121.90133, 37.75416], [-121.90259, 37.75568], [-121.90493, 37.75551], [-121.90601, 37.75383], [-121.90475, 37.75232], [-121.90241, 37.75248]]]}}, {"type": "Feature", "properties": {"id": 141, "name": "Coventry", "lst": 45.5, "green": 17.8, "pop": 462, "pct65": 7.1, "ac": 93.9, "holc": null, "access_min": 18.4, "access_km": 1.47, "score": 61.4, "rank": 107, "area_m2": 109972, "street_m": 1874}, "geometry": {"type": "Polygon", "coordinates": [[[-121.8954, 37.75299], [-121.89431, 37.75467], [-121.89557, 37.75618], [-121.89791, 37.75601], [-121.89899, 37.75433], [-121.89774, 37.75282], [-121.8954, 37.75299]]]}}, {"type": "Feature", "properties": {"id": 142, "name": "Ambridge", "lst": 45.4, "green": 22.0, "pop": 600, "pct65": 11.4, "ac": 38.0, "holc": null, "access_min": 8.1, "access_km": 0.65, "score": 64.3, "rank": 82, "area_m2": 109951, "street_m": 721}, "geometry": {"type": "Polygon", "coordinates": [[[-121.90635, 37.76022], [-121.90527, 37.7619], [-121.90653, 37.76341], [-121.90887, 37.76324], [-121.90995, 37.76156], [-121.90869, 37.76005], [-121.90635, 37.76022]]]}}, {"type": "Feature", "properties": {"id": 143, "name": "Valencia", "lst": 46.9, "green": 17.7, "pop": 542, "pct65": 8.8, "ac": 38.0, "holc": null, "access_min": 7.7, "access_km": 0.61, "score": 74.0, "rank": 21, "area_m2": 109946, "street_m": 1896}, "geometry": {"type": "Polygon", "coordinates": [[[-121.90995, 37.76156], [-121.90887, 37.76324], [-121.91012, 37.76475], [-121.91246, 37.76459], [-121.91354, 37.7629], [-121.91229, 37.76139], [-121.90995, 37.76156]]]}}, {"type": "Feature", "properties": {"id": 144, "name": "Canyon Oaks", "lst": 46.5, "green": 20.4, "pop": 566, "pct65": 9.7, "ac": 82.3, "holc": null, "access_min": 13.9, "access_km": 1.11, "score": 69.7, "rank": 43, "area_m2": 109952, "street_m": 2016}, "geometry": {"type": "Polygon", "coordinates": [[[-121.90293, 37.76206], [-121.90185, 37.76375], [-121.90311, 37.76526], [-121.90544, 37.76509], [-121.90653, 37.76341], [-121.90527, 37.7619], [-121.90293, 37.76206]]]}}, {"type": "Feature", "properties": {"id": 145, "name": "Ambridge N", "lst": 45.4, "green": 23.2, "pop": 636, "pct65": 10.5, "ac": 38.7, "holc": null, "access_min": 11.9, "access_km": 0.95, "score": 62.8, "rank": 95, "area_m2": 109947, "street_m": 949}, "geometry": {"type": "Polygon", "coordinates": [[[-121.90653, 37.76341], [-121.90544, 37.76509], [-121.9067, 37.7666], [-121.90904, 37.76643], [-121.91012, 37.76475], [-121.90887, 37.76324], [-121.90653, 37.76341]]]}}, {"type": "Feature", "properties": {"id": 146, "name": "Mill Creek", "lst": 44.9, "green": 25.6, "pop": 351, "pct65": 9.2, "ac": 38.0, "holc": null, "access_min": 6.4, "access_km": 0.52, "score": 46.1, "rank": 277, "area_m2": 109956, "street_m": 1464}, "geometry": {"type": "Polygon", "coordinates": [[[-121.90618, 37.75702], [-121.9051, 37.7587], [-121.90635, 37.76022], [-121.90869, 37.76005], [-121.90978, 37.75837], [-121.90852, 37.75685], [-121.90618, 37.75702]]]}}, {"type": "Feature", "properties": {"id": 147, "name": "Valencia S", "lst": 46.9, "green": 12.9, "pop": 925, "pct65": 8.6, "ac": 38.0, "holc": null, "access_min": 2.4, "access_km": 0.19, "score": 100.0, "rank": 1, "area_m2": 109950, "street_m": 1279}, "geometry": {"type": "Polygon", "coordinates": [[[-121.90978, 37.75837], [-121.90869, 37.76005], [-121.90995, 37.76156], [-121.91229, 37.76139], [-121.91337, 37.75971], [-121.91212, 37.7582], [-121.90978, 37.75837]]]}}, {"type": "Feature", "properties": {"id": 148, "name": "Canadoro", "lst": 46.3, "green": 18.9, "pop": 593, "pct65": 7.4, "ac": 93.9, "holc": null, "access_min": 11.6, "access_km": 0.93, "score": 70.1, "rank": 40, "area_m2": 109957, "street_m": 2418}, "geometry": {"type": "Polygon", "coordinates": [[[-121.90276, 37.75887], [-121.90168, 37.76055], [-121.90293, 37.76206], [-121.90527, 37.7619], [-121.90635, 37.76022], [-121.9051, 37.7587], [-121.90276, 37.75887]]]}}, {"type": "Feature", "properties": {"id": 149, "name": "Lunaria S", "lst": 46.1, "green": 20.4, "pop": 98, "pct65": 9.0, "ac": 88.3, "holc": null, "access_min": 29.0, "access_km": 2.32, "score": 47.3, "rank": 259, "area_m2": 109974, "street_m": 382}, "geometry": {"type": "Polygon", "coordinates": [[[-121.88855, 37.75669], [-121.88747, 37.75837], [-121.88872, 37.75988], [-121.89106, 37.75971], [-121.89215, 37.75803], [-121.89089, 37.75652], [-121.88855, 37.75669]]]}}, {"type": "Feature", "properties": {"id": 150, "name": "Lunaria SW", "lst": 45.2, "green": 18.6, "pop": 133, "pct65": 8.6, "ac": 88.3, "holc": null, "access_min": 25.0, "access_km": 2.0, "score": 46.9, "rank": 270, "area_m2": 109969, "street_m": 232}, "geometry": {"type": "Polygon", "coordinates": [[[-121.89215, 37.75803], [-121.89106, 37.75971], [-121.89232, 37.76122], [-121.89466, 37.76106], [-121.89574, 37.75938], [-121.89449, 37.75786], [-121.89215, 37.75803]]]}}, {"type": "Feature", "properties": {"id": 151, "name": "Waterford", "lst": 46.1, "green": 18.3, "pop": 294, "pct65": 10.1, "ac": 88.3, "holc": null, "access_min": 34.5, "access_km": 2.76, "score": 58.6, "rank": 134, "area_m2": 109975, "street_m": 1981}, "geometry": {"type": "Polygon", "coordinates": [[[-121.88513, 37.75853], [-121.88405, 37.76021], [-121.8853, 37.76173], [-121.88764, 37.76156], [-121.88872, 37.75988], [-121.88747, 37.75837], [-121.88513, 37.75853]]]}}, {"type": "Feature", "properties": {"id": 152, "name": "Lunaria", "lst": 45.6, "green": 19.3, "pop": 553, "pct65": 7.0, "ac": 82.3, "holc": null, "access_min": 30.7, "access_km": 2.46, "score": 64.0, "rank": 84, "area_m2": 109970, "street_m": 2323}, "geometry": {"type": "Polygon", "coordinates": [[[-121.88872, 37.75988], [-121.88764, 37.76156], [-121.8889, 37.76307], [-121.89124, 37.7629], [-121.89232, 37.76122], [-121.89106, 37.75971], [-121.88872, 37.75988]]]}}, {"type": "Feature", "properties": {"id": 153, "name": "La Sera NE", "lst": 46.4, "green": 20.8, "pop": 124, "pct65": 6.4, "ac": 88.3, "holc": null, "access_min": 28.3, "access_km": 2.26, "score": 47.8, "rank": 253, "area_m2": 109979, "street_m": 1299}, "geometry": {"type": "Polygon", "coordinates": [[[-121.88838, 37.75349], [-121.8873, 37.75517], [-121.88855, 37.75669], [-121.89089, 37.75652], [-121.89197, 37.75484], [-121.89072, 37.75332], [-121.88838, 37.75349]]]}}, {"type": "Feature", "properties": {"id": 154, "name": "Coventry E", "lst": 47.4, "green": 14.4, "pop": 101, "pct65": 8.0, "ac": 82.3, "holc": null, "access_min": 23.6, "access_km": 1.89, "score": 58.4, "rank": 139, "area_m2": 109973, "street_m": 588}, "geometry": {"type": "Polygon", "coordinates": [[[-121.89197, 37.75484], [-121.89089, 37.75652], [-121.89215, 37.75803], [-121.89449, 37.75786], [-121.89557, 37.75618], [-121.89431, 37.75467], [-121.89197, 37.75484]]]}}, {"type": "Feature", "properties": {"id": 155, "name": "Waterford SW", "lst": 46.2, "green": 16.4, "pop": 106, "pct65": 11.3, "ac": 88.3, "holc": null, "access_min": 33.4, "access_km": 2.67, "score": 53.6, "rank": 184, "area_m2": 109980, "street_m": 1064}, "geometry": {"type": "Polygon", "coordinates": [[[-121.88496, 37.75534], [-121.88387, 37.75702], [-121.88513, 37.75853], [-121.88747, 37.75837], [-121.88855, 37.75669], [-121.8873, 37.75517], [-121.88496, 37.75534]]]}}, {"type": "Feature", "properties": {"id": 156, "name": "Wyngate", "lst": 46.7, "green": 17.7, "pop": 570, "pct65": 6.7, "ac": 82.3, "holc": null, "access_min": 22.8, "access_km": 1.83, "score": 72.5, "rank": 26, "area_m2": 109959, "street_m": 2231}, "geometry": {"type": "Polygon", "coordinates": [[[-121.89591, 37.76257], [-121.89483, 37.76425], [-121.89609, 37.76576], [-121.89843, 37.76559], [-121.89951, 37.76391], [-121.89825, 37.7624], [-121.89591, 37.76257]]]}}, {"type": "Feature", "properties": {"id": 157, "name": "Taramea", "lst": 45.4, "green": 21.8, "pop": 451, "pct65": 7.1, "ac": 88.3, "holc": null, "access_min": 19.7, "access_km": 1.57, "score": 55.5, "rank": 162, "area_m2": 109954, "street_m": 1953}, "geometry": {"type": "Polygon", "coordinates": [[[-121.89951, 37.76391], [-121.89843, 37.76559], [-121.89968, 37.76711], [-121.90202, 37.76694], [-121.90311, 37.76526], [-121.90185, 37.76375], [-121.89951, 37.76391]]]}}, {"type": "Feature", "properties": {"id": 158, "name": "Belrose", "lst": 49.4, "green": 14.4, "pop": 111, "pct65": 8.8, "ac": 82.3, "holc": null, "access_min": 28.6, "access_km": 2.28, "score": 67.6, "rank": 61, "area_m2": 109960, "street_m": 802}, "geometry": {"type": "Polygon", "coordinates": [[[-121.89249, 37.76442], [-121.89141, 37.7661], [-121.89267, 37.76761], [-121.895, 37.76744], [-121.89609, 37.76576], [-121.89483, 37.76425], [-121.89249, 37.76442]]]}}, {"type": "Feature", "properties": {"id": 159, "name": "Fiore", "lst": 46.7, "green": 15.1, "pop": 300, "pct65": 7.3, "ac": 70.2, "holc": null, "access_min": 25.5, "access_km": 2.04, "score": 63.9, "rank": 86, "area_m2": 109955, "street_m": 1154}, "geometry": {"type": "Polygon", "coordinates": [[[-121.89609, 37.76576], [-121.895, 37.76744], [-121.89626, 37.76896], [-121.8986, 37.76879], [-121.89968, 37.76711], [-121.89843, 37.76559], [-121.89609, 37.76576]]]}}, {"type": "Feature", "properties": {"id": 160, "name": "Windemere", "lst": 44.6, "green": 19.3, "pop": 402, "pct65": 6.7, "ac": 88.3, "holc": null, "access_min": 21.4, "access_km": 1.71, "score": 52.7, "rank": 192, "area_m2": 109963, "street_m": 1234}, "geometry": {"type": "Polygon", "coordinates": [[[-121.89574, 37.75938], [-121.89466, 37.76106], [-121.89591, 37.76257], [-121.89825, 37.7624], [-121.89934, 37.76072], [-121.89808, 37.75921], [-121.89574, 37.75938]]]}}, {"type": "Feature", "properties": {"id": 161, "name": "Amberley", "lst": 45.6, "green": 23.1, "pop": 482, "pct65": 5.6, "ac": 82.3, "holc": null, "access_min": 17.1, "access_km": 1.37, "score": 54.6, "rank": 172, "area_m2": 109958, "street_m": 2386}, "geometry": {"type": "Polygon", "coordinates": [[[-121.89934, 37.76072], [-121.89825, 37.7624], [-121.89951, 37.76391], [-121.90185, 37.76375], [-121.90293, 37.76206], [-121.90168, 37.76055], [-121.89934, 37.76072]]]}}, {"type": "Feature", "properties": {"id": 162, "name": "Wyngate SE", "lst": 45.8, "green": 20.8, "pop": 271, "pct65": 7.4, "ac": 88.3, "holc": null, "access_min": 26.8, "access_km": 2.14, "score": 52.0, "rank": 204, "area_m2": 109964, "street_m": 1751}, "geometry": {"type": "Polygon", "coordinates": [[[-121.89232, 37.76122], [-121.89124, 37.7629], [-121.89249, 37.76442], [-121.89483, 37.76425], [-121.89591, 37.76257], [-121.89466, 37.76106], [-121.89232, 37.76122]]]}}, {"type": "Feature", "properties": {"id": 163, "name": "Barcella S", "lst": 45.8, "green": 21.3, "pop": 216, "pct65": 5.5, "ac": 88.3, "holc": null, "access_min": 14.0, "access_km": 1.12, "score": 47.7, "rank": 255, "area_m2": 109974, "street_m": 443}, "geometry": {"type": "Polygon", "coordinates": [[[-121.90207, 37.7461], [-121.90098, 37.74778], [-121.90224, 37.74929], [-121.90458, 37.74912], [-121.90566, 37.74744], [-121.90441, 37.74593], [-121.90207, 37.7461]]]}}, {"type": "Feature", "properties": {"id": 164, "name": "Cambridge SW", "lst": 45.4, "green": 22.9, "pop": 82, "pct65": 7.6, "ac": 88.3, "holc": null, "access_min": 9.1, "access_km": 0.73, "score": 40.5, "rank": 325, "area_m2": 109969, "street_m": 245}, "geometry": {"type": "Polygon", "coordinates": [[[-121.90566, 37.74744], [-121.90458, 37.74912], [-121.90584, 37.75063], [-121.90817, 37.75047], [-121.90926, 37.74879], [-121.908, 37.74727], [-121.90566, 37.74744]]]}}, {"type": "Feature", "properties": {"id": 165, "name": "Chambray", "lst": 46.2, "green": 17.8, "pop": 647, "pct65": 3.8, "ac": 88.3, "holc": null, "access_min": 15.9, "access_km": 1.27, "score": 70.6, "rank": 36, "area_m2": 109975, "street_m": 1503}, "geometry": {"type": "Polygon", "coordinates": [[[-121.89865, 37.74794], [-121.89756, 37.74963], [-121.89882, 37.75114], [-121.90116, 37.75097], [-121.90224, 37.74929], [-121.90098, 37.74778], [-121.89865, 37.74794]]]}}, {"type": "Feature", "properties": {"id": 166, "name": "Barcella", "lst": 45.3, "green": 20.1, "pop": 606, "pct65": 3.8, "ac": 82.3, "holc": null, "access_min": 10.4, "access_km": 0.83, "score": 60.5, "rank": 116, "area_m2": 109970, "street_m": 1409}, "geometry": {"type": "Polygon", "coordinates": [[[-121.90224, 37.74929], [-121.90116, 37.75097], [-121.90241, 37.75248], [-121.90475, 37.75232], [-121.90584, 37.75063], [-121.90458, 37.74912], [-121.90224, 37.74929]]]}}, {"type": "Feature", "properties": {"id": 168, "name": "Deer Creek", "lst": 45.8, "green": 17.1, "pop": 248, "pct65": 9.3, "ac": 38.0, "holc": null, "access_min": 0.7, "access_km": 0.06, "score": 56.0, "rank": 158, "area_m2": 109959, "street_m": 641}, "geometry": {"type": "Polygon", "coordinates": [[[-121.90943, 37.75198], [-121.90835, 37.75366], [-121.9096, 37.75517], [-121.91194, 37.755], [-121.91302, 37.75332], [-121.91177, 37.75181], [-121.90943, 37.75198]]]}}, {"type": "Feature", "properties": {"id": 170, "name": "Mill Creek S", "lst": 46.1, "green": 19.7, "pop": 204, "pct65": 9.4, "ac": 38.0, "holc": null, "access_min": 4.3, "access_km": 0.34, "score": 52.9, "rank": 189, "area_m2": 109960, "street_m": 1022}, "geometry": {"type": "Polygon", "coordinates": [[[-121.90601, 37.75383], [-121.90493, 37.75551], [-121.90618, 37.75702], [-121.90852, 37.75685], [-121.9096, 37.75517], [-121.90835, 37.75366], [-121.90601, 37.75383]]]}}, {"type": "Feature", "properties": {"id": 171, "name": "Dougherty Valley", "lst": 45.6, "green": 22.6, "pop": 231, "pct65": 9.3, "ac": 38.0, "holc": null, "access_min": 3.6, "access_km": 0.29, "score": 48.6, "rank": 245, "area_m2": 109955, "street_m": 544}, "geometry": {"type": "Polygon", "coordinates": [[[-121.9096, 37.75517], [-121.90852, 37.75685], [-121.90978, 37.75837], [-121.91212, 37.7582], [-121.9132, 37.75652], [-121.91194, 37.755], [-121.9096, 37.75517]]]}}, {"type": "Feature", "properties": {"id": 174, "name": "Cambridge W", "lst": 45.1, "green": 26.4, "pop": 18, "pct65": 10.5, "ac": 88.3, "holc": null, "access_min": 4.9, "access_km": 0.39, "score": 35.5, "rank": 357, "area_m2": 109964, "street_m": 589}, "geometry": {"type": "Polygon", "coordinates": [[[-121.90584, 37.75063], [-121.90475, 37.75232], [-121.90601, 37.75383], [-121.90835, 37.75366], [-121.90943, 37.75198], [-121.90817, 37.75047], [-121.90584, 37.75063]]]}}, {"type": "Feature", "properties": {"id": 175, "name": "Montecito", "lst": 44.6, "green": 20.7, "pop": 368, "pct65": 4.6, "ac": 88.3, "holc": null, "access_min": 24.7, "access_km": 1.97, "score": 48.2, "rank": 250, "area_m2": 109982, "street_m": 2289}, "geometry": {"type": "Polygon", "coordinates": [[[-121.89163, 37.74845], [-121.89055, 37.75013], [-121.8918, 37.75164], [-121.89414, 37.75147], [-121.89522, 37.74979], [-121.89397, 37.74828], [-121.89163, 37.74845]]]}}, {"type": "Feature", "properties": {"id": 176, "name": "San Ramon Sports Park", "lst": 44.3, "green": 33.4, "pop": 180, "pct65": 6.2, "ac": 88.3, "holc": null, "access_min": 19.2, "access_km": 1.53, "score": 27.6, "rank": 392, "area_m2": 109976, "street_m": 1434}, "geometry": {"type": "Polygon", "coordinates": [[[-121.89522, 37.74979], [-121.89414, 37.75147], [-121.8954, 37.75299], [-121.89774, 37.75282], [-121.89882, 37.75114], [-121.89756, 37.74963], [-121.89522, 37.74979]]]}}, {"type": "Feature", "properties": {"id": 177, "name": "La Sera SE", "lst": 45.0, "green": 18.8, "pop": 313, "pct65": 8.7, "ac": 82.3, "holc": null, "access_min": 28.7, "access_km": 2.3, "score": 52.9, "rank": 188, "area_m2": 109983, "street_m": 1874}, "geometry": {"type": "Polygon", "coordinates": [[[-121.88821, 37.7503], [-121.88712, 37.75198], [-121.88838, 37.75349], [-121.89072, 37.75332], [-121.8918, 37.75164], [-121.89055, 37.75013], [-121.88821, 37.7503]]]}}, {"type": "Feature", "properties": {"id": 178, "name": "La Sera", "lst": 45.6, "green": 17.3, "pop": 330, "pct65": 4.3, "ac": 82.3, "holc": null, "access_min": 23.5, "access_km": 1.88, "score": 55.2, "rank": 169, "area_m2": 109977, "street_m": 1524}, "geometry": {"type": "Polygon", "coordinates": [[[-121.8918, 37.75164], [-121.89072, 37.75332], [-121.89197, 37.75484], [-121.89431, 37.75467], [-121.8954, 37.75299], [-121.89414, 37.75147], [-121.8918, 37.75164]]]}}, {"type": "Feature", "properties": {"id": 179, "name": "Chantera", "lst": 46.5, "green": 17.9, "pop": 248, "pct65": 9.7, "ac": 88.3, "holc": null, "access_min": 27.0, "access_km": 2.16, "score": 58.6, "rank": 135, "area_m2": 109986, "street_m": 1173}, "geometry": {"type": "Polygon", "coordinates": [[[-121.89146, 37.74525], [-121.89037, 37.74694], [-121.89163, 37.74845], [-121.89397, 37.74828], [-121.89505, 37.7466], [-121.89379, 37.74509], [-121.89146, 37.74525]]]}}, {"type": "Feature", "properties": {"id": 180, "name": "Emory", "lst": 46.8, "green": 14.2, "pop": 188, "pct65": 9.8, "ac": 93.9, "holc": null, "access_min": 21.5, "access_km": 1.72, "score": 61.5, "rank": 106, "area_m2": 109981, "street_m": 1277}, "geometry": {"type": "Polygon", "coordinates": [[[-121.89505, 37.7466], [-121.89397, 37.74828], [-121.89522, 37.74979], [-121.89756, 37.74963], [-121.89865, 37.74794], [-121.89739, 37.74643], [-121.89505, 37.7466]]]}}, {"type": "Feature", "properties": {"id": 181, "name": "Chantera NE", "lst": 43.9, "green": 25.0, "pop": 288, "pct65": 12.0, "ac": 93.9, "holc": null, "access_min": 30.2, "access_km": 2.42, "score": 41.6, "rank": 316, "area_m2": 109987, "street_m": 2346}, "geometry": {"type": "Polygon", "coordinates": [[[-121.88803, 37.7471], [-121.88695, 37.74878], [-121.88821, 37.7503], [-121.89055, 37.75013], [-121.89163, 37.74845], [-121.89037, 37.74694], [-121.88803, 37.7471]]]}}, {"type": "Feature", "properties": {"id": 182, "name": "Easthampton", "lst": 47.2, "green": 23.5, "pop": 490, "pct65": 7.7, "ac": 49.5, "holc": null, "access_min": 6.9, "access_km": 0.55, "score": 64.8, "rank": 76, "area_m2": 109974, "street_m": 2294}, "geometry": {"type": "Polygon", "coordinates": [[[-121.92909, 37.72491], [-121.928, 37.72659], [-121.92926, 37.72811], [-121.9316, 37.72794], [-121.93268, 37.72626], [-121.93142, 37.72474], [-121.92909, 37.72491]]]}}, {"type": "Feature", "properties": {"id": 183, "name": "Easthampton W", "lst": 46.7, "green": 24.1, "pop": 813, "pct65": 7.7, "ac": 51.3, "holc": null, "access_min": 1.4, "access_km": 0.11, "score": 74.1, "rank": 17, "area_m2": 109968, "street_m": 2050}, "geometry": {"type": "Polygon", "coordinates": [[[-121.93268, 37.72626], [-121.9316, 37.72794], [-121.93285, 37.72945], [-121.93519, 37.72928], [-121.93627, 37.7276], [-121.93502, 37.72609], [-121.93268, 37.72626]]]}}, {"type": "Feature", "properties": {"id": 184, "name": "Fairway Village Apartments SE", "lst": 47.2, "green": 15.6, "pop": 480, "pct65": 18.5, "ac": 49.5, "holc": null, "access_min": 4.0, "access_km": 0.32, "score": 82.7, "rank": 7, "area_m2": 109975, "street_m": 1121}, "geometry": {"type": "Polygon", "coordinates": [[[-121.92567, 37.72676], [-121.92458, 37.72844], [-121.92584, 37.72996], [-121.92818, 37.72979], [-121.92926, 37.72811], [-121.928, 37.72659], [-121.92567, 37.72676]]]}}, {"type": "Feature", "properties": {"id": 185, "name": "Easthampton NE", "lst": 46.6, "green": 16.9, "pop": 254, "pct65": 13.6, "ac": 48.4, "holc": null, "access_min": 6.3, "access_km": 0.51, "score": 62.9, "rank": 94, "area_m2": 109969, "street_m": 1365}, "geometry": {"type": "Polygon", "coordinates": [[[-121.92926, 37.72811], [-121.92818, 37.72979], [-121.92943, 37.7313], [-121.93177, 37.73113], [-121.93285, 37.72945], [-121.9316, 37.72794], [-121.92926, 37.72811]]]}}, {"type": "Feature", "properties": {"id": 186, "name": "Village Parkway NW", "lst": 47.5, "green": 18.1, "pop": 200, "pct65": 8.5, "ac": 49.5, "holc": null, "access_min": 6.7, "access_km": 0.53, "score": 60.1, "rank": 120, "area_m2": 109972, "street_m": 1879}, "geometry": {"type": "Polygon", "coordinates": [[[-121.93251, 37.72306], [-121.93142, 37.72474], [-121.93268, 37.72626], [-121.93502, 37.72609], [-121.9361, 37.72441], [-121.93484, 37.72289], [-121.93251, 37.72306]]]}}, {"type": "Feature", "properties": {"id": 187, "name": "Village Parkway", "lst": 47.2, "green": 16.8, "pop": 28, "pct65": 10.7, "ac": 49.5, "holc": null, "access_min": 5.9, "access_km": 0.48, "score": 52.7, "rank": 191, "area_m2": 109979, "street_m": 1491}, "geometry": {"type": "Polygon", "coordinates": [[[-121.92549, 37.72357], [-121.92441, 37.72525], [-121.92567, 37.72676], [-121.928, 37.72659], [-121.92909, 37.72491], [-121.92783, 37.7234], [-121.92549, 37.72357]]]}}, {"type": "Feature", "properties": {"id": 189, "name": "Amador Lakes Apartments N", "lst": 47.7, "green": 15.7, "pop": 210, "pct65": 47.6, "ac": 65.6, "holc": null, "access_min": 4.3, "access_km": 0.34, "score": 87.2, "rank": 3, "area_m2": 109976, "street_m": 1301}, "geometry": {"type": "Polygon", "coordinates": [[[-121.92225, 37.72861], [-121.92116, 37.73029], [-121.92242, 37.73181], [-121.92476, 37.73164], [-121.92584, 37.72996], [-121.92458, 37.72844], [-121.92225, 37.72861]]]}}, {"type": "Feature", "properties": {"id": 190, "name": "The Hills at Bent Creek S", "lst": 48.0, "green": 17.1, "pop": 107, "pct65": 8.3, "ac": 75.9, "holc": null, "access_min": 10.3, "access_km": 0.82, "score": 58.4, "rank": 138, "area_m2": 109982, "street_m": 381}, "geometry": {"type": "Polygon", "coordinates": [[[-121.91523, 37.72912], [-121.91415, 37.7308], [-121.91541, 37.73231], [-121.91774, 37.73214], [-121.91883, 37.73046], [-121.91757, 37.72895], [-121.91523, 37.72912]]]}}, {"type": "Feature", "properties": {"id": 192, "name": "Amador Lakes Apartments", "lst": 46.7, "green": 20.1, "pop": 67, "pct65": 33.0, "ac": 65.6, "holc": null, "access_min": 1.8, "access_km": 0.15, "score": 61.3, "rank": 110, "area_m2": 109980, "street_m": 840}, "geometry": {"type": "Polygon", "coordinates": [[[-121.92207, 37.72542], [-121.92099, 37.7271], [-121.92225, 37.72861], [-121.92458, 37.72844], [-121.92567, 37.72676], [-121.92441, 37.72525], [-121.92207, 37.72542]]]}}, {"type": "Feature", "properties": {"id": 195, "name": "The Preserve NW", "lst": 47.4, "green": 15.3, "pop": 13, "pct65": 11.3, "ac": 50.3, "holc": null, "access_min": 10.4, "access_km": 0.83, "score": 54.5, "rank": 176, "area_m2": 109834, "street_m": 0}, "geometry": {"type": "Polygon", "coordinates": [[[-121.99211, 37.78286], [-121.99103, 37.78454], [-121.99229, 37.78606], [-121.99463, 37.78589], [-121.99571, 37.7842], [-121.99445, 37.78269], [-121.99211, 37.78286]]]}}, {"type": "Feature", "properties": {"id": 197, "name": "California Chateau at Danville Ranch S", "lst": 48.3, "green": 14.2, "pop": 13, "pct65": 11.3, "ac": 51.0, "holc": null, "access_min": 10.6, "access_km": 0.85, "score": 59.1, "rank": 126, "area_m2": 109835, "street_m": 149}, "geometry": {"type": "Polygon", "coordinates": [[[-121.98869, 37.78471], [-121.98761, 37.7864], [-121.98887, 37.78791], [-121.99121, 37.78774], [-121.99229, 37.78606], [-121.99103, 37.78454], [-121.98869, 37.78471]]]}}, {"type": "Feature", "properties": {"id": 198, "name": "The Preserve SW 6", "lst": 45.5, "green": 20.0, "pop": 169, "pct65": 13.5, "ac": 60.6, "holc": null, "access_min": 10.1, "access_km": 0.81, "score": 50.9, "rank": 218, "area_m2": 109844, "street_m": 831}, "geometry": {"type": "Polygon", "coordinates": [[[-121.99842, 37.76959], [-121.99734, 37.77127], [-121.9986, 37.77278], [-122.00094, 37.77261], [-122.00202, 37.77093], [-122.00076, 37.76942], [-121.99842, 37.76959]]]}}, {"type": "Feature", "properties": {"id": 200, "name": "The Preserve SW 4", "lst": 43.1, "green": 31.7, "pop": 139, "pct65": 11.5, "ac": 54.1, "holc": null, "access_min": 6.2, "access_km": 0.49, "score": 26.1, "rank": 395, "area_m2": 109846, "street_m": 1696}, "geometry": {"type": "Polygon", "coordinates": [[[-121.99501, 37.77144], [-121.99392, 37.77312], [-121.99518, 37.77463], [-121.99752, 37.77446], [-121.9986, 37.77278], [-121.99734, 37.77127], [-121.99501, 37.77144]]]}}, {"type": "Feature", "properties": {"id": 202, "name": "The Preserve SW 8", "lst": 47.2, "green": 17.7, "pop": 22, "pct65": 12.3, "ac": 60.6, "holc": null, "access_min": 15.4, "access_km": 1.24, "score": 52.7, "rank": 194, "area_m2": 109849, "street_m": 102}, "geometry": {"type": "Polygon", "coordinates": [[[-121.99825, 37.76639], [-121.99717, 37.76807], [-121.99842, 37.76959], [-122.00076, 37.76942], [-122.00184, 37.76773], [-122.00059, 37.76622], [-121.99825, 37.76639]]]}}, {"type": "Feature", "properties": {"id": 204, "name": "The Preserve S 7", "lst": 45.3, "green": 22.8, "pop": 304, "pct65": 13.9, "ac": 60.6, "holc": null, "access_min": 11.8, "access_km": 0.94, "score": 52.4, "rank": 199, "area_m2": 109850, "street_m": 1681}, "geometry": {"type": "Polygon", "coordinates": [[[-121.99483, 37.76824], [-121.99375, 37.76993], [-121.99501, 37.77144], [-121.99734, 37.77127], [-121.99842, 37.76959], [-121.99717, 37.76807], [-121.99483, 37.76824]]]}}, {"type": "Feature", "properties": {"id": 205, "name": "The Preserve S 4", "lst": 43.8, "green": 23.8, "pop": 96, "pct65": 7.5, "ac": 39.0, "holc": null, "access_min": 11.9, "access_km": 0.95, "score": 33.8, "rank": 365, "area_m2": 109852, "street_m": 2033}, "geometry": {"type": "Polygon", "coordinates": [[[-121.98799, 37.77195], [-121.98691, 37.77363], [-121.98817, 37.77514], [-121.99051, 37.77497], [-121.99159, 37.77329], [-121.99033, 37.77178], [-121.98799, 37.77195]]]}}, {"type": "Feature", "properties": {"id": 206, "name": "The Preserve S 3", "lst": 45.2, "green": 20.8, "pop": 385, "pct65": 8.2, "ac": 50.3, "holc": null, "access_min": 6.4, "access_km": 0.51, "score": 53.7, "rank": 183, "area_m2": 109847, "street_m": 1986}, "geometry": {"type": "Polygon", "coordinates": [[[-121.99159, 37.77329], [-121.99051, 37.77497], [-121.99176, 37.77648], [-121.9941, 37.77631], [-121.99518, 37.77463], [-121.99392, 37.77312], [-121.99159, 37.77329]]]}}, {"type": "Feature", "properties": {"id": 207, "name": "The Preserve SE 3", "lst": 46.2, "green": 15.2, "pop": 455, "pct65": 4.3, "ac": 36.3, "holc": null, "access_min": 9.3, "access_km": 0.75, "score": 66.1, "rank": 69, "area_m2": 109853, "street_m": 1324}, "geometry": {"type": "Polygon", "coordinates": [[[-121.98457, 37.7738], [-121.98349, 37.77548], [-121.98475, 37.77699], [-121.98709, 37.77682], [-121.98817, 37.77514], [-121.98691, 37.77363], [-121.98457, 37.7738]]]}}, {"type": "Feature", "properties": {"id": 208, "name": "The Preserve S 2", "lst": 46.0, "green": 22.9, "pop": 291, "pct65": 8.4, "ac": 50.3, "holc": null, "access_min": 6.7, "access_km": 0.53, "score": 51.9, "rank": 207, "area_m2": 109848, "street_m": 1027}, "geometry": {"type": "Polygon", "coordinates": [[[-121.98817, 37.77514], [-121.98709, 37.77682], [-121.98834, 37.77833], [-121.99068, 37.77816], [-121.99176, 37.77648], [-121.99051, 37.77497], [-121.98817, 37.77514]]]}}, {"type": "Feature", "properties": {"id": 209, "name": "The Preserve S 6", "lst": 42.7, "green": 37.0, "pop": 240, "pct65": 11.6, "ac": 47.5, "holc": null, "access_min": 15.4, "access_km": 1.23, "score": 21.1, "rank": 404, "area_m2": 109856, "street_m": 701}, "geometry": {"type": "Polygon", "coordinates": [[[-121.98782, 37.76875], [-121.98673, 37.77043], [-121.98799, 37.77195], [-121.99033, 37.77178], [-121.99141, 37.7701], [-121.99015, 37.76858], [-121.98782, 37.76875]]]}}, {"type": "Feature", "properties": {"id": 210, "name": "The Preserve S 5", "lst": 43.8, "green": 27.4, "pop": 212, "pct65": 11.0, "ac": 46.9, "holc": null, "access_min": 10.3, "access_km": 0.83, "score": 35.3, "rank": 358, "area_m2": 109851, "street_m": 1797}, "geometry": {"type": "Polygon", "coordinates": [[[-121.99141, 37.7701], [-121.99033, 37.77178], [-121.99159, 37.77329], [-121.99392, 37.77312], [-121.99501, 37.77144], [-121.99375, 37.76993], [-121.99141, 37.7701]]]}}, {"type": "Feature", "properties": {"id": 211, "name": "The Preserve SE 5", "lst": 41.9, "green": 37.9, "pop": 207, "pct65": 10.8, "ac": 42.5, "holc": null, "access_min": 14.8, "access_km": 1.18, "score": 15.3, "rank": 415, "area_m2": 109858, "street_m": 797}, "geometry": {"type": "Polygon", "coordinates": [[[-121.9844, 37.7706], [-121.98332, 37.77229], [-121.98457, 37.7738], [-121.98691, 37.77363], [-121.98799, 37.77195], [-121.98673, 37.77043], [-121.9844, 37.7706]]]}}, {"type": "Feature", "properties": {"id": 212, "name": "The Preserve SW", "lst": 45.3, "green": 15.1, "pop": 26, "pct65": 14.5, "ac": 66.9, "holc": null, "access_min": 5.2, "access_km": 0.42, "score": 49.1, "rank": 240, "area_m2": 109837, "street_m": 493}, "geometry": {"type": "Polygon", "coordinates": [[[-121.99536, 37.77782], [-121.99428, 37.7795], [-121.99553, 37.78101], [-121.99787, 37.78084], [-121.99895, 37.77916], [-121.99769, 37.77765], [-121.99536, 37.77782]]]}}, {"type": "Feature", "properties": {"id": 214, "name": "The Preserve", "lst": 49.2, "green": 6.0, "pop": 153, "pct65": 18.7, "ac": 62.9, "holc": null, "access_min": 7.3, "access_km": 0.59, "score": 83.4, "rank": 5, "area_m2": 109838, "street_m": 1109}, "geometry": {"type": "Polygon", "coordinates": [[[-121.99194, 37.77967], [-121.99086, 37.78135], [-121.99211, 37.78286], [-121.99445, 37.78269], [-121.99553, 37.78101], [-121.99428, 37.7795], [-121.99194, 37.77967]]]}}, {"type": "Feature", "properties": {"id": 216, "name": "The Preserve SW 2", "lst": 44.4, "green": 22.0, "pop": 142, "pct65": 10.5, "ac": 52.4, "holc": null, "access_min": 0.8, "access_km": 0.06, "score": 41.2, "rank": 317, "area_m2": 109841, "street_m": 1383}, "geometry": {"type": "Polygon", "coordinates": [[[-121.99518, 37.77463], [-121.9941, 37.77631], [-121.99536, 37.77782], [-121.99769, 37.77765], [-121.99878, 37.77597], [-121.99752, 37.77446], [-121.99518, 37.77463]]]}}, {"type": "Feature", "properties": {"id": 218, "name": "The Preserve S", "lst": 48.1, "green": 5.3, "pop": 31, "pct65": 14.8, "ac": 66.8, "holc": null, "access_min": 6.1, "access_km": 0.49, "score": 69.5, "rank": 47, "area_m2": 109842, "street_m": 1428}, "geometry": {"type": "Polygon", "coordinates": [[[-121.99176, 37.77648], [-121.99068, 37.77816], [-121.99194, 37.77967], [-121.99428, 37.7795], [-121.99536, 37.77782], [-121.9941, 37.77631], [-121.99176, 37.77648]]]}}, {"type": "Feature", "properties": {"id": 220, "name": "The Preserve S 12", "lst": 46.3, "green": 16.2, "pop": 49, "pct65": 12.7, "ac": 60.6, "holc": null, "access_min": 20.8, "access_km": 1.66, "score": 52.1, "rank": 203, "area_m2": 109860, "street_m": 209}, "geometry": {"type": "Polygon", "coordinates": [[[-121.99106, 37.76371], [-121.98998, 37.76539], [-121.99123, 37.7669], [-121.99357, 37.76673], [-121.99465, 37.76505], [-121.9934, 37.76354], [-121.99106, 37.76371]]]}}, {"type": "Feature", "properties": {"id": 221, "name": "The Preserve S 11", "lst": 44.0, "green": 20.3, "pop": 4, "pct65": 11.9, "ac": 60.6, "holc": null, "access_min": 17.4, "access_km": 1.39, "score": 36.9, "rank": 345, "area_m2": 109854, "street_m": 4}, "geometry": {"type": "Polygon", "coordinates": [[[-121.99465, 37.76505], [-121.99357, 37.76673], [-121.99483, 37.76824], [-121.99717, 37.76807], [-121.99825, 37.76639], [-121.99699, 37.76488], [-121.99465, 37.76505]]]}}, {"type": "Feature", "properties": {"id": 222, "name": "The Preserve S 10", "lst": 45.4, "green": 25.9, "pop": 284, "pct65": 13.2, "ac": 57.3, "holc": null, "access_min": 19.9, "access_km": 1.59, "score": 48.4, "rank": 246, "area_m2": 109861, "street_m": 1861}, "geometry": {"type": "Polygon", "coordinates": [[[-121.98764, 37.76556], [-121.98656, 37.76724], [-121.98782, 37.76875], [-121.99015, 37.76858], [-121.99123, 37.7669], [-121.98998, 37.76539], [-121.98764, 37.76556]]]}}, {"type": "Feature", "properties": {"id": 223, "name": "The Preserve S 8", "lst": 44.9, "green": 26.2, "pop": 153, "pct65": 12.6, "ac": 54.6, "holc": null, "access_min": 15.4, "access_km": 1.23, "score": 40.7, "rank": 322, "area_m2": 109855, "street_m": 1031}, "geometry": {"type": "Polygon", "coordinates": [[[-121.99123, 37.7669], [-121.99015, 37.76858], [-121.99141, 37.7701], [-121.99375, 37.76993], [-121.99483, 37.76824], [-121.99357, 37.76673], [-121.99123, 37.7669]]]}}, {"type": "Feature", "properties": {"id": 225, "name": "The Preserve S 14", "lst": 45.0, "green": 25.3, "pop": 219, "pct65": 13.7, "ac": 61.0, "holc": null, "access_min": 24.9, "access_km": 1.99, "score": 44.7, "rank": 294, "area_m2": 109865, "street_m": 935}, "geometry": {"type": "Polygon", "coordinates": [[[-121.98746, 37.76237], [-121.98638, 37.76405], [-121.98764, 37.76556], [-121.98998, 37.76539], [-121.99106, 37.76371], [-121.9898, 37.7622], [-121.98746, 37.76237]]]}}, {"type": "Feature", "properties": {"id": 226, "name": "Vista San Ramon NE 2", "lst": 42.2, "green": 29.7, "pop": 199, "pct65": 17.2, "ac": 52.7, "holc": null, "access_min": 15.2, "access_km": 1.21, "score": 29.0, "rank": 389, "area_m2": 109890, "street_m": 748}, "geometry": {"type": "Polygon", "coordinates": [[[-121.94932, 37.77315], [-121.94824, 37.77483], [-121.9495, 37.77634], [-121.95184, 37.77617], [-121.95292, 37.77449], [-121.95166, 37.77298], [-121.94932, 37.77315]]]}}, {"type": "Feature", "properties": {"id": 227, "name": "Vista San Ramon N 2", "lst": 47.2, "green": 19.5, "pop": 107, "pct65": 15.4, "ac": 46.5, "holc": null, "access_min": 16.9, "access_km": 1.35, "score": 56.7, "rank": 150, "area_m2": 109885, "street_m": 682}, "geometry": {"type": "Polygon", "coordinates": [[[-121.95292, 37.77449], [-121.95184, 37.77617], [-121.95309, 37.77768], [-121.95543, 37.77751], [-121.95651, 37.77583], [-121.95526, 37.77432], [-121.95292, 37.77449]]]}}, {"type": "Feature", "properties": {"id": 228, "name": "Siena Hills NW", "lst": 44.8, "green": 16.7, "pop": 42, "pct65": 14.4, "ac": 55.6, "holc": null, "access_min": 18.1, "access_km": 1.45, "score": 46.2, "rank": 275, "area_m2": 109892, "street_m": 267}, "geometry": {"type": "Polygon", "coordinates": [[[-121.9459, 37.775], [-121.94482, 37.77668], [-121.94608, 37.77819], [-121.94841, 37.77802], [-121.9495, 37.77634], [-121.94824, 37.77483], [-121.9459, 37.775]]]}}, {"type": "Feature", "properties": {"id": 229, "name": "Country View SE 2", "lst": 44.0, "green": 30.2, "pop": 99, "pct65": 16.1, "ac": 55.3, "holc": null, "access_min": 16.5, "access_km": 1.32, "score": 32.9, "rank": 369, "area_m2": 109886, "street_m": 356}, "geometry": {"type": "Polygon", "coordinates": [[[-121.9495, 37.77634], [-121.94841, 37.77802], [-121.94967, 37.77953], [-121.95201, 37.77936], [-121.95309, 37.77768], [-121.95184, 37.77617], [-121.9495, 37.77634]]]}}, {"type": "Feature", "properties": {"id": 230, "name": "Vista San Ramon NE", "lst": 42.7, "green": 28.8, "pop": 148, "pct65": 15.9, "ac": 44.4, "holc": null, "access_min": 10.1, "access_km": 0.8, "score": 30.2, "rank": 383, "area_m2": 109895, "street_m": 655}, "geometry": {"type": "Polygon", "coordinates": [[[-121.94915, 37.76995], [-121.94807, 37.77163], [-121.94932, 37.77315], [-121.95166, 37.77298], [-121.95274, 37.7713], [-121.95149, 37.76978], [-121.94915, 37.76995]]]}}, {"type": "Feature", "properties": {"id": 231, "name": "Vista San Ramon N", "lst": 45.2, "green": 22.2, "pop": 92, "pct65": 15.1, "ac": 44.4, "holc": null, "access_min": 11.2, "access_km": 0.9, "score": 45.0, "rank": 291, "area_m2": 109889, "street_m": 591}, "geometry": {"type": "Polygon", "coordinates": [[[-121.95274, 37.7713], [-121.95166, 37.77298], [-121.95292, 37.77449], [-121.95526, 37.77432], [-121.95634, 37.77264], [-121.95508, 37.77113], [-121.95274, 37.7713]]]}}, {"type": "Feature", "properties": {"id": 232, "name": "Siena Hills W", "lst": 45.9, "green": 17.0, "pop": 35, "pct65": 13.6, "ac": 46.6, "holc": null, "access_min": 15.4, "access_km": 1.23, "score": 49.5, "rank": 234, "area_m2": 109896, "street_m": 824}, "geometry": {"type": "Polygon", "coordinates": [[[-121.94573, 37.7718], [-121.94464, 37.77348], [-121.9459, 37.775], [-121.94824, 37.77483], [-121.94932, 37.77315], [-121.94807, 37.77163], [-121.94573, 37.7718]]]}}, {"type": "Feature", "properties": {"id": 233, "name": "Country View S", "lst": 44.3, "green": 23.0, "pop": 92, "pct65": 15.1, "ac": 44.4, "holc": null, "access_min": 15.5, "access_km": 1.24, "score": 40.4, "rank": 328, "area_m2": 109875, "street_m": 563}, "geometry": {"type": "Polygon", "coordinates": [[[-121.95669, 37.77902], [-121.95561, 37.7807], [-121.95686, 37.78222], [-121.9592, 37.78205], [-121.96028, 37.78037], [-121.95903, 37.77885], [-121.95669, 37.77902]]]}}, {"type": "Feature", "properties": {"id": 234, "name": "Country View W", "lst": 43.7, "green": 25.4, "pop": 143, "pct65": 15.8, "ac": 44.4, "holc": null, "access_min": 13.0, "access_km": 1.04, "score": 37.8, "rank": 340, "area_m2": 109870, "street_m": 1819}, "geometry": {"type": "Polygon", "coordinates": [[[-121.96028, 37.78037], [-121.9592, 37.78205], [-121.96046, 37.78356], [-121.9628, 37.78339], [-121.96388, 37.78171], [-121.96262, 37.7802], [-121.96028, 37.78037]]]}}, {"type": "Feature", "properties": {"id": 235, "name": "Country View E", "lst": 46.0, "green": 18.9, "pop": 109, "pct65": 15.3, "ac": 44.4, "holc": null, "access_min": 12.9, "access_km": 1.03, "score": 52.5, "rank": 195, "area_m2": 109876, "street_m": 682}, "geometry": {"type": "Polygon", "coordinates": [[[-121.95327, 37.78087], [-121.95218, 37.78255], [-121.95344, 37.78407], [-121.95578, 37.7839], [-121.95686, 37.78222], [-121.95561, 37.7807], [-121.95327, 37.78087]]]}}, {"type": "Feature", "properties": {"id": 236, "name": "Country View", "lst": 44.4, "green": 21.7, "pop": 85, "pct65": 14.9, "ac": 44.4, "holc": null, "access_min": 16.3, "access_km": 1.3, "score": 41.8, "rank": 314, "area_m2": 109871, "street_m": 1522}, "geometry": {"type": "Polygon", "coordinates": [[[-121.95686, 37.78222], [-121.95578, 37.7839], [-121.95704, 37.78541], [-121.95938, 37.78524], [-121.96046, 37.78356], [-121.9592, 37.78205], [-121.95686, 37.78222]]]}}, {"type": "Feature", "properties": {"id": 237, "name": "Country View S 2", "lst": 45.4, "green": 19.1, "pop": 23, "pct65": 13.1, "ac": 44.4, "holc": null, "access_min": 13.9, "access_km": 1.11, "score": 44.7, "rank": 296, "area_m2": 109880, "street_m": 100}, "geometry": {"type": "Polygon", "coordinates": [[[-121.95651, 37.77583], [-121.95543, 37.77751], [-121.95669, 37.77902], [-121.95903, 37.77885], [-121.96011, 37.77717], [-121.95885, 37.77566], [-121.95651, 37.77583]]]}}, {"type": "Feature", "properties": {"id": 238, "name": "Country View SW", "lst": 45.6, "green": 22.6, "pop": 112, "pct65": 15.4, "ac": 44.4, "holc": null, "access_min": 9.7, "access_km": 0.78, "score": 47.1, "rank": 264, "area_m2": 109874, "street_m": 1191}, "geometry": {"type": "Polygon", "coordinates": [[[-121.96011, 37.77717], [-121.95903, 37.77885], [-121.96028, 37.78037], [-121.96262, 37.7802], [-121.9637, 37.77852], [-121.96245, 37.777], [-121.96011, 37.77717]]]}}, {"type": "Feature", "properties": {"id": 239, "name": "Country View SE", "lst": 47.4, "green": 15.8, "pop": 64, "pct65": 14.4, "ac": 44.4, "holc": null, "access_min": 16.7, "access_km": 1.34, "score": 58.6, "rank": 136, "area_m2": 109881, "street_m": 370}, "geometry": {"type": "Polygon", "coordinates": [[[-121.95309, 37.77768], [-121.95201, 37.77936], [-121.95327, 37.78087], [-121.95561, 37.7807], [-121.95669, 37.77902], [-121.95543, 37.77751], [-121.95309, 37.77768]]]}}, {"type": "Feature", "properties": {"id": 240, "name": "Siena Hills NE", "lst": 43.2, "green": 38.2, "pop": 82, "pct65": 13.0, "ac": 88.3, "holc": null, "access_min": 14.2, "access_km": 1.13, "score": 19.4, "rank": 410, "area_m2": 109898, "street_m": 621}, "geometry": {"type": "Polygon", "coordinates": [[[-121.93889, 37.7755], [-121.9378, 37.77718], [-121.93906, 37.7787], [-121.9414, 37.77853], [-121.94248, 37.77685], [-121.94122, 37.77533], [-121.93889, 37.7755]]]}}, {"type": "Feature", "properties": {"id": 241, "name": "Bel Air SW 2", "lst": 44.8, "green": 24.7, "pop": 293, "pct65": 13.7, "ac": 88.3, "holc": null, "access_min": 15.6, "access_km": 1.25, "score": 47.4, "rank": 258, "area_m2": 109893, "street_m": 1080}, "geometry": {"type": "Polygon", "coordinates": [[[-121.94248, 37.77685], [-121.9414, 37.77853], [-121.94265, 37.78004], [-121.94499, 37.77987], [-121.94608, 37.77819], [-121.94482, 37.77668], [-121.94248, 37.77685]]]}}, {"type": "Feature", "properties": {"id": 242, "name": "Bel Air SE", "lst": 43.3, "green": 31.2, "pop": 164, "pct65": 10.4, "ac": 93.9, "holc": null, "access_min": 12.1, "access_km": 0.97, "score": 27.6, "rank": 393, "area_m2": 109899, "street_m": 251}, "geometry": {"type": "Polygon", "coordinates": [[[-121.93546, 37.77735], [-121.93438, 37.77903], [-121.93564, 37.78055], [-121.93798, 37.78038], [-121.93906, 37.7787], [-121.9378, 37.77718], [-121.93546, 37.77735]]]}}, {"type": "Feature", "properties": {"id": 243, "name": "Bel Air SW", "lst": 43.6, "green": 31.6, "pop": 150, "pct65": 11.1, "ac": 57.0, "holc": null, "access_min": 15.0, "access_km": 1.2, "score": 28.5, "rank": 390, "area_m2": 109894, "street_m": 841}, "geometry": {"type": "Polygon", "coordinates": [[[-121.93906, 37.7787], [-121.93798, 37.78038], [-121.93923, 37.78189], [-121.94157, 37.78172], [-121.94265, 37.78004], [-121.9414, 37.77853], [-121.93906, 37.7787]]]}}, {"type": "Feature", "properties": {"id": 244, "name": "Siena Hills E", "lst": 44.3, "green": 26.6, "pop": 563, "pct65": 14.0, "ac": 93.9, "holc": null, "access_min": 12.7, "access_km": 1.02, "score": 51.9, "rank": 205, "area_m2": 109902, "street_m": 1634}, "geometry": {"type": "Polygon", "coordinates": [[[-121.93871, 37.77231], [-121.93763, 37.77399], [-121.93889, 37.7755], [-121.94122, 37.77533], [-121.94231, 37.77365], [-121.94105, 37.77214], [-121.93871, 37.77231]]]}}, {"type": "Feature", "properties": {"id": 245, "name": "Siena Hills N", "lst": 46.7, "green": 19.6, "pop": 222, "pct65": 13.6, "ac": 88.3, "holc": null, "access_min": 17.9, "access_km": 1.43, "score": 58.9, "rank": 129, "area_m2": 109897, "street_m": 455}, "geometry": {"type": "Polygon", "coordinates": [[[-121.94231, 37.77365], [-121.94122, 37.77533], [-121.94248, 37.77685], [-121.94482, 37.77668], [-121.9459, 37.775], [-121.94464, 37.77348], [-121.94231, 37.77365]]]}}, {"type": "Feature", "properties": {"id": 246, "name": "Cedar Bridge W", "lst": 44.0, "green": 28.6, "pop": 71, "pct65": 11.1, "ac": 88.3, "holc": null, "access_min": 8.6, "access_km": 0.69, "score": 30.9, "rank": 378, "area_m2": 109904, "street_m": 51}, "geometry": {"type": "Polygon", "coordinates": [[[-121.93529, 37.77416], [-121.93421, 37.77584], [-121.93546, 37.77735], [-121.9378, 37.77718], [-121.93889, 37.7755], [-121.93763, 37.77399], [-121.93529, 37.77416]]]}}, {"type": "Feature", "properties": {"id": 247, "name": "Country View E 3", "lst": 40.6, "green": 27.3, "pop": 175, "pct65": 17.3, "ac": 55.6, "holc": null, "access_min": 6.8, "access_km": 0.55, "score": 24.6, "rank": 398, "area_m2": 109883, "street_m": 797}, "geometry": {"type": "Polygon", "coordinates": [[[-121.94625, 37.78138], [-121.94517, 37.78306], [-121.94642, 37.78457], [-121.94876, 37.7844], [-121.94985, 37.78272], [-121.94859, 37.78121], [-121.94625, 37.78138]]]}}, {"type": "Feature", "properties": {"id": 248, "name": "Cobblestone", "lst": 46.2, "green": 20.0, "pop": 179, "pct65": 16.6, "ac": 48.8, "holc": null, "access_min": 7.1, "access_km": 0.57, "score": 56.1, "rank": 156, "area_m2": 109878, "street_m": 596}, "geometry": {"type": "Polygon", "coordinates": [[[-121.94985, 37.78272], [-121.94876, 37.7844], [-121.95002, 37.78592], [-121.95236, 37.78575], [-121.95344, 37.78407], [-121.95218, 37.78255], [-121.94985, 37.78272]]]}}, {"type": "Feature", "properties": {"id": 249, "name": "Canyon Crest S", "lst": 43.6, "green": 27.0, "pop": 313, "pct65": 18.5, "ac": 56.6, "holc": null, "access_min": 5.6, "access_km": 0.45, "score": 42.5, "rank": 310, "area_m2": 109884, "street_m": 2011}, "geometry": {"type": "Polygon", "coordinates": [[[-121.94283, 37.78323], [-121.94175, 37.78491], [-121.943, 37.78642], [-121.94534, 37.78625], [-121.94642, 37.78457], [-121.94517, 37.78306], [-121.94283, 37.78323]]]}}, {"type": "Feature", "properties": {"id": 250, "name": "Canyon Crest SW", "lst": 42.4, "green": 23.2, "pop": 310, "pct65": 18.4, "ac": 55.6, "holc": null, "access_min": 1.4, "access_km": 0.11, "score": 41.2, "rank": 318, "area_m2": 109879, "street_m": 1300}, "geometry": {"type": "Polygon", "coordinates": [[[-121.94642, 37.78457], [-121.94534, 37.78625], [-121.9466, 37.78777], [-121.94894, 37.7876], [-121.95002, 37.78592], [-121.94876, 37.7844], [-121.94642, 37.78457]]]}}, {"type": "Feature", "properties": {"id": 251, "name": "Bel Air SW 3", "lst": 44.3, "green": 23.7, "pop": 50, "pct65": 13.0, "ac": 70.0, "holc": null, "access_min": 12.4, "access_km": 1.0, "score": 37.2, "rank": 344, "area_m2": 109887, "street_m": 293}, "geometry": {"type": "Polygon", "coordinates": [[[-121.94608, 37.77819], [-121.94499, 37.77987], [-121.94625, 37.78138], [-121.94859, 37.78121], [-121.94967, 37.77953], [-121.94841, 37.77802], [-121.94608, 37.77819]]]}}, {"type": "Feature", "properties": {"id": 252, "name": "Country View E 2", "lst": 46.2, "green": 21.0, "pop": 334, "pct65": 18.5, "ac": 55.6, "holc": null, "access_min": 11.4, "access_km": 0.91, "score": 63.4, "rank": 90, "area_m2": 109882, "street_m": 1448}, "geometry": {"type": "Polygon", "coordinates": [[[-121.94967, 37.77953], [-121.94859, 37.78121], [-121.94985, 37.78272], [-121.95218, 37.78255], [-121.95327, 37.78087], [-121.95201, 37.77936], [-121.94967, 37.77953]]]}}, {"type": "Feature", "properties": {"id": 253, "name": "Bel Air W", "lst": 45.3, "green": 21.7, "pop": 410, "pct65": 13.6, "ac": 54.0, "holc": null, "access_min": 10.2, "access_km": 0.82, "score": 58.1, "rank": 140, "area_m2": 109888, "street_m": 1157}, "geometry": {"type": "Polygon", "coordinates": [[[-121.94265, 37.78004], [-121.94157, 37.78172], [-121.94283, 37.78323], [-121.94517, 37.78306], [-121.94625, 37.78138], [-121.94499, 37.77987], [-121.94265, 37.78004]]]}}, {"type": "Feature", "properties": {"id": 254, "name": "San Ramon Central Park", "lst": 42.6, "green": 33.7, "pop": 70, "pct65": 14.6, "ac": 44.4, "holc": null, "access_min": 0.2, "access_km": 0.02, "score": 22.1, "rank": 401, "area_m2": 109898, "street_m": 1386}, "geometry": {"type": "Polygon", "coordinates": [[[-121.95239, 37.76491], [-121.95131, 37.76659], [-121.95257, 37.7681], [-121.95491, 37.76793], [-121.95599, 37.76625], [-121.95473, 37.76474], [-121.95239, 37.76491]]]}}, {"type": "Feature", "properties": {"id": 256, "name": "Vista San Ramon SE", "lst": 42.5, "green": 29.2, "pop": 71, "pct65": 14.6, "ac": 44.4, "holc": null, "access_min": 5.9, "access_km": 0.48, "score": 26.1, "rank": 394, "area_m2": 109899, "street_m": 1334}, "geometry": {"type": "Polygon", "coordinates": [[[-121.94897, 37.76676], [-121.94789, 37.76844], [-121.94915, 37.76995], [-121.95149, 37.76978], [-121.95257, 37.7681], [-121.95131, 37.76659], [-121.94897, 37.76676]]]}}, {"type": "Feature", "properties": {"id": 257, "name": "Vista San Ramon", "lst": 44.0, "green": 29.0, "pop": 207, "pct65": 16.4, "ac": 44.4, "holc": null, "access_min": 5.6, "access_km": 0.45, "score": 37.8, "rank": 339, "area_m2": 109894, "street_m": 1841}, "geometry": {"type": "Polygon", "coordinates": [[[-121.95257, 37.7681], [-121.95149, 37.76978], [-121.95274, 37.7713], [-121.95508, 37.77113], [-121.95616, 37.76945], [-121.95491, 37.76793], [-121.95257, 37.7681]]]}}, {"type": "Feature", "properties": {"id": 258, "name": "San Ramon", "lst": 48.0, "green": 13.1, "pop": 273, "pct65": 8.4, "ac": 41.3, "holc": null, "access_min": 0.7, "access_km": 0.06, "score": 71.4, "rank": 32, "area_m2": 109902, "street_m": 1243}, "geometry": {"type": "Polygon", "coordinates": [[[-121.95222, 37.76172], [-121.95114, 37.7634], [-121.95239, 37.76491], [-121.95473, 37.76474], [-121.95581, 37.76306], [-121.95456, 37.76155], [-121.95222, 37.76172]]]}}, {"type": "Feature", "properties": {"id": 260, "name": "Canyon Woods Apartments", "lst": 44.4, "green": 25.5, "pop": 190, "pct65": 22.0, "ac": 38.9, "holc": null, "access_min": 4.7, "access_km": 0.38, "score": 45.9, "rank": 282, "area_m2": 109903, "street_m": 1965}, "geometry": {"type": "Polygon", "coordinates": [[[-121.9488, 37.76357], [-121.94772, 37.76525], [-121.94897, 37.76676], [-121.95131, 37.76659], [-121.95239, 37.76491], [-121.95114, 37.7634], [-121.9488, 37.76357]]]}}, {"type": "Feature", "properties": {"id": 262, "name": "Bishop Ranch 6/City Village N", "lst": 46.1, "green": 16.7, "pop": 12, "pct65": 12.5, "ac": 44.4, "holc": null, "access_min": 6.4, "access_km": 0.51, "score": 49.0, "rank": 241, "area_m2": 109877, "street_m": 1466}, "geometry": {"type": "Polygon", "coordinates": [[[-121.96335, 37.77213], [-121.96227, 37.77381], [-121.96353, 37.77532], [-121.96587, 37.77515], [-121.96695, 37.77347], [-121.96569, 37.77196], [-121.96335, 37.77213]]]}}, {"type": "Feature", "properties": {"id": 263, "name": "Vista San Ramon NW", "lst": 45.9, "green": 18.8, "pop": 41, "pct65": 13.8, "ac": 44.4, "holc": null, "access_min": 14.6, "access_km": 1.17, "score": 48.2, "rank": 249, "area_m2": 109884, "street_m": 533}, "geometry": {"type": "Polygon", "coordinates": [[[-121.95634, 37.77264], [-121.95526, 37.77432], [-121.95651, 37.77583], [-121.95885, 37.77566], [-121.95993, 37.77398], [-121.95868, 37.77247], [-121.95634, 37.77264]]]}}, {"type": "Feature", "properties": {"id": 264, "name": "Park Central SE", "lst": 44.5, "green": 23.9, "pop": 105, "pct65": 15.3, "ac": 44.4, "holc": null, "access_min": 9.2, "access_km": 0.73, "score": 41.1, "rank": 319, "area_m2": 109878, "street_m": 946}, "geometry": {"type": "Polygon", "coordinates": [[[-121.95993, 37.77398], [-121.95885, 37.77566], [-121.96011, 37.77717], [-121.96245, 37.777], [-121.96353, 37.77532], [-121.96227, 37.77381], [-121.95993, 37.77398]]]}}, {"type": "Feature", "properties": {"id": 265, "name": "Bishop Ranch 6/City Village SE", "lst": 43.3, "green": 22.3, "pop": 1, "pct65": 11.9, "ac": 44.4, "holc": null, "access_min": 10.9, "access_km": 0.87, "score": 32.6, "rank": 373, "area_m2": 109887, "street_m": 779}, "geometry": {"type": "Polygon", "coordinates": [[[-121.95958, 37.7676], [-121.9585, 37.76928], [-121.95976, 37.77079], [-121.9621, 37.77062], [-121.96318, 37.76894], [-121.96192, 37.76743], [-121.95958, 37.7676]]]}}, {"type": "Feature", "properties": {"id": 267, "name": "Vista San Ramon W", "lst": 44.1, "green": 28.2, "pop": 93, "pct65": 15.1, "ac": 44.4, "holc": null, "access_min": 9.4, "access_km": 0.76, "score": 34.4, "rank": 362, "area_m2": 109888, "street_m": 1187}, "geometry": {"type": "Polygon", "coordinates": [[[-121.95616, 37.76945], [-121.95508, 37.77113], [-121.95634, 37.77264], [-121.95868, 37.77247], [-121.95976, 37.77079], [-121.9585, 37.76928], [-121.95616, 37.76945]]]}}, {"type": "Feature", "properties": {"id": 268, "name": "Canyon Lakes N 2", "lst": 45.8, "green": 19.7, "pop": 242, "pct65": 13.1, "ac": 36.6, "holc": null, "access_min": 15.4, "access_km": 1.23, "score": 55.5, "rank": 163, "area_m2": 109906, "street_m": 1221}, "geometry": {"type": "Polygon", "coordinates": [[[-121.94196, 37.76727], [-121.94088, 37.76895], [-121.94213, 37.77046], [-121.94447, 37.77029], [-121.94555, 37.76861], [-121.9443, 37.7671], [-121.94196, 37.76727]]]}}, {"type": "Feature", "properties": {"id": 269, "name": "Vista San Ramon E", "lst": 42.6, "green": 25.4, "pop": 182, "pct65": 23.0, "ac": 40.8, "holc": null, "access_min": 11.7, "access_km": 0.94, "score": 38.7, "rank": 333, "area_m2": 109900, "street_m": 1829}, "geometry": {"type": "Polygon", "coordinates": [[[-121.94555, 37.76861], [-121.94447, 37.77029], [-121.94573, 37.7718], [-121.94807, 37.77163], [-121.94915, 37.76995], [-121.94789, 37.76844], [-121.94555, 37.76861]]]}}, {"type": "Feature", "properties": {"id": 270, "name": "Siena Hills SE", "lst": 44.4, "green": 28.6, "pop": 213, "pct65": 13.1, "ac": 36.6, "holc": null, "access_min": 13.6, "access_km": 1.09, "score": 38.1, "rank": 334, "area_m2": 109907, "street_m": 1549}, "geometry": {"type": "Polygon", "coordinates": [[[-121.93854, 37.76912], [-121.93745, 37.7708], [-121.93871, 37.77231], [-121.94105, 37.77214], [-121.94213, 37.77046], [-121.94088, 37.76895], [-121.93854, 37.76912]]]}}, {"type": "Feature", "properties": {"id": 271, "name": "Siena Hills", "lst": 44.5, "green": 22.1, "pop": 337, "pct65": 15.3, "ac": 53.4, "holc": null, "access_min": 17.6, "access_km": 1.4, "score": 51.7, "rank": 210, "area_m2": 109901, "street_m": 1832}, "geometry": {"type": "Polygon", "coordinates": [[[-121.94213, 37.77046], [-121.94105, 37.77214], [-121.94231, 37.77365], [-121.94464, 37.77348], [-121.94573, 37.7718], [-121.94447, 37.77029], [-121.94213, 37.77046]]]}}, {"type": "Feature", "properties": {"id": 272, "name": "Canyon Lakes NW", "lst": 44.3, "green": 25.6, "pop": 258, "pct65": 28.8, "ac": 39.8, "holc": null, "access_min": 14.5, "access_km": 1.16, "score": 51.9, "rank": 206, "area_m2": 109910, "street_m": 1314}, "geometry": {"type": "Polygon", "coordinates": [[[-121.94178, 37.76407], [-121.9407, 37.76576], [-121.94196, 37.76727], [-121.9443, 37.7671], [-121.94538, 37.76542], [-121.94412, 37.76391], [-121.94178, 37.76407]]]}}, {"type": "Feature", "properties": {"id": 273, "name": "Canyon Lakes NW 2", "lst": 43.2, "green": 23.8, "pop": 136, "pct65": 28.1, "ac": 40.0, "holc": null, "access_min": 10.1, "access_km": 0.81, "score": 44.2, "rank": 298, "area_m2": 109904, "street_m": 683}, "geometry": {"type": "Polygon", "coordinates": [[[-121.94538, 37.76542], [-121.9443, 37.7671], [-121.94555, 37.76861], [-121.94789, 37.76844], [-121.94897, 37.76676], [-121.94772, 37.76525], [-121.94538, 37.76542]]]}}, {"type": "Feature", "properties": {"id": 274, "name": "Canyon Lakes N", "lst": 45.0, "green": 21.8, "pop": 293, "pct65": 13.2, "ac": 36.6, "holc": null, "access_min": 16.6, "access_km": 1.33, "score": 51.5, "rank": 212, "area_m2": 109911, "street_m": 1084}, "geometry": {"type": "Polygon", "coordinates": [[[-121.93836, 37.76592], [-121.93728, 37.76761], [-121.93854, 37.76912], [-121.94088, 37.76895], [-121.94196, 37.76727], [-121.9407, 37.76576], [-121.93836, 37.76592]]]}}, {"type": "Feature", "properties": {"id": 275, "name": "California Chateau at Danville Ranch SE 3", "lst": 45.4, "green": 14.4, "pop": 111, "pct65": 9.4, "ac": 51.0, "holc": null, "access_min": 11.0, "access_km": 0.88, "score": 51.2, "rank": 213, "area_m2": 109847, "street_m": 733}, "geometry": {"type": "Polygon", "coordinates": [[[-121.97808, 37.78388], [-121.977, 37.78556], [-121.97826, 37.78708], [-121.9806, 37.78691], [-121.98168, 37.78522], [-121.98042, 37.78371], [-121.97808, 37.78388]]]}}, {"type": "Feature", "properties": {"id": 277, "name": "California Chateau at Danville Ranch SE 4", "lst": 46.7, "green": 9.6, "pop": 294, "pct65": 8.4, "ac": 50.3, "holc": null, "access_min": 13.0, "access_km": 1.04, "score": 70.5, "rank": 37, "area_m2": 109851, "street_m": 920}, "geometry": {"type": "Polygon", "coordinates": [[[-121.97791, 37.78069], [-121.97683, 37.78237], [-121.97808, 37.78388], [-121.98042, 37.78371], [-121.9815, 37.78203], [-121.98025, 37.78052], [-121.97791, 37.78069]]]}}, {"type": "Feature", "properties": {"id": 278, "name": "Crow Canyon Heights W", "lst": 45.7, "green": 19.2, "pop": 43, "pct65": 12.5, "ac": 40.5, "holc": null, "access_min": 12.9, "access_km": 1.03, "score": 46.4, "rank": 272, "area_m2": 109858, "street_m": 1463}, "geometry": {"type": "Polygon", "coordinates": [[[-121.97089, 37.7812], [-121.96981, 37.78288], [-121.97107, 37.78439], [-121.97341, 37.78422], [-121.97449, 37.78254], [-121.97323, 37.78103], [-121.97089, 37.7812]]]}}, {"type": "Feature", "properties": {"id": 279, "name": "California Chateau at Danville Ranch SE", "lst": 46.2, "green": 18.0, "pop": 179, "pct65": 8.8, "ac": 50.3, "holc": null, "access_min": 6.4, "access_km": 0.51, "score": 53.5, "rank": 185, "area_m2": 109842, "street_m": 940}, "geometry": {"type": "Polygon", "coordinates": [[[-121.98168, 37.78522], [-121.9806, 37.78691], [-121.98185, 37.78842], [-121.98419, 37.78825], [-121.98527, 37.78657], [-121.98402, 37.78505], [-121.98168, 37.78522]]]}}, {"type": "Feature", "properties": {"id": 283, "name": "The Preserve SE 7", "lst": 44.4, "green": 18.2, "pop": 47, "pct65": 8.8, "ac": 35.9, "holc": null, "access_min": 15.2, "access_km": 1.22, "score": 40.8, "rank": 321, "area_m2": 109860, "street_m": 1521}, "geometry": {"type": "Polygon", "coordinates": [[[-121.97756, 37.77431], [-121.97648, 37.77599], [-121.97773, 37.7775], [-121.98007, 37.77733], [-121.98115, 37.77565], [-121.9799, 37.77414], [-121.97756, 37.77431]]]}}, {"type": "Feature", "properties": {"id": 284, "name": "The Preserve SE 4", "lst": 45.6, "green": 21.7, "pop": 328, "pct65": 4.7, "ac": 35.9, "holc": null, "access_min": 9.7, "access_km": 0.77, "score": 50.3, "rank": 226, "area_m2": 109854, "street_m": 904}, "geometry": {"type": "Polygon", "coordinates": [[[-121.98115, 37.77565], [-121.98007, 37.77733], [-121.98133, 37.77884], [-121.98367, 37.77867], [-121.98475, 37.77699], [-121.98349, 37.77548], [-121.98115, 37.77565]]]}}, {"type": "Feature", "properties": {"id": 286, "name": "The Preserve E 3", "lst": 45.4, "green": 15.7, "pop": 159, "pct65": 6.4, "ac": 37.2, "holc": null, "access_min": 12.9, "access_km": 1.04, "score": 50.5, "rank": 223, "area_m2": 109856, "street_m": 1466}, "geometry": {"type": "Polygon", "coordinates": [[[-121.97773, 37.7775], [-121.97665, 37.77918], [-121.97791, 37.78069], [-121.98025, 37.78052], [-121.98133, 37.77884], [-121.98007, 37.77733], [-121.97773, 37.7775]]]}}, {"type": "Feature", "properties": {"id": 287, "name": "Bishop Ranch 6/City Village W 6", "lst": 46.7, "green": 19.8, "pop": 341, "pct65": 9.0, "ac": 41.8, "holc": null, "access_min": 16.8, "access_km": 1.34, "score": 61.3, "rank": 111, "area_m2": 109864, "street_m": 739}, "geometry": {"type": "Polygon", "coordinates": [[[-121.97738, 37.77111], [-121.9763, 37.77279], [-121.97756, 37.77431], [-121.9799, 37.77414], [-121.98098, 37.77246], [-121.97972, 37.77094], [-121.97738, 37.77111]]]}}, {"type": "Feature", "properties": {"id": 288, "name": "The Preserve SE 6", "lst": 43.4, "green": 28.3, "pop": 198, "pct65": 10.3, "ac": 42.2, "holc": null, "access_min": 13.8, "access_km": 1.11, "score": 31.9, "rank": 375, "area_m2": 109859, "street_m": 1395}, "geometry": {"type": "Polygon", "coordinates": [[[-121.98098, 37.77246], [-121.9799, 37.77414], [-121.98115, 37.77565], [-121.98349, 37.77548], [-121.98457, 37.7738], [-121.98332, 37.77229], [-121.98098, 37.77246]]]}}, {"type": "Feature", "properties": {"id": 289, "name": "Bishop Ranch 6/City Village W 5", "lst": 45.1, "green": 13.8, "pop": 104, "pct65": 7.0, "ac": 35.7, "holc": null, "access_min": 11.1, "access_km": 0.89, "score": 49.2, "rank": 239, "area_m2": 109865, "street_m": 660}, "geometry": {"type": "Polygon", "coordinates": [[[-121.97396, 37.77296], [-121.97288, 37.77465], [-121.97414, 37.77616], [-121.97648, 37.77599], [-121.97756, 37.77431], [-121.9763, 37.77279], [-121.97396, 37.77296]]]}}, {"type": "Feature", "properties": {"id": 290, "name": "The Preserve E", "lst": 47.2, "green": 15.9, "pop": 139, "pct65": 9.1, "ac": 50.3, "holc": null, "access_min": 3.7, "access_km": 0.29, "score": 58.6, "rank": 133, "area_m2": 109845, "street_m": 1124}, "geometry": {"type": "Polygon", "coordinates": [[[-121.98492, 37.78018], [-121.98384, 37.78186], [-121.9851, 37.78337], [-121.98744, 37.7832], [-121.98852, 37.78152], [-121.98726, 37.78001], [-121.98492, 37.78018]]]}}, {"type": "Feature", "properties": {"id": 291, "name": "The Preserve NE", "lst": 47.3, "green": 10.0, "pop": 430, "pct65": 8.1, "ac": 50.3, "holc": null, "access_min": 5.4, "access_km": 0.43, "score": 80.2, "rank": 9, "area_m2": 109839, "street_m": 1241}, "geometry": {"type": "Polygon", "coordinates": [[[-121.98852, 37.78152], [-121.98744, 37.7832], [-121.98869, 37.78471], [-121.99103, 37.78454], [-121.99211, 37.78286], [-121.99086, 37.78135], [-121.98852, 37.78152]]]}}, {"type": "Feature", "properties": {"id": 292, "name": "California Chateau at Danville Ranch SE 2", "lst": 47.2, "green": 10.2, "pop": 249, "pct65": 8.5, "ac": 50.3, "holc": null, "access_min": 9.4, "access_km": 0.76, "score": 69.7, "rank": 44, "area_m2": 109846, "street_m": 344}, "geometry": {"type": "Polygon", "coordinates": [[[-121.9815, 37.78203], [-121.98042, 37.78371], [-121.98168, 37.78522], [-121.98402, 37.78505], [-121.9851, 37.78337], [-121.98384, 37.78186], [-121.9815, 37.78203]]]}}, {"type": "Feature", "properties": {"id": 294, "name": "The Preserve SE 2", "lst": 47.9, "green": 23.5, "pop": 410, "pct65": 6.4, "ac": 41.9, "holc": null, "access_min": 4.3, "access_km": 0.34, "score": 63.9, "rank": 87, "area_m2": 109849, "street_m": 1911}, "geometry": {"type": "Polygon", "coordinates": [[[-121.98475, 37.77699], [-121.98367, 37.77867], [-121.98492, 37.78018], [-121.98726, 37.78001], [-121.98834, 37.77833], [-121.98709, 37.77682], [-121.98475, 37.77699]]]}}, {"type": "Feature", "properties": {"id": 295, "name": "The Preserve SE", "lst": 48.1, "green": 15.6, "pop": 63, "pct65": 10.6, "ac": 51.6, "holc": null, "access_min": 2.2, "access_km": 0.18, "score": 59.1, "rank": 125, "area_m2": 109844, "street_m": 925}, "geometry": {"type": "Polygon", "coordinates": [[[-121.98834, 37.77833], [-121.98726, 37.78001], [-121.98852, 37.78152], [-121.99086, 37.78135], [-121.99194, 37.77967], [-121.99068, 37.77816], [-121.98834, 37.77833]]]}}, {"type": "Feature", "properties": {"id": 296, "name": "The Preserve E 2", "lst": 46.9, "green": 9.3, "pop": 428, "pct65": 7.1, "ac": 42.6, "holc": null, "access_min": 7.7, "access_km": 0.62, "score": 78.1, "rank": 13, "area_m2": 109850, "street_m": 1093}, "geometry": {"type": "Polygon", "coordinates": [[[-121.98133, 37.77884], [-121.98025, 37.78052], [-121.9815, 37.78203], [-121.98384, 37.78186], [-121.98492, 37.78018], [-121.98367, 37.77867], [-121.98133, 37.77884]]]}}, {"type": "Feature", "properties": {"id": 297, "name": "Park Central NW", "lst": 46.7, "green": 13.0, "pop": 244, "pct65": 16.6, "ac": 44.4, "holc": null, "access_min": 3.4, "access_km": 0.27, "score": 69.1, "rank": 51, "area_m2": 109868, "street_m": 995}, "geometry": {"type": "Polygon", "coordinates": [[[-121.96712, 37.77667], [-121.96604, 37.77835], [-121.9673, 37.77986], [-121.96964, 37.77969], [-121.97072, 37.77801], [-121.96946, 37.7765], [-121.96712, 37.77667]]]}}, {"type": "Feature", "properties": {"id": 298, "name": "Crow Canyon Heights SW 2", "lst": 45.4, "green": 17.8, "pop": 105, "pct65": 13.3, "ac": 40.9, "holc": null, "access_min": 8.3, "access_km": 0.66, "score": 49.6, "rank": 233, "area_m2": 109862, "street_m": 1062}, "geometry": {"type": "Polygon", "coordinates": [[[-121.97072, 37.77801], [-121.96964, 37.77969], [-121.97089, 37.7812], [-121.97323, 37.78103], [-121.97431, 37.77935], [-121.97306, 37.77784], [-121.97072, 37.77801]]]}}, {"type": "Feature", "properties": {"id": 300, "name": "Crow Canyon Heights SW", "lst": 46.0, "green": 9.0, "pop": 168, "pct65": 13.3, "ac": 40.5, "holc": null, "access_min": 9.0, "access_km": 0.72, "score": 64.3, "rank": 80, "area_m2": 109863, "street_m": 916}, "geometry": {"type": "Polygon", "coordinates": [[[-121.9673, 37.77986], [-121.96622, 37.78154], [-121.96747, 37.78305], [-121.96981, 37.78288], [-121.97089, 37.7812], [-121.96964, 37.77969], [-121.9673, 37.77986]]]}}, {"type": "Feature", "properties": {"id": 301, "name": "Bishop Ranch 6/City Village NW", "lst": 47.1, "green": 14.2, "pop": 89, "pct65": 15.0, "ac": 44.4, "holc": null, "access_min": 2.5, "access_km": 0.2, "score": 60.6, "rank": 114, "area_m2": 109872, "street_m": 347}, "geometry": {"type": "Polygon", "coordinates": [[[-121.96695, 37.77347], [-121.96587, 37.77515], [-121.96712, 37.77667], [-121.96946, 37.7765], [-121.97054, 37.77481], [-121.96929, 37.7733], [-121.96695, 37.77347]]]}}, {"type": "Feature", "properties": {"id": 302, "name": "Bishop Ranch 6/City Village NW 2", "lst": 45.7, "green": 13.0, "pop": 78, "pct65": 14.8, "ac": 44.4, "holc": null, "access_min": 5.8, "access_km": 0.47, "score": 55.3, "rank": 166, "area_m2": 109866, "street_m": 353}, "geometry": {"type": "Polygon", "coordinates": [[[-121.97054, 37.77481], [-121.96946, 37.7765], [-121.97072, 37.77801], [-121.97306, 37.77784], [-121.97414, 37.77616], [-121.97288, 37.77465], [-121.97054, 37.77481]]]}}, {"type": "Feature", "properties": {"id": 303, "name": "Park Central", "lst": 46.4, "green": 17.3, "pop": 84, "pct65": 14.9, "ac": 44.4, "holc": null, "access_min": 4.1, "access_km": 0.33, "score": 54.2, "rank": 181, "area_m2": 109873, "street_m": 209}, "geometry": {"type": "Polygon", "coordinates": [[[-121.96353, 37.77532], [-121.96245, 37.777], [-121.9637, 37.77852], [-121.96604, 37.77835], [-121.96712, 37.77667], [-121.96587, 37.77515], [-121.96353, 37.77532]]]}}, {"type": "Feature", "properties": {"id": 304, "name": "Trevari", "lst": 45.0, "green": 22.4, "pop": 289, "pct65": 16.1, "ac": 68.1, "holc": null, "access_min": 25.2, "access_km": 2.01, "score": 52.1, "rank": 202, "area_m2": 109898, "street_m": 2564}, "geometry": {"type": "Polygon", "coordinates": [[[-121.92537, 37.78609], [-121.92429, 37.78777], [-121.92555, 37.78929], [-121.92789, 37.78912], [-121.92897, 37.78744], [-121.92771, 37.78593], [-121.92537, 37.78609]]]}}, {"type": "Feature", "properties": {"id": 305, "name": "Portola SW", "lst": 49.2, "green": 19.1, "pop": 43, "pct65": 14.8, "ac": 93.9, "holc": null, "access_min": 24.0, "access_km": 1.92, "score": 61.3, "rank": 108, "area_m2": 109893, "street_m": 1027}, "geometry": {"type": "Polygon", "coordinates": [[[-121.92897, 37.78744], [-121.92789, 37.78912], [-121.92914, 37.79063], [-121.93148, 37.79046], [-121.93256, 37.78878], [-121.93131, 37.78727], [-121.92897, 37.78744]]]}}, {"type": "Feature", "properties": {"id": 306, "name": "Diablo Vista Park", "lst": 44.0, "green": 31.0, "pop": 172, "pct65": 13.7, "ac": 93.9, "holc": null, "access_min": 29.7, "access_km": 2.38, "score": 32.9, "rank": 372, "area_m2": 109900, "street_m": 824}, "geometry": {"type": "Polygon", "coordinates": [[[-121.92195, 37.78794], [-121.92087, 37.78962], [-121.92212, 37.79114], [-121.92446, 37.79097], [-121.92555, 37.78929], [-121.92429, 37.78777], [-121.92195, 37.78794]]]}}, {"type": "Feature", "properties": {"id": 307, "name": "Portola", "lst": 46.9, "green": 22.1, "pop": 368, "pct65": 16.4, "ac": 88.3, "holc": null, "access_min": 29.4, "access_km": 2.35, "score": 65.6, "rank": 72, "area_m2": 109894, "street_m": 1666}, "geometry": {"type": "Polygon", "coordinates": [[[-121.92555, 37.78929], [-121.92446, 37.79097], [-121.92572, 37.79248], [-121.92806, 37.79231], [-121.92914, 37.79063], [-121.92789, 37.78912], [-121.92555, 37.78929]]]}}, {"type": "Feature", "properties": {"id": 308, "name": "Miravilla", "lst": 45.6, "green": 21.1, "pop": 596, "pct65": 7.5, "ac": 35.4, "holc": null, "access_min": 19.8, "access_km": 1.58, "score": 63.2, "rank": 91, "area_m2": 109903, "street_m": 1694}, "geometry": {"type": "Polygon", "coordinates": [[[-121.9252, 37.7829], [-121.92412, 37.78458], [-121.92537, 37.78609], [-121.92771, 37.78593], [-121.92879, 37.78424], [-121.92754, 37.78273], [-121.9252, 37.7829]]]}}, {"type": "Feature", "properties": {"id": 309, "name": "Trevari SW", "lst": 47.8, "green": 17.6, "pop": 84, "pct65": 13.6, "ac": 53.7, "holc": null, "access_min": 21.2, "access_km": 1.7, "score": 58.7, "rank": 132, "area_m2": 109897, "street_m": 410}, "geometry": {"type": "Polygon", "coordinates": [[[-121.92879, 37.78424], [-121.92771, 37.78593], [-121.92897, 37.78744], [-121.93131, 37.78727], [-121.93239, 37.78559], [-121.93113, 37.78408], [-121.92879, 37.78424]]]}}, {"type": "Feature", "properties": {"id": 310, "name": "Alta Mira NW", "lst": 43.4, "green": 29.0, "pop": 218, "pct65": 7.5, "ac": 77.2, "holc": null, "access_min": 24.7, "access_km": 1.97, "score": 30.0, "rank": 385, "area_m2": 109904, "street_m": 1726}, "geometry": {"type": "Polygon", "coordinates": [[[-121.92178, 37.78475], [-121.92069, 37.78643], [-121.92195, 37.78794], [-121.92429, 37.78777], [-121.92537, 37.78609], [-121.92412, 37.78458], [-121.92178, 37.78475]]]}}, {"type": "Feature", "properties": {"id": 316, "name": "Alta Mira NE", "lst": 45.2, "green": 13.9, "pop": 3, "pct65": 11.6, "ac": 77.8, "holc": null, "access_min": 29.9, "access_km": 2.39, "score": 47.2, "rank": 261, "area_m2": 109905, "street_m": 0}, "geometry": {"type": "Polygon", "coordinates": [[[-121.91835, 37.7866], [-121.91727, 37.78828], [-121.91853, 37.78979], [-121.92087, 37.78962], [-121.92195, 37.78794], [-121.92069, 37.78643], [-121.91835, 37.7866]]]}}, {"type": "Feature", "properties": {"id": 318, "name": "Heritage Park", "lst": 44.7, "green": 28.2, "pop": 51, "pct65": 12.8, "ac": 93.9, "holc": null, "access_min": 34.9, "access_km": 2.79, "score": 34.2, "rank": 363, "area_m2": 109895, "street_m": 1717}, "geometry": {"type": "Polygon", "coordinates": [[[-121.92212, 37.79114], [-121.92104, 37.79282], [-121.9223, 37.79433], [-121.92464, 37.79416], [-121.92572, 37.79248], [-121.92446, 37.79097], [-121.92212, 37.79114]]]}}, {"type": "Feature", "properties": {"id": 320, "name": "Capella W", "lst": 44.7, "green": 26.0, "pop": 292, "pct65": 10.1, "ac": 82.3, "holc": null, "access_min": 10.0, "access_km": 0.8, "score": 43.1, "rank": 308, "area_m2": 109906, "street_m": 1181}, "geometry": {"type": "Polygon", "coordinates": [[[-121.92845, 37.77786], [-121.92736, 37.77954], [-121.92862, 37.78105], [-121.93096, 37.78088], [-121.93204, 37.7792], [-121.93079, 37.77769], [-121.92845, 37.77786]]]}}, {"type": "Feature", "properties": {"id": 321, "name": "Bel Air E 3", "lst": 45.6, "green": 23.9, "pop": 272, "pct65": 10.1, "ac": 76.4, "holc": null, "access_min": 12.7, "access_km": 1.02, "score": 49.3, "rank": 238, "area_m2": 109900, "street_m": 827}, "geometry": {"type": "Polygon", "coordinates": [[[-121.93204, 37.7792], [-121.93096, 37.78088], [-121.93222, 37.7824], [-121.93456, 37.78223], [-121.93564, 37.78055], [-121.93438, 37.77903], [-121.93204, 37.7792]]]}}, {"type": "Feature", "properties": {"id": 322, "name": "Capella", "lst": 49.3, "green": 11.0, "pop": 263, "pct65": 9.7, "ac": 61.8, "holc": null, "access_min": 14.7, "access_km": 1.17, "score": 80.1, "rank": 10, "area_m2": 109907, "street_m": 559}, "geometry": {"type": "Polygon", "coordinates": [[[-121.92502, 37.77971], [-121.92394, 37.78139], [-121.9252, 37.7829], [-121.92754, 37.78273], [-121.92862, 37.78105], [-121.92736, 37.77954], [-121.92502, 37.77971]]]}}, {"type": "Feature", "properties": {"id": 324, "name": "Cedar Bridge", "lst": 44.9, "green": 26.8, "pop": 385, "pct65": 10.0, "ac": 88.3, "holc": null, "access_min": 4.7, "access_km": 0.37, "score": 46.1, "rank": 279, "area_m2": 109910, "street_m": 1860}, "geometry": {"type": "Polygon", "coordinates": [[[-121.92827, 37.77467], [-121.92719, 37.77635], [-121.92845, 37.77786], [-121.93079, 37.77769], [-121.93187, 37.77601], [-121.93061, 37.7745], [-121.92827, 37.77467]]]}}, {"type": "Feature", "properties": {"id": 325, "name": "Cedar Bridge NW", "lst": 45.6, "green": 26.7, "pop": 210, "pct65": 10.3, "ac": 88.3, "holc": null, "access_min": 7.3, "access_km": 0.59, "score": 43.6, "rank": 304, "area_m2": 109905, "street_m": 464}, "geometry": {"type": "Polygon", "coordinates": [[[-121.93187, 37.77601], [-121.93079, 37.77769], [-121.93204, 37.7792], [-121.93438, 37.77903], [-121.93546, 37.77735], [-121.93421, 37.77584], [-121.93187, 37.77601]]]}}, {"type": "Feature", "properties": {"id": 326, "name": "Capella S", "lst": 46.4, "green": 19.4, "pop": 91, "pct65": 10.7, "ac": 88.3, "holc": null, "access_min": 10.1, "access_km": 0.81, "score": 50.4, "rank": 225, "area_m2": 109911, "street_m": 801}, "geometry": {"type": "Polygon", "coordinates": [[[-121.92485, 37.77652], [-121.92377, 37.7782], [-121.92502, 37.77971], [-121.92736, 37.77954], [-121.92845, 37.77786], [-121.92719, 37.77635], [-121.92485, 37.77652]]]}}, {"type": "Feature", "properties": {"id": 327, "name": "Bel Air NE", "lst": 47.5, "green": 17.0, "pop": 21, "pct65": 13.5, "ac": 88.3, "holc": null, "access_min": 14.4, "access_km": 1.15, "score": 54.9, "rank": 170, "area_m2": 109891, "street_m": 612}, "geometry": {"type": "Polygon", "coordinates": [[[-121.93581, 37.78374], [-121.93473, 37.78542], [-121.93599, 37.78693], [-121.93833, 37.78676], [-121.93941, 37.78508], [-121.93815, 37.78357], [-121.93581, 37.78374]]]}}, {"type": "Feature", "properties": {"id": 328, "name": "Canyon Crest SE", "lst": 46.6, "green": 18.2, "pop": 215, "pct65": 18.7, "ac": 88.3, "holc": null, "access_min": 9.1, "access_km": 0.73, "score": 62.8, "rank": 96, "area_m2": 109885, "street_m": 902}, "geometry": {"type": "Polygon", "coordinates": [[[-121.93941, 37.78508], [-121.93833, 37.78676], [-121.93958, 37.78827], [-121.94192, 37.7881], [-121.943, 37.78642], [-121.94175, 37.78491], [-121.93941, 37.78508]]]}}, {"type": "Feature", "properties": {"id": 329, "name": "Portola SW 2", "lst": 46.6, "green": 17.9, "pop": 8, "pct65": 12.5, "ac": 88.3, "holc": null, "access_min": 18.9, "access_km": 1.52, "score": 49.4, "rank": 235, "area_m2": 109892, "street_m": 779}, "geometry": {"type": "Polygon", "coordinates": [[[-121.93239, 37.78559], [-121.93131, 37.78727], [-121.93256, 37.78878], [-121.9349, 37.78861], [-121.93599, 37.78693], [-121.93473, 37.78542], [-121.93239, 37.78559]]]}}, {"type": "Feature", "properties": {"id": 331, "name": "Bel Air E", "lst": 44.2, "green": 24.5, "pop": 431, "pct65": 7.7, "ac": 35.6, "holc": null, "access_min": 16.6, "access_km": 1.33, "score": 45.7, "rank": 285, "area_m2": 109895, "street_m": 1878}, "geometry": {"type": "Polygon", "coordinates": [[[-121.93564, 37.78055], [-121.93456, 37.78223], [-121.93581, 37.78374], [-121.93815, 37.78357], [-121.93923, 37.78189], [-121.93798, 37.78038], [-121.93564, 37.78055]]]}}, {"type": "Feature", "properties": {"id": 332, "name": "Bel Air", "lst": 45.2, "green": 20.4, "pop": 393, "pct65": 11.5, "ac": 41.0, "holc": null, "access_min": 11.1, "access_km": 0.88, "score": 57.1, "rank": 145, "area_m2": 109890, "street_m": 2166}, "geometry": {"type": "Polygon", "coordinates": [[[-121.93923, 37.78189], [-121.93815, 37.78357], [-121.93941, 37.78508], [-121.94175, 37.78491], [-121.94283, 37.78323], [-121.94157, 37.78172], [-121.93923, 37.78189]]]}}, {"type": "Feature", "properties": {"id": 333, "name": "Bel Air E 2", "lst": 46.0, "green": 15.2, "pop": 24, "pct65": 10.8, "ac": 35.4, "holc": null, "access_min": 18.3, "access_km": 1.46, "score": 49.7, "rank": 230, "area_m2": 109896, "street_m": 0}, "geometry": {"type": "Polygon", "coordinates": [[[-121.93222, 37.7824], [-121.93113, 37.78408], [-121.93239, 37.78559], [-121.93473, 37.78542], [-121.93581, 37.78374], [-121.93456, 37.78223], [-121.93222, 37.7824]]]}}, {"type": "Feature", "properties": {"id": 334, "name": "Monarch N", "lst": 45.2, "green": 23.1, "pop": 183, "pct65": 7.7, "ac": 77.8, "holc": null, "access_min": 21.5, "access_km": 1.72, "score": 43.4, "rank": 307, "area_m2": 109914, "street_m": 889}, "geometry": {"type": "Polygon", "coordinates": [[[-121.91801, 37.78021], [-121.91692, 37.7819], [-121.91818, 37.78341], [-121.92052, 37.78324], [-121.9216, 37.78156], [-121.92035, 37.78005], [-121.91801, 37.78021]]]}}, {"type": "Feature", "properties": {"id": 335, "name": "Alta Mira SW", "lst": 43.9, "green": 28.0, "pop": 125, "pct65": 8.4, "ac": 69.4, "holc": null, "access_min": 19.9, "access_km": 1.59, "score": 31.2, "rank": 377, "area_m2": 109908, "street_m": 1131}, "geometry": {"type": "Polygon", "coordinates": [[[-121.9216, 37.78156], [-121.92052, 37.78324], [-121.92178, 37.78475], [-121.92412, 37.78458], [-121.9252, 37.7829], [-121.92394, 37.78139], [-121.9216, 37.78156]]]}}, {"type": "Feature", "properties": {"id": 337, "name": "Alta Mira", "lst": 46.3, "green": 16.3, "pop": 218, "pct65": 7.5, "ac": 77.8, "holc": null, "access_min": 25.4, "access_km": 2.03, "score": 56.9, "rank": 147, "area_m2": 109909, "street_m": 868}, "geometry": {"type": "Polygon", "coordinates": [[[-121.91818, 37.78341], [-121.9171, 37.78509], [-121.91835, 37.7866], [-121.92069, 37.78643], [-121.92178, 37.78475], [-121.92052, 37.78324], [-121.91818, 37.78341]]]}}, {"type": "Feature", "properties": {"id": 338, "name": "Monarch", "lst": 43.6, "green": 30.0, "pop": 242, "pct65": 7.4, "ac": 78.2, "holc": null, "access_min": 18.6, "access_km": 1.49, "score": 30.1, "rank": 384, "area_m2": 109918, "street_m": 1353}, "geometry": {"type": "Polygon", "coordinates": [[[-121.91783, 37.77702], [-121.91675, 37.7787], [-121.91801, 37.78021], [-121.92035, 37.78005], [-121.92143, 37.77837], [-121.92017, 37.77685], [-121.91783, 37.77702]]]}}, {"type": "Feature", "properties": {"id": 339, "name": "Monarch W", "lst": 43.0, "green": 31.2, "pop": 108, "pct65": 8.5, "ac": 77.2, "holc": null, "access_min": 15.8, "access_km": 1.26, "score": 23.9, "rank": 399, "area_m2": 109912, "street_m": 1055}, "geometry": {"type": "Polygon", "coordinates": [[[-121.92143, 37.77837], [-121.92035, 37.78005], [-121.9216, 37.78156], [-121.92394, 37.78139], [-121.92502, 37.77971], [-121.92377, 37.7782], [-121.92143, 37.77837]]]}}, {"type": "Feature", "properties": {"id": 340, "name": "Monarch E", "lst": 47.0, "green": 15.2, "pop": 61, "pct65": 9.4, "ac": 77.2, "holc": null, "access_min": 24.0, "access_km": 1.92, "score": 54.5, "rank": 175, "area_m2": 109919, "street_m": 198}, "geometry": {"type": "Polygon", "coordinates": [[[-121.91441, 37.77887], [-121.91333, 37.78055], [-121.91459, 37.78206], [-121.91692, 37.7819], [-121.91801, 37.78021], [-121.91675, 37.7787], [-121.91441, 37.77887]]]}}, {"type": "Feature", "properties": {"id": 342, "name": "Canyon Crest NW 2", "lst": 47.1, "green": 18.1, "pop": 60, "pct65": 15.6, "ac": 88.3, "holc": null, "access_min": 9.1, "access_km": 0.73, "score": 55.4, "rank": 165, "area_m2": 109869, "street_m": 726}, "geometry": {"type": "Polygon", "coordinates": [[[-121.95019, 37.78911], [-121.94911, 37.79079], [-121.95037, 37.7923], [-121.95271, 37.79213], [-121.95379, 37.79045], [-121.95253, 37.78894], [-121.95019, 37.78911]]]}}, {"type": "Feature", "properties": {"id": 343, "name": "Country View NE", "lst": 45.3, "green": 22.8, "pop": 93, "pct65": 15.1, "ac": 44.4, "holc": null, "access_min": 10.8, "access_km": 0.86, "score": 44.9, "rank": 292, "area_m2": 109872, "street_m": 1072}, "geometry": {"type": "Polygon", "coordinates": [[[-121.95344, 37.78407], [-121.95236, 37.78575], [-121.95362, 37.78726], [-121.95595, 37.78709], [-121.95704, 37.78541], [-121.95578, 37.7839], [-121.95344, 37.78407]]]}}, {"type": "Feature", "properties": {"id": 344, "name": "Crow Canyon Country Club", "lst": 46.0, "green": 22.6, "pop": 111, "pct65": 16.6, "ac": 62.0, "holc": null, "access_min": 5.9, "access_km": 0.47, "score": 49.3, "rank": 237, "area_m2": 109873, "street_m": 1546}, "geometry": {"type": "Polygon", "coordinates": [[[-121.95002, 37.78592], [-121.94894, 37.7876], [-121.95019, 37.78911], [-121.95253, 37.78894], [-121.95362, 37.78726], [-121.95236, 37.78575], [-121.95002, 37.78592]]]}}, {"type": "Feature", "properties": {"id": 345, "name": "Canyon Crest N", "lst": 46.9, "green": 14.8, "pop": 182, "pct65": 18.4, "ac": 82.3, "holc": null, "access_min": 8.6, "access_km": 0.69, "score": 65.7, "rank": 71, "area_m2": 109876, "street_m": 472}, "geometry": {"type": "Polygon", "coordinates": [[[-121.94318, 37.78962], [-121.9421, 37.7913], [-121.94335, 37.79281], [-121.94569, 37.79264], [-121.94677, 37.79096], [-121.94552, 37.78945], [-121.94318, 37.78962]]]}}, {"type": "Feature", "properties": {"id": 348, "name": "Golden View Park", "lst": 45.1, "green": 23.9, "pop": 189, "pct65": 18.2, "ac": 69.5, "holc": null, "access_min": 4.6, "access_km": 0.37, "score": 48.3, "rank": 248, "area_m2": 109880, "street_m": 1408}, "geometry": {"type": "Polygon", "coordinates": [[[-121.943, 37.78642], [-121.94192, 37.7881], [-121.94318, 37.78962], [-121.94552, 37.78945], [-121.9466, 37.78777], [-121.94534, 37.78625], [-121.943, 37.78642]]]}}, {"type": "Feature", "properties": {"id": 349, "name": "Canyon Crest", "lst": 46.9, "green": 19.4, "pop": 300, "pct65": 19.4, "ac": 80.5, "holc": null, "access_min": 4.6, "access_km": 0.37, "score": 67.3, "rank": 66, "area_m2": 109874, "street_m": 1851}, "geometry": {"type": "Polygon", "coordinates": [[[-121.9466, 37.78777], [-121.94552, 37.78945], [-121.94677, 37.79096], [-121.94911, 37.79079], [-121.95019, 37.78911], [-121.94894, 37.7876], [-121.9466, 37.78777]]]}}, {"type": "Feature", "properties": {"id": 350, "name": "Canyon Crest NE", "lst": 47.3, "green": 11.9, "pop": 20, "pct65": 13.5, "ac": 88.3, "holc": null, "access_min": 10.4, "access_km": 0.83, "score": 59.0, "rank": 128, "area_m2": 109881, "street_m": 34}, "geometry": {"type": "Polygon", "coordinates": [[[-121.93958, 37.78827], [-121.9385, 37.78995], [-121.93976, 37.79147], [-121.9421, 37.7913], [-121.94318, 37.78962], [-121.94192, 37.7881], [-121.93958, 37.78827]]]}}, {"type": "Feature", "properties": {"id": 351, "name": "Canyon Lakes SW", "lst": 47.4, "green": 18.6, "pop": 344, "pct65": 12.5, "ac": 56.9, "holc": null, "access_min": 8.7, "access_km": 0.7, "score": 68.4, "rank": 58, "area_m2": 109921, "street_m": 1930}, "geometry": {"type": "Polygon", "coordinates": [[[-121.9481, 37.75079], [-121.94702, 37.75248], [-121.94828, 37.75399], [-121.95061, 37.75382], [-121.9517, 37.75214], [-121.95044, 37.75063], [-121.9481, 37.75079]]]}}, {"type": "Feature", "properties": {"id": 352, "name": "Foothill Gardens E 5", "lst": 45.3, "green": 23.0, "pop": 223, "pct65": 19.3, "ac": 54.4, "holc": null, "access_min": 13.5, "access_km": 1.08, "score": 52.5, "rank": 196, "area_m2": 109915, "street_m": 1452}, "geometry": {"type": "Polygon", "coordinates": [[[-121.9517, 37.75214], [-121.95061, 37.75382], [-121.95187, 37.75533], [-121.95421, 37.75516], [-121.95529, 37.75348], [-121.95403, 37.75197], [-121.9517, 37.75214]]]}}, {"type": "Feature", "properties": {"id": 353, "name": "Canyon Lakes S 5", "lst": 46.5, "green": 19.6, "pop": 321, "pct65": 12.5, "ac": 69.7, "holc": null, "access_min": 11.0, "access_km": 0.88, "score": 62.0, "rank": 103, "area_m2": 109922, "street_m": 1332}, "geometry": {"type": "Polygon", "coordinates": [[[-121.94468, 37.75264], [-121.9436, 37.75433], [-121.94486, 37.75584], [-121.94719, 37.75567], [-121.94828, 37.75399], [-121.94702, 37.75248], [-121.94468, 37.75264]]]}}, {"type": "Feature", "properties": {"id": 354, "name": "Canyon Woods SW 2", "lst": 47.0, "green": 19.6, "pop": 463, "pct65": 7.6, "ac": 46.8, "holc": null, "access_min": 14.0, "access_km": 1.12, "score": 67.5, "rank": 64, "area_m2": 109916, "street_m": 1028}, "geometry": {"type": "Polygon", "coordinates": [[[-121.94828, 37.75399], [-121.94719, 37.75567], [-121.94845, 37.75718], [-121.95079, 37.75701], [-121.95187, 37.75533], [-121.95061, 37.75382], [-121.94828, 37.75399]]]}}, {"type": "Feature", "properties": {"id": 355, "name": "Canyon Lakes S 10", "lst": 47.8, "green": 19.6, "pop": 376, "pct65": 11.5, "ac": 52.6, "holc": null, "access_min": 4.1, "access_km": 0.33, "score": 70.3, "rank": 39, "area_m2": 109925, "street_m": 1467}, "geometry": {"type": "Polygon", "coordinates": [[[-121.94793, 37.7476], [-121.94685, 37.74928], [-121.9481, 37.75079], [-121.95044, 37.75063], [-121.95152, 37.74894], [-121.95027, 37.74743], [-121.94793, 37.7476]]]}}, {"type": "Feature", "properties": {"id": 356, "name": "Foothill Gardens SE 7", "lst": 47.5, "green": 21.1, "pop": 400, "pct65": 13.0, "ac": 53.3, "holc": null, "access_min": 9.6, "access_km": 0.77, "score": 68.9, "rank": 53, "area_m2": 109919, "street_m": 1439}, "geometry": {"type": "Polygon", "coordinates": [[[-121.95152, 37.74894], [-121.95044, 37.75063], [-121.9517, 37.75214], [-121.95403, 37.75197], [-121.95512, 37.75029], [-121.95386, 37.74878], [-121.95152, 37.74894]]]}}, {"type": "Feature", "properties": {"id": 357, "name": "Canyon Lakes S 8", "lst": 47.7, "green": 20.4, "pop": 270, "pct65": 11.9, "ac": 58.9, "holc": null, "access_min": 5.5, "access_km": 0.44, "score": 63.6, "rank": 89, "area_m2": 109926, "street_m": 986}, "geometry": {"type": "Polygon", "coordinates": [[[-121.94451, 37.74945], [-121.94343, 37.75113], [-121.94468, 37.75264], [-121.94702, 37.75248], [-121.9481, 37.75079], [-121.94685, 37.74928], [-121.94451, 37.74945]]]}}, {"type": "Feature", "properties": {"id": 358, "name": "Foothill Gardens E 3", "lst": 41.9, "green": 28.3, "pop": 9, "pct65": 11.9, "ac": 74.4, "holc": null, "access_min": 9.3, "access_km": 0.75, "score": 22.0, "rank": 402, "area_m2": 109905, "street_m": 80}, "geometry": {"type": "Polygon", "coordinates": [[[-121.95546, 37.75667], [-121.95438, 37.75836], [-121.95564, 37.75987], [-121.95798, 37.7597], [-121.95906, 37.75802], [-121.9578, 37.7565], [-121.95546, 37.75667]]]}}, {"type": "Feature", "properties": {"id": 359, "name": "Foothill Gardens NE 2", "lst": 42.2, "green": 30.6, "pop": 39, "pct65": 12.1, "ac": 74.2, "holc": null, "access_min": 10.9, "access_km": 0.87, "score": 21.7, "rank": 403, "area_m2": 109900, "street_m": 50}, "geometry": {"type": "Polygon", "coordinates": [[[-121.95906, 37.75802], [-121.95798, 37.7597], [-121.95923, 37.76121], [-121.96157, 37.76104], [-121.96265, 37.75936], [-121.9614, 37.75785], [-121.95906, 37.75802]]]}}, {"type": "Feature", "properties": {"id": 360, "name": "San Ramon S", "lst": 44.9, "green": 21.7, "pop": 79, "pct65": 8.8, "ac": 39.5, "holc": null, "access_min": 5.2, "access_km": 0.41, "score": 40.5, "rank": 326, "area_m2": 109906, "street_m": 694}, "geometry": {"type": "Polygon", "coordinates": [[[-121.95204, 37.75852], [-121.95096, 37.76021], [-121.95222, 37.76172], [-121.95456, 37.76155], [-121.95564, 37.75987], [-121.95438, 37.75836], [-121.95204, 37.75852]]]}}, {"type": "Feature", "properties": {"id": 362, "name": "Foothill Gardens E 4", "lst": 43.9, "green": 29.9, "pop": 217, "pct65": 17.9, "ac": 57.2, "holc": null, "access_min": 14.5, "access_km": 1.16, "score": 37.4, "rank": 343, "area_m2": 109910, "street_m": 1389}, "geometry": {"type": "Polygon", "coordinates": [[[-121.95529, 37.75348], [-121.95421, 37.75516], [-121.95546, 37.75667], [-121.9578, 37.7565], [-121.95888, 37.75482], [-121.95763, 37.75331], [-121.95529, 37.75348]]]}}, {"type": "Feature", "properties": {"id": 363, "name": "Foothill Gardens E 2", "lst": 41.4, "green": 33.8, "pop": 36, "pct65": 12.3, "ac": 70.1, "holc": null, "access_min": 14.7, "access_km": 1.17, "score": 15.4, "rank": 414, "area_m2": 109904, "street_m": 158}, "geometry": {"type": "Polygon", "coordinates": [[[-121.95888, 37.75482], [-121.9578, 37.7565], [-121.95906, 37.75802], [-121.9614, 37.75785], [-121.96248, 37.75617], [-121.96122, 37.75465], [-121.95888, 37.75482]]]}}, {"type": "Feature", "properties": {"id": 364, "name": "Canyon Woods SW 3", "lst": 45.2, "green": 25.6, "pop": 223, "pct65": 14.3, "ac": 67.5, "holc": null, "access_min": 10.8, "access_km": 0.86, "score": 45.9, "rank": 281, "area_m2": 109911, "street_m": 1452}, "geometry": {"type": "Polygon", "coordinates": [[[-121.95187, 37.75533], [-121.95079, 37.75701], [-121.95204, 37.75852], [-121.95438, 37.75836], [-121.95546, 37.75667], [-121.95421, 37.75516], [-121.95187, 37.75533]]]}}, {"type": "Feature", "properties": {"id": 365, "name": "Canyon Lakes S 4", "lst": 45.3, "green": 21.4, "pop": 244, "pct65": 11.5, "ac": 73.8, "holc": null, "access_min": 16.0, "access_km": 1.28, "score": 50.1, "rank": 227, "area_m2": 109928, "street_m": 1968}, "geometry": {"type": "Polygon", "coordinates": [[[-121.93767, 37.75315], [-121.93658, 37.75483], [-121.93784, 37.75634], [-121.94018, 37.75618], [-121.94126, 37.75449], [-121.94, 37.75298], [-121.93767, 37.75315]]]}}, {"type": "Feature", "properties": {"id": 366, "name": "Canyon Lakes S 3", "lst": 45.6, "green": 20.3, "pop": 368, "pct65": 12.7, "ac": 74.2, "holc": null, "access_min": 15.3, "access_km": 1.23, "score": 58.9, "rank": 131, "area_m2": 109923, "street_m": 1535}, "geometry": {"type": "Polygon", "coordinates": [[[-121.94126, 37.75449], [-121.94018, 37.75618], [-121.94144, 37.75769], [-121.94377, 37.75752], [-121.94486, 37.75584], [-121.9436, 37.75433], [-121.94126, 37.75449]]]}}, {"type": "Feature", "properties": {"id": 367, "name": "Canyon Lakes SE 3", "lst": 45.2, "green": 20.4, "pop": 134, "pct65": 10.7, "ac": 71.7, "holc": null, "access_min": 21.6, "access_km": 1.73, "score": 46.0, "rank": 280, "area_m2": 109929, "street_m": 688}, "geometry": {"type": "Polygon", "coordinates": [[[-121.93425, 37.755], [-121.93316, 37.75668], [-121.93442, 37.75819], [-121.93676, 37.75803], [-121.93784, 37.75634], [-121.93658, 37.75483], [-121.93425, 37.755]]]}}, {"type": "Feature", "properties": {"id": 368, "name": "Canyon Lakes S 2", "lst": 44.0, "green": 26.4, "pop": 203, "pct65": 10.6, "ac": 73.4, "holc": null, "access_min": 20.4, "access_km": 1.63, "score": 36.8, "rank": 349, "area_m2": 109924, "street_m": 1718}, "geometry": {"type": "Polygon", "coordinates": [[[-121.93784, 37.75634], [-121.93676, 37.75803], [-121.93801, 37.75954], [-121.94035, 37.75937], [-121.94144, 37.75769], [-121.94018, 37.75618], [-121.93784, 37.75634]]]}}, {"type": "Feature", "properties": {"id": 369, "name": "Canyon Lakes S 7", "lst": 47.2, "green": 17.7, "pop": 417, "pct65": 11.8, "ac": 64.0, "holc": null, "access_min": 12.6, "access_km": 1.0, "score": 71.6, "rank": 31, "area_m2": 109933, "street_m": 2218}, "geometry": {"type": "Polygon", "coordinates": [[[-121.93749, 37.74996], [-121.93641, 37.75164], [-121.93767, 37.75315], [-121.94, 37.75298], [-121.94109, 37.7513], [-121.93983, 37.74979], [-121.93749, 37.74996]]]}}, {"type": "Feature", "properties": {"id": 370, "name": "Canyon Lakes S 6", "lst": 46.4, "green": 21.4, "pop": 392, "pct65": 12.3, "ac": 68.4, "holc": null, "access_min": 10.4, "access_km": 0.83, "score": 62.1, "rank": 102, "area_m2": 109927, "street_m": 1389}, "geometry": {"type": "Polygon", "coordinates": [[[-121.94109, 37.7513], [-121.94, 37.75298], [-121.94126, 37.75449], [-121.9436, 37.75433], [-121.94468, 37.75264], [-121.94343, 37.75113], [-121.94109, 37.7513]]]}}, {"type": "Feature", "properties": {"id": 371, "name": "Canyon Lakes SE 4", "lst": 44.7, "green": 28.8, "pop": 182, "pct65": 10.6, "ac": 71.7, "holc": null, "access_min": 18.3, "access_km": 1.47, "score": 36.6, "rank": 350, "area_m2": 109934, "street_m": 1172}, "geometry": {"type": "Polygon", "coordinates": [[[-121.93407, 37.75181], [-121.93299, 37.75349], [-121.93425, 37.755], [-121.93658, 37.75483], [-121.93767, 37.75315], [-121.93641, 37.75164], [-121.93407, 37.75181]]]}}, {"type": "Feature", "properties": {"id": 372, "name": "Canyon Woods", "lst": 44.6, "green": 27.0, "pop": 623, "pct65": 5.1, "ac": 36.2, "holc": null, "access_min": 11.4, "access_km": 0.91, "score": 48.4, "rank": 247, "area_m2": 109913, "street_m": 2126}, "geometry": {"type": "Polygon", "coordinates": [[[-121.94503, 37.75903], [-121.94395, 37.76071], [-121.9452, 37.76222], [-121.94754, 37.76206], [-121.94862, 37.76037], [-121.94737, 37.75886], [-121.94503, 37.75903]]]}}, {"type": "Feature", "properties": {"id": 373, "name": "Canyon Woods Apartments S", "lst": 46.1, "green": 19.2, "pop": 607, "pct65": 4.0, "ac": 35.1, "holc": null, "access_min": 5.8, "access_km": 0.47, "score": 66.6, "rank": 68, "area_m2": 109908, "street_m": 1690}, "geometry": {"type": "Polygon", "coordinates": [[[-121.94862, 37.76037], [-121.94754, 37.76206], [-121.9488, 37.76357], [-121.95114, 37.7634], [-121.95222, 37.76172], [-121.95096, 37.76021], [-121.94862, 37.76037]]]}}, {"type": "Feature", "properties": {"id": 374, "name": "Canyon Lakes", "lst": 43.7, "green": 26.8, "pop": 179, "pct65": 29.9, "ac": 40.0, "holc": null, "access_min": 15.0, "access_km": 1.2, "score": 45.8, "rank": 284, "area_m2": 109914, "street_m": 1096}, "geometry": {"type": "Polygon", "coordinates": [[[-121.94161, 37.76088], [-121.94053, 37.76256], [-121.94178, 37.76407], [-121.94412, 37.76391], [-121.9452, 37.76222], [-121.94395, 37.76071], [-121.94161, 37.76088]]]}}, {"type": "Feature", "properties": {"id": 375, "name": "Canyon Woods NW", "lst": 43.7, "green": 27.6, "pop": 46, "pct65": 15.8, "ac": 37.0, "holc": null, "access_min": 9.6, "access_km": 0.77, "score": 32.3, "rank": 374, "area_m2": 109909, "street_m": 1058}, "geometry": {"type": "Polygon", "coordinates": [[[-121.9452, 37.76222], [-121.94412, 37.76391], [-121.94538, 37.76542], [-121.94772, 37.76525], [-121.9488, 37.76357], [-121.94754, 37.76206], [-121.9452, 37.76222]]]}}, {"type": "Feature", "properties": {"id": 376, "name": "Canyon Woods S", "lst": 45.5, "green": 26.9, "pop": 469, "pct65": 8.8, "ac": 52.8, "holc": null, "access_min": 14.6, "access_km": 1.17, "score": 51.2, "rank": 214, "area_m2": 109917, "street_m": 1504}, "geometry": {"type": "Polygon", "coordinates": [[[-121.94486, 37.75584], [-121.94377, 37.75752], [-121.94503, 37.75903], [-121.94737, 37.75886], [-121.94845, 37.75718], [-121.94719, 37.75567], [-121.94486, 37.75584]]]}}, {"type": "Feature", "properties": {"id": 377, "name": "Canyon Woods SW", "lst": 47.3, "green": 20.0, "pop": 716, "pct65": 5.7, "ac": 41.6, "holc": null, "access_min": 9.5, "access_km": 0.76, "score": 78.5, "rank": 12, "area_m2": 109912, "street_m": 1985}, "geometry": {"type": "Polygon", "coordinates": [[[-121.94845, 37.75718], [-121.94737, 37.75886], [-121.94862, 37.76037], [-121.95096, 37.76021], [-121.95204, 37.75852], [-121.95079, 37.75701], [-121.94845, 37.75718]]]}}, {"type": "Feature", "properties": {"id": 378, "name": "Canyon Lakes S", "lst": 43.2, "green": 30.3, "pop": 326, "pct65": 11.8, "ac": 42.3, "holc": null, "access_min": 16.9, "access_km": 1.35, "score": 33.3, "rank": 367, "area_m2": 109918, "street_m": 1620}, "geometry": {"type": "Polygon", "coordinates": [[[-121.94144, 37.75769], [-121.94035, 37.75937], [-121.94161, 37.76088], [-121.94395, 37.76071], [-121.94503, 37.75903], [-121.94377, 37.75752], [-121.94144, 37.75769]]]}}, {"type": "Feature", "properties": {"id": 379, "name": "Foothill Gardens SE 12", "lst": 47.2, "green": 19.8, "pop": 394, "pct65": 13.1, "ac": 52.1, "holc": null, "access_min": 10.0, "access_km": 0.8, "score": 69.0, "rank": 52, "area_m2": 109928, "street_m": 1399}, "geometry": {"type": "Polygon", "coordinates": [[[-121.95117, 37.74256], [-121.95009, 37.74424], [-121.95135, 37.74575], [-121.95368, 37.74558], [-121.95477, 37.7439], [-121.95351, 37.74239], [-121.95117, 37.74256]]]}}, {"type": "Feature", "properties": {"id": 380, "name": "Foothill Gardens SE 8", "lst": 45.7, "green": 18.9, "pop": 194, "pct65": 17.2, "ac": 56.7, "holc": null, "access_min": 13.4, "access_km": 1.07, "score": 56.1, "rank": 157, "area_m2": 109923, "street_m": 1761}, "geometry": {"type": "Polygon", "coordinates": [[[-121.95477, 37.7439], [-121.95368, 37.74558], [-121.95494, 37.74709], [-121.95728, 37.74693], [-121.95836, 37.74524], [-121.9571, 37.74373], [-121.95477, 37.7439]]]}}, {"type": "Feature", "properties": {"id": 381, "name": "Canyon Lakes S 12", "lst": 47.3, "green": 20.0, "pop": 433, "pct65": 11.3, "ac": 51.8, "holc": null, "access_min": 4.3, "access_km": 0.34, "score": 69.5, "rank": 46, "area_m2": 109929, "street_m": 1527}, "geometry": {"type": "Polygon", "coordinates": [[[-121.94775, 37.74441], [-121.94667, 37.74609], [-121.94793, 37.7476], [-121.95027, 37.74743], [-121.95135, 37.74575], [-121.95009, 37.74424], [-121.94775, 37.74441]]]}}, {"type": "Feature", "properties": {"id": 382, "name": "Foothill Gardens SE 10", "lst": 47.2, "green": 20.6, "pop": 462, "pct65": 11.3, "ac": 51.8, "holc": null, "access_min": 8.0, "access_km": 0.64, "score": 69.8, "rank": 42, "area_m2": 109924, "street_m": 1460}, "geometry": {"type": "Polygon", "coordinates": [[[-121.95135, 37.74575], [-121.95027, 37.74743], [-121.95152, 37.74894], [-121.95386, 37.74878], [-121.95494, 37.74709], [-121.95368, 37.74558], [-121.95135, 37.74575]]]}}, {"type": "Feature", "properties": {"id": 383, "name": "The Gardens NW 11", "lst": 46.0, "green": 19.1, "pop": 182, "pct65": 17.1, "ac": 54.3, "holc": null, "access_min": 14.2, "access_km": 1.13, "score": 56.4, "rank": 154, "area_m2": 109932, "street_m": 1984}, "geometry": {"type": "Polygon", "coordinates": [[[-121.951, 37.73936], [-121.94992, 37.74105], [-121.95117, 37.74256], [-121.95351, 37.74239], [-121.95459, 37.74071], [-121.95334, 37.73919], [-121.951, 37.73936]]]}}, {"type": "Feature", "properties": {"id": 384, "name": "Foothill Gardens SE 11", "lst": 45.2, "green": 19.0, "pop": 181, "pct65": 17.1, "ac": 65.6, "holc": null, "access_min": 15.8, "access_km": 1.27, "score": 53.0, "rank": 187, "area_m2": 109927, "street_m": 1624}, "geometry": {"type": "Polygon", "coordinates": [[[-121.95459, 37.74071], [-121.95351, 37.74239], [-121.95477, 37.7439], [-121.9571, 37.74373], [-121.95819, 37.74205], [-121.95693, 37.74054], [-121.95459, 37.74071]]]}}, {"type": "Feature", "properties": {"id": 385, "name": "Old Ranch Summit W 12", "lst": 47.3, "green": 24.6, "pop": 296, "pct65": 12.7, "ac": 52.0, "holc": null, "access_min": 9.2, "access_km": 0.73, "score": 58.9, "rank": 130, "area_m2": 109934, "street_m": 1221}, "geometry": {"type": "Polygon", "coordinates": [[[-121.94758, 37.74121], [-121.9465, 37.7429], [-121.94775, 37.74441], [-121.95009, 37.74424], [-121.95117, 37.74256], [-121.94992, 37.74105], [-121.94758, 37.74121]]]}}, {"type": "Feature", "properties": {"id": 386, "name": "Foothill Gardens SE 4", "lst": 44.0, "green": 24.7, "pop": 75, "pct65": 12.8, "ac": 61.5, "holc": null, "access_min": 18.5, "access_km": 1.48, "score": 36.0, "rank": 354, "area_m2": 109913, "street_m": 1022}, "geometry": {"type": "Polygon", "coordinates": [[[-121.95854, 37.74844], [-121.95745, 37.75012], [-121.95871, 37.75163], [-121.96105, 37.75146], [-121.96213, 37.74978], [-121.96087, 37.74827], [-121.95854, 37.74844]]]}}, {"type": "Feature", "properties": {"id": 387, "name": "Foothill Gardens SE 2", "lst": 47.4, "green": 21.3, "pop": 326, "pct65": 20.6, "ac": 80.8, "holc": null, "access_min": 24.0, "access_km": 1.92, "score": 69.6, "rank": 45, "area_m2": 109907, "street_m": 1238}, "geometry": {"type": "Polygon", "coordinates": [[[-121.96213, 37.74978], [-121.96105, 37.75146], [-121.9623, 37.75297], [-121.96464, 37.7528], [-121.96572, 37.75112], [-121.96447, 37.74961], [-121.96213, 37.74978]]]}}, {"type": "Feature", "properties": {"id": 388, "name": "Foothill Gardens SE 5", "lst": 43.8, "green": 29.4, "pop": 214, "pct65": 15.7, "ac": 62.6, "holc": null, "access_min": 15.2, "access_km": 1.21, "score": 36.2, "rank": 352, "area_m2": 109914, "street_m": 981}, "geometry": {"type": "Polygon", "coordinates": [[[-121.95512, 37.75029], [-121.95403, 37.75197], [-121.95529, 37.75348], [-121.95763, 37.75331], [-121.95871, 37.75163], [-121.95745, 37.75012], [-121.95512, 37.75029]]]}}, {"type": "Feature", "properties": {"id": 389, "name": "Foothill Gardens SE 3", "lst": 44.2, "green": 21.2, "pop": 181, "pct65": 16.7, "ac": 63.4, "holc": null, "access_min": 19.3, "access_km": 1.55, "score": 46.1, "rank": 276, "area_m2": 109908, "street_m": 1426}, "geometry": {"type": "Polygon", "coordinates": [[[-121.95871, 37.75163], [-121.95763, 37.75331], [-121.95888, 37.75482], [-121.96122, 37.75465], [-121.9623, 37.75297], [-121.96105, 37.75146], [-121.95871, 37.75163]]]}}, {"type": "Feature", "properties": {"id": 390, "name": "Foothill Gardens SE 6", "lst": 45.5, "green": 25.2, "pop": 191, "pct65": 14.8, "ac": 59.3, "holc": null, "access_min": 17.9, "access_km": 1.43, "score": 47.1, "rank": 265, "area_m2": 109917, "street_m": 1705}, "geometry": {"type": "Polygon", "coordinates": [[[-121.95836, 37.74524], [-121.95728, 37.74693], [-121.95854, 37.74844], [-121.96087, 37.74827], [-121.96195, 37.74659], [-121.9607, 37.74507], [-121.95836, 37.74524]]]}}, {"type": "Feature", "properties": {"id": 391, "name": "Foothill Gardens S 3", "lst": 44.4, "green": 21.4, "pop": 34, "pct65": 12.5, "ac": 57.8, "holc": null, "access_min": 22.9, "access_km": 1.83, "score": 39.0, "rank": 332, "area_m2": 109912, "street_m": 333}, "geometry": {"type": "Polygon", "coordinates": [[[-121.96195, 37.74659], [-121.96087, 37.74827], [-121.96213, 37.74978], [-121.96447, 37.74961], [-121.96555, 37.74793], [-121.96429, 37.74642], [-121.96195, 37.74659]]]}}, {"type": "Feature", "properties": {"id": 392, "name": "Athan Downs", "lst": 43.4, "green": 30.0, "pop": 153, "pct65": 12.8, "ac": 52.3, "holc": null, "access_min": 13.2, "access_km": 1.05, "score": 30.4, "rank": 381, "area_m2": 109918, "street_m": 825}, "geometry": {"type": "Polygon", "coordinates": [[[-121.95494, 37.74709], [-121.95386, 37.74878], [-121.95512, 37.75029], [-121.95745, 37.75012], [-121.95854, 37.74844], [-121.95728, 37.74693], [-121.95494, 37.74709]]]}}, {"type": "Feature", "properties": {"id": 393, "name": "Old Ranch Summit W 9", "lst": 47.0, "green": 14.9, "pop": 235, "pct65": 11.8, "ac": 60.0, "holc": null, "access_min": 6.9, "access_km": 0.55, "score": 64.9, "rank": 74, "area_m2": 109936, "street_m": 893}, "geometry": {"type": "Polygon", "coordinates": [[[-121.94074, 37.74491], [-121.93966, 37.7466], [-121.94091, 37.74811], [-121.94325, 37.74794], [-121.94433, 37.74626], [-121.94308, 37.74475], [-121.94074, 37.74491]]]}}, {"type": "Feature", "properties": {"id": 394, "name": "Canyon Lakes S 11", "lst": 47.2, "green": 16.4, "pop": 18, "pct65": 11.8, "ac": 54.9, "holc": null, "access_min": 1.3, "access_km": 0.11, "score": 53.5, "rank": 186, "area_m2": 109930, "street_m": 80}, "geometry": {"type": "Polygon", "coordinates": [[[-121.94433, 37.74626], [-121.94325, 37.74794], [-121.94451, 37.74945], [-121.94685, 37.74928], [-121.94793, 37.7476], [-121.94667, 37.74609], [-121.94433, 37.74626]]]}}, {"type": "Feature", "properties": {"id": 395, "name": "Old Ranch Summit NW 7", "lst": 47.3, "green": 17.7, "pop": 395, "pct65": 11.8, "ac": 64.0, "holc": null, "access_min": 11.1, "access_km": 0.89, "score": 71.3, "rank": 33, "area_m2": 109937, "street_m": 1608}, "geometry": {"type": "Polygon", "coordinates": [[[-121.93732, 37.74676], [-121.93624, 37.74845], [-121.93749, 37.74996], [-121.93983, 37.74979], [-121.94091, 37.74811], [-121.93966, 37.7466], [-121.93732, 37.74676]]]}}, {"type": "Feature", "properties": {"id": 396, "name": "Canyon Lakes S 9", "lst": 47.4, "green": 17.0, "pop": 398, "pct65": 11.8, "ac": 64.0, "holc": null, "access_min": 6.8, "access_km": 0.54, "score": 72.6, "rank": 25, "area_m2": 109931, "street_m": 1557}, "geometry": {"type": "Polygon", "coordinates": [[[-121.94091, 37.74811], [-121.93983, 37.74979], [-121.94109, 37.7513], [-121.94343, 37.75113], [-121.94451, 37.74945], [-121.94325, 37.74794], [-121.94091, 37.74811]]]}}, {"type": "Feature", "properties": {"id": 397, "name": "Old Ranch Summit W 8", "lst": 48.3, "green": 16.6, "pop": 294, "pct65": 12.0, "ac": 54.9, "holc": null, "access_min": 10.6, "access_km": 0.85, "score": 72.2, "rank": 28, "area_m2": 109940, "street_m": 1361}, "geometry": {"type": "Polygon", "coordinates": [[[-121.94056, 37.74172], [-121.93948, 37.7434], [-121.94074, 37.74491], [-121.94308, 37.74475], [-121.94416, 37.74306], [-121.9429, 37.74155], [-121.94056, 37.74172]]]}}, {"type": "Feature", "properties": {"id": 398, "name": "Old Ranch Summit W 11", "lst": 47.6, "green": 16.6, "pop": 315, "pct65": 12.4, "ac": 53.8, "holc": null, "access_min": 5.9, "access_km": 0.47, "score": 70.4, "rank": 38, "area_m2": 109935, "street_m": 1376}, "geometry": {"type": "Polygon", "coordinates": [[[-121.94416, 37.74306], [-121.94308, 37.74475], [-121.94433, 37.74626], [-121.94667, 37.74609], [-121.94775, 37.74441], [-121.9465, 37.7429], [-121.94416, 37.74306]]]}}, {"type": "Feature", "properties": {"id": 399, "name": "Old Ranch Summit W 6", "lst": 48.2, "green": 12.7, "pop": 236, "pct65": 11.8, "ac": 64.0, "holc": null, "access_min": 12.4, "access_km": 0.99, "score": 73.0, "rank": 23, "area_m2": 109941, "street_m": 1028}, "geometry": {"type": "Polygon", "coordinates": [[[-121.93714, 37.74357], [-121.93606, 37.74525], [-121.93732, 37.74676], [-121.93966, 37.7466], [-121.94074, 37.74491], [-121.93948, 37.7434], [-121.93714, 37.74357]]]}}, {"type": "Feature", "properties": {"id": 400, "name": "Foothill Gardens NW 3", "lst": 46.0, "green": 28.3, "pop": 192, "pct65": 15.5, "ac": 63.5, "holc": null, "access_min": 27.6, "access_km": 2.21, "score": 46.3, "rank": 273, "area_m2": 109882, "street_m": 869}, "geometry": {"type": "Polygon", "coordinates": [[[-121.97326, 37.76019], [-121.97218, 37.76187], [-121.97344, 37.76339], [-121.97578, 37.76322], [-121.97686, 37.76154], [-121.9756, 37.76002], [-121.97326, 37.76019]]]}}, {"type": "Feature", "properties": {"id": 401, "name": "Foothill Gardens NW 5", "lst": 46.2, "green": 21.1, "pop": 315, "pct65": 16.1, "ac": 67.2, "holc": null, "access_min": 27.7, "access_km": 2.22, "score": 60.6, "rank": 115, "area_m2": 109877, "street_m": 1425}, "geometry": {"type": "Polygon", "coordinates": [[[-121.97686, 37.76154], [-121.97578, 37.76322], [-121.97703, 37.76473], [-121.97937, 37.76456], [-121.98045, 37.76288], [-121.97919, 37.76137], [-121.97686, 37.76154]]]}}, {"type": "Feature", "properties": {"id": 402, "name": "Foothill Gardens NW 2", "lst": 47.9, "green": 19.1, "pop": 367, "pct65": 16.6, "ac": 58.6, "holc": null, "access_min": 23.1, "access_km": 1.85, "score": 74.1, "rank": 19, "area_m2": 109884, "street_m": 1430}, "geometry": {"type": "Polygon", "coordinates": [[[-121.96984, 37.76204], [-121.96876, 37.76373], [-121.97002, 37.76524], [-121.97236, 37.76507], [-121.97344, 37.76339], [-121.97218, 37.76187], [-121.96984, 37.76204]]]}}, {"type": "Feature", "properties": {"id": 403, "name": "Foothill Gardens NW 4", "lst": 46.5, "green": 25.1, "pop": 296, "pct65": 16.2, "ac": 61.2, "holc": null, "access_min": 22.5, "access_km": 1.8, "score": 56.5, "rank": 151, "area_m2": 109878, "street_m": 1321}, "geometry": {"type": "Polygon", "coordinates": [[[-121.97344, 37.76339], [-121.97236, 37.76507], [-121.97361, 37.76658], [-121.97595, 37.76641], [-121.97703, 37.76473], [-121.97578, 37.76322], [-121.97344, 37.76339]]]}}, {"type": "Feature", "properties": {"id": 404, "name": "Foothill Gardens W 3", "lst": 45.0, "green": 24.5, "pop": 214, "pct65": 18.8, "ac": 75.0, "holc": null, "access_min": 29.8, "access_km": 2.39, "score": 48.7, "rank": 243, "area_m2": 109887, "street_m": 1347}, "geometry": {"type": "Polygon", "coordinates": [[[-121.97309, 37.757], [-121.97201, 37.75868], [-121.97326, 37.76019], [-121.9756, 37.76002], [-121.97668, 37.75834], [-121.97543, 37.75683], [-121.97309, 37.757]]]}}, {"type": "Feature", "properties": {"id": 405, "name": "Foothill Gardens W 5", "lst": 44.9, "green": 26.5, "pop": 256, "pct65": 17.6, "ac": 68.8, "holc": null, "access_min": 32.5, "access_km": 2.6, "score": 47.0, "rank": 266, "area_m2": 109881, "street_m": 1838}, "geometry": {"type": "Polygon", "coordinates": [[[-121.97668, 37.75834], [-121.9756, 37.76002], [-121.97686, 37.76154], [-121.97919, 37.76137], [-121.98028, 37.75968], [-121.97902, 37.75817], [-121.97668, 37.75834]]]}}, {"type": "Feature", "properties": {"id": 406, "name": "Foothill Gardens NW", "lst": 45.5, "green": 30.4, "pop": 95, "pct65": 14.8, "ac": 59.0, "holc": null, "access_min": 24.4, "access_km": 1.95, "score": 38.0, "rank": 335, "area_m2": 109888, "street_m": 1259}, "geometry": {"type": "Polygon", "coordinates": [[[-121.96967, 37.75885], [-121.96859, 37.76053], [-121.96984, 37.76204], [-121.97218, 37.76187], [-121.97326, 37.76019], [-121.97201, 37.75868], [-121.96967, 37.75885]]]}}, {"type": "Feature", "properties": {"id": 407, "name": "Bishop Ranch 6/City Village W 8", "lst": 44.2, "green": 28.1, "pop": 243, "pct65": 11.7, "ac": 47.8, "holc": null, "access_min": 24.0, "access_km": 1.92, "score": 37.7, "rank": 342, "area_m2": 109867, "street_m": 1357}, "geometry": {"type": "Polygon", "coordinates": [[[-121.98063, 37.76607], [-121.97955, 37.76775], [-121.9808, 37.76926], [-121.98314, 37.76909], [-121.98422, 37.76741], [-121.98296, 37.7659], [-121.98063, 37.76607]]]}}, {"type": "Feature", "properties": {"id": 408, "name": "The Preserve S 9", "lst": 45.6, "green": 24.5, "pop": 246, "pct65": 11.6, "ac": 47.5, "holc": null, "access_min": 20.4, "access_km": 1.63, "score": 48.2, "rank": 251, "area_m2": 109862, "street_m": 948}, "geometry": {"type": "Polygon", "coordinates": [[[-121.98422, 37.76741], [-121.98314, 37.76909], [-121.9844, 37.7706], [-121.98673, 37.77043], [-121.98782, 37.76875], [-121.98656, 37.76724], [-121.98422, 37.76741]]]}}, {"type": "Feature", "properties": {"id": 409, "name": "Bishop Ranch 6/City Village W 7", "lst": 46.6, "green": 21.9, "pop": 332, "pct65": 12.6, "ac": 51.4, "holc": null, "access_min": 19.5, "access_km": 1.56, "score": 60.2, "rank": 118, "area_m2": 109868, "street_m": 1321}, "geometry": {"type": "Polygon", "coordinates": [[[-121.97721, 37.76792], [-121.97613, 37.7696], [-121.97738, 37.77111], [-121.97972, 37.77094], [-121.9808, 37.76926], [-121.97955, 37.76775], [-121.97721, 37.76792]]]}}, {"type": "Feature", "properties": {"id": 410, "name": "The Preserve SE 8", "lst": 44.8, "green": 26.7, "pop": 247, "pct65": 11.6, "ac": 47.5, "holc": null, "access_min": 18.8, "access_km": 1.5, "score": 42.1, "rank": 313, "area_m2": 109863, "street_m": 1375}, "geometry": {"type": "Polygon", "coordinates": [[[-121.9808, 37.76926], [-121.97972, 37.77094], [-121.98098, 37.77246], [-121.98332, 37.77229], [-121.9844, 37.7706], [-121.98314, 37.76909], [-121.9808, 37.76926]]]}}, {"type": "Feature", "properties": {"id": 411, "name": "Foothill Gardens NW 6", "lst": 44.6, "green": 28.4, "pop": 207, "pct65": 15.2, "ac": 62.5, "holc": null, "access_min": 28.9, "access_km": 2.31, "score": 40.2, "rank": 330, "area_m2": 109872, "street_m": 1733}, "geometry": {"type": "Polygon", "coordinates": [[[-121.98045, 37.76288], [-121.97937, 37.76456], [-121.98063, 37.76607], [-121.98296, 37.7659], [-121.98405, 37.76422], [-121.98279, 37.76271], [-121.98045, 37.76288]]]}}, {"type": "Feature", "properties": {"id": 412, "name": "The Preserve S 13", "lst": 44.9, "green": 25.4, "pop": 208, "pct65": 12.7, "ac": 54.7, "holc": null, "access_min": 24.9, "access_km": 1.99, "score": 43.6, "rank": 303, "area_m2": 109866, "street_m": 1669}, "geometry": {"type": "Polygon", "coordinates": [[[-121.98405, 37.76422], [-121.98296, 37.7659], [-121.98422, 37.76741], [-121.98656, 37.76724], [-121.98764, 37.76556], [-121.98638, 37.76405], [-121.98405, 37.76422]]]}}, {"type": "Feature", "properties": {"id": 413, "name": "Bishop Ranch 6/City Village SW 4", "lst": 45.9, "green": 25.6, "pop": 352, "pct65": 16.2, "ac": 67.4, "holc": null, "access_min": 23.3, "access_km": 1.86, "score": 55.3, "rank": 167, "area_m2": 109873, "street_m": 1177}, "geometry": {"type": "Polygon", "coordinates": [[[-121.97703, 37.76473], [-121.97595, 37.76641], [-121.97721, 37.76792], [-121.97955, 37.76775], [-121.98063, 37.76607], [-121.97937, 37.76456], [-121.97703, 37.76473]]]}}, {"type": "Feature", "properties": {"id": 415, "name": "Bishop Ranch 6/City Village S 2", "lst": 43.2, "green": 24.5, "pop": 9, "pct65": 12.3, "ac": 49.0, "holc": null, "access_min": 19.3, "access_km": 1.55, "score": 30.4, "rank": 380, "area_m2": 109885, "street_m": 927}, "geometry": {"type": "Polygon", "coordinates": [[[-121.96642, 37.76389], [-121.96534, 37.76558], [-121.9666, 37.76709], [-121.96894, 37.76692], [-121.97002, 37.76524], [-121.96876, 37.76373], [-121.96642, 37.76389]]]}}, {"type": "Feature", "properties": {"id": 417, "name": "Bishop Ranch 6/City Village S", "lst": 45.0, "green": 21.4, "pop": 19, "pct65": 12.9, "ac": 44.4, "holc": null, "access_min": 14.7, "access_km": 1.18, "score": 41.0, "rank": 320, "area_m2": 109886, "street_m": 97}, "geometry": {"type": "Polygon", "coordinates": [[[-121.963, 37.76575], [-121.96192, 37.76743], [-121.96318, 37.76894], [-121.96552, 37.76877], [-121.9666, 37.76709], [-121.96534, 37.76558], [-121.963, 37.76575]]]}}, {"type": "Feature", "properties": {"id": 419, "name": "Foothill Gardens N 2", "lst": 44.6, "green": 18.7, "pop": 80, "pct65": 14.5, "ac": 58.6, "holc": null, "access_min": 19.2, "access_km": 1.54, "score": 45.4, "rank": 289, "area_m2": 109889, "street_m": 1004}, "geometry": {"type": "Polygon", "coordinates": [[[-121.96625, 37.7607], [-121.96517, 37.76238], [-121.96642, 37.76389], [-121.96876, 37.76373], [-121.96984, 37.76204], [-121.96859, 37.76053], [-121.96625, 37.7607]]]}}, {"type": "Feature", "properties": {"id": 421, "name": "Bishop Ranch 6/City Village W 2", "lst": 43.6, "green": 22.3, "pop": 59, "pct65": 14.1, "ac": 56.4, "holc": null, "access_min": 12.5, "access_km": 1.0, "score": 36.9, "rank": 348, "area_m2": 109875, "street_m": 1216}, "geometry": {"type": "Polygon", "coordinates": [[[-121.97019, 37.76843], [-121.96911, 37.77011], [-121.97037, 37.77162], [-121.97271, 37.77145], [-121.97379, 37.76977], [-121.97253, 37.76826], [-121.97019, 37.76843]]]}}, {"type": "Feature", "properties": {"id": 422, "name": "Bishop Ranch 6/City Village W 4", "lst": 45.2, "green": 20.9, "pop": 337, "pct65": 6.6, "ac": 39.3, "holc": null, "access_min": 13.7, "access_km": 1.1, "score": 50.8, "rank": 220, "area_m2": 109870, "street_m": 1507}, "geometry": {"type": "Polygon", "coordinates": [[[-121.97379, 37.76977], [-121.97271, 37.77145], [-121.97396, 37.77296], [-121.9763, 37.77279], [-121.97738, 37.77111], [-121.97613, 37.7696], [-121.97379, 37.76977]]]}}, {"type": "Feature", "properties": {"id": 424, "name": "Bishop Ranch 6/City Village W 3", "lst": 44.0, "green": 21.0, "pop": 29, "pct65": 13.3, "ac": 44.4, "holc": null, "access_min": 8.0, "access_km": 0.64, "score": 37.9, "rank": 337, "area_m2": 109871, "street_m": 556}, "geometry": {"type": "Polygon", "coordinates": [[[-121.97037, 37.77162], [-121.96929, 37.7733], [-121.97054, 37.77481], [-121.97288, 37.77465], [-121.97396, 37.77296], [-121.97271, 37.77145], [-121.97037, 37.77162]]]}}, {"type": "Feature", "properties": {"id": 425, "name": "Bishop Ranch 6/City Village SW 2", "lst": 44.9, "green": 20.9, "pop": 137, "pct65": 15.3, "ac": 58.6, "holc": null, "access_min": 17.7, "access_km": 1.42, "score": 47.0, "rank": 268, "area_m2": 109879, "street_m": 1522}, "geometry": {"type": "Polygon", "coordinates": [[[-121.97002, 37.76524], [-121.96894, 37.76692], [-121.97019, 37.76843], [-121.97253, 37.76826], [-121.97361, 37.76658], [-121.97236, 37.76507], [-121.97002, 37.76524]]]}}, {"type": "Feature", "properties": {"id": 426, "name": "Bishop Ranch 6/City Village SW 3", "lst": 46.6, "green": 22.5, "pop": 308, "pct65": 16.2, "ac": 61.3, "holc": null, "access_min": 17.8, "access_km": 1.42, "score": 60.9, "rank": 113, "area_m2": 109874, "street_m": 1251}, "geometry": {"type": "Polygon", "coordinates": [[[-121.97361, 37.76658], [-121.97253, 37.76826], [-121.97379, 37.76977], [-121.97613, 37.7696], [-121.97721, 37.76792], [-121.97595, 37.76641], [-121.97361, 37.76658]]]}}, {"type": "Feature", "properties": {"id": 428, "name": "Foothill Gardens SW 3", "lst": 39.2, "green": 40.8, "pop": 10, "pct65": 12.1, "ac": 57.4, "holc": null, "access_min": 37.3, "access_km": 2.98, "score": 0.0, "rank": 419, "area_m2": 109890, "street_m": 13}, "geometry": {"type": "Polygon", "coordinates": [[[-121.97633, 37.75196], [-121.97525, 37.75364], [-121.97651, 37.75515], [-121.97884, 37.75498], [-121.97993, 37.7533], [-121.97867, 37.75179], [-121.97633, 37.75196]]]}}, {"type": "Feature", "properties": {"id": 429, "name": "Foothill Gardens W 7", "lst": 42.7, "green": 33.4, "pop": 7, "pct65": 12.0, "ac": 58.2, "holc": null, "access_min": 41.0, "access_km": 3.28, "score": 20.3, "rank": 405, "area_m2": 109884, "street_m": 0}, "geometry": {"type": "Polygon", "coordinates": [[[-121.97993, 37.7533], [-121.97884, 37.75498], [-121.9801, 37.75649], [-121.98244, 37.75632], [-121.98352, 37.75464], [-121.98226, 37.75313], [-121.97993, 37.7533]]]}}, {"type": "Feature", "properties": {"id": 430, "name": "Foothill Gardens W 2", "lst": 45.0, "green": 22.4, "pop": 235, "pct65": 18.1, "ac": 69.2, "holc": null, "access_min": 31.6, "access_km": 2.52, "score": 51.6, "rank": 211, "area_m2": 109891, "street_m": 1297}, "geometry": {"type": "Polygon", "coordinates": [[[-121.97291, 37.75381], [-121.97183, 37.75549], [-121.97309, 37.757], [-121.97543, 37.75683], [-121.97651, 37.75515], [-121.97525, 37.75364], [-121.97291, 37.75381]]]}}, {"type": "Feature", "properties": {"id": 431, "name": "Foothill Gardens W 4", "lst": 45.6, "green": 21.9, "pop": 225, "pct65": 18.7, "ac": 73.7, "holc": null, "access_min": 35.4, "access_km": 2.83, "score": 54.6, "rank": 171, "area_m2": 109886, "street_m": 896}, "geometry": {"type": "Polygon", "coordinates": [[[-121.97651, 37.75515], [-121.97543, 37.75683], [-121.97668, 37.75834], [-121.97902, 37.75817], [-121.9801, 37.75649], [-121.97884, 37.75498], [-121.97651, 37.75515]]]}}, {"type": "Feature", "properties": {"id": 432, "name": "Foothill Gardens SW 2", "lst": 39.8, "green": 38.4, "pop": 7, "pct65": 12.0, "ac": 57.8, "holc": null, "access_min": 34.1, "access_km": 2.73, "score": 4.5, "rank": 418, "area_m2": 109895, "street_m": 0}, "geometry": {"type": "Polygon", "coordinates": [[[-121.97274, 37.75061], [-121.97166, 37.7523], [-121.97291, 37.75381], [-121.97525, 37.75364], [-121.97633, 37.75196], [-121.97507, 37.75045], [-121.97274, 37.75061]]]}}, {"type": "Feature", "properties": {"id": 433, "name": "Foothill Gardens W 9", "lst": 42.4, "green": 28.6, "pop": 68, "pct65": 13.0, "ac": 57.8, "holc": null, "access_min": 34.5, "access_km": 2.76, "score": 25.5, "rank": 396, "area_m2": 109875, "street_m": 642}, "geometry": {"type": "Polygon", "coordinates": [[[-121.98369, 37.75783], [-121.98261, 37.75952], [-121.98387, 37.76103], [-121.98621, 37.76086], [-121.98729, 37.75918], [-121.98603, 37.75766], [-121.98369, 37.75783]]]}}, {"type": "Feature", "properties": {"id": 434, "name": "Norris Canyon N", "lst": 44.5, "green": 23.7, "pop": 25, "pct65": 12.4, "ac": 58.2, "holc": null, "access_min": 30.1, "access_km": 2.41, "score": 36.9, "rank": 346, "area_m2": 109869, "street_m": 521}, "geometry": {"type": "Polygon", "coordinates": [[[-121.98729, 37.75918], [-121.98621, 37.76086], [-121.98746, 37.76237], [-121.9898, 37.7622], [-121.99088, 37.76052], [-121.98963, 37.75901], [-121.98729, 37.75918]]]}}, {"type": "Feature", "properties": {"id": 435, "name": "Foothill Gardens W 8", "lst": 45.2, "green": 24.8, "pop": 205, "pct65": 15.3, "ac": 61.9, "holc": null, "access_min": 33.1, "access_km": 2.65, "score": 47.0, "rank": 267, "area_m2": 109876, "street_m": 1830}, "geometry": {"type": "Polygon", "coordinates": [[[-121.98028, 37.75968], [-121.97919, 37.76137], [-121.98045, 37.76288], [-121.98279, 37.76271], [-121.98387, 37.76103], [-121.98261, 37.75952], [-121.98028, 37.75968]]]}}, {"type": "Feature", "properties": {"id": 436, "name": "Foothill Gardens W 10", "lst": 43.1, "green": 33.6, "pop": 129, "pct65": 13.4, "ac": 59.8, "holc": null, "access_min": 29.5, "access_km": 2.36, "score": 25.2, "rank": 397, "area_m2": 109870, "street_m": 960}, "geometry": {"type": "Polygon", "coordinates": [[[-121.98387, 37.76103], [-121.98279, 37.76271], [-121.98405, 37.76422], [-121.98638, 37.76405], [-121.98746, 37.76237], [-121.98621, 37.76086], [-121.98387, 37.76103]]]}}, {"type": "Feature", "properties": {"id": 437, "name": "Norris Canyon", "lst": 41.6, "green": 32.5, "pop": 33, "pct65": 13.2, "ac": 62.2, "holc": null, "access_min": 39.6, "access_km": 3.17, "score": 18.1, "rank": 412, "area_m2": 109879, "street_m": 132}, "geometry": {"type": "Polygon", "coordinates": [[[-121.98352, 37.75464], [-121.98244, 37.75632], [-121.98369, 37.75783], [-121.98603, 37.75766], [-121.98711, 37.75598], [-121.98586, 37.75447], [-121.98352, 37.75464]]]}}, {"type": "Feature", "properties": {"id": 438, "name": "Foothill Gardens W 6", "lst": 43.9, "green": 28.9, "pop": 147, "pct65": 17.0, "ac": 69.0, "holc": null, "access_min": 37.7, "access_km": 3.01, "score": 35.9, "rank": 355, "area_m2": 109880, "street_m": 658}, "geometry": {"type": "Polygon", "coordinates": [[[-121.9801, 37.75649], [-121.97902, 37.75817], [-121.98028, 37.75968], [-121.98261, 37.75952], [-121.98369, 37.75783], [-121.98244, 37.75632], [-121.9801, 37.75649]]]}}, {"type": "Feature", "properties": {"id": 439, "name": "Foothill Gardens", "lst": 48.3, "green": 16.1, "pop": 228, "pct65": 19.9, "ac": 88.3, "holc": null, "access_min": 22.5, "access_km": 1.8, "score": 74.1, "rank": 18, "area_m2": 109898, "street_m": 804}, "geometry": {"type": "Polygon", "coordinates": [[[-121.9659, 37.75432], [-121.96482, 37.756], [-121.96607, 37.75751], [-121.96841, 37.75734], [-121.96949, 37.75566], [-121.96824, 37.75415], [-121.9659, 37.75432]]]}}, {"type": "Feature", "properties": {"id": 440, "name": "Foothill Gardens W", "lst": 45.7, "green": 20.1, "pop": 70, "pct65": 16.1, "ac": 74.9, "holc": null, "access_min": 25.8, "access_km": 2.07, "score": 48.7, "rank": 244, "area_m2": 109892, "street_m": 192}, "geometry": {"type": "Polygon", "coordinates": [[[-121.96949, 37.75566], [-121.96841, 37.75734], [-121.96967, 37.75885], [-121.97201, 37.75868], [-121.97309, 37.757], [-121.97183, 37.75549], [-121.96949, 37.75566]]]}}, {"type": "Feature", "properties": {"id": 441, "name": "Foothill Gardens E", "lst": 43.3, "green": 25.1, "pop": 44, "pct65": 15.3, "ac": 88.3, "holc": null, "access_min": 16.7, "access_km": 1.34, "score": 32.9, "rank": 370, "area_m2": 109899, "street_m": 689}, "geometry": {"type": "Polygon", "coordinates": [[[-121.96248, 37.75617], [-121.9614, 37.75785], [-121.96265, 37.75936], [-121.96499, 37.75919], [-121.96607, 37.75751], [-121.96482, 37.756], [-121.96248, 37.75617]]]}}, {"type": "Feature", "properties": {"id": 442, "name": "Foothill Gardens N", "lst": 45.7, "green": 20.0, "pop": 108, "pct65": 17.5, "ac": 75.3, "holc": null, "access_min": 20.2, "access_km": 1.61, "score": 51.0, "rank": 216, "area_m2": 109893, "street_m": 1719}, "geometry": {"type": "Polygon", "coordinates": [[[-121.96607, 37.75751], [-121.96499, 37.75919], [-121.96625, 37.7607], [-121.96859, 37.76053], [-121.96967, 37.75885], [-121.96841, 37.75734], [-121.96607, 37.75751]]]}}, {"type": "Feature", "properties": {"id": 443, "name": "Foothill Gardens S", "lst": 47.5, "green": 19.6, "pop": 181, "pct65": 17.1, "ac": 68.2, "holc": null, "access_min": 25.9, "access_km": 2.07, "score": 62.5, "rank": 99, "area_m2": 109902, "street_m": 651}, "geometry": {"type": "Polygon", "coordinates": [[[-121.96572, 37.75112], [-121.96464, 37.7528], [-121.9659, 37.75432], [-121.96824, 37.75415], [-121.96932, 37.75247], [-121.96806, 37.75095], [-121.96572, 37.75112]]]}}, {"type": "Feature", "properties": {"id": 444, "name": "Foothill Gardens SW", "lst": 45.9, "green": 21.4, "pop": 235, "pct65": 17.7, "ac": 68.7, "holc": null, "access_min": 28.3, "access_km": 2.27, "score": 56.5, "rank": 152, "area_m2": 109896, "street_m": 1074}, "geometry": {"type": "Polygon", "coordinates": [[[-121.96932, 37.75247], [-121.96824, 37.75415], [-121.96949, 37.75566], [-121.97183, 37.75549], [-121.97291, 37.75381], [-121.97166, 37.7523], [-121.96932, 37.75247]]]}}, {"type": "Feature", "properties": {"id": 445, "name": "Foothill Gardens SE", "lst": 46.2, "green": 19.8, "pop": 458, "pct65": 21.3, "ac": 82.3, "holc": null, "access_min": 20.2, "access_km": 1.62, "score": 72.2, "rank": 27, "area_m2": 109903, "street_m": 1605}, "geometry": {"type": "Polygon", "coordinates": [[[-121.9623, 37.75297], [-121.96122, 37.75465], [-121.96248, 37.75617], [-121.96482, 37.756], [-121.9659, 37.75432], [-121.96464, 37.7528], [-121.9623, 37.75297]]]}}, {"type": "Feature", "properties": {"id": 446, "name": "Carmelita", "lst": 49.3, "green": 9.5, "pop": 265, "pct65": 10.4, "ac": 71.7, "holc": null, "access_min": 13.5, "access_km": 1.08, "score": 82.3, "rank": 8, "area_m2": 109928, "street_m": 1365}, "geometry": {"type": "Polygon", "coordinates": [[[-121.92416, 37.76374], [-121.92307, 37.76542], [-121.92433, 37.76694], [-121.92667, 37.76677], [-121.92775, 37.76509], [-121.9265, 37.76357], [-121.92416, 37.76374]]]}}, {"type": "Feature", "properties": {"id": 447, "name": "Carmelita NW", "lst": 49.0, "green": 13.3, "pop": 45, "pct65": 11.2, "ac": 73.2, "holc": null, "access_min": 12.9, "access_km": 1.03, "score": 64.2, "rank": 83, "area_m2": 109923, "street_m": 174}, "geometry": {"type": "Polygon", "coordinates": [[[-121.92775, 37.76509], [-121.92667, 37.76677], [-121.92793, 37.76828], [-121.93026, 37.76811], [-121.93135, 37.76643], [-121.93009, 37.76492], [-121.92775, 37.76509]]]}}, {"type": "Feature", "properties": {"id": 448, "name": "Rose Garden Encore", "lst": 45.0, "green": 24.2, "pop": 114, "pct65": 10.8, "ac": 71.7, "holc": null, "access_min": 8.5, "access_km": 0.68, "score": 40.6, "rank": 323, "area_m2": 109930, "street_m": 818}, "geometry": {"type": "Polygon", "coordinates": [[[-121.92073, 37.76559], [-121.91965, 37.76727], [-121.92091, 37.76879], [-121.92325, 37.76862], [-121.92433, 37.76694], [-121.92307, 37.76542], [-121.92073, 37.76559]]]}}, {"type": "Feature", "properties": {"id": 449, "name": "Carmelita N", "lst": 46.5, "green": 19.1, "pop": 109, "pct65": 10.8, "ac": 71.7, "holc": null, "access_min": 12.0, "access_km": 0.96, "score": 51.8, "rank": 208, "area_m2": 109924, "street_m": 1356}, "geometry": {"type": "Polygon", "coordinates": [[[-121.92433, 37.76694], [-121.92325, 37.76862], [-121.9245, 37.77013], [-121.92684, 37.76996], [-121.92793, 37.76828], [-121.92667, 37.76677], [-121.92433, 37.76694]]]}}, {"type": "Feature", "properties": {"id": 450, "name": "Carmelita S", "lst": 51.1, "green": 9.8, "pop": 178, "pct65": 10.6, "ac": 71.7, "holc": null, "access_min": 15.5, "access_km": 1.24, "score": 84.7, "rank": 4, "area_m2": 109933, "street_m": 493}, "geometry": {"type": "Polygon", "coordinates": [[[-121.92398, 37.76055], [-121.9229, 37.76223], [-121.92416, 37.76374], [-121.9265, 37.76357], [-121.92758, 37.76189], [-121.92632, 37.76038], [-121.92398, 37.76055]]]}}, {"type": "Feature", "properties": {"id": 453, "name": "Cedar Bridge SW 2", "lst": 42.4, "green": 33.8, "pop": 82, "pct65": 10.9, "ac": 75.1, "holc": null, "access_min": 5.3, "access_km": 0.43, "score": 19.7, "rank": 408, "area_m2": 109913, "street_m": 1077}, "geometry": {"type": "Polygon", "coordinates": [[[-121.93152, 37.76962], [-121.93044, 37.7713], [-121.93169, 37.77282], [-121.93403, 37.77265], [-121.93512, 37.77097], [-121.93386, 37.76945], [-121.93152, 37.76962]]]}}, {"type": "Feature", "properties": {"id": 454, "name": "Cedar Bridge SW 3", "lst": 42.6, "green": 35.1, "pop": 93, "pct65": 12.8, "ac": 62.3, "holc": null, "access_min": 8.0, "access_km": 0.64, "score": 20.3, "rank": 406, "area_m2": 109908, "street_m": 927}, "geometry": {"type": "Polygon", "coordinates": [[[-121.93512, 37.77097], [-121.93403, 37.77265], [-121.93529, 37.77416], [-121.93763, 37.77399], [-121.93871, 37.77231], [-121.93745, 37.7708], [-121.93512, 37.77097]]]}}, {"type": "Feature", "properties": {"id": 455, "name": "Cedar Bridge S", "lst": 44.6, "green": 25.8, "pop": 218, "pct65": 10.2, "ac": 88.3, "holc": null, "access_min": 2.6, "access_km": 0.21, "score": 40.5, "rank": 324, "area_m2": 109914, "street_m": 747}, "geometry": {"type": "Polygon", "coordinates": [[[-121.9281, 37.77147], [-121.92702, 37.77315], [-121.92827, 37.77467], [-121.93061, 37.7745], [-121.93169, 37.77282], [-121.93044, 37.7713], [-121.9281, 37.77147]]]}}, {"type": "Feature", "properties": {"id": 456, "name": "Cedar Bridge SW", "lst": 43.1, "green": 31.2, "pop": 291, "pct65": 10.1, "ac": 82.3, "holc": null, "access_min": 3.0, "access_km": 0.24, "score": 29.7, "rank": 386, "area_m2": 109909, "street_m": 1262}, "geometry": {"type": "Polygon", "coordinates": [[[-121.93169, 37.77282], [-121.93061, 37.7745], [-121.93187, 37.77601], [-121.93421, 37.77584], [-121.93529, 37.77416], [-121.93403, 37.77265], [-121.93169, 37.77282]]]}}, {"type": "Feature", "properties": {"id": 457, "name": "Carmelita NW 3", "lst": 45.2, "green": 21.4, "pop": 188, "pct65": 10.6, "ac": 71.7, "holc": null, "access_min": 10.6, "access_km": 0.84, "score": 47.2, "rank": 263, "area_m2": 109918, "street_m": 1080}, "geometry": {"type": "Polygon", "coordinates": [[[-121.93135, 37.76643], [-121.93026, 37.76811], [-121.93152, 37.76962], [-121.93386, 37.76945], [-121.93494, 37.76777], [-121.93369, 37.76626], [-121.93135, 37.76643]]]}}, {"type": "Feature", "properties": {"id": 458, "name": "Canyon Lakes NE 3", "lst": 41.7, "green": 40.8, "pop": 44, "pct65": 12.4, "ac": 36.6, "holc": null, "access_min": 10.9, "access_km": 0.87, "score": 10.3, "rank": 417, "area_m2": 109912, "street_m": 60}, "geometry": {"type": "Polygon", "coordinates": [[[-121.93494, 37.76777], [-121.93386, 37.76945], [-121.93512, 37.77097], [-121.93745, 37.7708], [-121.93854, 37.76912], [-121.93728, 37.76761], [-121.93494, 37.76777]]]}}, {"type": "Feature", "properties": {"id": 459, "name": "Carmelita NW 2", "lst": 46.2, "green": 21.7, "pop": 29, "pct65": 11.4, "ac": 71.7, "holc": null, "access_min": 7.4, "access_km": 0.59, "score": 44.8, "rank": 293, "area_m2": 109919, "street_m": 478}, "geometry": {"type": "Polygon", "coordinates": [[[-121.92793, 37.76828], [-121.92684, 37.76996], [-121.9281, 37.77147], [-121.93044, 37.7713], [-121.93152, 37.76962], [-121.93026, 37.76811], [-121.92793, 37.76828]]]}}, {"type": "Feature", "properties": {"id": 460, "name": "Rose Garden S", "lst": 45.9, "green": 15.9, "pop": 587, "pct65": 6.2, "ac": 67.7, "holc": null, "access_min": 2.0, "access_km": 0.16, "score": 71.0, "rank": 35, "area_m2": 109936, "street_m": 1604}, "geometry": {"type": "Polygon", "coordinates": [[[-121.91372, 37.7661], [-121.91264, 37.76778], [-121.91389, 37.76929], [-121.91623, 37.76912], [-121.91731, 37.76744], [-121.91606, 37.76593], [-121.91372, 37.7661]]]}}, {"type": "Feature", "properties": {"id": 461, "name": "Rose Garden SW", "lst": 45.4, "green": 22.1, "pop": 403, "pct65": 6.3, "ac": 74.6, "holc": null, "access_min": 5.3, "access_km": 0.42, "score": 52.5, "rank": 197, "area_m2": 109931, "street_m": 1622}, "geometry": {"type": "Polygon", "coordinates": [[[-121.91731, 37.76744], [-121.91623, 37.76912], [-121.91749, 37.77064], [-121.91983, 37.77047], [-121.92091, 37.76879], [-121.91965, 37.76727], [-121.91731, 37.76744]]]}}, {"type": "Feature", "properties": {"id": 462, "name": "Seville N", "lst": 45.2, "green": 28.7, "pop": 358, "pct65": 8.5, "ac": 41.5, "holc": null, "access_min": 7.7, "access_km": 0.62, "score": 43.4, "rank": 306, "area_m2": 109937, "street_m": 1253}, "geometry": {"type": "Polygon", "coordinates": [[[-121.9103, 37.76795], [-121.90921, 37.76963], [-121.91047, 37.77114], [-121.91281, 37.77097], [-121.91389, 37.76929], [-121.91264, 37.76778], [-121.9103, 37.76795]]]}}, {"type": "Feature", "properties": {"id": 463, "name": "Rose Garden", "lst": 44.2, "green": 26.0, "pop": 493, "pct65": 6.1, "ac": 74.6, "holc": null, "access_min": 7.1, "access_km": 0.57, "score": 44.1, "rank": 299, "area_m2": 109932, "street_m": 1884}, "geometry": {"type": "Polygon", "coordinates": [[[-121.91389, 37.76929], [-121.91281, 37.77097], [-121.91406, 37.77248], [-121.9164, 37.77232], [-121.91749, 37.77064], [-121.91623, 37.76912], [-121.91389, 37.76929]]]}}, {"type": "Feature", "properties": {"id": 464, "name": "Mosaic Park", "lst": 46.8, "green": 15.5, "pop": 887, "pct65": 8.0, "ac": 41.2, "holc": null, "access_min": 4.5, "access_km": 0.36, "score": 92.3, "rank": 2, "area_m2": 109940, "street_m": 1447}, "geometry": {"type": "Polygon", "coordinates": [[[-121.91354, 37.7629], [-121.91246, 37.76459], [-121.91372, 37.7661], [-121.91606, 37.76593], [-121.91714, 37.76425], [-121.91588, 37.76274], [-121.91354, 37.7629]]]}}, {"type": "Feature", "properties": {"id": 465, "name": "Rose Garden Encore SE", "lst": 46.1, "green": 19.5, "pop": 643, "pct65": 6.0, "ac": 69.8, "holc": null, "access_min": 3.9, "access_km": 0.31, "score": 69.1, "rank": 50, "area_m2": 109935, "street_m": 2014}, "geometry": {"type": "Polygon", "coordinates": [[[-121.91714, 37.76425], [-121.91606, 37.76593], [-121.91731, 37.76744], [-121.91965, 37.76727], [-121.92073, 37.76559], [-121.91948, 37.76408], [-121.91714, 37.76425]]]}}, {"type": "Feature", "properties": {"id": 466, "name": "Seville", "lst": 47.0, "green": 14.7, "pop": 525, "pct65": 8.1, "ac": 42.0, "holc": null, "access_min": 6.5, "access_km": 0.52, "score": 77.5, "rank": 14, "area_m2": 109942, "street_m": 1619}, "geometry": {"type": "Polygon", "coordinates": [[[-121.91012, 37.76475], [-121.90904, 37.76643], [-121.9103, 37.76795], [-121.91264, 37.76778], [-121.91372, 37.7661], [-121.91246, 37.76459], [-121.91012, 37.76475]]]}}, {"type": "Feature", "properties": {"id": 467, "name": "Cornerstone", "lst": 45.2, "green": 20.0, "pop": 115, "pct65": 10.6, "ac": 73.6, "holc": null, "access_min": 12.0, "access_km": 0.96, "score": 45.8, "rank": 283, "area_m2": 109921, "street_m": 1624}, "geometry": {"type": "Polygon", "coordinates": [[[-121.92108, 37.77198], [-121.92, 37.77366], [-121.92126, 37.77517], [-121.92359, 37.775], [-121.92468, 37.77332], [-121.92342, 37.77181], [-121.92108, 37.77198]]]}}, {"type": "Feature", "properties": {"id": 469, "name": "Villapaseo", "lst": 44.1, "green": 30.2, "pop": 160, "pct65": 7.5, "ac": 80.2, "holc": null, "access_min": 15.6, "access_km": 1.25, "score": 30.4, "rank": 382, "area_m2": 109922, "street_m": 1294}, "geometry": {"type": "Polygon", "coordinates": [[[-121.91766, 37.77383], [-121.91658, 37.77551], [-121.91783, 37.77702], [-121.92017, 37.77685], [-121.92126, 37.77517], [-121.92, 37.77366], [-121.91766, 37.77383]]]}}, {"type": "Feature", "properties": {"id": 470, "name": "Renaissance", "lst": 43.0, "green": 26.8, "pop": 176, "pct65": 7.4, "ac": 79.2, "holc": null, "access_min": 12.8, "access_km": 1.03, "score": 29.4, "rank": 387, "area_m2": 109917, "street_m": 1883}, "geometry": {"type": "Polygon", "coordinates": [[[-121.92126, 37.77517], [-121.92017, 37.77685], [-121.92143, 37.77837], [-121.92377, 37.7782], [-121.92485, 37.77652], [-121.92359, 37.775], [-121.92126, 37.77517]]]}}, {"type": "Feature", "properties": {"id": 471, "name": "Wisteria", "lst": 43.5, "green": 31.4, "pop": 215, "pct65": 10.5, "ac": 71.7, "holc": null, "access_min": 10.7, "access_km": 0.85, "score": 29.4, "rank": 388, "area_m2": 109925, "street_m": 1423}, "geometry": {"type": "Polygon", "coordinates": [[[-121.92091, 37.76879], [-121.91983, 37.77047], [-121.92108, 37.77198], [-121.92342, 37.77181], [-121.9245, 37.77013], [-121.92325, 37.76862], [-121.92091, 37.76879]]]}}, {"type": "Feature", "properties": {"id": 472, "name": "Cornerstone W", "lst": 46.1, "green": 18.4, "pop": 28, "pct65": 11.4, "ac": 71.7, "holc": null, "access_min": 8.1, "access_km": 0.65, "score": 47.4, "rank": 257, "area_m2": 109920, "street_m": 886}, "geometry": {"type": "Polygon", "coordinates": [[[-121.9245, 37.77013], [-121.92342, 37.77181], [-121.92468, 37.77332], [-121.92702, 37.77315], [-121.9281, 37.77147], [-121.92684, 37.76996], [-121.9245, 37.77013]]]}}, {"type": "Feature", "properties": {"id": 473, "name": "Bark and Ride", "lst": 44.2, "green": 24.6, "pop": 341, "pct65": 7.6, "ac": 74.0, "holc": null, "access_min": 10.2, "access_km": 0.82, "score": 42.5, "rank": 309, "area_m2": 109926, "street_m": 1767}, "geometry": {"type": "Polygon", "coordinates": [[[-121.91749, 37.77064], [-121.9164, 37.77232], [-121.91766, 37.77383], [-121.92, 37.77366], [-121.92108, 37.77198], [-121.91983, 37.77047], [-121.91749, 37.77064]]]}}, {"type": "Feature", "properties": {"id": 479, "name": "Canyon Lakes SE 5", "lst": 46.6, "green": 17.1, "pop": 30, "pct65": 11.4, "ac": 71.7, "holc": null, "access_min": 20.6, "access_km": 1.65, "score": 50.6, "rank": 222, "area_m2": 109935, "street_m": 69}, "geometry": {"type": "Polygon", "coordinates": [[[-121.93065, 37.75366], [-121.92957, 37.75534], [-121.93082, 37.75685], [-121.93316, 37.75668], [-121.93425, 37.755], [-121.93299, 37.75349], [-121.93065, 37.75366]]]}}, {"type": "Feature", "properties": {"id": 481, "name": "Canyon Lakes E", "lst": 46.5, "green": 16.4, "pop": 1, "pct65": 11.8, "ac": 73.2, "holc": null, "access_min": 20.4, "access_km": 1.63, "score": 49.8, "rank": 229, "area_m2": 109921, "street_m": 0}, "geometry": {"type": "Polygon", "coordinates": [[[-121.93459, 37.76139], [-121.93351, 37.76307], [-121.93477, 37.76458], [-121.93711, 37.76441], [-121.93819, 37.76273], [-121.93693, 37.76122], [-121.93459, 37.76139]]]}}, {"type": "Feature", "properties": {"id": 482, "name": "Canyon Lakes NE", "lst": 43.6, "green": 34.5, "pop": 142, "pct65": 16.7, "ac": 39.2, "holc": null, "access_min": 19.4, "access_km": 1.55, "score": 28.4, "rank": 391, "area_m2": 109915, "street_m": 361}, "geometry": {"type": "Polygon", "coordinates": [[[-121.93819, 37.76273], [-121.93711, 37.76441], [-121.93836, 37.76592], [-121.9407, 37.76576], [-121.94178, 37.76407], [-121.94053, 37.76256], [-121.93819, 37.76273]]]}}, {"type": "Feature", "properties": {"id": 483, "name": "Carmelita W", "lst": 47.6, "green": 14.6, "pop": 40, "pct65": 11.2, "ac": 71.7, "holc": null, "access_min": 16.1, "access_km": 1.29, "score": 57.3, "rank": 144, "area_m2": 109922, "street_m": 79}, "geometry": {"type": "Polygon", "coordinates": [[[-121.93117, 37.76324], [-121.93009, 37.76492], [-121.93135, 37.76643], [-121.93369, 37.76626], [-121.93477, 37.76458], [-121.93351, 37.76307], [-121.93117, 37.76324]]]}}, {"type": "Feature", "properties": {"id": 484, "name": "Canyon Lakes NE 2", "lst": 42.4, "green": 34.1, "pop": 66, "pct65": 11.0, "ac": 71.7, "holc": null, "access_min": 15.3, "access_km": 1.23, "score": 19.2, "rank": 411, "area_m2": 109916, "street_m": 501}, "geometry": {"type": "Polygon", "coordinates": [[[-121.93477, 37.76458], [-121.93369, 37.76626], [-121.93494, 37.76777], [-121.93728, 37.76761], [-121.93836, 37.76592], [-121.93711, 37.76441], [-121.93477, 37.76458]]]}}, {"type": "Feature", "properties": {"id": 485, "name": "Canyon Lakes SE 2", "lst": 45.5, "green": 18.3, "pop": 78, "pct65": 11.0, "ac": 71.7, "holc": null, "access_min": 25.7, "access_km": 2.06, "score": 47.3, "rank": 260, "area_m2": 109925, "street_m": 199}, "geometry": {"type": "Polygon", "coordinates": [[[-121.93442, 37.75819], [-121.93334, 37.75988], [-121.93459, 37.76139], [-121.93693, 37.76122], [-121.93801, 37.75954], [-121.93676, 37.75803], [-121.93442, 37.75819]]]}}, {"type": "Feature", "properties": {"id": 486, "name": "Canyon Lakes SE", "lst": 44.1, "green": 28.8, "pop": 106, "pct65": 21.3, "ac": 48.1, "holc": null, "access_min": 20.5, "access_km": 1.64, "score": 37.7, "rank": 341, "area_m2": 109920, "street_m": 859}, "geometry": {"type": "Polygon", "coordinates": [[[-121.93801, 37.75954], [-121.93693, 37.76122], [-121.93819, 37.76273], [-121.94053, 37.76256], [-121.94161, 37.76088], [-121.94035, 37.75937], [-121.93801, 37.75954]]]}}, {"type": "Feature", "properties": {"id": 488, "name": "Serena & Cordova N", "lst": 47.7, "green": 14.4, "pop": 127, "pct65": 10.7, "ac": 69.1, "holc": null, "access_min": 8.5, "access_km": 0.68, "score": 62.5, "rank": 100, "area_m2": 109944, "street_m": 574}, "geometry": {"type": "Polygon", "coordinates": [[[-121.91679, 37.75786], [-121.91571, 37.75954], [-121.91697, 37.76106], [-121.91931, 37.76089], [-121.92039, 37.75921], [-121.91913, 37.75769], [-121.91679, 37.75786]]]}}, {"type": "Feature", "properties": {"id": 489, "name": "Carmelita SE", "lst": 50.0, "green": 13.2, "pop": 28, "pct65": 11.4, "ac": 71.7, "holc": null, "access_min": 13.4, "access_km": 1.07, "score": 67.4, "rank": 65, "area_m2": 109938, "street_m": 808}, "geometry": {"type": "Polygon", "coordinates": [[[-121.92039, 37.75921], [-121.91931, 37.76089], [-121.92056, 37.7624], [-121.9229, 37.76223], [-121.92398, 37.76055], [-121.92273, 37.75904], [-121.92039, 37.75921]]]}}, {"type": "Feature", "properties": {"id": 490, "name": "Valencia SW", "lst": 46.7, "green": 21.5, "pop": 552, "pct65": 8.8, "ac": 38.0, "holc": null, "access_min": 5.7, "access_km": 0.45, "score": 68.4, "rank": 59, "area_m2": 109945, "street_m": 1588}, "geometry": {"type": "Polygon", "coordinates": [[[-121.91337, 37.75971], [-121.91229, 37.76139], [-121.91354, 37.7629], [-121.91588, 37.76274], [-121.91697, 37.76106], [-121.91571, 37.75954], [-121.91337, 37.75971]]]}}, {"type": "Feature", "properties": {"id": 491, "name": "Carmelita SE 2", "lst": 46.8, "green": 19.3, "pop": 357, "pct65": 8.1, "ac": 47.1, "holc": null, "access_min": 8.1, "access_km": 0.65, "score": 62.7, "rank": 97, "area_m2": 109939, "street_m": 1322}, "geometry": {"type": "Polygon", "coordinates": [[[-121.91697, 37.76106], [-121.91588, 37.76274], [-121.91714, 37.76425], [-121.91948, 37.76408], [-121.92056, 37.7624], [-121.91931, 37.76089], [-121.91697, 37.76106]]]}}, {"type": "Feature", "properties": {"id": 492, "name": "Serena & Cordova", "lst": 48.6, "green": 6.5, "pop": 261, "pct65": 11.8, "ac": 88.3, "holc": null, "access_min": 9.4, "access_km": 0.75, "score": 83.3, "rank": 6, "area_m2": 109948, "street_m": 1280}, "geometry": {"type": "Polygon", "coordinates": [[[-121.91662, 37.75467], [-121.91554, 37.75635], [-121.91679, 37.75786], [-121.91913, 37.75769], [-121.92021, 37.75601], [-121.91896, 37.7545], [-121.91662, 37.75467]]]}}, {"type": "Feature", "properties": {"id": 493, "name": "Serena & Cordova NW", "lst": 50.5, "green": 11.4, "pop": 114, "pct65": 10.8, "ac": 71.7, "holc": null, "access_min": 13.4, "access_km": 1.07, "score": 76.3, "rank": 16, "area_m2": 109943, "street_m": 1310}, "geometry": {"type": "Polygon", "coordinates": [[[-121.92021, 37.75601], [-121.91913, 37.75769], [-121.92039, 37.75921], [-121.92273, 37.75904], [-121.92381, 37.75736], [-121.92255, 37.75584], [-121.92021, 37.75601]]]}}, {"type": "Feature", "properties": {"id": 494, "name": "Serena & Cordova NE", "lst": 46.7, "green": 19.0, "pop": 382, "pct65": 9.0, "ac": 38.0, "holc": null, "access_min": 3.7, "access_km": 0.29, "score": 63.8, "rank": 88, "area_m2": 109949, "street_m": 416}, "geometry": {"type": "Polygon", "coordinates": [[[-121.9132, 37.75652], [-121.91212, 37.7582], [-121.91337, 37.75971], [-121.91571, 37.75954], [-121.91679, 37.75786], [-121.91554, 37.75635], [-121.9132, 37.75652]]]}}, {"type": "Feature", "properties": {"id": 495, "name": "West Dublin N 6", "lst": 47.0, "green": 21.0, "pop": 105, "pct65": 16.0, "ac": 65.6, "holc": null, "access_min": 6.0, "access_km": 0.48, "score": 54.4, "rank": 177, "area_m2": 109951, "street_m": 1118}, "geometry": {"type": "Polygon", "coordinates": [[[-121.94688, 37.72844], [-121.9458, 37.73012], [-121.94706, 37.73163], [-121.94939, 37.73146], [-121.95047, 37.72978], [-121.94922, 37.72827], [-121.94688, 37.72844]]]}}, {"type": "Feature", "properties": {"id": 496, "name": "West Dublin N 7", "lst": 47.3, "green": 18.9, "pop": 141, "pct65": 16.6, "ac": 65.6, "holc": null, "access_min": 3.9, "access_km": 0.31, "score": 60.0, "rank": 122, "area_m2": 109945, "street_m": 655}, "geometry": {"type": "Polygon", "coordinates": [[[-121.95047, 37.72978], [-121.94939, 37.73146], [-121.95065, 37.73298], [-121.95299, 37.73281], [-121.95407, 37.73113], [-121.95281, 37.72961], [-121.95047, 37.72978]]]}}, {"type": "Feature", "properties": {"id": 497, "name": "The Gardens NW 4", "lst": 47.4, "green": 19.4, "pop": 259, "pct65": 20.2, "ac": 46.2, "holc": null, "access_min": 7.8, "access_km": 0.62, "score": 68.3, "rank": 60, "area_m2": 109952, "street_m": 1389}, "geometry": {"type": "Polygon", "coordinates": [[[-121.94346, 37.73029], [-121.94238, 37.73197], [-121.94364, 37.73348], [-121.94597, 37.73331], [-121.94706, 37.73163], [-121.9458, 37.73012], [-121.94346, 37.73029]]]}}, {"type": "Feature", "properties": {"id": 498, "name": "West Dublin N 8", "lst": 47.5, "green": 16.6, "pop": 64, "pct65": 18.4, "ac": 40.2, "holc": null, "access_min": 2.4, "access_km": 0.19, "score": 60.0, "rank": 121, "area_m2": 109946, "street_m": 1279}, "geometry": {"type": "Polygon", "coordinates": [[[-121.94706, 37.73163], [-121.94597, 37.73331], [-121.94723, 37.73483], [-121.94957, 37.73466], [-121.95065, 37.73298], [-121.94939, 37.73146], [-121.94706, 37.73163]]]}}, {"type": "Feature", "properties": {"id": 499, "name": "West Dublin N 3", "lst": 44.2, "green": 26.8, "pop": 69, "pct65": 15.2, "ac": 65.6, "holc": null, "access_min": 11.4, "access_km": 0.92, "score": 35.5, "rank": 356, "area_m2": 109955, "street_m": 558}, "geometry": {"type": "Polygon", "coordinates": [[[-121.94671, 37.72524], [-121.94563, 37.72693], [-121.94688, 37.72844], [-121.94922, 37.72827], [-121.9503, 37.72659], [-121.94904, 37.72508], [-121.94671, 37.72524]]]}}, {"type": "Feature", "properties": {"id": 501, "name": "West Dublin N 4", "lst": 45.3, "green": 21.0, "pop": 155, "pct65": 20.0, "ac": 48.2, "holc": null, "access_min": 11.0, "access_km": 0.88, "score": 52.2, "rank": 201, "area_m2": 109956, "street_m": 1716}, "geometry": {"type": "Polygon", "coordinates": [[[-121.94329, 37.7271], [-121.94221, 37.72878], [-121.94346, 37.73029], [-121.9458, 37.73012], [-121.94688, 37.72844], [-121.94563, 37.72693], [-121.94329, 37.7271]]]}}, {"type": "Feature", "properties": {"id": 502, "name": "West Dublin N 10", "lst": 46.1, "green": 24.9, "pop": 110, "pct65": 16.1, "ac": 65.6, "holc": null, "access_min": 9.1, "access_km": 0.73, "score": 47.2, "rank": 262, "area_m2": 109936, "street_m": 660}, "geometry": {"type": "Polygon", "coordinates": [[[-121.95424, 37.73432], [-121.95316, 37.736], [-121.95442, 37.73751], [-121.95676, 37.73734], [-121.95784, 37.73566], [-121.95658, 37.73415], [-121.95424, 37.73432]]]}}, {"type": "Feature", "properties": {"id": 503, "name": "West Dublin NW 7", "lst": 44.6, "green": 25.9, "pop": 115, "pct65": 16.2, "ac": 65.6, "holc": null, "access_min": 14.7, "access_km": 1.17, "score": 40.3, "rank": 329, "area_m2": 109930, "street_m": 792}, "geometry": {"type": "Polygon", "coordinates": [[[-121.95784, 37.73566], [-121.95676, 37.73734], [-121.95801, 37.73886], [-121.96035, 37.73869], [-121.96143, 37.73701], [-121.96017, 37.73549], [-121.95784, 37.73566]]]}}, {"type": "Feature", "properties": {"id": 504, "name": "The Gardens NW 10", "lst": 46.1, "green": 18.6, "pop": 163, "pct65": 17.1, "ac": 63.1, "holc": null, "access_min": 8.7, "access_km": 0.7, "score": 56.7, "rank": 149, "area_m2": 109937, "street_m": 2583}, "geometry": {"type": "Polygon", "coordinates": [[[-121.95082, 37.73617], [-121.94974, 37.73785], [-121.951, 37.73936], [-121.95334, 37.73919], [-121.95442, 37.73751], [-121.95316, 37.736], [-121.95082, 37.73617]]]}}, {"type": "Feature", "properties": {"id": 505, "name": "West Dublin N 11", "lst": 46.4, "green": 23.3, "pop": 119, "pct65": 16.3, "ac": 65.6, "holc": null, "access_min": 13.2, "access_km": 1.06, "score": 50.5, "rank": 224, "area_m2": 109931, "street_m": 770}, "geometry": {"type": "Polygon", "coordinates": [[[-121.95442, 37.73751], [-121.95334, 37.73919], [-121.95459, 37.74071], [-121.95693, 37.74054], [-121.95801, 37.73886], [-121.95676, 37.73734], [-121.95442, 37.73751]]]}}, {"type": "Feature", "properties": {"id": 506, "name": "West Dublin NW 4", "lst": 46.6, "green": 22.5, "pop": 29, "pct65": 13.6, "ac": 65.6, "holc": null, "access_min": 7.5, "access_km": 0.6, "score": 46.9, "rank": 269, "area_m2": 109940, "street_m": 164}, "geometry": {"type": "Polygon", "coordinates": [[[-121.95407, 37.73113], [-121.95299, 37.73281], [-121.95424, 37.73432], [-121.95658, 37.73415], [-121.95766, 37.73247], [-121.95641, 37.73096], [-121.95407, 37.73113]]]}}, {"type": "Feature", "properties": {"id": 508, "name": "West Dublin N 9", "lst": 45.8, "green": 25.1, "pop": 62, "pct65": 15.0, "ac": 65.6, "holc": null, "access_min": 3.7, "access_km": 0.29, "score": 43.4, "rank": 305, "area_m2": 109941, "street_m": 336}, "geometry": {"type": "Polygon", "coordinates": [[[-121.95065, 37.73298], [-121.94957, 37.73466], [-121.95082, 37.73617], [-121.95316, 37.736], [-121.95424, 37.73432], [-121.95299, 37.73281], [-121.95065, 37.73298]]]}}, {"type": "Feature", "properties": {"id": 509, "name": "The Gardens NW", "lst": 45.2, "green": 28.4, "pop": 265, "pct65": 13.3, "ac": 62.8, "holc": null, "access_min": 8.3, "access_km": 0.66, "score": 43.9, "rank": 301, "area_m2": 109958, "street_m": 1247}, "geometry": {"type": "Polygon", "coordinates": [[[-121.93645, 37.7308], [-121.93537, 37.73248], [-121.93662, 37.73399], [-121.93896, 37.73382], [-121.94004, 37.73214], [-121.93879, 37.73063], [-121.93645, 37.7308]]]}}, {"type": "Feature", "properties": {"id": 510, "name": "The Gardens NW 3", "lst": 46.9, "green": 25.2, "pop": 346, "pct65": 10.5, "ac": 88.3, "holc": null, "access_min": 12.3, "access_km": 0.98, "score": 57.0, "rank": 146, "area_m2": 109953, "street_m": 1218}, "geometry": {"type": "Polygon", "coordinates": [[[-121.94004, 37.73214], [-121.93896, 37.73382], [-121.94022, 37.73533], [-121.94255, 37.73516], [-121.94364, 37.73348], [-121.94238, 37.73197], [-121.94004, 37.73214]]]}}, {"type": "Feature", "properties": {"id": 511, "name": "The Gardens N 2", "lst": 42.5, "green": 38.3, "pop": 129, "pct65": 17.0, "ac": 46.4, "holc": null, "access_min": 9.0, "access_km": 0.72, "score": 19.7, "rank": 409, "area_m2": 109960, "street_m": 349}, "geometry": {"type": "Polygon", "coordinates": [[[-121.93303, 37.73264], [-121.93195, 37.73433], [-121.9332, 37.73584], [-121.93554, 37.73567], [-121.93662, 37.73399], [-121.93537, 37.73248], [-121.93303, 37.73264]]]}}, {"type": "Feature", "properties": {"id": 512, "name": "The Gardens N 3", "lst": 47.4, "green": 20.9, "pop": 435, "pct65": 18.0, "ac": 49.1, "holc": null, "access_min": 13.5, "access_km": 1.08, "score": 74.0, "rank": 20, "area_m2": 109954, "street_m": 1373}, "geometry": {"type": "Polygon", "coordinates": [[[-121.93662, 37.73399], [-121.93554, 37.73567], [-121.9368, 37.73718], [-121.93913, 37.73701], [-121.94022, 37.73533], [-121.93896, 37.73382], [-121.93662, 37.73399]]]}}, {"type": "Feature", "properties": {"id": 513, "name": "The Gardens", "lst": 47.4, "green": 19.7, "pop": 316, "pct65": 10.5, "ac": 88.3, "holc": null, "access_min": 4.3, "access_km": 0.34, "score": 64.4, "rank": 79, "area_m2": 109963, "street_m": 1724}, "geometry": {"type": "Polygon", "coordinates": [[[-121.93627, 37.7276], [-121.93519, 37.72928], [-121.93645, 37.7308], [-121.93879, 37.73063], [-121.93987, 37.72895], [-121.93861, 37.72743], [-121.93627, 37.7276]]]}}, {"type": "Feature", "properties": {"id": 514, "name": "The Gardens NW 2", "lst": 47.0, "green": 25.1, "pop": 300, "pct65": 10.6, "ac": 80.6, "holc": null, "access_min": 9.8, "access_km": 0.79, "score": 55.5, "rank": 164, "area_m2": 109957, "street_m": 1071}, "geometry": {"type": "Polygon", "coordinates": [[[-121.93987, 37.72895], [-121.93879, 37.73063], [-121.94004, 37.73214], [-121.94238, 37.73197], [-121.94346, 37.73029], [-121.94221, 37.72878], [-121.93987, 37.72895]]]}}, {"type": "Feature", "properties": {"id": 515, "name": "The Gardens N", "lst": 44.8, "green": 27.8, "pop": 264, "pct65": 17.7, "ac": 48.5, "holc": null, "access_min": 4.8, "access_km": 0.39, "score": 45.4, "rank": 286, "area_m2": 109964, "street_m": 1382}, "geometry": {"type": "Polygon", "coordinates": [[[-121.93285, 37.72945], [-121.93177, 37.73113], [-121.93303, 37.73264], [-121.93537, 37.73248], [-121.93645, 37.7308], [-121.93519, 37.72928], [-121.93285, 37.72945]]]}}, {"type": "Feature", "properties": {"id": 516, "name": "The Gardens NW 7", "lst": 46.0, "green": 29.5, "pop": 155, "pct65": 12.8, "ac": 68.5, "holc": null, "access_min": 11.5, "access_km": 0.92, "score": 42.2, "rank": 312, "area_m2": 109943, "street_m": 769}, "geometry": {"type": "Polygon", "coordinates": [[[-121.94381, 37.73668], [-121.94273, 37.73836], [-121.94398, 37.73987], [-121.94632, 37.7397], [-121.9474, 37.73802], [-121.94615, 37.73651], [-121.94381, 37.73668]]]}}, {"type": "Feature", "properties": {"id": 517, "name": "The Gardens NW 9", "lst": 48.7, "green": 16.0, "pop": 191, "pct65": 19.2, "ac": 53.0, "holc": null, "access_min": 11.6, "access_km": 0.93, "score": 73.4, "rank": 22, "area_m2": 109938, "street_m": 1225}, "geometry": {"type": "Polygon", "coordinates": [[[-121.9474, 37.73802], [-121.94632, 37.7397], [-121.94758, 37.74121], [-121.94992, 37.74105], [-121.951, 37.73936], [-121.94974, 37.73785], [-121.9474, 37.73802]]]}}, {"type": "Feature", "properties": {"id": 518, "name": "Old Ranch Summit W 7", "lst": 48.6, "green": 17.0, "pop": 190, "pct65": 15.4, "ac": 53.1, "holc": null, "access_min": 15.4, "access_km": 1.23, "score": 69.4, "rank": 49, "area_m2": 109944, "street_m": 1190}, "geometry": {"type": "Polygon", "coordinates": [[[-121.94039, 37.73853], [-121.93931, 37.74021], [-121.94056, 37.74172], [-121.9429, 37.74155], [-121.94398, 37.73987], [-121.94273, 37.73836], [-121.94039, 37.73853]]]}}, {"type": "Feature", "properties": {"id": 519, "name": "Old Ranch Summit W 10", "lst": 48.3, "green": 19.2, "pop": 255, "pct65": 18.6, "ac": 53.6, "holc": null, "access_min": 11.4, "access_km": 0.91, "score": 71.3, "rank": 34, "area_m2": 109939, "street_m": 1367}, "geometry": {"type": "Polygon", "coordinates": [[[-121.94398, 37.73987], [-121.9429, 37.74155], [-121.94416, 37.74306], [-121.9465, 37.7429], [-121.94758, 37.74121], [-121.94632, 37.7397], [-121.94398, 37.73987]]]}}, {"type": "Feature", "properties": {"id": 520, "name": "The Gardens NW 6", "lst": 47.2, "green": 24.5, "pop": 311, "pct65": 13.9, "ac": 63.2, "holc": null, "access_min": 8.0, "access_km": 0.64, "score": 60.1, "rank": 119, "area_m2": 109948, "street_m": 1476}, "geometry": {"type": "Polygon", "coordinates": [[[-121.94364, 37.73348], [-121.94255, 37.73516], [-121.94381, 37.73668], [-121.94615, 37.73651], [-121.94723, 37.73483], [-121.94597, 37.73331], [-121.94364, 37.73348]]]}}, {"type": "Feature", "properties": {"id": 521, "name": "The Gardens NW 8", "lst": 46.6, "green": 21.4, "pop": 156, "pct65": 21.4, "ac": 40.3, "holc": null, "access_min": 6.2, "access_km": 0.5, "score": 57.9, "rank": 141, "area_m2": 109942, "street_m": 1850}, "geometry": {"type": "Polygon", "coordinates": [[[-121.94723, 37.73483], [-121.94615, 37.73651], [-121.9474, 37.73802], [-121.94974, 37.73785], [-121.95082, 37.73617], [-121.94957, 37.73466], [-121.94723, 37.73483]]]}}, {"type": "Feature", "properties": {"id": 522, "name": "The Gardens NW 5", "lst": 47.5, "green": 22.6, "pop": 282, "pct65": 12.2, "ac": 68.0, "holc": null, "access_min": 13.8, "access_km": 1.1, "score": 61.2, "rank": 112, "area_m2": 109949, "street_m": 1220}, "geometry": {"type": "Polygon", "coordinates": [[[-121.94022, 37.73533], [-121.93913, 37.73701], [-121.94039, 37.73853], [-121.94273, 37.73836], [-121.94381, 37.73668], [-121.94255, 37.73516], [-121.94022, 37.73533]]]}}, {"type": "Feature", "properties": {"id": 523, "name": "West Dublin NW", "lst": 41.2, "green": 37.1, "pop": 24, "pct65": 13.4, "ac": 65.6, "holc": null, "access_min": 20.0, "access_km": 1.6, "score": 12.1, "rank": 416, "area_m2": 109958, "street_m": 0}, "geometry": {"type": "Polygon", "coordinates": [[[-121.94995, 37.7202], [-121.94887, 37.72188], [-121.95013, 37.72339], [-121.95246, 37.72323], [-121.95354, 37.72154], [-121.95229, 37.72003], [-121.94995, 37.7202]]]}}, {"type": "Feature", "properties": {"id": 524, "name": "West Dublin N", "lst": 44.4, "green": 26.3, "pop": 4, "pct65": 12.1, "ac": 65.6, "holc": null, "access_min": 17.0, "access_km": 1.36, "score": 33.3, "rank": 368, "area_m2": 109959, "street_m": 0}, "geometry": {"type": "Polygon", "coordinates": [[[-121.94653, 37.72205], [-121.94545, 37.72373], [-121.94671, 37.72524], [-121.94904, 37.72508], [-121.95013, 37.72339], [-121.94887, 37.72188], [-121.94653, 37.72205]]]}}, {"type": "Feature", "properties": {"id": 527, "name": "Village Parkway NW 3", "lst": 47.2, "green": 11.7, "pop": 65, "pct65": 18.6, "ac": 39.6, "holc": null, "access_min": 11.3, "access_km": 0.9, "score": 64.0, "rank": 85, "area_m2": 109966, "street_m": 1347}, "geometry": {"type": "Polygon", "coordinates": [[[-121.93952, 37.72256], [-121.93844, 37.72424], [-121.93969, 37.72575], [-121.94203, 37.72558], [-121.94311, 37.7239], [-121.94186, 37.72239], [-121.93952, 37.72256]]]}}, {"type": "Feature", "properties": {"id": 528, "name": "West Dublin N 2", "lst": 45.7, "green": 18.2, "pop": 114, "pct65": 16.2, "ac": 65.6, "holc": null, "access_min": 14.5, "access_km": 1.16, "score": 52.7, "rank": 193, "area_m2": 109960, "street_m": 1435}, "geometry": {"type": "Polygon", "coordinates": [[[-121.94311, 37.7239], [-121.94203, 37.72558], [-121.94329, 37.7271], [-121.94563, 37.72693], [-121.94671, 37.72524], [-121.94545, 37.72373], [-121.94311, 37.7239]]]}}, {"type": "Feature", "properties": {"id": 529, "name": "The Vintner", "lst": 48.0, "green": 18.8, "pop": 479, "pct65": 11.2, "ac": 55.1, "holc": null, "access_min": 5.6, "access_km": 0.45, "score": 77.1, "rank": 15, "area_m2": 109967, "street_m": 1487}, "geometry": {"type": "Polygon", "coordinates": [[[-121.9361, 37.72441], [-121.93502, 37.72609], [-121.93627, 37.7276], [-121.93861, 37.72743], [-121.93969, 37.72575], [-121.93844, 37.72424], [-121.9361, 37.72441]]]}}, {"type": "Feature", "properties": {"id": 530, "name": "The Vintner W", "lst": 48.5, "green": 12.4, "pop": 245, "pct65": 19.5, "ac": 48.0, "holc": null, "access_min": 9.0, "access_km": 0.72, "score": 79.7, "rank": 11, "area_m2": 109962, "street_m": 1088}, "geometry": {"type": "Polygon", "coordinates": [[[-121.93969, 37.72575], [-121.93861, 37.72743], [-121.93987, 37.72895], [-121.94221, 37.72878], [-121.94329, 37.7271], [-121.94203, 37.72558], [-121.93969, 37.72575]]]}}, {"type": "Feature", "properties": {"id": 531, "name": "West Dublin", "lst": 46.6, "green": 17.6, "pop": 22, "pct65": 13.3, "ac": 65.6, "holc": null, "access_min": 17.1, "access_km": 1.37, "score": 51.0, "rank": 217, "area_m2": 109965, "street_m": 1446}, "geometry": {"type": "Polygon", "coordinates": [[[-121.94294, 37.72071], [-121.94186, 37.72239], [-121.94311, 37.7239], [-121.94545, 37.72373], [-121.94653, 37.72205], [-121.94528, 37.72054], [-121.94294, 37.72071]]]}}, {"type": "Feature", "properties": {"id": 533, "name": "Foothill Gardens S 6", "lst": 45.3, "green": 23.4, "pop": 23, "pct65": 13.3, "ac": 64.5, "holc": null, "access_min": 23.6, "access_km": 1.89, "score": 40.4, "rank": 327, "area_m2": 109920, "street_m": 84}, "geometry": {"type": "Polygon", "coordinates": [[[-121.96161, 37.7402], [-121.96052, 37.74188], [-121.96178, 37.74339], [-121.96412, 37.74322], [-121.9652, 37.74154], [-121.96394, 37.74003], [-121.96161, 37.7402]]]}}, {"type": "Feature", "properties": {"id": 534, "name": "Foothill Gardens SE 9", "lst": 45.3, "green": 30.1, "pop": 243, "pct65": 17.7, "ac": 65.6, "holc": null, "access_min": 19.0, "access_km": 1.52, "score": 44.3, "rank": 297, "area_m2": 109921, "street_m": 1634}, "geometry": {"type": "Polygon", "coordinates": [[[-121.95819, 37.74205], [-121.9571, 37.74373], [-121.95836, 37.74524], [-121.9607, 37.74507], [-121.96178, 37.74339], [-121.96052, 37.74188], [-121.95819, 37.74205]]]}}, {"type": "Feature", "properties": {"id": 535, "name": "Foothill Gardens S 5", "lst": 43.9, "green": 27.4, "pop": 91, "pct65": 14.1, "ac": 59.5, "holc": null, "access_min": 23.2, "access_km": 1.85, "score": 33.9, "rank": 364, "area_m2": 109916, "street_m": 482}, "geometry": {"type": "Polygon", "coordinates": [[[-121.96178, 37.74339], [-121.9607, 37.74507], [-121.96195, 37.74659], [-121.96429, 37.74642], [-121.96537, 37.74474], [-121.96412, 37.74322], [-121.96178, 37.74339]]]}}, {"type": "Feature", "properties": {"id": 537, "name": "Foothill Gardens S 7", "lst": 45.2, "green": 22.1, "pop": 144, "pct65": 16.7, "ac": 65.6, "holc": null, "access_min": 18.3, "access_km": 1.47, "score": 48.2, "rank": 252, "area_m2": 109926, "street_m": 594}, "geometry": {"type": "Polygon", "coordinates": [[[-121.95801, 37.73886], [-121.95693, 37.74054], [-121.95819, 37.74205], [-121.96052, 37.74188], [-121.96161, 37.7402], [-121.96035, 37.73869], [-121.95801, 37.73886]]]}}, {"type": "Feature", "properties": {"id": 538, "name": "Foothill Gardens S 2", "lst": 41.8, "green": 33.1, "pop": 16, "pct65": 12.2, "ac": 57.8, "holc": null, "access_min": 28.1, "access_km": 2.25, "score": 17.3, "rank": 413, "area_m2": 109906, "street_m": 86}, "geometry": {"type": "Polygon", "coordinates": [[[-121.96555, 37.74793], [-121.96447, 37.74961], [-121.96572, 37.75112], [-121.96806, 37.75095], [-121.96914, 37.74927], [-121.96789, 37.74776], [-121.96555, 37.74793]]]}}]}