id,previous_rank,current_rank,previous_score,current_score,previous_pop,current_pop,previous_ac,current_ac,rank_change
12,1729.0,1769.0,46.7,46.4,2.0,2.0,98.7,98.7,-40.0
15,1876.0,1916.0,45.8,45.6,2.0,2.0,98.7,98.7,-40.0
16,3284.0,3303.0,33.1,32.9,2.0,2.0,98.7,98.7,-19.0
17,3417.0,3428.0,31.0,30.8,2.0,2.0,98.7,98.7,-11.0
18,3102.0,3117.0,35.8,35.5,2.0,2.0,98.7,98.7,-15.0
19,3131.0,3150.0,35.4,35.2,2.0,2.0,98.7,98.7,-19.0
21,3310.0,3327.0,32.8,32.6,1.0,1.0,98.7,98.7,-17.0
22,3331.0,3345.0,32.5,32.3,1.0,1.0,98.7,98.7,-14.0
23,1216.0,1235.0,51.0,50.7,2.0,2.0,98.7,98.7,-19.0
24,1446.0,1472.0,48.8,48.5,2.0,2.0,98.7,98.7,-26.0
25,1732.0,1772.0,46.7,46.4,2.0,2.0,98.7,98.7,-40.0
26,2709.0,2741.0,39.6,39.3,2.0,2.0,98.7,98.7,-32.0
27,1119.0,1142.0,51.9,51.6,2.0,2.0,98.7,98.7,-23.0
28,1347.0,1362.0,49.7,49.5,2.0,2.0,98.7,98.7,-15.0
29,1252.0,1266.0,50.7,50.4,2.0,2.0,98.7,98.7,-14.0
30,3184.0,3201.0,34.7,34.4,2.0,2.0,98.7,98.7,-17.0
31,2793.0,2822.0,38.9,38.6,2.0,2.0,98.7,98.7,-29.0
32,2797.0,2825.0,38.8,38.6,1.0,1.0,98.7,98.7,-28.0
33,3136.0,3153.0,35.4,35.1,1.0,1.0,98.7,98.7,-17.0
34,2498.0,2531.0,41.4,41.2,2.0,2.0,98.7,98.7,-33.0
35,2663.0,2693.0,40.1,39.8,2.0,2.0,98.7,98.7,-30.0
36,3166.0,3184.0,34.9,34.6,2.0,2.0,98.7,98.7,-18.0
42,870.0,879.0,54.6,54.3,2.0,2.0,98.7,98.7,-9.0
43,846.0,861.0,54.8,54.5,2.0,2.0,98.7,98.7,-15.0
44,872.0,883.0,54.5,54.2,2.0,2.0,98.7,98.7,-11.0
45,933.0,953.0,53.7,53.4,2.0,2.0,98.7,98.7,-20.0
46,1735.0,1774.0,46.7,46.4,1.0,1.0,98.7,98.7,-39.0
47,919.0,929.0,54.0,53.7,2.0,2.0,98.7,98.7,-10.0
48,954.0,970.0,53.6,53.3,2.0,2.0,98.7,98.7,-16.0
49,3198.0,3213.0,34.5,34.3,2.0,2.0,98.7,98.7,-15.0
51,3309.0,3323.0,32.9,32.6,2.0,2.0,98.7,98.7,-14.0
52,2313.0,2369.0,42.8,42.6,2.0,2.0,98.7,98.7,-56.0
53,3306.0,3318.0,32.9,32.7,2.0,2.0,98.7,98.7,-12.0
55,3449.0,3464.0,30.2,30.0,2.0,2.0,98.7,98.7,-15.0
56,3032.0,3052.0,36.5,36.2,1.0,1.0,98.7,98.7,-20.0
57,2351.0,2398.0,42.6,42.3,2.0,2.0,98.7,98.7,-47.0
58,3390.0,3400.0,31.5,31.2,2.0,2.0,98.7,98.7,-10.0
59,3475.0,3486.0,29.4,29.2,2.0,2.0,98.7,98.7,-11.0
62,3130.0,3149.0,35.4,35.2,2.0,2.0,98.7,98.7,-19.0
86,2729.0,2737.0,39.5,39.3,5.0,6.0,99.98,99.97,-8.0
87,3065.0,2994.0,36.1,36.8,93.0,111.0,99.91,99.91,71.0
88,1631.0,1321.0,47.4,49.9,234.0,278.0,99.9,99.9,310.0
89,1039.0,878.0,52.6,54.3,133.0,170.0,100.0,100.0,161.0
90,1431.0,1118.0,48.9,51.8,253.0,303.0,99.91,99.91,313.0
91,2934.0,2954.0,37.4,37.2,7.0,8.0,100.0,100.0,-20.0
92,3578.0,3591.0,24.6,24.4,9.0,9.0,100.0,100.0,-13.0
94,3699.0,3710.0,18.5,18.3,8.0,8.0,100.0,100.0,-11.0
95,3492.0,3504.0,28.8,28.6,3.0,3.0,100.0,100.0,-12.0
96,3282.0,3300.0,33.2,33.0,7.0,7.0,100.0,100.0,-18.0
97,3378.0,3382.0,31.7,31.5,41.0,39.0,100.0,100.0,-4.0
98,3750.0,3762.0,8.7,8.6,8.0,8.0,100.0,100.0,-12.0
99,3665.0,3677.0,20.9,20.7,3.0,4.0,100.0,100.0,-12.0
101,641.0,626.0,57.9,58.1,250.0,250.0,100.0,100.0,15.0
102,1297.0,1090.0,50.3,52.0,139.0,179.0,100.0,100.0,207.0
103,502.0,544.0,60.5,59.6,325.0,299.0,100.0,100.0,-42.0
104,812.0,784.0,55.2,55.5,245.0,247.0,100.0,100.0,28.0
105,3145.0,3163.0,35.3,35.0,7.0,6.0,100.0,100.0,-18.0
106,2761.0,2723.0,39.2,39.5,66.0,85.0,100.0,100.0,38.0
107,1180.0,1230.0,51.3,50.8,198.0,183.0,100.0,100.0,-50.0
109,3179.0,3190.0,34.7,34.6,5.0,6.0,100.0,100.0,-11.0
110,3234.0,3249.0,34.0,33.7,4.0,4.0,100.0,100.0,-15.0
111,3008.0,3026.0,36.8,36.6,9.0,9.0,100.0,100.0,-18.0
112,3527.0,3542.0,27.3,27.1,2.0,2.0,100.0,100.0,-15.0
113,3671.0,3682.0,20.4,20.2,3.0,3.0,100.0,100.0,-11.0
114,3686.0,3697.0,19.4,19.2,3.0,4.0,100.0,100.0,-11.0
115,1533.0,1555.0,48.1,47.9,5.0,6.0,99.3,99.3,-22.0
117,3504.0,3516.0,28.3,28.1,1.0,1.0,99.3,99.3,-12.0
118,2520.0,2542.0,41.3,41.1,6.0,7.0,99.3,99.3,-22.0
119,368.0,230.0,63.9,68.2,318.0,370.0,99.6,99.6,138.0
120,424.0,307.0,62.1,65.7,315.0,357.0,99.6,99.6,117.0
121,1063.0,1029.0,52.4,52.7,122.0,119.0,99.58,99.61,34.0
122,675.0,478.0,57.3,61.0,283.0,327.0,99.61,99.61,197.0
123,454.0,340.0,61.4,64.8,208.0,243.0,99.6,99.6,114.0
124,460.0,392.0,61.2,63.3,222.0,242.0,99.6,99.6,68.0
125,378.0,382.0,63.4,63.5,221.0,221.0,99.38,99.38,-4.0
126,712.0,667.0,56.7,57.3,299.0,302.0,99.6,99.6,45.0
127,563.0,587.0,59.3,59.0,298.0,290.0,99.71,99.71,-24.0
128,339.0,276.0,64.6,66.7,308.0,330.0,99.72,99.73,63.0
129,1076.0,1220.0,52.2,50.9,293.0,272.0,99.94,99.94,-144.0
130,744.0,633.0,56.1,58.1,307.0,329.0,99.6,99.6,111.0
131,858.0,830.0,54.6,54.9,298.0,296.0,99.62,99.62,28.0
132,696.0,485.0,56.9,60.8,320.0,372.0,99.6,99.6,211.0
133,2595.0,2579.0,40.6,40.8,40.0,38.0,99.8,99.8,16.0
134,2805.0,2788.0,38.7,38.9,51.0,49.0,99.8,99.8,17.0
135,1168.0,1101.0,51.4,51.9,257.0,247.0,99.8,99.8,67.0
136,2564.0,2609.0,40.9,40.5,34.0,32.0,99.3,99.3,-45.0
137,1108.0,1105.0,52.0,51.8,109.0,98.0,99.8,99.8,3.0
138,604.0,672.0,58.6,57.2,196.0,176.0,99.9,99.89,-68.0
139,290.0,414.0,66.1,62.6,427.0,381.0,99.8,99.8,-124.0
140,651.0,760.0,57.8,55.9,130.0,107.0,99.8,99.8,-109.0
141,1161.0,1052.0,51.4,52.5,94.0,91.0,99.8,99.8,109.0
142,631.0,470.0,58.1,61.2,235.0,267.0,99.63,99.64,161.0
143,394.0,390.0,63.1,63.3,341.0,327.0,99.8,99.8,4.0
144,2712.0,2743.0,39.6,39.3,3.0,3.0,100.0,100.0,-31.0
145,2980.0,3007.0,37.0,36.7,3.0,3.0,100.0,100.0,-27.0
146,1319.0,1155.0,50.0,51.5,95.0,111.0,99.63,99.62,164.0
147,1933.0,1972.0,45.5,45.2,2.0,2.0,99.6,99.6,-39.0
148,2768.0,2792.0,39.1,38.9,2.0,2.0,100.0,100.0,-24.0
149,2369.0,2408.0,42.5,42.2,5.0,5.0,100.0,100.0,-39.0
150,2051.0,2081.0,44.7,44.6,45.0,44.0,99.67,99.67,-30.0
151,757.0,820.0,55.9,55.1,314.0,289.0,99.99,99.99,-63.0
152,307.0,301.0,65.7,66.0,291.0,290.0,99.6,99.6,6.0
153,863.0,846.0,54.6,54.7,211.0,209.0,99.62,99.62,17.0
154,2682.0,2685.0,39.9,39.8,34.0,34.0,99.68,99.67,-3.0
155,524.0,575.0,60.1,59.2,308.0,284.0,99.99,99.99,-51.0
156,2028.0,2062.0,44.9,44.7,26.0,26.0,99.6,99.6,-34.0
157,962.0,982.0,53.5,53.1,91.0,88.0,99.3,99.3,-20.0
158,469.0,427.0,61.1,62.3,223.0,235.0,99.45,99.45,42.0
159,901.0,922.0,54.2,53.8,38.0,36.0,99.3,99.3,-21.0
160,1342.0,1373.0,49.8,49.3,45.0,42.0,99.3,99.3,-31.0
161,3103.0,3108.0,35.7,35.6,8.0,10.0,99.3,99.3,-5.0
162,2305.0,2240.0,42.9,43.4,11.0,13.0,99.64,99.53,65.0
163,1949.0,1941.0,45.4,45.4,15.0,18.0,99.3,99.3,8.0
167,2449.0,2487.0,41.8,41.5,2.0,2.0,98.7,98.7,-38.0
170,3156.0,3168.0,35.1,34.9,2.0,2.0,98.7,98.7,-12.0
172,2385.0,2419.0,42.4,42.1,2.0,2.0,98.7,98.7,-34.0
173,1304.0,1318.0,50.2,49.9,2.0,2.0,98.7,98.7,-14.0
175,2459.0,2495.0,41.7,41.5,2.0,2.0,98.7,98.7,-36.0
176,2141.0,2188.0,44.1,43.8,2.0,2.0,98.7,98.7,-47.0
177,1200.0,1214.0,51.2,50.9,2.0,2.0,98.7,98.7,-14.0
181,1263.0,1269.0,50.6,50.4,1.0,2.0,98.7,98.7,-6.0
182,2803.0,2830.0,38.8,38.5,2.0,2.0,98.7,98.7,-27.0
183,1937.0,1977.0,45.5,45.2,2.0,2.0,98.7,98.7,-40.0
184,2253.0,2304.0,43.3,43.0,1.0,1.0,98.7,98.7,-51.0
186,3106.0,3119.0,35.7,35.5,2.0,2.0,98.7,98.7,-13.0
187,2168.0,2222.0,43.8,43.6,2.0,2.0,98.7,98.7,-54.0
188,2638.0,2663.0,40.3,40.0,1.0,1.0,98.7,98.7,-25.0
190,2200.0,2251.0,43.6,43.3,1.0,1.0,98.7,98.7,-51.0
192,2818.0,2848.0,38.6,38.4,2.0,2.0,98.7,98.7,-30.0
193,2767.0,2794.0,39.1,38.9,2.0,2.0,98.7,98.7,-27.0
194,3205.0,3215.0,34.4,34.2,2.0,2.0,98.7,98.7,-10.0
195,2923.0,2946.0,37.5,37.3,2.0,2.0,98.7,98.7,-23.0
196,1627.0,1664.0,47.4,47.1,1.0,1.0,98.7,98.7,-37.0
197,2301.0,2352.0,42.9,42.7,2.0,2.0,98.7,98.7,-51.0
198,1643.0,1682.0,47.3,47.0,2.0,2.0,98.7,98.7,-39.0
199,2563.0,2596.0,40.9,40.6,2.0,2.0,98.7,98.7,-33.0
200,2978.0,3005.0,37.0,36.8,2.0,2.0,98.7,98.7,-27.0
201,1388.0,1406.0,49.3,49.0,2.0,2.0,98.7,98.7,-18.0
202,2788.0,2816.0,38.9,38.7,2.0,2.0,98.7,98.7,-28.0
203,1812.0,1854.0,46.2,45.9,2.0,2.0,98.7,98.7,-42.0
204,2023.0,2065.0,45.0,44.7,2.0,2.0,98.7,98.7,-42.0
205,1786.0,1826.0,46.4,46.1,2.0,2.0,98.7,98.7,-40.0
206,2454.0,2491.0,41.7,41.5,1.0,1.0,98.7,98.7,-37.0
207,1617.0,1652.0,47.5,47.2,1.0,1.0,98.7,98.7,-35.0
208,1619.0,1605.0,47.5,47.6,3.0,3.0,99.59,99.53,14.0
209,1504.0,1468.0,48.4,48.6,4.0,4.0,99.76,99.69,36.0
210,987.0,1000.0,53.2,53.0,2.0,2.0,98.7,98.7,-13.0
211,986.0,999.0,53.3,53.0,1.0,1.0,98.7,98.7,-13.0
212,1370.0,1387.0,49.4,49.2,2.0,3.0,99.3,99.3,-17.0
213,1282.0,1277.0,50.4,50.3,14.0,16.0,99.3,99.3,5.0
218,2438.0,2476.0,41.8,41.6,2.0,2.0,98.7,98.7,-38.0
219,997.0,1022.0,53.1,52.8,2.0,2.0,98.7,98.7,-25.0
220,2707.0,2738.0,39.6,39.3,2.0,2.0,98.7,98.7,-31.0
221,2228.0,2279.0,43.4,43.1,2.0,2.0,98.7,98.7,-51.0
223,1080.0,1091.0,52.2,52.0,1.0,1.0,98.7,98.7,-11.0
224,2152.0,2196.0,44.0,43.7,1.0,1.0,98.7,98.7,-44.0
225,3511.0,3523.0,28.1,27.9,1.0,1.0,99.3,99.3,-12.0
226,,2241.0,,43.4,,1.0,,99.3,
227,2310.0,2346.0,42.8,42.7,10.0,12.0,99.3,99.3,-36.0
228,2466.0,2502.0,41.6,41.4,1.0,1.0,98.7,98.7,-36.0
229,2901.0,2918.0,37.8,37.6,2.0,2.0,98.7,98.7,-17.0
230,1737.0,1781.0,46.7,46.4,2.0,2.0,98.7,98.7,-44.0
231,1859.0,1903.0,45.9,45.7,1.0,1.0,98.7,98.7,-44.0
232,1909.0,1946.0,45.6,45.4,2.0,2.0,98.7,98.7,-37.0
233,3042.0,3065.0,36.4,36.1,2.0,2.0,98.7,98.7,-23.0
234,2945.0,2975.0,37.3,37.0,2.0,2.0,98.7,98.7,-30.0
235,3281.0,3302.0,33.2,33.0,1.0,1.0,98.7,98.7,-21.0
236,1303.0,1314.0,50.2,50.0,2.0,2.0,98.7,98.7,-11.0
237,1901.0,1962.0,45.7,45.3,4.0,4.0,99.32,99.34,-61.0
238,2617.0,2657.0,40.5,40.1,5.0,5.0,99.42,99.44,-40.0
239,3122.0,3138.0,35.5,35.3,10.0,11.0,99.67,99.67,-16.0
240,1314.0,1327.0,50.1,49.8,2.0,2.0,98.7,98.7,-13.0
241,1430.0,1448.0,49.0,48.7,2.0,2.0,98.7,98.7,-18.0
242,1715.0,1754.0,46.8,46.5,2.0,2.0,98.7,98.7,-39.0
243,3001.0,3032.0,36.8,36.5,4.0,4.0,99.5,99.51,-31.0
244,3375.0,3387.0,31.8,31.5,11.0,12.0,99.68,99.69,-12.0
245,3319.0,3338.0,32.7,32.4,8.0,8.0,99.7,99.7,-19.0
246,2916.0,2932.0,37.7,37.4,1.0,1.0,98.7,98.7,-16.0
247,2824.0,2857.0,38.5,38.3,2.0,2.0,98.7,98.7,-33.0
249,3151.0,3166.0,35.2,34.9,1.0,1.0,98.7,98.7,-15.0
250,2066.0,2104.0,44.6,44.3,2.0,2.0,98.7,98.7,-38.0
251,1185.0,1198.0,51.3,51.0,2.0,2.0,98.7,98.7,-13.0
252,1656.0,1690.0,47.2,46.9,2.0,2.0,98.7,98.7,-34.0
253,2358.0,2401.0,42.5,42.3,2.0,2.0,98.7,98.7,-43.0
254,1186.0,1199.0,51.3,51.0,2.0,2.0,98.7,98.7,-13.0
255,1147.0,1173.0,51.6,51.3,2.0,2.0,98.7,98.7,-26.0
256,1778.0,1823.0,46.4,46.1,2.0,2.0,98.7,98.7,-45.0
257,2242.0,2286.0,43.3,43.1,2.0,2.0,98.7,98.7,-44.0
258,2836.0,2867.0,38.4,38.2,1.0,1.0,98.7,98.7,-31.0
259,1277.0,1288.0,50.5,50.2,1.0,1.0,98.7,98.7,-11.0
262,1361.0,1380.0,49.5,49.3,1.0,1.0,98.7,98.7,-19.0
263,2831.0,2861.0,38.5,38.2,2.0,2.0,98.7,98.7,-30.0
264,1886.0,1922.0,45.8,45.5,2.0,2.0,98.7,98.7,-36.0
265,1795.0,1839.0,46.3,46.0,2.0,2.0,98.7,98.7,-44.0
266,1320.0,1333.0,50.0,49.8,2.0,2.0,98.7,98.7,-13.0
267,2895.0,2911.0,37.9,37.6,2.0,2.0,98.7,98.7,-16.0
268,3224.0,3241.0,34.1,33.9,2.0,2.0,98.7,98.7,-17.0
269,3110.0,3131.0,35.6,35.4,2.0,2.0,98.7,98.7,-21.0
272,1333.0,1348.0,49.9,49.6,2.0,2.0,98.7,98.7,-15.0
273,1894.0,1937.0,45.7,45.5,1.0,1.0,98.7,98.7,-43.0
274,1684.0,1727.0,46.9,46.6,1.0,1.0,98.7,98.7,-43.0
278,1678.0,1717.0,47.0,46.7,1.0,1.0,98.7,98.7,-39.0
282,1928.0,1967.0,45.5,45.3,2.0,2.0,98.7,98.7,-39.0
284,3476.0,3487.0,29.4,29.2,2.0,2.0,98.7,98.7,-11.0
285,1281.0,1290.0,50.5,50.2,2.0,2.0,98.7,98.7,-9.0
286,1248.0,1264.0,50.7,50.5,2.0,2.0,98.7,98.7,-16.0
287,1106.0,1128.0,52.0,51.7,2.0,2.0,98.7,98.7,-22.0
288,,2212.0,,43.6,,1.0,,98.7,
289,2879.0,2896.0,38.0,37.8,1.0,1.0,98.7,98.7,-17.0
290,2061.0,2100.0,44.7,44.4,1.0,1.0,98.7,98.7,-39.0
291,1422.0,1443.0,49.0,48.7,2.0,2.0,98.7,98.7,-21.0
293,1438.0,1465.0,48.9,48.6,2.0,2.0,98.7,98.7,-27.0
294,2153.0,2197.0,44.0,43.7,1.0,1.0,98.7,98.7,-44.0
295,1373.0,1397.0,49.4,49.1,1.0,1.0,98.7,98.7,-24.0
296,3023.0,3041.0,36.6,36.3,1.0,1.0,98.7,98.7,-18.0
297,1280.0,1289.0,50.5,50.2,2.0,2.0,98.7,98.7,-9.0
299,2006.0,2040.0,45.1,44.8,2.0,2.0,98.7,98.7,-34.0
300,1427.0,1445.0,49.0,48.7,1.0,1.0,98.7,98.7,-18.0
302,2094.0,2127.0,44.4,44.2,2.0,2.0,98.7,98.7,-33.0
303,3477.0,3488.0,29.4,29.2,2.0,2.0,98.7,98.7,-11.0
304,3478.0,3489.0,29.4,29.2,2.0,2.0,98.7,98.7,-11.0
306,3479.0,3490.0,29.4,29.2,2.0,2.0,98.7,98.7,-11.0
307,3480.0,3491.0,29.4,29.2,2.0,2.0,98.7,98.7,-11.0
308,3481.0,3492.0,29.4,29.2,2.0,2.0,98.7,98.7,-11.0
310,3664.0,3676.0,20.9,20.8,2.0,3.0,100.0,100.0,-12.0
311,3684.0,3694.0,19.5,19.4,2.0,3.0,100.0,100.0,-10.0
312,3602.0,3619.0,22.9,22.8,4.0,4.0,100.0,100.0,-17.0
313,3628.0,3639.0,21.4,21.3,4.0,4.0,100.0,100.0,-11.0
314,3629.0,3640.0,21.4,21.3,4.0,4.0,100.0,100.0,-11.0
315,3630.0,3641.0,21.4,21.3,4.0,4.0,100.0,100.0,-11.0
316,3631.0,3642.0,21.4,21.3,4.0,4.0,100.0,100.0,-11.0
317,3632.0,3643.0,21.4,21.3,4.0,4.0,100.0,100.0,-11.0
318,3633.0,3644.0,21.4,21.3,4.0,4.0,100.0,100.0,-11.0
319,3608.0,3624.0,22.6,22.4,2.0,2.0,100.0,100.0,-16.0
320,3558.0,3570.0,25.6,25.4,4.0,4.0,100.0,100.0,-12.0
321,3440.0,3456.0,30.4,30.3,2.0,2.0,100.0,100.0,-16.0
322,3653.0,3665.0,21.4,21.3,2.0,2.0,100.0,100.0,-12.0
323,3634.0,3645.0,21.4,21.3,4.0,4.0,100.0,100.0,-11.0
324,3635.0,3646.0,21.4,21.3,4.0,4.0,100.0,100.0,-11.0
325,3654.0,3663.0,21.4,21.3,2.0,3.0,100.0,100.0,-9.0
326,3636.0,3647.0,21.4,21.3,4.0,4.0,100.0,100.0,-11.0
327,3637.0,3648.0,21.4,21.3,4.0,4.0,100.0,100.0,-11.0
328,3658.0,3669.0,21.4,21.2,4.0,4.0,100.0,100.0,-11.0
329,3652.0,3664.0,21.4,21.3,3.0,3.0,100.0,100.0,-12.0
330,3638.0,3649.0,21.4,21.3,4.0,4.0,100.0,100.0,-11.0
331,3542.0,3555.0,26.5,26.3,1.0,1.0,100.0,100.0,-13.0
332,1791.0,1816.0,46.4,46.2,3.0,4.0,100.0,100.0,-25.0
333,2219.0,2255.0,43.5,43.3,3.0,4.0,100.0,100.0,-36.0
334,1987.0,2010.0,45.2,45.0,4.0,4.0,100.0,100.0,-23.0
336,2268.0,2311.0,43.2,43.0,4.0,4.0,100.0,100.0,-43.0
337,2503.0,2529.0,41.4,41.2,4.0,4.0,100.0,100.0,-26.0
338,1976.0,2001.0,45.3,45.1,4.0,4.0,100.0,100.0,-25.0
339,2106.0,2137.0,44.3,44.1,4.0,4.0,100.0,100.0,-31.0
341,3728.0,3739.0,13.3,13.1,2.0,2.0,100.0,100.0,-11.0
342,3721.0,3732.0,14.5,14.3,2.0,2.0,100.0,100.0,-11.0
343,3696.0,3705.0,18.6,18.6,14.0,15.0,100.0,100.0,-9.0
344,3617.0,3628.0,22.1,22.1,19.0,21.0,100.0,100.0,-11.0
345,2789.0,2740.0,38.9,39.3,59.0,63.0,100.0,100.0,49.0
346,1515.0,1360.0,48.3,49.5,77.0,86.0,100.0,100.0,155.0
347,3358.0,3347.0,32.0,32.3,46.0,49.0,100.0,100.0,11.0
348,3745.0,3756.0,10.8,10.7,8.0,9.0,100.0,100.0,-11.0
349,2859.0,2821.0,38.2,38.6,58.0,62.0,100.0,100.0,38.0
350,3349.0,3363.0,32.2,32.0,4.0,4.0,100.0,100.0,-14.0
351,3117.0,3132.0,35.5,35.4,4.0,4.0,100.0,100.0,-15.0
352,2694.0,2290.0,39.8,43.1,113.0,142.0,100.0,100.0,404.0
353,3119.0,3134.0,35.5,35.3,4.0,4.0,100.0,100.0,-15.0
354,3583.0,3597.0,24.1,23.9,4.0,4.0,100.0,100.0,-14.0
355,3587.0,3599.0,23.9,23.8,4.0,4.0,100.0,100.0,-12.0
356,2607.0,2317.0,40.5,42.9,82.0,101.0,100.0,100.0,290.0
357,2038.0,1957.0,44.8,45.3,59.0,63.0,100.0,100.0,81.0
358,1801.0,1675.0,46.2,47.0,99.0,106.0,100.0,100.0,126.0
359,1268.0,1188.0,50.6,51.2,114.0,122.0,100.0,100.0,80.0
360,306.0,300.0,65.7,66.0,258.0,263.0,100.0,100.0,6.0
361,2294.0,2245.0,42.9,43.4,59.0,63.0,100.0,100.0,49.0
362,2467.0,2422.0,41.6,42.1,59.0,63.0,100.0,100.0,45.0
363,2383.0,2305.0,42.4,43.0,51.0,58.0,100.0,100.0,78.0
364,1244.0,594.0,50.8,58.8,314.0,394.0,100.0,100.0,650.0
365,1680.0,856.0,46.9,54.6,314.0,394.0,100.0,100.0,824.0
366,1218.0,895.0,51.0,54.1,312.0,345.0,100.0,100.0,323.0
367,1329.0,1026.0,49.9,52.8,354.0,357.0,100.0,100.0,303.0
368,1625.0,961.0,47.4,53.4,233.0,289.0,100.0,100.0,664.0
369,534.0,207.0,59.9,68.8,314.0,394.0,100.0,100.0,327.0
370,325.0,216.0,65.1,68.6,312.0,343.0,100.0,100.0,109.0
371,3271.0,3267.0,33.4,33.5,32.0,34.0,100.0,100.0,4.0
372,3639.0,3650.0,21.4,21.3,4.0,4.0,100.0,100.0,-11.0
373,1828.0,1742.0,46.1,46.6,59.0,63.0,100.0,100.0,86.0
374,3415.0,3405.0,31.0,31.2,30.0,33.0,100.0,100.0,10.0
375,3540.0,3546.0,26.6,26.8,34.0,36.0,100.0,100.0,-6.0
376,3651.0,3662.0,21.4,21.3,4.0,4.0,100.0,100.0,-11.0
377,2388.0,2336.0,42.3,42.8,59.0,63.0,100.0,100.0,52.0
378,3640.0,3651.0,21.4,21.3,4.0,4.0,100.0,100.0,-11.0
379,3656.0,3666.0,21.4,21.3,4.0,4.0,100.0,100.0,-10.0
380,3641.0,3652.0,21.4,21.3,4.0,4.0,100.0,100.0,-11.0
381,3642.0,3653.0,21.4,21.3,4.0,4.0,100.0,100.0,-11.0
382,3643.0,3654.0,21.4,21.3,4.0,4.0,100.0,100.0,-11.0
383,3644.0,3655.0,21.4,21.3,4.0,4.0,100.0,100.0,-11.0
384,3645.0,3656.0,21.4,21.3,4.0,4.0,100.0,100.0,-11.0
385,1657.0,1602.0,47.1,47.6,59.0,63.0,100.0,100.0,55.0
386,1404.0,1341.0,49.2,49.7,59.0,63.0,100.0,100.0,63.0
387,2499.0,2451.0,41.4,41.9,59.0,63.0,100.0,100.0,48.0
388,2297.0,2248.0,42.9,43.4,59.0,63.0,100.0,100.0,49.0
389,2476.0,2436.0,41.5,42.0,59.0,63.0,100.0,100.0,40.0
390,1336.0,1278.0,49.8,50.3,59.0,63.0,100.0,100.0,58.0
391,2794.0,2752.0,38.8,39.3,59.0,63.0,100.0,100.0,42.0
392,1697.0,1730.0,46.8,46.6,4.0,4.0,100.0,100.0,-33.0
393,1740.0,1775.0,46.6,46.4,4.0,4.0,100.0,100.0,-35.0
394,2321.0,2366.0,42.8,42.6,4.0,4.0,100.0,100.0,-45.0
395,1727.0,1758.0,46.7,46.5,4.0,4.0,100.0,100.0,-31.0
396,1745.0,1783.0,46.6,46.4,4.0,4.0,100.0,100.0,-38.0
397,1701.0,1733.0,46.8,46.6,4.0,4.0,100.0,100.0,-32.0
398,2076.0,2108.0,44.5,44.3,4.0,4.0,100.0,100.0,-32.0
399,1748.0,1785.0,46.6,46.4,4.0,4.0,100.0,100.0,-37.0
400,1944.0,1959.0,45.4,45.3,5.0,6.0,100.0,100.0,-15.0
401,1616.0,1629.0,47.5,47.4,5.0,7.0,100.0,100.0,-13.0
402,1797.0,1792.0,46.3,46.3,9.0,13.0,100.0,100.0,5.0
403,1741.0,1776.0,46.6,46.4,4.0,4.0,100.0,100.0,-35.0
404,2485.0,2512.0,41.5,41.3,4.0,4.0,100.0,100.0,-27.0
405,1605.0,1640.0,47.5,47.3,4.0,4.0,100.0,100.0,-35.0
406,3493.0,3503.0,28.8,28.6,4.0,4.0,100.0,100.0,-10.0
407,3290.0,3304.0,33.1,32.9,4.0,4.0,100.0,100.0,-14.0
408,3357.0,3368.0,32.1,31.9,4.0,4.0,100.0,100.0,-11.0
409,3555.0,3567.0,25.7,25.5,4.0,4.0,100.0,100.0,-12.0
410,3127.0,3142.0,35.4,35.3,4.0,4.0,100.0,100.0,-15.0
411,2827.0,2854.0,38.5,38.3,4.0,4.0,100.0,100.0,-27.0
412,3039.0,3062.0,36.4,36.2,4.0,4.0,100.0,100.0,-23.0
413,2302.0,2324.0,42.9,42.8,6.0,8.0,100.0,100.0,-22.0
414,1774.0,1765.0,46.4,46.5,10.0,14.0,100.0,100.0,9.0
415,2446.0,2452.0,41.8,41.8,10.0,15.0,100.0,100.0,-6.0
416,1954.0,1923.0,45.4,45.5,11.0,16.0,100.0,100.0,31.0
417,2325.0,2368.0,42.8,42.6,4.0,4.0,100.0,100.0,-43.0
418,1851.0,1889.0,46.0,45.8,4.0,4.0,100.0,100.0,-38.0
419,3144.0,3155.0,35.3,35.1,4.0,4.0,100.0,100.0,-11.0
420,3554.0,3566.0,25.8,25.6,1.0,1.0,100.0,100.0,-12.0
421,3521.0,3534.0,27.6,27.4,1.0,1.0,100.0,100.0,-13.0
422,2514.0,2540.0,41.3,41.1,3.0,3.0,100.0,100.0,-26.0
423,1839.0,1877.0,46.0,45.8,4.0,4.0,100.0,100.0,-38.0
424,1830.0,1867.0,46.1,45.9,4.0,4.0,100.0,100.0,-37.0
425,1641.0,1674.0,47.3,47.0,4.0,4.0,100.0,100.0,-33.0
426,2036.0,2075.0,44.8,44.6,4.0,4.0,100.0,100.0,-39.0
427,2973.0,2992.0,37.0,36.9,2.0,3.0,100.0,100.0,-19.0
428,2086.0,2118.0,44.5,44.2,4.0,4.0,100.0,100.0,-32.0
429,1843.0,1882.0,46.0,45.8,4.0,4.0,100.0,100.0,-39.0
430,3717.0,3728.0,15.7,15.6,4.0,4.0,100.0,100.0,-11.0
431,2363.0,2397.0,42.5,42.3,3.0,4.0,100.0,100.0,-34.0
432,3538.0,3551.0,26.7,26.5,4.0,4.0,100.0,100.0,-13.0
433,3740.0,3752.0,11.1,11.0,4.0,4.0,100.0,100.0,-12.0
434,2933.0,2953.0,37.4,37.2,4.0,4.0,100.0,100.0,-20.0
435,3432.0,3445.0,30.6,30.4,2.0,2.0,100.0,100.0,-13.0
436,3515.0,3530.0,27.8,27.6,4.0,4.0,100.0,100.0,-15.0
437,3603.0,3621.0,22.9,22.7,1.0,1.0,100.0,100.0,-18.0
438,3611.0,3627.0,22.3,22.2,2.0,2.0,100.0,100.0,-16.0
439,3581.0,3588.0,24.2,24.5,57.0,60.0,100.0,100.0,-7.0
440,3614.0,3623.0,22.2,22.4,39.0,41.0,100.0,100.0,-9.0
441,3604.0,3610.0,22.9,23.2,59.0,63.0,100.0,100.0,-6.0
442,3605.0,3611.0,22.8,23.1,59.0,63.0,100.0,100.0,-6.0
443,3535.0,3547.0,26.7,26.7,15.0,16.0,100.0,100.0,-12.0
444,3506.0,3511.0,28.3,28.4,29.0,31.0,100.0,100.0,-5.0
445,3646.0,3657.0,21.4,21.3,4.0,4.0,100.0,100.0,-11.0
446,3647.0,3658.0,21.4,21.3,4.0,4.0,100.0,100.0,-11.0
447,3579.0,3584.0,24.5,24.6,36.0,38.0,100.0,100.0,-5.0
448,3615.0,3631.0,22.2,22.0,4.0,4.0,100.0,100.0,-16.0
449,3648.0,3659.0,21.4,21.3,4.0,4.0,100.0,100.0,-11.0
450,3649.0,3660.0,21.4,21.3,4.0,4.0,100.0,100.0,-11.0
451,3616.0,3626.0,22.1,22.3,37.0,40.0,100.0,100.0,-10.0
452,3497.0,3494.0,28.6,29.0,59.0,63.0,100.0,100.0,3.0
453,3607.0,3613.0,22.7,23.1,59.0,63.0,100.0,100.0,-6.0
454,2163.0,2141.0,43.9,44.1,41.0,43.0,100.0,100.0,22.0
455,3049.0,3008.0,36.3,36.7,59.0,63.0,100.0,100.0,41.0
456,3519.0,3525.0,27.7,27.8,36.0,38.0,100.0,100.0,-6.0
457,3610.0,3618.0,22.5,22.8,59.0,63.0,100.0,100.0,-8.0
458,3344.0,3335.0,32.3,32.4,36.0,38.0,100.0,100.0,9.0
459,3588.0,3592.0,23.9,24.2,59.0,63.0,100.0,100.0,-4.0
460,3572.0,3576.0,24.8,25.1,59.0,63.0,100.0,100.0,-4.0
461,3279.0,3260.0,33.2,33.6,59.0,63.0,100.0,100.0,19.0
462,3482.0,3472.0,29.4,29.8,59.0,63.0,100.0,100.0,10.0
463,3609.0,3617.0,22.5,22.9,59.0,63.0,100.0,100.0,-8.0
464,3606.0,3612.0,22.8,23.1,59.0,63.0,100.0,100.0,-6.0
465,3522.0,3521.0,27.6,27.9,59.0,63.0,100.0,100.0,1.0
466,3655.0,3668.0,21.4,21.2,1.0,1.0,100.0,100.0,-13.0
467,3620.0,3634.0,21.8,21.6,3.0,3.0,100.0,100.0,-14.0
468,3659.0,3670.0,21.3,21.2,3.0,4.0,100.0,100.0,-11.0
469,3650.0,3661.0,21.4,21.3,4.0,4.0,100.0,100.0,-11.0
470,3409.0,3416.0,31.1,30.9,2.0,2.0,100.0,100.0,-7.0
471,3419.0,3419.0,30.9,30.9,10.0,14.0,100.0,100.0,0.0
472,3556.0,3565.0,25.7,25.6,7.0,10.0,100.0,100.0,-9.0
473,3423.0,3421.0,30.8,30.9,11.0,16.0,100.0,100.0,2.0
474,3473.0,3482.0,29.5,29.4,11.0,15.0,99.99,99.99,-9.0
475,3047.0,3058.0,36.3,36.2,4.0,5.0,100.0,100.0,-11.0
476,3396.0,3406.0,31.3,31.1,4.0,4.0,100.0,100.0,-10.0
477,3217.0,3216.0,34.2,34.2,9.0,13.0,100.0,100.0,1.0
478,2868.0,2881.0,38.1,38.0,10.0,12.0,99.9,99.9,-13.0
479,2783.0,2795.0,38.9,38.9,9.0,12.0,99.9,99.9,-12.0
480,2718.0,2733.0,39.5,39.4,10.0,12.0,99.9,99.9,-15.0
481,3030.0,3045.0,36.5,36.3,6.0,7.0,99.9,99.9,-15.0
482,3170.0,3181.0,34.8,34.7,6.0,8.0,99.94,99.94,-11.0
483,2541.0,2558.0,41.0,40.9,10.0,12.0,99.9,99.9,-17.0
484,3289.0,3298.0,33.1,33.0,10.0,13.0,99.92,99.92,-9.0
485,3079.0,3076.0,36.0,36.0,11.0,16.0,100.0,100.0,3.0
486,3226.0,3222.0,34.1,34.1,11.0,16.0,100.0,100.0,4.0
487,2966.0,2958.0,37.1,37.2,11.0,16.0,100.0,100.0,8.0
488,3143.0,3130.0,35.3,35.4,11.0,16.0,100.0,100.0,13.0
489,3025.0,3035.0,36.5,36.5,6.0,9.0,100.0,100.0,-10.0
490,3326.0,3328.0,32.6,32.6,11.0,16.0,100.0,100.0,-2.0
491,3105.0,3103.0,35.7,35.7,9.0,13.0,100.0,100.0,2.0
492,3394.0,3397.0,31.4,31.3,9.0,12.0,99.9,99.9,-3.0
493,3098.0,3110.0,35.8,35.6,5.0,6.0,99.9,99.9,-12.0
494,3243.0,3254.0,33.8,33.7,9.0,12.0,99.9,99.9,-11.0
495,,3301.0,,33.0,,1.0,,99.9,
496,3333.0,3336.0,32.4,32.4,10.0,15.0,99.97,99.97,-3.0
497,3146.0,3152.0,35.3,35.1,10.0,12.0,99.9,99.9,-6.0
498,3256.0,3258.0,33.6,33.6,10.0,15.0,99.97,99.97,-2.0
499,3116.0,3126.0,35.6,35.4,3.0,4.0,100.0,100.0,-10.0
500,1974.0,1994.0,45.3,45.1,2.0,2.0,100.0,100.0,-20.0
501,3150.0,3165.0,35.2,35.0,3.0,3.0,100.0,100.0,-15.0
503,2623.0,2646.0,40.4,40.2,2.0,2.0,100.0,100.0,-23.0
504,3424.0,3431.0,30.8,30.7,4.0,4.0,100.0,100.0,-7.0
505,3121.0,3121.0,35.5,35.4,5.0,6.0,99.97,99.96,0.0
506,3442.0,3458.0,30.4,30.2,4.0,4.0,100.0,100.0,-16.0
507,3186.0,3191.0,34.7,34.6,6.0,7.0,99.94,99.93,-5.0
508,3264.0,3279.0,33.5,33.3,4.0,4.0,100.0,100.0,-15.0
509,3451.0,3461.0,30.2,30.1,4.0,4.0,100.0,100.0,-10.0
510,3363.0,3373.0,31.9,31.7,4.0,4.0,100.0,100.0,-10.0
512,2647.0,2660.0,40.2,40.0,1.0,2.0,100.0,100.0,-13.0
513,3031.0,3050.0,36.5,36.3,2.0,2.0,100.0,100.0,-19.0
514,2487.0,2515.0,41.5,41.3,3.0,3.0,100.0,100.0,-28.0
515,2195.0,2238.0,43.7,43.5,4.0,4.0,100.0,100.0,-43.0
516,2334.0,2387.0,42.7,42.5,1.0,1.0,99.9,99.9,-53.0
517,3183.0,3200.0,34.7,34.4,1.0,1.0,99.9,99.9,-17.0
518,2786.0,2813.0,38.9,38.7,3.0,4.0,99.9,99.9,-27.0
519,2122.0,2146.0,44.2,44.0,2.0,3.0,99.9,99.9,-24.0
520,2888.0,2890.0,38.0,37.8,10.0,12.0,99.9,99.9,-2.0
521,2251.0,2297.0,43.3,43.0,2.0,2.0,99.9,99.9,-46.0
522,2598.0,2615.0,40.6,40.5,10.0,12.0,99.9,99.9,-17.0
523,2991.0,2995.0,36.9,36.8,3.0,5.0,100.0,100.0,-4.0
524,3429.0,3435.0,30.7,30.6,10.0,13.0,99.93,99.94,-6.0
525,2491.0,2484.0,41.4,41.5,11.0,16.0,100.0,100.0,7.0
526,3140.0,3137.0,35.3,35.3,10.0,14.0,99.96,99.96,3.0
528,3209.0,3209.0,34.4,34.4,9.0,13.0,100.0,100.0,0.0
529,2396.0,2415.0,42.2,42.2,7.0,10.0,100.0,100.0,-19.0
530,3321.0,3331.0,32.7,32.5,10.0,12.0,99.9,99.9,-10.0
531,2792.0,2815.0,38.9,38.7,2.0,3.0,99.9,99.9,-23.0
532,2920.0,2924.0,37.6,37.5,10.0,12.0,99.9,99.9,-4.0
533,2856.0,2878.0,38.2,38.0,2.0,2.0,99.9,99.9,-22.0
534,3348.0,3358.0,32.2,32.1,10.0,12.0,99.9,99.9,-10.0
535,3225.0,3234.0,34.1,34.0,7.0,9.0,99.9,99.9,-9.0
536,3397.0,3403.0,31.3,31.2,10.0,12.0,99.9,99.9,-6.0
537,3015.0,3013.0,36.6,36.7,11.0,16.0,100.0,100.0,2.0
538,2838.0,2835.0,38.4,38.5,11.0,16.0,100.0,100.0,3.0
539,3089.0,3082.0,35.9,36.0,11.0,16.0,100.0,100.0,7.0
540,3162.0,3164.0,35.0,35.0,11.0,16.0,100.0,100.0,-2.0
541,2496.0,2488.0,41.4,41.5,11.0,16.0,100.0,100.0,8.0
542,2521.0,2505.0,41.3,41.4,11.0,16.0,100.0,100.0,16.0
543,2936.0,2934.0,37.3,37.4,11.0,16.0,100.0,100.0,2.0
544,2957.0,2962.0,37.2,37.1,10.0,12.0,99.9,99.9,-5.0
545,2937.0,2950.0,37.3,37.2,10.0,12.0,99.9,99.9,-13.0
546,2990.0,3003.0,36.9,36.8,10.0,12.0,99.91,99.91,-13.0
547,2863.0,2874.0,38.2,38.0,10.0,12.0,99.9,99.9,-11.0
548,3193.0,3193.0,34.6,34.5,10.0,14.0,99.96,99.96,0.0
549,2833.0,2847.0,38.5,38.4,10.0,12.0,99.9,99.9,-14.0
550,3322.0,3326.0,32.6,32.6,11.0,16.0,100.0,100.0,-4.0
551,3302.0,3306.0,32.9,32.8,8.0,11.0,100.0,100.0,-4.0
552,3317.0,3316.0,32.7,32.7,7.0,11.0,100.0,100.0,1.0
553,3029.0,3039.0,36.5,36.4,10.0,12.0,99.9,99.9,-10.0
554,3379.0,3383.0,31.7,31.5,10.0,12.0,99.9,99.9,-4.0
555,3228.0,3233.0,34.1,34.0,10.0,14.0,99.94,99.95,-5.0
556,3069.0,3084.0,36.1,35.9,10.0,12.0,99.9,99.9,-15.0
557,3236.0,3237.0,33.9,33.9,11.0,16.0,100.0,100.0,-1.0
558,3268.0,3272.0,33.4,33.4,10.0,14.0,99.94,99.94,-4.0
559,3294.0,3297.0,33.0,33.0,9.0,13.0,100.0,100.0,-3.0
560,2646.0,2644.0,40.2,40.2,9.0,13.0,100.0,100.0,2.0
561,3017.0,3036.0,36.6,36.5,1.0,2.0,100.0,100.0,-19.0
562,2574.0,2567.0,40.8,40.9,11.0,16.0,100.0,100.0,7.0
563,1718.0,1693.0,46.7,46.9,11.0,16.0,100.0,100.0,25.0
564,2464.0,2472.0,41.7,41.6,3.0,5.0,100.0,100.0,-8.0
565,3077.0,3075.0,36.0,36.1,11.0,16.0,100.0,100.0,2.0
567,2705.0,2727.0,39.6,39.5,6.0,8.0,99.9,99.9,-22.0
568,2627.0,2653.0,40.4,40.1,2.0,2.0,99.9,99.9,-26.0
569,2621.0,2635.0,40.4,40.3,7.0,9.0,99.9,99.9,-14.0
570,2315.0,2347.0,42.8,42.7,10.0,12.0,99.9,99.9,-32.0
571,2269.0,2291.0,43.2,43.1,10.0,12.0,99.9,99.9,-22.0
572,2535.0,2551.0,41.1,41.0,10.0,12.0,99.9,99.9,-16.0
573,2846.0,2868.0,38.3,38.1,1.0,2.0,99.9,99.9,-22.0
574,2738.0,2758.0,39.4,39.2,2.0,3.0,99.9,99.9,-20.0
575,3502.0,3514.0,28.4,28.2,6.0,7.0,99.9,99.9,-12.0
578,2568.0,2585.0,40.8,40.7,10.0,12.0,99.9,99.9,-17.0
579,2597.0,2630.0,40.6,40.4,2.0,2.0,99.9,99.9,-33.0
580,2556.0,2571.0,41.0,40.8,10.0,12.0,99.9,99.9,-15.0
582,3040.0,3061.0,36.4,36.2,6.0,7.0,99.9,99.9,-21.0
584,3347.0,3352.0,32.2,32.2,9.0,12.0,99.9,99.9,-5.0
586,3249.0,3262.0,33.7,33.6,10.0,12.0,99.9,99.9,-13.0
587,1653.0,1676.0,47.2,47.0,2.0,3.0,100.0,100.0,-23.0
588,1985.0,2007.0,45.2,45.0,4.0,4.0,100.0,100.0,-22.0
589,2266.0,2298.0,43.2,43.0,2.0,3.0,100.0,100.0,-32.0
590,1869.0,1905.0,45.9,45.6,2.0,2.0,100.0,100.0,-36.0
591,1806.0,1845.0,46.2,46.0,4.0,4.0,100.0,100.0,-39.0
592,2103.0,2132.0,44.3,44.1,4.0,4.0,100.0,100.0,-29.0
593,2127.0,2162.0,44.2,43.9,4.0,4.0,100.0,100.0,-35.0
594,1781.0,1818.0,46.4,46.2,4.0,4.0,100.0,100.0,-37.0
595,1992.0,2020.0,45.2,45.0,4.0,4.0,100.0,100.0,-28.0
596,2120.0,2149.0,44.2,44.0,4.0,4.0,100.0,100.0,-29.0
597,1835.0,1875.0,46.0,45.8,4.0,4.0,100.0,100.0,-40.0
598,2085.0,2117.0,44.5,44.3,4.0,4.0,100.0,100.0,-32.0
599,2417.0,2450.0,42.1,41.9,4.0,4.0,100.0,100.0,-33.0
600,2695.0,2717.0,39.7,39.5,2.0,2.0,100.0,100.0,-22.0
601,2433.0,2463.0,41.9,41.7,4.0,4.0,100.0,100.0,-30.0
602,2440.0,2470.0,41.8,41.6,4.0,4.0,100.0,100.0,-30.0
603,2512.0,2536.0,41.3,41.1,4.0,4.0,100.0,100.0,-24.0
604,2460.0,2483.0,41.7,41.5,2.0,3.0,100.0,100.0,-23.0
605,2167.0,2209.0,43.8,43.6,4.0,4.0,100.0,100.0,-42.0
606,1620.0,1653.0,47.5,47.2,1.0,1.0,100.0,100.0,-33.0
607,2378.0,2418.0,42.4,42.2,1.0,1.0,100.0,100.0,-40.0
608,2154.0,2193.0,44.0,43.7,3.0,3.0,100.0,100.0,-39.0
609,3439.0,3455.0,30.4,30.3,4.0,4.0,100.0,100.0,-16.0
610,3545.0,3556.0,26.3,26.2,4.0,4.0,100.0,100.0,-11.0
611,3447.0,3460.0,30.3,30.1,4.0,4.0,100.0,100.0,-13.0
612,3495.0,3507.0,28.6,28.4,4.0,4.0,100.0,100.0,-12.0
613,2530.0,2555.0,41.2,41.0,2.0,2.0,100.0,100.0,-25.0
614,3365.0,3375.0,31.9,31.7,4.0,4.0,100.0,100.0,-10.0
615,3142.0,3154.0,35.3,35.1,4.0,4.0,100.0,100.0,-12.0
616,3275.0,3288.0,33.2,33.2,9.0,12.0,99.9,99.9,-13.0
617,3094.0,3106.0,35.8,35.7,3.0,4.0,99.9,99.9,-12.0
618,3399.0,3404.0,31.3,31.2,9.0,12.0,99.9,99.9,-5.0
619,3303.0,3312.0,32.9,32.7,3.0,4.0,99.9,99.9,-9.0
620,3356.0,3365.0,32.1,32.0,7.0,9.0,99.92,99.92,-9.0
621,3274.0,3290.0,33.3,33.1,8.0,10.0,99.9,99.9,-16.0
622,3392.0,3393.0,31.4,31.4,8.0,10.0,99.92,99.91,-1.0
623,3257.0,3270.0,33.6,33.4,4.0,4.0,100.0,100.0,-13.0
624,3441.0,3457.0,30.4,30.2,4.0,4.0,100.0,100.0,-16.0
625,2963.0,2980.0,37.2,37.0,3.0,4.0,100.0,100.0,-17.0
626,3270.0,3284.0,33.4,33.2,4.0,4.0,100.0,100.0,-14.0
628,3376.0,3380.0,31.8,31.6,4.0,4.0,100.0,100.0,-4.0
630,3325.0,3332.0,32.6,32.5,6.0,8.0,99.93,99.92,-7.0
631,3313.0,3325.0,32.8,32.6,4.0,5.0,99.9,99.9,-12.0
632,3201.0,3202.0,34.5,34.4,7.0,8.0,99.93,99.92,-1.0
633,2807.0,2832.0,38.7,38.5,3.0,4.0,99.9,99.9,-25.0
634,3370.0,3378.0,31.8,31.6,4.0,4.0,100.0,100.0,-8.0
635,3308.0,3309.0,32.9,32.8,7.0,9.0,99.92,99.92,-1.0
636,3383.0,3394.0,31.5,31.3,4.0,4.0,100.0,100.0,-11.0
638,3469.0,3480.0,29.6,29.4,4.0,4.0,100.0,100.0,-11.0
639,3403.0,3409.0,31.2,31.1,4.0,4.0,100.0,100.0,-6.0
640,3466.0,3477.0,29.7,29.6,4.0,4.0,100.0,100.0,-11.0
641,3400.0,3402.0,31.2,31.2,5.0,7.0,99.95,99.94,-2.0
643,3436.0,3451.0,30.5,30.3,2.0,3.0,100.0,100.0,-15.0
644,3111.0,3127.0,35.6,35.4,2.0,2.0,100.0,100.0,-16.0
647,1677.0,1710.0,47.0,46.8,4.0,4.0,100.0,100.0,-33.0
648,1823.0,1859.0,46.1,45.9,2.0,2.0,100.0,100.0,-36.0
649,2324.0,2370.0,42.8,42.5,2.0,2.0,100.0,100.0,-46.0
651,2523.0,2546.0,41.2,41.1,4.0,5.0,100.0,100.0,-23.0
652,1961.0,1928.0,45.4,45.5,11.0,16.0,100.0,100.0,33.0
653,2604.0,2616.0,40.6,40.5,3.0,5.0,100.0,100.0,-12.0
654,2246.0,2277.0,43.3,43.2,4.0,5.0,100.0,100.0,-31.0
655,1788.0,1757.0,46.4,46.5,11.0,16.0,100.0,100.0,31.0
656,2330.0,2374.0,42.7,42.5,4.0,4.0,100.0,100.0,-44.0
657,2374.0,2410.0,42.4,42.2,4.0,4.0,100.0,100.0,-36.0
658,2104.0,2133.0,44.3,44.1,4.0,4.0,100.0,100.0,-29.0
659,2146.0,2187.0,44.0,43.8,4.0,4.0,100.0,100.0,-41.0
660,2451.0,2480.0,41.8,41.5,4.0,4.0,100.0,100.0,-29.0
661,2042.0,2082.0,44.8,44.6,4.0,4.0,100.0,100.0,-40.0
662,2187.0,2231.0,43.7,43.5,4.0,4.0,100.0,100.0,-44.0
663,2742.0,2768.0,39.3,39.1,3.0,3.0,100.0,100.0,-26.0
664,2962.0,2976.0,37.2,37.0,2.0,3.0,100.0,100.0,-14.0
666,2046.0,2085.0,44.8,44.6,4.0,4.0,100.0,100.0,-39.0
667,2250.0,2288.0,43.3,43.1,4.0,4.0,100.0,100.0,-38.0
668,2260.0,2299.0,43.2,43.0,4.0,4.0,100.0,100.0,-39.0
669,2477.0,2509.0,41.5,41.3,4.0,4.0,100.0,100.0,-32.0
670,1796.0,1831.0,46.3,46.1,4.0,4.0,100.0,100.0,-35.0
671,1983.0,2006.0,45.2,45.0,4.0,4.0,100.0,100.0,-23.0
672,1861.0,1898.0,45.9,45.7,4.0,4.0,100.0,100.0,-37.0
673,2143.0,2183.0,44.0,43.8,4.0,4.0,100.0,100.0,-40.0
674,2405.0,2435.0,42.2,42.0,4.0,4.0,100.0,100.0,-30.0
675,2126.0,2161.0,44.2,43.9,4.0,4.0,100.0,100.0,-35.0
676,2436.0,2260.0,41.9,43.3,19.0,44.0,99.96,99.97,176.0
677,2197.0,1981.0,43.6,45.2,97.0,128.0,99.82,99.84,216.0
678,1190.0,1133.0,51.3,51.7,178.0,196.0,99.85,99.85,57.0
679,603.0,472.0,58.7,61.2,354.0,402.0,99.8,99.8,131.0
680,2368.0,2185.0,42.5,43.8,21.0,45.0,99.95,99.96,183.0
681,2049.0,1744.0,44.8,46.6,12.0,37.0,100.0,100.0,305.0
682,1997.0,1999.0,45.1,45.1,123.0,144.0,99.9,99.9,-2.0
683,862.0,885.0,54.6,54.2,397.0,400.0,99.8,99.8,-23.0
684,1213.0,1349.0,51.0,49.6,386.0,371.0,99.8,99.8,-136.0
685,741.0,684.0,56.2,57.0,422.0,466.0,99.8,99.8,57.0
686,1223.0,1358.0,51.0,49.5,385.0,370.0,99.8,99.8,-135.0
687,794.0,726.0,55.5,56.4,302.0,324.0,99.8,99.8,68.0
688,650.0,729.0,57.8,56.3,386.0,371.0,99.8,99.8,-79.0
689,615.0,591.0,58.4,58.9,428.0,483.0,99.8,99.8,24.0
690,627.0,674.0,58.2,57.2,305.0,301.0,99.86,99.86,-47.0
691,1175.0,1126.0,51.4,51.7,291.0,300.0,99.8,99.8,49.0
692,1240.0,1433.0,50.8,48.8,265.0,248.0,99.8,99.8,-193.0
693,1273.0,1305.0,50.5,50.0,291.0,291.0,99.8,99.8,-32.0
694,380.0,418.0,63.4,62.5,333.0,330.0,99.9,99.9,-38.0
695,1098.0,1078.0,52.0,52.2,125.0,147.0,99.9,99.9,20.0
696,199.0,197.0,69.5,69.2,531.0,506.0,99.9,99.9,2.0
697,759.0,755.0,55.9,56.0,339.0,343.0,99.8,99.8,4.0
698,483.0,469.0,60.9,61.2,376.0,385.0,99.85,99.85,14.0
699,427.0,461.0,62.1,61.4,511.0,466.0,99.8,99.8,-34.0
700,682.0,708.0,57.2,56.6,542.0,482.0,99.8,99.8,-26.0
701,876.0,829.0,54.4,54.9,310.0,320.0,99.8,99.8,47.0
702,475.0,433.0,61.1,62.0,423.0,477.0,99.8,99.8,42.0
703,1041.0,993.0,52.6,53.0,304.0,312.0,99.8,99.8,48.0
704,3073.0,2930.0,36.0,37.4,12.0,37.0,100.0,100.0,143.0
705,2843.0,2683.0,38.4,39.9,12.0,37.0,100.0,100.0,160.0
706,2951.0,2836.0,37.3,38.4,22.0,47.0,99.95,99.96,115.0
707,2932.0,2798.0,37.4,38.9,12.0,37.0,100.0,100.0,134.0
708,2539.0,2348.0,41.1,42.7,12.0,37.0,100.0,100.0,191.0
709,2764.0,2586.0,39.2,40.7,12.0,37.0,100.0,100.0,178.0
710,2140.0,1929.0,44.1,45.5,24.0,49.0,99.95,99.96,211.0
711,1975.0,1667.0,45.3,47.1,12.0,37.0,100.0,100.0,308.0
712,2217.0,1971.0,43.5,45.2,12.0,37.0,100.0,100.0,246.0
713,2129.0,1861.0,44.1,45.9,12.0,37.0,100.0,100.0,268.0
714,2586.0,2482.0,40.7,41.5,52.0,73.0,99.84,99.88,104.0
715,2080.0,1806.0,44.5,46.3,12.0,37.0,100.0,100.0,274.0
716,2155.0,1897.0,44.0,45.7,12.0,37.0,100.0,100.0,258.0
717,1864.0,1582.0,45.9,47.7,12.0,37.0,100.0,100.0,282.0
718,1084.0,1057.0,52.2,52.4,125.0,147.0,99.9,99.9,27.0
719,1803.0,1811.0,46.2,46.2,123.0,145.0,99.9,99.9,-8.0
720,500.0,512.0,60.5,60.5,311.0,318.0,99.9,99.9,-12.0
721,1194.0,1167.0,51.2,51.4,125.0,147.0,99.9,99.9,27.0
722,720.0,698.0,56.6,56.9,125.0,147.0,99.9,99.9,22.0
723,923.0,886.0,53.9,54.2,124.0,146.0,99.9,99.9,37.0
724,559.0,435.0,59.4,62.0,251.0,285.0,99.9,99.9,124.0
725,1584.0,1526.0,47.8,48.2,162.0,169.0,100.0,100.0,58.0
726,2258.0,2285.0,43.2,43.1,158.0,159.0,100.0,100.0,-27.0
727,1609.0,1625.0,47.5,47.4,158.0,159.0,100.0,100.0,-16.0
728,1449.0,1449.0,48.8,48.7,158.0,159.0,100.0,100.0,0.0
729,713.0,588.0,56.7,59.0,173.0,205.0,100.0,100.0,125.0
730,1707.0,1505.0,46.8,48.3,171.0,198.0,100.0,100.0,202.0
731,609.0,516.0,58.5,60.3,170.0,194.0,100.0,100.0,93.0
732,1426.0,1536.0,49.0,48.0,203.0,183.0,99.95,99.95,-110.0
733,881.0,1206.0,54.3,51.0,317.0,275.0,99.99,99.99,-325.0
734,1557.0,1887.0,47.9,45.8,275.0,220.0,99.9,99.9,-330.0
735,1294.0,1427.0,50.3,48.9,303.0,267.0,99.9,99.9,-133.0
736,1940.0,1951.0,45.4,45.3,160.0,160.0,100.0,100.0,-11.0
737,992.0,971.0,53.1,53.3,297.0,302.0,100.0,100.0,21.0
738,1457.0,1459.0,48.7,48.6,158.0,159.0,100.0,100.0,-2.0
739,499.0,595.0,60.5,58.8,350.0,334.0,99.9,99.9,-96.0
740,1196.0,1204.0,51.2,51.0,166.0,165.0,99.99,99.99,-8.0
741,848.0,998.0,54.7,53.0,358.0,340.0,99.9,99.9,-150.0
742,580.0,656.0,59.0,57.4,315.0,291.0,99.9,99.9,-76.0
743,978.0,1116.0,53.3,51.8,371.0,362.0,99.83,99.83,-138.0
744,1013.0,1004.0,52.9,52.9,171.0,175.0,99.99,99.99,9.0
745,628.0,738.0,58.2,56.2,361.0,361.0,99.87,99.88,-110.0
746,1712.0,2088.0,46.8,44.5,281.0,223.0,99.9,99.9,-376.0
747,2606.0,2751.0,40.6,39.3,295.0,252.0,99.9,99.9,-145.0
748,1481.0,1810.0,48.6,46.2,276.0,219.0,99.9,99.9,-329.0
749,1452.0,1615.0,48.8,47.5,304.0,269.0,99.9,99.9,-163.0
750,1018.0,1032.0,52.8,52.7,161.0,160.0,100.0,100.0,-14.0
751,946.0,1073.0,53.7,52.2,216.0,189.0,99.94,99.94,-127.0
752,1130.0,1284.0,51.8,50.2,226.0,193.0,99.93,99.93,-154.0
753,1914.0,1638.0,45.6,47.3,71.0,98.0,100.0,100.0,276.0
754,1128.0,919.0,51.8,53.8,154.0,185.0,100.0,100.0,209.0
755,746.0,619.0,56.1,58.3,167.0,198.0,100.0,100.0,127.0
756,1720.0,1471.0,46.7,48.6,173.0,205.0,100.0,100.0,249.0
757,2721.0,2545.0,39.5,41.1,12.0,37.0,100.0,100.0,176.0
758,2452.0,2244.0,41.8,43.4,12.0,37.0,100.0,100.0,208.0
759,2550.0,2359.0,41.0,42.6,12.0,37.0,100.0,100.0,191.0
760,662.0,634.0,57.5,58.0,295.0,304.0,100.0,100.0,28.0
761,1024.0,1005.0,52.8,52.9,312.0,317.0,100.0,100.0,19.0
762,2053.0,1955.0,44.7,45.3,164.0,175.0,100.0,100.0,98.0
763,1059.0,1048.0,52.4,52.5,295.0,300.0,100.0,100.0,11.0
764,244.0,215.0,68.0,68.6,293.0,302.0,100.0,100.0,29.0
765,459.0,455.0,61.3,61.5,312.0,317.0,100.0,100.0,4.0
766,1513.0,1300.0,48.2,50.0,174.0,205.0,100.0,100.0,213.0
767,281.0,211.0,66.4,68.7,191.0,219.0,99.97,99.97,70.0
768,359.0,272.0,64.1,66.8,173.0,205.0,100.0,100.0,87.0
769,579.0,652.0,59.0,57.5,383.0,368.0,99.8,99.8,-73.0
770,379.0,316.0,63.4,65.5,188.0,216.0,99.97,99.98,63.0
771,1938.0,1648.0,45.5,47.3,16.0,41.0,100.0,100.0,290.0
772,1133.0,928.0,51.7,53.7,91.0,119.0,100.0,100.0,205.0
773,382.0,399.0,63.3,63.0,239.0,240.0,99.81,99.81,-17.0
774,892.0,744.0,54.3,56.0,207.0,224.0,99.7,99.7,148.0
775,1172.0,1011.0,51.4,52.9,179.0,193.0,99.7,99.7,161.0
776,969.0,870.0,53.4,54.4,180.0,189.0,99.7,99.7,99.0
777,773.0,655.0,55.7,57.5,183.0,199.0,99.68,99.67,118.0
778,396.0,363.0,63.0,64.2,340.0,348.0,99.63,99.62,33.0
779,807.0,676.0,55.3,57.2,230.0,247.0,99.7,99.7,131.0
780,1287.0,1186.0,50.4,51.2,181.0,188.0,99.7,99.7,101.0
781,2373.0,2416.0,42.4,42.2,1.0,1.0,99.8,99.8,-43.0
782,2393.0,2427.0,42.3,42.0,1.0,1.0,99.8,99.8,-34.0
783,1635.0,1548.0,47.3,48.0,74.0,86.0,99.5,99.5,87.0
784,2661.0,2689.0,40.1,39.8,1.0,1.0,99.8,99.8,-28.0
785,2637.0,2662.0,40.3,40.0,1.0,1.0,99.8,99.8,-25.0
786,2314.0,2367.0,42.8,42.6,1.0,1.0,99.8,99.8,-53.0
787,956.0,854.0,53.6,54.6,102.0,114.0,99.59,99.58,102.0
788,1566.0,1711.0,47.9,46.7,117.0,106.0,99.7,99.7,-145.0
789,1201.0,1223.0,51.2,50.8,109.0,107.0,99.64,99.63,-22.0
790,898.0,901.0,54.2,54.0,107.0,107.0,99.62,99.61,-3.0
791,690.0,628.0,57.1,58.1,95.0,109.0,99.51,99.51,62.0
792,1846.0,2042.0,46.0,44.8,117.0,106.0,99.7,99.7,-196.0
793,1178.0,1297.0,51.3,50.1,117.0,106.0,99.7,99.7,-119.0
794,1082.0,1207.0,52.2,51.0,117.0,106.0,99.7,99.7,-125.0
795,1132.0,1034.0,51.7,52.6,94.0,109.0,99.5,99.5,98.0
796,1138.0,1042.0,51.7,52.6,94.0,109.0,99.5,99.5,96.0
797,1237.0,1127.0,50.8,51.7,116.0,129.0,99.5,99.5,110.0
798,548.0,533.0,59.6,59.9,252.0,263.0,99.5,99.5,15.0
799,637.0,573.0,58.0,59.2,108.0,122.0,99.55,99.54,64.0
800,700.0,637.0,56.9,57.9,94.0,109.0,99.5,99.5,63.0
801,692.0,627.0,57.1,58.1,94.0,109.0,99.5,99.5,65.0
802,222.0,203.0,68.6,69.0,417.0,418.0,99.61,99.61,19.0
803,663.0,796.0,57.5,55.4,265.0,248.0,99.8,99.8,-133.0
804,145.0,126.0,72.3,73.0,434.0,437.0,99.6,99.6,19.0
805,166.0,160.0,70.6,71.1,414.0,414.0,99.62,99.61,6.0
806,165.0,183.0,70.7,70.1,504.0,508.0,99.8,99.79,-18.0
807,333.0,410.0,64.8,62.7,383.0,362.0,99.86,99.86,-77.0
808,262.0,263.0,67.4,67.0,457.0,461.0,99.67,99.67,-1.0
809,1459.0,1104.0,48.7,51.9,253.0,299.0,99.8,99.8,355.0
810,464.0,555.0,61.2,59.5,436.0,407.0,99.8,99.8,-91.0
811,1286.0,949.0,50.4,53.5,193.0,220.0,99.8,99.8,337.0
812,2404.0,2257.0,42.2,43.3,70.0,79.0,99.8,99.8,147.0
813,2019.0,2295.0,45.0,43.0,264.0,247.0,99.8,99.8,-276.0
814,910.0,1027.0,54.1,52.7,345.0,331.0,99.8,99.8,-117.0
815,866.0,893.0,54.6,54.1,254.0,252.0,99.8,99.8,-27.0
816,441.0,662.0,61.8,57.3,356.0,273.0,99.6,99.6,-221.0
817,376.0,416.0,63.5,62.5,407.0,380.0,99.6,99.6,-40.0
818,371.0,566.0,63.7,59.2,341.0,263.0,99.6,99.6,-195.0
819,1170.0,1401.0,51.4,49.1,226.0,182.0,99.63,99.63,-231.0
820,702.0,987.0,56.9,53.0,322.0,249.0,99.64,99.63,-285.0
821,197.0,226.0,69.6,68.3,405.0,376.0,99.6,99.6,-29.0
822,522.0,764.0,60.2,55.9,356.0,273.0,99.6,99.6,-242.0
823,2497.0,2516.0,41.4,41.3,9.0,9.0,99.7,99.7,-19.0
824,1384.0,1244.0,49.3,50.7,150.0,158.0,99.7,99.7,140.0
825,550.0,513.0,59.6,60.4,249.0,244.0,99.26,99.27,37.0
826,822.0,650.0,55.2,57.5,307.0,323.0,99.7,99.7,172.0
829,2633.0,,40.3,,1.0,,99.8,,
830,678.0,663.0,57.2,57.3,302.0,298.0,99.7,99.7,15.0
831,716.0,737.0,56.6,56.2,302.0,294.0,99.71,99.71,-21.0
832,693.0,597.0,57.1,58.8,305.0,315.0,99.7,99.7,96.0
833,1169.0,1153.0,51.4,51.5,311.0,309.0,99.77,99.77,16.0
834,770.0,724.0,55.7,56.4,291.0,293.0,99.7,99.7,46.0
835,1126.0,1166.0,51.8,51.4,300.0,292.0,99.7,99.7,-40.0
836,1093.0,868.0,52.1,54.4,307.0,323.0,99.7,99.7,225.0
837,347.0,610.0,64.4,58.5,327.0,237.0,99.4,99.4,-263.0
838,186.0,186.0,70.0,70.0,425.0,399.0,99.22,99.21,0.0
839,350.0,356.0,64.3,64.3,542.0,423.0,99.4,99.4,-6.0
840,206.0,434.0,69.1,62.0,410.0,302.0,99.33,99.33,-228.0
841,2254.0,2303.0,43.3,43.0,1.0,1.0,99.8,99.8,-49.0
842,1895.0,1893.0,45.7,45.7,48.0,43.0,99.26,99.23,2.0
843,1086.0,1180.0,52.2,51.2,135.0,110.0,99.4,99.4,-94.0
844,360.0,364.0,64.1,64.2,389.0,369.0,99.28,99.29,-4.0
845,1054.0,838.0,52.5,54.8,307.0,323.0,99.7,99.7,216.0
846,267.0,451.0,67.2,61.6,357.0,280.0,99.2,99.2,-184.0
847,408.0,330.0,62.6,65.1,334.0,374.0,99.3,99.32,78.0
848,243.0,196.0,68.0,69.2,403.0,394.0,99.27,99.27,47.0
849,673.0,538.0,57.3,59.7,307.0,323.0,99.7,99.7,135.0
850,258.0,393.0,67.5,63.2,376.0,310.0,99.2,99.2,-135.0
851,669.0,775.0,57.4,55.7,358.0,337.0,99.9,99.9,-106.0
852,715.0,808.0,56.6,55.2,293.0,271.0,99.9,99.9,-93.0
853,2044.0,2098.0,44.8,44.4,14.0,12.0,99.9,99.9,-54.0
854,1807.0,1891.0,46.2,45.7,51.0,47.0,99.9,99.9,-84.0
855,1069.0,1228.0,52.3,50.8,364.0,357.0,99.88,99.88,-159.0
856,667.0,789.0,57.4,55.4,353.0,358.0,99.9,99.9,-122.0
857,1425.0,1535.0,49.0,48.1,192.0,179.0,99.9,99.9,-110.0
859,2814.0,2852.0,38.6,38.3,24.0,19.0,99.9,99.9,-38.0
861,1935.0,1989.0,45.5,45.1,111.0,107.0,99.7,99.7,-54.0
862,1528.0,1618.0,48.2,47.5,103.0,95.0,99.9,99.9,-90.0
863,2903.0,2920.0,37.8,37.5,19.0,15.0,99.9,99.9,-17.0
865,2293.0,2345.0,43.0,42.7,1.0,1.0,99.8,99.8,-52.0
866,2795.0,,38.8,,1.0,,99.8,,
867,2631.0,2659.0,40.3,40.0,1.0,1.0,99.8,99.8,-28.0
868,2800.0,2829.0,38.8,38.5,1.0,1.0,99.8,99.8,-29.0
869,966.0,1181.0,53.4,51.2,245.0,218.0,99.8,99.8,-215.0
870,2771.0,2796.0,39.1,38.9,1.0,1.0,99.8,99.8,-25.0
871,2238.0,2283.0,43.4,43.1,1.0,1.0,99.8,99.8,-45.0
872,2947.0,2799.0,37.3,38.9,59.0,89.0,99.92,99.93,148.0
873,3087.0,2943.0,35.9,37.3,12.0,37.0,100.0,100.0,144.0
874,640.0,454.0,58.0,61.5,268.0,319.0,99.9,99.9,186.0
875,2423.0,2269.0,42.0,43.2,54.0,75.0,99.92,99.94,154.0
876,2074.0,1886.0,44.6,45.8,49.0,69.0,99.92,99.93,188.0
877,2842.0,2682.0,38.4,39.9,12.0,37.0,100.0,100.0,160.0
878,549.0,394.0,59.6,63.2,268.0,319.0,99.9,99.9,155.0
879,3286.0,3203.0,33.1,34.4,12.0,37.0,100.0,100.0,83.0
880,3071.0,2927.0,36.0,37.5,12.0,37.0,100.0,100.0,144.0
881,2765.0,2587.0,39.2,40.7,12.0,37.0,100.0,100.0,178.0
882,3277.0,3194.0,33.2,34.5,12.0,37.0,100.0,100.0,83.0
883,3532.0,3520.0,26.9,27.9,12.0,37.0,100.0,100.0,12.0
884,3534.0,3522.0,26.9,27.9,12.0,37.0,100.0,100.0,12.0
885,2391.0,2154.0,42.3,44.0,12.0,37.0,100.0,100.0,237.0
886,1179.0,894.0,51.3,54.1,268.0,313.0,99.9,99.9,285.0
887,710.0,751.0,56.7,56.0,268.0,256.0,99.9,99.9,-41.0
888,865.0,1019.0,54.6,52.8,268.0,240.0,99.9,99.9,-154.0
889,1021.0,1509.0,52.8,48.3,268.0,198.0,99.9,99.9,-488.0
890,1137.0,837.0,51.7,54.8,268.0,319.0,99.9,99.9,300.0
891,778.0,584.0,55.7,59.0,268.0,319.0,99.9,99.9,194.0
892,974.0,717.0,53.4,56.6,268.0,319.0,99.9,99.9,257.0
893,297.0,520.0,65.9,60.3,267.0,197.0,99.9,99.9,-223.0
894,2610.0,2525.0,40.5,41.2,43.0,56.0,99.93,99.95,85.0
895,573.0,787.0,59.1,55.5,230.0,184.0,99.9,99.9,-214.0
896,613.0,646.0,58.4,57.6,156.0,157.0,99.9,99.9,-33.0
897,308.0,521.0,65.7,60.3,268.0,200.0,99.9,99.9,-213.0
898,1716.0,1614.0,46.8,47.5,48.0,60.0,99.92,99.95,102.0
899,645.0,1002.0,57.9,52.9,268.0,198.0,99.9,99.9,-357.0
900,2117.0,2150.0,44.2,44.0,8.0,8.0,100.0,100.0,-33.0
901,2437.0,2464.0,41.9,41.7,2.0,3.0,100.0,100.0,-27.0
902,2151.0,2191.0,44.0,43.8,9.0,9.0,100.0,100.0,-40.0
903,2517.0,2532.0,41.3,41.2,1.0,3.0,100.0,100.0,-15.0
904,3315.0,3330.0,32.8,32.6,9.0,9.0,100.0,100.0,-15.0
905,2766.0,2790.0,39.2,38.9,7.0,7.0,100.0,100.0,-24.0
906,2289.0,2338.0,43.0,42.8,9.0,9.0,100.0,100.0,-49.0
907,1849.0,1571.0,46.0,47.8,12.0,37.0,100.0,100.0,278.0
908,1654.0,1403.0,47.2,49.1,12.0,37.0,100.0,100.0,251.0
909,3041.0,2895.0,36.4,37.8,12.0,37.0,100.0,100.0,146.0
910,2902.0,2749.0,37.8,39.3,12.0,37.0,100.0,100.0,153.0
911,3138.0,3101.0,35.3,35.7,7.0,17.0,100.0,100.0,37.0
912,2912.0,2842.0,37.7,38.4,7.0,20.0,100.0,100.0,70.0
913,2432.0,2460.0,41.9,41.7,9.0,9.0,100.0,100.0,-28.0
914,1676.0,1622.0,47.0,47.4,45.0,53.0,99.92,99.91,54.0
915,2116.0,2041.0,44.2,44.8,71.0,83.0,99.91,99.91,75.0
916,891.0,691.0,54.3,57.0,208.0,248.0,99.9,99.9,200.0
917,2630.0,2651.0,40.3,40.1,9.0,9.0,100.0,100.0,-21.0
918,2673.0,2691.0,40.0,39.8,9.0,9.0,100.0,100.0,-18.0
919,2696.0,2716.0,39.7,39.5,9.0,9.0,100.0,100.0,-20.0
920,3235.0,3162.0,34.0,35.0,10.0,31.0,100.0,100.0,73.0
921,2190.0,1986.0,43.7,45.1,10.0,31.0,100.0,100.0,204.0
922,2367.0,2128.0,42.5,44.1,12.0,37.0,100.0,100.0,239.0
923,2280.0,2048.0,43.1,44.8,12.0,37.0,100.0,100.0,232.0
924,3544.0,3541.0,26.4,27.1,10.0,30.0,100.0,100.0,3.0
925,3389.0,3317.0,31.5,32.7,12.0,37.0,100.0,100.0,72.0
926,2961.0,2820.0,37.2,38.6,12.0,37.0,100.0,100.0,141.0
927,2668.0,2589.0,40.0,40.7,50.0,58.0,100.0,100.0,79.0
928,2749.0,2572.0,39.3,40.8,12.0,37.0,100.0,100.0,177.0
929,3157.0,3037.0,35.1,36.4,12.0,37.0,100.0,100.0,120.0
930,2112.0,1841.0,44.3,46.0,12.0,37.0,100.0,100.0,271.0
931,2848.0,2787.0,38.3,38.9,49.0,57.0,100.0,100.0,61.0
932,2575.0,2391.0,40.8,42.4,12.0,37.0,100.0,100.0,184.0
933,2492.0,2287.0,41.4,43.1,12.0,37.0,100.0,100.0,205.0
934,2350.0,2116.0,42.6,44.3,12.0,37.0,100.0,100.0,234.0
935,2382.0,2142.0,42.4,44.0,12.0,37.0,100.0,100.0,240.0
936,2481.0,2276.0,41.5,43.2,12.0,37.0,100.0,100.0,205.0
937,2952.0,2814.0,37.2,38.7,12.0,37.0,100.0,100.0,138.0
938,2545.0,2356.0,41.0,42.6,12.0,37.0,100.0,100.0,189.0
939,2710.0,2535.0,39.6,41.1,12.0,37.0,100.0,100.0,175.0
940,1822.0,1546.0,46.1,48.0,12.0,37.0,100.0,100.0,276.0
941,2027.0,1721.0,44.9,46.7,12.0,37.0,100.0,100.0,306.0
942,2107.0,1835.0,44.3,46.1,12.0,37.0,100.0,100.0,272.0
943,1883.0,1600.0,45.8,47.6,12.0,37.0,100.0,100.0,283.0
944,2447.0,2243.0,41.8,43.4,12.0,37.0,100.0,100.0,204.0
945,2335.0,2097.0,42.7,44.4,12.0,37.0,100.0,100.0,238.0
946,2300.0,2079.0,42.9,44.6,12.0,37.0,100.0,100.0,221.0
948,3292.0,3225.0,33.0,34.1,10.0,31.0,100.0,100.0,67.0
950,2366.0,2165.0,42.5,43.9,10.0,32.0,100.0,100.0,201.0
951,3452.0,3443.0,30.2,30.4,43.0,46.0,100.0,100.0,9.0
952,3488.0,3479.0,29.1,29.4,59.0,63.0,100.0,100.0,9.0
953,2348.0,2342.0,42.6,42.7,3.0,8.0,100.0,100.0,6.0
954,2759.0,2695.0,39.2,39.8,47.0,55.0,100.0,100.0,64.0
955,2717.0,2703.0,39.5,39.7,42.0,44.0,100.0,100.0,14.0
956,3362.0,3343.0,31.9,32.3,59.0,63.0,100.0,100.0,19.0
957,2753.0,2578.0,39.2,40.8,12.0,37.0,100.0,100.0,175.0
958,3446.0,3389.0,30.3,31.4,12.0,37.0,100.0,100.0,57.0
959,3425.0,3359.0,30.8,32.0,12.0,37.0,100.0,100.0,66.0
960,2908.0,2753.0,37.8,39.3,12.0,37.0,100.0,100.0,155.0
961,2398.0,2168.0,42.2,43.9,12.0,37.0,100.0,100.0,230.0
962,2532.0,2334.0,41.2,42.8,12.0,37.0,100.0,100.0,198.0
963,3056.0,2915.0,36.2,37.6,12.0,37.0,100.0,100.0,141.0
964,599.0,711.0,58.8,56.6,358.0,329.0,99.8,99.8,-112.0
965,492.0,599.0,60.8,58.7,358.0,332.0,99.8,99.81,-107.0
966,670.0,636.0,57.3,57.9,370.0,378.0,99.85,99.86,34.0
967,498.0,615.0,60.5,58.3,358.0,329.0,99.8,99.8,-117.0
968,1810.0,1631.0,46.2,47.4,150.0,186.0,99.98,99.99,179.0
969,561.0,603.0,59.3,58.6,255.0,258.0,99.85,99.9,-42.0
970,842.0,799.0,54.8,55.3,320.0,329.0,99.89,99.91,43.0
971,177.0,188.0,70.3,70.0,498.0,487.0,99.9,99.9,-11.0
972,200.0,199.0,69.5,69.2,532.0,506.0,99.9,99.9,1.0
973,298.0,327.0,65.9,65.3,509.0,514.0,99.81,99.81,-29.0
974,140.0,140.0,72.6,72.3,532.0,507.0,99.9,99.9,0.0
975,398.0,277.0,62.9,66.7,362.0,403.0,99.9,99.9,121.0
976,276.0,194.0,66.7,69.5,392.0,424.0,99.9,99.9,82.0
977,178.0,205.0,70.3,68.9,398.0,383.0,99.8,99.81,-27.0
978,403.0,287.0,62.7,66.4,383.0,430.0,99.9,99.9,116.0
979,533.0,383.0,59.9,63.5,384.0,432.0,99.9,99.9,150.0
980,625.0,690.0,58.2,57.0,301.0,283.0,99.99,99.99,-65.0
981,934.0,891.0,53.7,54.1,287.0,293.0,99.9,99.9,43.0
982,302.0,223.0,65.8,68.4,368.0,396.0,99.92,99.92,79.0
983,617.0,436.0,58.4,61.9,384.0,432.0,99.9,99.9,181.0
984,635.0,706.0,58.1,56.7,299.0,280.0,99.99,99.99,-71.0
985,528.0,589.0,60.0,59.0,375.0,364.0,99.82,99.82,-61.0
986,304.0,331.0,65.8,65.1,507.0,514.0,99.8,99.8,-27.0
987,1378.0,1800.0,49.3,46.3,193.0,158.0,99.9,99.9,-422.0
988,478.0,532.0,61.0,59.9,386.0,373.0,99.78,99.78,-54.0
989,597.0,601.0,58.8,58.7,367.0,366.0,99.84,99.84,-4.0
990,216.0,233.0,68.9,68.2,491.0,494.0,99.8,99.8,-17.0
991,1747.0,2169.0,46.6,43.9,199.0,166.0,99.9,99.9,-422.0
992,1639.0,1454.0,47.3,48.7,141.0,179.0,100.0,100.0,185.0
993,887.0,1301.0,54.3,50.0,257.0,196.0,99.9,99.91,-414.0
994,2234.0,2078.0,43.4,44.6,139.0,179.0,100.0,100.0,156.0
995,1750.0,1562.0,46.6,47.9,142.0,179.0,100.0,100.0,188.0
996,1017.0,857.0,52.8,54.6,140.0,179.0,100.0,100.0,160.0
997,789.0,642.0,55.5,57.7,255.0,289.0,99.91,99.91,147.0
998,2337.0,2166.0,42.7,43.9,139.0,179.0,100.0,100.0,171.0
999,1032.0,1160.0,52.7,51.5,305.0,279.0,99.9,99.9,-128.0
1000,816.0,701.0,55.2,56.8,257.0,280.0,99.9,99.9,115.0
1001,404.0,299.0,62.7,66.0,360.0,397.0,99.89,99.9,105.0
1002,474.0,335.0,61.1,65.0,362.0,406.0,99.9,99.9,139.0
1003,1362.0,1952.0,49.5,45.3,268.0,198.0,99.9,99.9,-590.0
1004,1072.0,1564.0,52.3,47.8,268.0,198.0,99.9,99.9,-492.0
1005,775.0,1177.0,55.7,51.3,259.0,196.0,99.9,99.91,-402.0
1006,1920.0,2022.0,45.6,45.0,325.0,299.0,100.0,100.0,-102.0
1007,2134.0,2102.0,44.1,44.4,236.0,241.0,100.0,100.0,32.0
1008,1139.0,1212.0,51.7,50.9,324.0,299.0,99.99,99.99,-73.0
1009,1501.0,1506.0,48.4,48.3,332.0,316.0,99.99,99.98,-5.0
1010,953.0,1020.0,53.6,52.8,325.0,299.0,100.0,100.0,-67.0
1011,1626.0,1585.0,47.4,47.7,240.0,244.0,100.0,100.0,41.0
1012,1510.0,1590.0,48.3,47.7,324.0,299.0,99.98,99.98,-80.0
1013,2725.0,2864.0,39.5,38.2,106.0,100.0,99.9,99.9,-139.0
1014,2802.0,2803.0,38.8,38.8,130.0,145.0,100.0,100.0,-1.0
1015,3014.0,3055.0,36.7,36.2,118.0,116.0,99.9,99.9,-41.0
1016,3011.0,2879.0,36.7,38.0,141.0,152.0,99.91,99.91,132.0
1017,3175.0,3264.0,34.8,33.5,106.0,100.0,99.9,99.9,-89.0
1018,3380.0,3449.0,31.6,30.3,102.0,98.0,99.99,99.99,-69.0
1019,2817.0,2942.0,38.6,37.3,106.0,100.0,99.9,99.9,-125.0
1020,2403.0,1617.0,42.2,47.5,235.0,321.0,100.0,100.0,786.0
1021,3238.0,3143.0,33.9,35.2,90.0,120.0,100.0,100.0,95.0
1022,2741.0,2167.0,39.3,43.9,219.0,298.0,100.0,100.0,574.0
1023,3342.0,3248.0,32.3,33.7,96.0,128.0,100.0,100.0,94.0
1024,2737.0,2333.0,39.4,42.8,200.0,262.0,100.0,100.0,404.0
1025,1579.0,935.0,47.8,53.7,234.0,319.0,100.0,100.0,644.0
1026,1577.0,934.0,47.9,53.7,232.0,316.0,100.0,100.0,643.0
1027,3269.0,3285.0,33.4,33.2,120.0,120.0,99.9,99.9,-16.0
1028,3285.0,3195.0,33.1,34.5,139.0,147.0,99.9,99.9,90.0
1029,2969.0,2978.0,37.1,37.0,34.0,40.0,99.81,99.81,-9.0
1030,2674.0,2473.0,40.0,41.6,132.0,141.0,99.9,99.9,201.0
1031,3259.0,3344.0,33.6,32.3,108.0,102.0,99.9,99.9,-85.0
1032,3012.0,3124.0,36.7,35.4,106.0,100.0,99.9,99.9,-112.0
1033,2811.0,2870.0,38.7,38.1,151.0,162.0,99.9,99.9,-59.0
1034,3280.0,3257.0,33.2,33.6,108.0,99.0,99.9,99.9,23.0
1035,2282.0,2216.0,43.1,43.6,104.0,101.0,99.91,99.91,66.0
1036,3253.0,3221.0,33.6,34.1,107.0,99.0,99.9,99.9,32.0
1037,2684.0,2647.0,39.9,40.2,74.0,72.0,99.88,99.88,37.0
1038,3427.0,3349.0,30.8,32.3,140.0,147.0,99.9,99.9,78.0
1039,3107.0,3014.0,35.6,36.7,124.0,127.0,99.91,99.91,93.0
1040,3104.0,2959.0,35.7,37.2,138.0,144.0,99.9,99.9,145.0
1041,1439.0,1949.0,48.9,45.3,342.0,305.0,100.0,100.0,-510.0
1042,3467.0,3506.0,29.7,28.5,104.0,100.0,100.0,100.0,-39.0
1043,3022.0,3141.0,36.6,35.3,109.0,102.0,99.9,99.9,-119.0
1044,3455.0,3498.0,30.1,28.8,102.0,98.0,99.99,99.99,-43.0
1045,835.0,973.0,54.9,53.3,323.0,317.0,100.0,100.0,-138.0
1046,2225.0,2658.0,43.4,40.1,340.0,303.0,100.0,100.0,-433.0
1047,2422.0,2593.0,42.1,40.7,109.0,102.0,99.9,99.9,-171.0
1048,3203.0,3283.0,34.5,33.2,101.0,98.0,100.0,100.0,-80.0
1049,3416.0,3473.0,31.0,29.8,101.0,98.0,100.0,100.0,-57.0
1050,3276.0,3360.0,33.2,32.0,101.0,98.0,100.0,100.0,-84.0
1051,3398.0,3434.0,31.3,30.6,116.0,122.0,100.0,100.0,-36.0
1052,3134.0,3219.0,35.4,34.1,101.0,98.0,100.0,100.0,-85.0
1053,3320.0,3388.0,32.7,31.5,101.0,98.0,100.0,100.0,-68.0
1054,3367.0,3433.0,31.8,30.6,101.0,98.0,100.0,100.0,-66.0
1055,3431.0,3483.0,30.6,29.4,106.0,100.0,99.9,99.9,-52.0
1056,3258.0,3341.0,33.6,32.4,106.0,100.0,99.9,99.9,-83.0
1057,3172.0,3265.0,34.8,33.5,106.0,100.0,99.9,99.9,-93.0
1058,3329.0,3396.0,32.5,31.3,106.0,100.0,99.9,99.9,-67.0
1059,3003.0,3118.0,36.8,35.5,106.0,100.0,99.9,99.9,-115.0
1060,3190.0,3275.0,34.6,33.4,106.0,100.0,99.9,99.9,-85.0
1061,3061.0,3169.0,36.1,34.9,106.0,100.0,99.9,99.9,-108.0
1062,2809.0,2810.0,38.7,38.8,135.0,139.0,100.0,100.0,-1.0
1063,2830.0,2817.0,38.5,38.7,160.0,165.0,100.0,100.0,13.0
1064,2928.0,2916.0,37.5,37.6,160.0,165.0,100.0,100.0,12.0
1065,2884.0,2869.0,38.0,38.1,160.0,165.0,100.0,100.0,15.0
1066,3387.0,3391.0,31.5,31.4,10.0,14.0,99.97,99.97,-4.0
1067,2881.0,2884.0,38.0,38.0,42.0,45.0,99.98,99.98,-3.0
1068,2976.0,2973.0,37.0,37.0,41.0,45.0,99.98,99.98,3.0
1069,2611.0,2746.0,40.5,39.3,148.0,152.0,99.96,99.96,-135.0
1070,2030.0,2402.0,44.9,42.2,132.0,136.0,99.91,99.91,-372.0
1071,2510.0,2863.0,41.4,38.2,130.0,134.0,99.9,99.9,-353.0
1072,1959.0,2411.0,45.4,42.2,130.0,134.0,99.9,99.9,-452.0
1073,3132.0,3112.0,35.4,35.5,160.0,165.0,100.0,100.0,20.0
1074,2949.0,2937.0,37.2,37.4,152.0,157.0,100.0,100.0,12.0
1075,2616.0,2595.0,40.5,40.6,160.0,165.0,100.0,100.0,21.0
1076,2612.0,2526.0,40.5,41.2,105.0,120.0,100.0,100.0,86.0
1077,2551.0,2530.0,41.0,41.2,160.0,165.0,100.0,100.0,21.0
1078,2128.0,2063.0,44.2,44.7,125.0,136.0,100.0,100.0,65.0
1079,1321.0,1292.0,50.0,50.1,148.0,152.0,99.99,99.98,29.0
1080,3372.0,3334.0,31.8,32.5,69.0,90.0,100.0,100.0,38.0
1081,2700.0,2611.0,39.7,40.5,81.0,98.0,100.0,100.0,89.0
1082,3124.0,3048.0,35.5,36.3,69.0,90.0,100.0,100.0,76.0
1083,3501.0,3529.0,28.4,27.7,13.0,13.0,99.9,99.9,-28.0
1084,3537.0,3562.0,26.7,25.8,19.0,20.0,99.9,99.9,-25.0
1085,2183.0,2306.0,43.7,43.0,89.0,91.0,99.9,99.9,-123.0
1087,2418.0,2428.0,42.0,42.0,154.0,158.0,100.0,100.0,-10.0
1088,3187.0,3235.0,34.6,33.9,95.0,98.0,99.97,99.97,-48.0
1089,1141.0,1184.0,51.7,51.2,120.0,124.0,99.94,99.93,-43.0
1090,3007.0,2996.0,36.8,36.8,11.0,16.0,100.0,100.0,11.0
1091,3239.0,3240.0,33.9,33.9,11.0,16.0,100.0,100.0,-1.0
1092,3080.0,3078.0,36.0,36.0,11.0,16.0,100.0,100.0,2.0
1093,3093.0,3092.0,35.9,35.8,11.0,15.0,99.99,99.99,1.0
1094,2697.0,2694.0,39.7,39.8,11.0,16.0,100.0,100.0,3.0
1095,2845.0,2838.0,38.3,38.4,11.0,16.0,100.0,100.0,7.0
1096,3149.0,3144.0,35.2,35.2,11.0,16.0,100.0,100.0,5.0
1097,3028.0,3029.0,36.5,36.5,33.0,36.0,99.98,99.97,-1.0
1098,3334.0,3342.0,32.4,32.3,15.0,17.0,99.94,99.93,-8.0
1099,2854.0,2853.0,38.2,38.3,125.0,129.0,100.0,100.0,1.0
1100,2964.0,2947.0,37.1,37.3,152.0,157.0,100.0,100.0,17.0
1101,3297.0,3299.0,33.0,33.0,11.0,16.0,99.99,99.99,-2.0
1102,2970.0,2964.0,37.1,37.1,10.0,15.0,99.98,99.98,6.0
1103,3091.0,3095.0,35.9,35.8,10.0,13.0,99.93,99.93,-4.0
1104,3262.0,3212.0,33.5,34.3,67.0,88.0,100.0,100.0,50.0
1105,2853.0,2845.0,38.3,38.4,13.0,19.0,100.0,100.0,8.0
1106,3361.0,3307.0,31.9,32.8,77.0,101.0,100.0,100.0,54.0
1107,3461.0,3436.0,29.9,30.6,65.0,86.0,100.0,100.0,25.0
1108,2461.0,2617.0,41.7,40.5,98.0,95.0,100.0,100.0,-156.0
1109,3182.0,3182.0,34.7,34.7,15.0,20.0,100.0,100.0,0.0
1110,2872.0,2766.0,38.0,39.1,119.0,146.0,100.0,100.0,106.0
1111,3533.0,3548.0,26.9,26.7,33.0,38.0,99.8,99.8,-15.0
1112,3278.0,3294.0,33.2,33.0,33.0,38.0,99.8,99.8,-16.0
1113,2899.0,2905.0,37.8,37.7,33.0,38.0,99.8,99.8,-6.0
1114,3547.0,3560.0,26.2,26.0,33.0,38.0,99.8,99.8,-13.0
1115,3058.0,3077.0,36.2,36.0,33.0,38.0,99.8,99.8,-19.0
1116,3311.0,3324.0,32.8,32.6,33.0,38.0,99.8,99.8,-13.0
1117,2288.0,2321.0,43.0,42.9,33.0,38.0,99.8,99.8,-33.0
1118,2549.0,2570.0,41.0,40.8,33.0,38.0,99.8,99.8,-21.0
1119,1382.0,1392.0,49.3,49.2,94.0,89.0,99.8,99.8,-10.0
1120,2162.0,2182.0,43.9,43.8,34.0,39.0,99.8,99.8,-20.0
1121,724.0,732.0,56.5,56.3,120.0,111.0,99.8,99.8,-8.0
1122,1866.0,1885.0,45.9,45.8,33.0,38.0,99.8,99.8,-19.0
1123,2893.0,2900.0,37.9,37.7,33.0,38.0,99.8,99.8,-7.0
1124,2776.0,2791.0,39.0,38.9,33.0,38.0,99.8,99.8,-15.0
1125,3557.0,3545.0,25.7,26.8,97.0,108.0,99.89,99.89,12.0
1126,3188.0,3199.0,34.6,34.4,33.0,38.0,99.8,99.8,-11.0
1127,2453.0,2485.0,41.7,41.5,211.0,180.0,99.78,99.78,-32.0
1128,1057.0,1240.0,52.4,50.7,229.0,189.0,99.72,99.72,-183.0
1129,3444.0,3384.0,30.3,31.5,96.0,107.0,99.89,99.89,60.0
1130,3364.0,3376.0,31.9,31.7,33.0,38.0,99.8,99.8,-12.0
1131,3340.0,3220.0,32.3,34.1,127.0,141.0,99.9,99.9,120.0
1132,2490.0,2503.0,41.5,41.4,36.0,41.0,99.8,99.8,-13.0
1133,852.0,874.0,54.7,54.3,127.0,117.0,99.8,99.8,-22.0
1134,1829.0,1847.0,46.1,46.0,52.0,54.0,99.8,99.8,-18.0
1135,479.0,580.0,60.9,59.1,223.0,200.0,99.8,99.8,-101.0
1136,2641.0,2656.0,40.2,40.1,33.0,38.0,99.8,99.8,-15.0
1137,1898.0,1909.0,45.7,45.6,33.0,38.0,99.8,99.8,-11.0
1138,1761.0,1778.0,46.5,46.4,33.0,38.0,99.8,99.8,-17.0
1139,2774.0,2786.0,39.1,38.9,33.0,38.0,99.8,99.8,-12.0
1140,2415.0,2440.0,42.1,41.9,33.0,38.0,99.8,99.8,-25.0
1141,2896.0,2903.0,37.9,37.7,33.0,38.0,99.8,99.8,-7.0
1142,1873.0,1892.0,45.8,45.7,33.0,38.0,99.8,99.8,-19.0
1143,2605.0,2777.0,40.6,39.0,148.0,162.0,99.9,99.9,-172.0
1144,2898.0,2923.0,37.9,37.5,85.0,93.0,99.88,99.88,-25.0
1145,2755.0,2858.0,39.2,38.3,73.0,82.0,99.87,99.87,-103.0
1146,3377.0,3381.0,31.7,31.6,35.0,40.0,99.81,99.81,-4.0
1147,3055.0,2974.0,36.2,37.0,102.0,100.0,99.9,99.9,81.0
1148,2652.0,2664.0,40.1,40.0,33.0,38.0,99.8,99.8,-12.0
1149,3038.0,3051.0,36.4,36.3,33.0,38.0,99.8,99.8,-13.0
1150,3129.0,3128.0,35.4,35.4,34.0,40.0,99.81,99.81,1.0
1151,3018.0,2883.0,36.6,38.0,121.0,127.0,99.9,99.9,135.0
1152,2230.0,2266.0,43.4,43.3,33.0,38.0,99.8,99.8,-36.0
1153,1775.0,1869.0,46.4,45.8,273.0,262.0,99.8,99.8,-94.0
1154,2478.0,2501.0,41.5,41.4,33.0,38.0,99.8,99.8,-23.0
1155,3359.0,3411.0,32.0,31.0,79.0,71.0,99.88,99.87,-52.0
1156,3161.0,3174.0,35.0,34.8,33.0,38.0,99.8,99.8,-13.0
1157,883.0,902.0,54.3,54.0,721.0,718.0,99.78,99.78,-19.0
1158,2298.0,2335.0,42.9,42.8,79.0,81.0,99.8,99.8,-37.0
1159,3360.0,3429.0,32.0,30.7,258.0,236.0,99.82,99.82,-69.0
1160,2944.0,2897.0,37.3,37.8,93.0,104.0,99.91,99.91,47.0
1161,2158.0,2224.0,43.9,43.6,149.0,130.0,99.97,99.95,-66.0
1162,2495.0,2351.0,41.4,42.7,161.0,193.0,99.98,99.98,144.0
1163,2170.0,2027.0,43.8,44.9,196.0,223.0,100.0,100.0,143.0
1164,3529.0,3535.0,27.0,27.4,87.0,96.0,99.9,99.9,-6.0
1165,3330.0,3346.0,32.5,32.3,92.0,98.0,99.9,99.9,-16.0
1166,3468.0,3466.0,29.6,30.0,87.0,96.0,99.9,99.9,2.0
1167,2909.0,2999.0,37.8,36.8,193.0,153.0,100.0,100.0,-90.0
1168,3328.0,3369.0,32.5,31.8,177.0,143.0,100.0,100.0,-41.0
1169,2852.0,2866.0,38.3,38.2,155.0,140.0,100.0,100.0,-14.0
1170,3471.0,3446.0,29.5,30.4,98.0,119.0,100.0,100.0,25.0
1171,2402.0,2544.0,42.2,41.1,191.0,152.0,100.0,100.0,-142.0
1172,3086.0,3159.0,35.9,35.1,193.0,153.0,100.0,100.0,-73.0
1173,2847.0,2938.0,38.3,37.3,193.0,153.0,100.0,100.0,-91.0
1174,686.0,612.0,57.2,58.5,171.0,193.0,99.94,99.94,74.0
1175,2058.0,1784.0,44.7,46.4,197.0,240.0,100.0,100.0,274.0
1176,1603.0,1612.0,47.5,47.5,158.0,148.0,99.82,99.82,-9.0
1177,2425.0,2227.0,42.0,43.5,197.0,240.0,100.0,100.0,198.0
1178,2743.0,2732.0,39.3,39.4,116.0,115.0,99.84,99.84,11.0
1179,3070.0,3019.0,36.0,36.6,105.0,119.0,99.93,99.93,51.0
1180,1279.0,1283.0,50.4,50.2,156.0,141.0,99.8,99.8,-4.0
1181,2218.0,2103.0,43.5,44.4,159.0,178.0,99.83,99.83,115.0
1182,2091.0,2067.0,44.4,44.7,113.0,116.0,99.63,99.66,24.0
1183,2643.0,2655.0,40.2,40.1,31.0,29.0,99.5,99.5,-12.0
1184,2791.0,2793.0,38.9,38.9,68.0,64.0,99.5,99.5,-2.0
1185,2655.0,2481.0,40.1,41.5,197.0,240.0,100.0,100.0,174.0
1186,2629.0,2522.0,40.3,41.2,196.0,221.0,100.0,100.0,107.0
1187,2506.0,2327.0,41.4,42.8,196.0,238.0,99.99,99.99,179.0
1188,3355.0,3350.0,32.1,32.2,56.0,63.0,99.87,99.86,5.0
1189,3027.0,2982.0,36.6,37.0,92.0,101.0,99.92,99.92,45.0
1190,3667.0,3678.0,20.7,20.7,56.0,63.0,99.87,99.86,-11.0
1191,3033.0,2989.0,36.4,36.9,87.0,96.0,99.9,99.9,44.0
1192,3133.0,3068.0,35.4,36.1,64.0,83.0,99.99,99.99,65.0
1193,3100.0,3018.0,35.8,36.6,69.0,90.0,100.0,100.0,82.0
1194,3410.0,3417.0,31.1,30.9,33.0,38.0,99.8,99.8,-7.0
1195,2326.0,2432.0,42.7,42.0,100.0,103.0,99.9,99.9,-106.0
1196,1302.0,1353.0,50.2,49.5,100.0,103.0,99.9,99.9,-51.0
1197,1951.0,2068.0,45.4,44.7,100.0,103.0,99.9,99.9,-117.0
1198,1581.0,1626.0,47.8,47.4,137.0,123.0,99.96,99.94,-45.0
1199,1300.0,1329.0,50.2,49.8,103.0,107.0,99.91,99.91,-29.0
1200,1331.0,1391.0,49.9,49.2,100.0,103.0,99.9,99.9,-60.0
1201,2910.0,2922.0,37.7,37.5,93.0,99.0,99.9,99.9,-12.0
1202,3244.0,3256.0,33.7,33.7,37.0,43.0,99.82,99.82,-12.0
1203,3024.0,2987.0,36.6,36.9,78.0,86.0,99.89,99.89,37.0
1204,2720.0,2708.0,39.5,39.7,61.0,66.0,99.85,99.84,12.0
1205,2782.0,2728.0,39.0,39.5,87.0,96.0,99.9,99.9,54.0
1206,2960.0,2933.0,37.2,37.4,74.0,71.0,99.88,99.88,27.0
1207,3507.0,3518.0,28.3,28.0,33.0,38.0,99.8,99.8,-11.0
1208,2821.0,2809.0,38.6,38.8,67.0,66.0,99.87,99.87,12.0
1209,1413.0,1096.0,49.1,51.9,324.0,386.0,100.0,100.0,317.0
1210,2527.0,2458.0,41.2,41.7,73.0,90.0,100.0,100.0,69.0
1211,1406.0,1202.0,49.1,51.0,328.0,376.0,100.0,100.0,204.0
1212,1000.0,1337.0,53.0,49.7,360.0,298.0,100.0,100.0,-337.0
1213,786.0,766.0,55.5,55.8,353.0,359.0,100.0,100.0,20.0
1214,2825.0,2778.0,38.5,39.0,83.0,101.0,100.0,100.0,47.0
1215,2059.0,1661.0,44.7,47.1,324.0,386.0,100.0,100.0,398.0
1216,821.0,496.0,55.1,60.7,236.0,324.0,100.0,100.0,325.0
1217,1884.0,1492.0,45.8,48.4,126.0,173.0,100.0,100.0,392.0
1218,751.0,463.0,56.0,61.4,246.0,332.0,100.0,100.0,288.0
1219,829.0,568.0,55.0,59.2,254.0,327.0,100.0,100.0,261.0
1220,2384.0,2253.0,42.3,43.3,51.0,71.0,100.0,100.0,131.0
1221,2784.0,2763.0,39.0,39.2,20.0,28.0,100.0,100.0,21.0
1222,655.0,492.0,57.7,60.7,258.0,304.0,100.0,100.0,163.0
1223,1498.0,2013.0,48.4,45.0,316.0,269.0,100.0,100.0,-515.0
1224,1364.0,1716.0,49.5,46.7,315.0,262.0,100.0,100.0,-352.0
1225,1326.0,1494.0,49.9,48.4,258.0,229.0,100.0,100.0,-168.0
1226,2259.0,2325.0,43.2,42.8,232.0,211.0,100.0,100.0,-66.0
1227,1225.0,1656.0,51.0,47.2,322.0,273.0,100.0,100.0,-431.0
1228,1482.0,1608.0,48.6,47.6,323.0,324.0,100.0,100.0,-126.0
1229,1102.0,1521.0,52.0,48.2,321.0,273.0,100.0,100.0,-419.0
1230,838.0,600.0,54.9,58.7,310.0,384.0,100.0,100.0,238.0
1231,1182.0,912.0,51.3,53.9,267.0,325.0,99.99,99.99,270.0
1232,1805.0,1684.0,46.2,47.0,222.0,242.0,99.99,99.98,121.0
1233,2339.0,2434.0,42.7,42.0,139.0,146.0,99.94,99.94,-95.0
1234,869.0,1628.0,54.6,47.4,389.0,229.0,100.0,100.0,-759.0
1235,800.0,1085.0,55.4,52.1,358.0,290.0,100.0,100.0,-285.0
1236,1228.0,1315.0,50.9,49.9,290.0,264.0,100.0,100.0,-87.0
1237,3314.0,3366.0,32.8,32.0,122.0,92.0,100.0,100.0,-52.0
1238,3561.0,3571.0,25.4,25.2,4.0,4.0,100.0,100.0,-10.0
1239,1031.0,1497.0,52.7,48.4,409.0,305.0,100.0,100.0,-466.0
1240,2703.0,2823.0,39.6,38.6,109.0,84.0,100.0,100.0,-120.0
1241,2599.0,2389.0,40.6,42.4,113.0,122.0,100.0,100.0,210.0
1242,3598.0,3609.0,23.4,23.3,4.0,4.0,100.0,100.0,-11.0
1243,695.0,980.0,57.0,53.2,402.0,312.0,100.0,100.0,-285.0
1244,2319.0,2314.0,42.8,42.9,11.0,16.0,100.0,100.0,5.0
1245,2340.0,2337.0,42.7,42.8,11.0,16.0,100.0,100.0,3.0
1246,2615.0,2605.0,40.5,40.6,11.0,16.0,100.0,100.0,10.0
1247,1863.0,1842.0,45.9,46.0,11.0,16.0,100.0,100.0,21.0
1248,3503.0,3515.0,28.4,28.2,4.0,4.0,100.0,100.0,-12.0
1249,3287.0,3295.0,33.1,33.0,7.0,9.0,100.0,100.0,-8.0
1250,2354.0,2373.0,42.6,42.5,8.0,11.0,100.0,100.0,-19.0
1251,1089.0,1267.0,52.1,50.4,350.0,312.0,100.0,100.0,-178.0
1252,940.0,1282.0,53.7,50.2,397.0,317.0,100.0,100.0,-342.0
1253,850.0,910.0,54.7,53.9,314.0,307.0,100.0,100.0,-60.0
1254,1212.0,1332.0,51.1,49.8,330.0,319.0,100.0,100.0,-120.0
1255,1325.0,1484.0,49.9,48.4,348.0,313.0,100.0,100.0,-159.0
1256,1035.0,1500.0,52.7,48.4,409.0,305.0,100.0,100.0,-465.0
1257,1270.0,1245.0,50.6,50.7,312.0,317.0,100.0,100.0,25.0
1258,2045.0,2035.0,44.8,44.9,11.0,16.0,100.0,100.0,10.0
1259,1837.0,1822.0,46.0,46.2,11.0,16.0,100.0,100.0,15.0
1260,2869.0,2944.0,38.1,37.3,67.0,65.0,100.0,100.0,-75.0
1261,2267.0,2265.0,43.2,43.3,11.0,16.0,100.0,100.0,2.0
1262,1777.0,1751.0,46.4,46.5,11.0,16.0,100.0,100.0,26.0
1263,1855.0,1837.0,45.9,46.1,11.0,16.0,100.0,100.0,18.0
1264,1824.0,1812.0,46.1,46.2,11.0,16.0,100.0,100.0,12.0
1265,1703.0,1685.0,46.8,46.9,11.0,16.0,100.0,100.0,18.0
1266,2427.0,2423.0,42.0,42.1,11.0,16.0,100.0,100.0,4.0
1267,2105.0,2095.0,44.3,44.4,11.0,16.0,100.0,100.0,10.0
1268,2387.0,2388.0,42.4,42.5,11.0,16.0,100.0,100.0,-1.0
1269,1630.0,1616.0,47.3,47.5,11.0,16.0,100.0,100.0,14.0
1270,1955.0,1924.0,45.4,45.5,11.0,16.0,100.0,100.0,31.0
1271,2039.0,2028.0,44.8,44.9,11.0,16.0,100.0,100.0,11.0
1272,2307.0,2707.0,42.9,39.7,325.0,291.0,100.0,100.0,-400.0
1273,1096.0,1534.0,52.0,48.1,377.0,335.0,100.0,100.0,-438.0
1274,3450.0,3497.0,30.2,28.9,112.0,107.0,100.0,100.0,-47.0
1275,3382.0,3447.0,31.6,30.4,101.0,98.0,100.0,100.0,-65.0
1276,3550.0,3568.0,25.8,25.5,28.0,31.0,100.0,100.0,-18.0
1277,2024.0,2371.0,44.9,42.5,208.0,188.0,100.0,100.0,-347.0
1278,1753.0,2036.0,46.5,44.9,302.0,295.0,100.0,100.0,-283.0
1279,2900.0,2909.0,37.8,37.7,22.0,26.0,100.0,100.0,-9.0
1280,2296.0,2294.0,42.9,43.0,11.0,16.0,100.0,100.0,2.0
1281,3176.0,3261.0,34.8,33.6,100.0,97.0,100.0,100.0,-85.0
1282,2931.0,2945.0,37.4,37.3,18.0,22.0,100.0,100.0,-14.0
1283,2887.0,2957.0,37.9,37.2,59.0,57.0,100.0,100.0,-70.0
1284,2206.0,2205.0,43.6,43.7,11.0,16.0,100.0,100.0,1.0
1285,2037.0,2393.0,44.8,42.4,219.0,199.0,100.0,100.0,-356.0
1286,2160.0,2145.0,43.9,44.0,11.0,16.0,100.0,100.0,15.0
1287,1947.0,1919.0,45.4,45.5,11.0,16.0,100.0,100.0,28.0
1288,2078.0,2073.0,44.5,44.6,11.0,16.0,100.0,100.0,5.0
1289,1674.0,1665.0,47.0,47.1,11.0,16.0,100.0,100.0,9.0
1290,1889.0,1865.0,45.7,45.9,11.0,16.0,100.0,100.0,24.0
1291,2015.0,1983.0,45.1,45.2,11.0,16.0,100.0,100.0,32.0
1292,2017.0,1988.0,45.0,45.1,11.0,16.0,100.0,100.0,29.0
1293,1710.0,1689.0,46.8,46.9,11.0,16.0,100.0,100.0,21.0
1294,2804.0,2808.0,38.7,38.8,10.0,15.0,100.0,100.0,-4.0
1295,1877.0,1856.0,45.8,45.9,11.0,16.0,100.0,100.0,21.0
1296,1890.0,1866.0,45.7,45.9,11.0,16.0,100.0,100.0,24.0
1297,1738.0,1704.0,46.7,46.8,11.0,16.0,100.0,100.0,34.0
1298,2071.0,2089.0,44.6,44.5,5.0,8.0,100.0,100.0,-18.0
1299,1688.0,1679.0,46.9,47.0,11.0,16.0,100.0,100.0,9.0
1300,2214.0,2210.0,43.5,43.6,11.0,16.0,100.0,100.0,4.0
1301,1798.0,1770.0,46.3,46.4,11.0,16.0,100.0,100.0,28.0
1302,2484.0,2474.0,41.5,41.6,11.0,16.0,100.0,100.0,10.0
1303,2272.0,2267.0,43.2,43.3,11.0,16.0,100.0,100.0,5.0
1304,2220.0,2221.0,43.5,43.6,11.0,16.0,100.0,100.0,-1.0
1305,2065.0,2058.0,44.6,44.7,11.0,16.0,100.0,100.0,7.0
1306,2243.0,2242.0,43.3,43.4,11.0,16.0,100.0,100.0,1.0
1307,2762.0,2665.0,39.2,40.0,171.0,172.0,99.88,99.88,97.0
1308,3078.0,3096.0,36.0,35.8,162.0,167.0,99.9,99.9,-18.0
1309,1389.0,1517.0,49.3,48.2,198.0,187.0,99.83,99.82,-128.0
1310,2426.0,2667.0,42.0,40.0,159.0,174.0,99.9,99.9,-241.0
1311,1690.0,1645.0,46.9,47.3,320.0,334.0,99.71,99.71,45.0
1312,2552.0,2455.0,41.0,41.8,209.0,217.0,99.86,99.86,97.0
1313,2211.0,2158.0,43.5,44.0,219.0,219.0,99.8,99.8,53.0
1314,2493.0,2564.0,41.4,40.9,152.0,163.0,99.9,99.9,-71.0
1315,2536.0,2637.0,41.1,40.3,142.0,149.0,99.9,99.9,-101.0
1316,2407.0,2600.0,42.2,40.6,157.0,171.0,99.9,99.9,-193.0
1317,2424.0,2489.0,42.0,41.5,152.0,163.0,99.9,99.9,-65.0
1318,2618.0,2598.0,40.5,40.6,158.0,163.0,99.9,99.9,20.0
1319,2685.0,2797.0,39.9,38.9,124.0,125.0,99.9,99.9,-112.0
1320,3135.0,3281.0,35.4,33.2,159.0,174.0,99.9,99.9,-146.0
1321,1238.0,1227.0,50.9,50.8,342.0,335.0,99.87,99.85,11.0
1322,845.0,1168.0,54.8,51.4,332.0,249.0,99.7,99.7,-323.0
1323,1110.0,1047.0,51.9,52.6,343.0,352.0,99.9,99.9,63.0
1324,1162.0,1169.0,51.5,51.4,344.0,337.0,99.86,99.84,-7.0
1325,799.0,804.0,55.4,55.2,331.0,324.0,99.82,99.81,-5.0
1326,504.0,714.0,60.5,56.6,332.0,249.0,99.7,99.7,-210.0
1327,1205.0,1119.0,51.1,51.8,340.0,348.0,99.89,99.88,86.0
1328,2110.0,2223.0,44.3,43.6,219.0,250.0,99.83,99.82,-113.0
1329,2850.0,3073.0,38.3,36.1,159.0,174.0,99.9,99.9,-223.0
1330,736.0,754.0,56.3,56.0,649.0,792.0,99.7,99.7,-18.0
1331,2445.0,2574.0,41.8,40.8,182.0,206.0,99.84,99.83,-129.0
1332,1888.0,2181.0,45.7,43.8,188.0,187.0,99.84,99.83,-293.0
1333,2911.0,3113.0,37.7,35.5,159.0,174.0,99.9,99.9,-202.0
1334,949.0,1041.0,53.6,52.6,524.0,578.0,99.7,99.7,-92.0
1335,841.0,712.0,54.8,56.6,337.0,373.0,99.9,99.9,129.0
1336,1308.0,1110.0,50.2,51.8,307.0,339.0,99.91,99.91,198.0
1337,1262.0,1147.0,50.6,51.6,332.0,358.0,99.8,99.81,115.0
1338,2057.0,1763.0,44.7,46.5,324.0,366.0,99.9,99.9,294.0
1339,911.0,835.0,54.1,54.9,357.0,378.0,99.9,99.9,76.0
1340,1007.0,951.0,53.0,53.5,345.0,362.0,99.91,99.91,56.0
1341,1025.0,938.0,52.8,53.6,360.0,383.0,99.9,99.9,87.0
1342,1664.0,1790.0,47.1,46.3,179.0,164.0,99.97,99.97,-126.0
1343,3083.0,3167.0,36.0,34.9,116.0,109.0,99.92,99.91,-84.0
1344,2974.0,2921.0,37.0,37.5,155.0,154.0,99.9,99.9,53.0
1345,2565.0,2698.0,40.9,39.8,110.0,105.0,99.9,99.9,-133.0
1346,1713.0,1804.0,46.8,46.3,232.0,211.0,100.0,100.0,-91.0
1347,1952.0,2024.0,45.4,45.0,232.0,211.0,100.0,100.0,-72.0
1348,1496.0,1324.0,48.4,49.9,301.0,330.0,99.92,99.92,172.0
1349,633.0,598.0,58.1,58.7,330.0,345.0,99.7,99.7,35.0
1350,982.0,918.0,53.3,53.8,330.0,345.0,99.7,99.7,64.0
1351,717.0,733.0,56.6,56.2,304.0,298.0,99.7,99.7,-16.0
1352,725.0,722.0,56.5,56.4,330.0,332.0,99.7,99.7,3.0
1353,582.0,578.0,59.0,59.1,335.0,340.0,99.85,99.86,4.0
1354,523.0,491.0,60.2,60.7,341.0,358.0,99.77,99.79,32.0
1355,689.0,702.0,57.1,56.8,268.0,263.0,99.7,99.7,-13.0
1357,3202.0,3214.0,34.5,34.3,7.0,7.0,100.0,100.0,-12.0
1359,3430.0,3437.0,30.7,30.6,9.0,9.0,100.0,100.0,-7.0
1360,3368.0,3374.0,31.9,31.7,7.0,8.0,100.0,100.0,-6.0
1361,3500.0,3512.0,28.5,28.3,4.0,5.0,100.0,100.0,-12.0
1363,3518.0,3531.0,27.7,27.5,1.0,2.0,100.0,100.0,-13.0
1364,3733.0,3744.0,11.9,11.7,3.0,3.0,100.0,100.0,-11.0
1365,3371.0,3379.0,31.8,31.6,6.0,7.0,100.0,100.0,-8.0
1366,2747.0,2771.0,39.3,39.1,9.0,9.0,100.0,100.0,-24.0
1367,3063.0,3085.0,36.1,35.9,5.0,5.0,100.0,100.0,-22.0
1368,3625.0,3636.0,21.6,21.5,5.0,6.0,99.99,99.97,-11.0
1369,2855.0,2876.0,38.2,38.0,4.0,4.0,100.0,100.0,-21.0
1370,3405.0,3415.0,31.2,30.9,2.0,2.0,100.0,100.0,-10.0
1371,3494.0,3505.0,28.7,28.5,2.0,2.0,100.0,100.0,-11.0
1372,3295.0,3286.0,33.0,33.2,4.0,11.0,100.0,100.0,9.0
1373,2662.0,2548.0,40.1,41.1,9.0,26.0,100.0,100.0,114.0
1374,2189.0,1964.0,43.7,45.3,11.0,34.0,100.0,100.0,225.0
1375,2208.0,1963.0,43.5,45.3,12.0,37.0,100.0,100.0,245.0
1376,3562.0,3577.0,25.3,25.1,3.0,3.0,100.0,100.0,-15.0
1381,2594.0,2629.0,40.6,40.4,1.0,1.0,99.9,99.9,-35.0
1382,2758.0,2779.0,39.2,39.0,4.0,5.0,99.9,99.9,-21.0
1384,3283.0,3293.0,33.2,33.0,8.0,10.0,99.91,99.91,-10.0
1385,2778.0,2801.0,39.0,38.8,3.0,4.0,99.9,99.9,-23.0
1386,3474.0,3484.0,29.4,29.3,8.0,10.0,99.91,99.91,-10.0
1388,2320.0,2354.0,42.8,42.6,8.0,10.0,99.9,99.9,-34.0
1392,2284.0,2322.0,43.0,42.8,3.0,3.0,99.92,99.91,-38.0
1393,3437.0,3452.0,30.5,30.3,3.0,4.0,99.99,99.99,-15.0
1394,2600.0,2624.0,40.6,40.4,5.0,6.0,99.9,99.9,-24.0
1395,3406.0,3413.0,31.2,31.0,4.0,4.0,100.0,100.0,-7.0
1396,2950.0,2961.0,37.2,37.1,9.0,11.0,99.9,99.9,-11.0
1397,2687.0,2711.0,39.8,39.7,6.0,7.0,99.91,99.91,-24.0
1398,3508.0,3519.0,28.2,28.0,1.0,1.0,100.0,100.0,-11.0
1400,76.0,162.0,78.3,71.1,401.0,294.0,99.08,99.07,-86.0
1401,191.0,260.0,69.8,67.2,309.0,254.0,98.95,98.84,-69.0
1402,918.0,782.0,54.0,55.5,40.0,52.0,98.23,98.11,136.0
1403,421.0,290.0,62.2,66.3,98.0,143.0,97.99,97.95,131.0
1404,230.0,285.0,68.3,66.5,279.0,256.0,99.07,99.07,-55.0
1405,66.0,52.0,79.8,80.1,559.0,461.0,99.1,99.1,14.0
1407,158.0,181.0,71.1,70.2,204.0,200.0,97.9,97.9,-23.0
1408,163.0,220.0,70.7,68.5,185.0,166.0,97.9,97.9,-57.0
1409,60.0,38.0,80.5,82.6,238.0,261.0,98.06,98.04,22.0
1410,25.0,23.0,87.0,87.2,331.0,337.0,97.94,97.94,2.0
1411,280.0,255.0,66.5,67.2,182.0,190.0,98.1,98.04,25.0
1412,193.0,242.0,69.7,67.9,202.0,187.0,97.9,97.9,-49.0
1413,576.0,401.0,59.1,62.9,92.0,140.0,97.9,97.9,175.0
1414,118.0,104.0,74.0,74.5,228.0,238.0,98.1,98.1,14.0
1415,16.0,16.0,89.7,90.5,409.0,420.0,97.82,97.82,0.0
1416,32.0,35.0,85.6,83.4,413.0,376.0,98.1,98.1,-3.0
1417,401.0,306.0,62.8,65.8,90.0,125.0,97.95,97.94,95.0
1418,106.0,79.0,74.7,77.1,216.0,245.0,98.06,98.05,27.0
1419,362.0,349.0,64.1,64.5,214.0,211.0,99.03,99.03,13.0
1420,109.0,120.0,74.6,73.4,390.0,371.0,99.1,99.1,-11.0
1421,1503.0,1436.0,48.4,48.8,76.0,85.0,98.8,98.8,67.0
1422,62.0,53.0,80.4,80.0,576.0,529.0,99.1,99.1,9.0
1423,733.0,682.0,56.3,57.1,92.0,103.0,98.82,98.82,51.0
1424,155.0,175.0,71.4,70.4,367.0,348.0,99.1,99.1,-20.0
1425,1058.0,984.0,52.4,53.1,87.0,98.0,98.8,98.8,74.0
1426,847.0,644.0,54.7,57.6,272.0,321.0,99.1,99.1,203.0
1427,1595.0,1335.0,47.7,49.7,149.0,175.0,98.93,98.76,260.0
1428,112.0,249.0,74.5,67.5,449.0,336.0,99.1,99.1,-137.0
1429,419.0,374.0,62.2,63.9,252.0,283.0,98.76,98.73,45.0
1430,647.0,479.0,57.8,61.0,275.0,324.0,99.1,99.1,168.0
1431,3066.0,2912.0,36.1,37.6,158.0,186.0,98.95,98.8,154.0
1432,77.0,69.0,78.3,78.0,643.0,591.0,99.1,99.1,8.0
1433,1591.0,1621.0,47.7,47.4,1.0,1.0,98.8,98.8,-30.0
1434,1834.0,1857.0,46.1,45.9,17.0,19.0,98.8,98.8,-23.0
1435,896.0,869.0,54.2,54.4,44.0,49.0,98.8,98.8,27.0
1436,871.0,836.0,54.5,54.8,50.0,57.0,98.8,98.8,35.0
1437,273.0,282.0,66.7,66.5,105.0,109.0,97.8,97.8,-9.0
1438,611.0,616.0,58.5,58.3,104.0,109.0,97.8,97.8,-5.0
1439,111.0,117.0,74.5,73.6,173.0,157.0,97.4,97.29,-6.0
1440,388.0,388.0,63.2,63.3,79.0,88.0,97.71,97.72,0.0
1441,410.0,430.0,62.5,62.1,93.0,93.0,97.8,97.8,-20.0
1442,600.0,608.0,58.8,58.6,104.0,109.0,97.8,97.8,-8.0
1443,236.0,317.0,68.1,65.5,151.0,127.0,97.9,97.89,-81.0
1444,426.0,429.0,62.1,62.2,78.0,87.0,97.7,97.72,-3.0
1445,412.0,415.0,62.5,62.6,84.0,92.0,97.73,97.74,-3.0
1446,422.0,425.0,62.2,62.3,90.0,99.0,97.6,97.6,-3.0
1447,84.0,85.0,77.0,76.6,218.0,219.0,97.6,97.6,-1.0
1448,361.0,370.0,64.1,64.0,104.0,109.0,97.8,97.8,-9.0
1449,375.0,386.0,63.5,63.4,104.0,109.0,97.8,97.8,-11.0
1450,451.0,448.0,61.5,61.6,77.0,86.0,97.7,97.71,3.0
1451,52.0,46.0,81.6,81.0,219.0,211.0,96.9,96.9,6.0
1452,69.0,60.0,79.6,78.8,221.0,211.0,96.9,96.9,9.0
1453,17.0,14.0,89.1,91.5,313.0,335.0,96.9,96.9,3.0
1454,55.0,32.0,81.0,83.5,344.0,368.0,97.08,97.09,23.0
1455,162.0,214.0,70.8,68.7,161.0,136.0,97.78,97.69,-52.0
1456,125.0,145.0,73.4,72.2,172.0,150.0,97.56,97.4,-20.0
1457,44.0,37.0,83.0,82.7,225.0,217.0,97.05,97.0,7.0
1458,448.0,453.0,61.6,61.5,216.0,203.0,98.37,98.37,-5.0
1459,108.0,103.0,74.7,74.6,177.0,182.0,97.6,97.6,5.0
1460,864.0,864.0,54.6,54.5,240.0,223.0,98.4,98.4,0.0
1461,318.0,322.0,65.4,65.4,216.0,207.0,98.36,98.36,-4.0
1462,119.0,118.0,74.0,73.4,196.0,190.0,97.17,97.19,1.0
1463,560.0,541.0,59.3,59.6,63.0,74.0,97.61,97.61,19.0
1464,349.0,359.0,64.3,64.2,274.0,266.0,97.97,98.05,-10.0
1465,184.0,231.0,70.0,68.2,160.0,138.0,97.49,97.5,-47.0
1466,726.0,763.0,56.5,55.9,54.0,45.0,97.8,97.8,-37.0
1467,436.0,471.0,61.9,61.2,57.0,48.0,97.81,97.8,-35.0
1468,658.0,681.0,57.6,57.1,60.0,53.0,97.8,97.8,-23.0
1469,57.0,76.0,80.9,77.4,370.0,322.0,97.4,97.4,-19.0
1470,9.0,7.0,92.9,95.8,420.0,445.0,97.35,97.35,2.0
1471,41.0,50.0,83.4,80.2,336.0,295.0,97.45,97.45,-9.0
1472,313.0,321.0,65.6,65.4,104.0,109.0,97.8,97.8,-8.0
1473,476.0,503.0,61.0,60.6,78.0,76.0,97.8,97.8,-27.0
1474,275.0,279.0,66.7,66.6,104.0,109.0,97.8,97.8,-4.0
1475,315.0,323.0,65.5,65.4,104.0,109.0,97.8,97.8,-8.0
1476,772.0,809.0,55.7,55.1,56.0,48.0,97.8,97.8,-37.0
1477,790.0,823.0,55.5,55.0,67.0,62.0,97.8,97.8,-33.0
1478,447.0,467.0,61.6,61.3,86.0,86.0,97.8,97.8,-20.0
1479,212.0,303.0,68.9,65.9,155.0,128.0,97.9,97.9,-91.0
1480,208.0,297.0,69.0,66.1,149.0,124.0,97.9,97.9,-89.0
1481,249.0,339.0,67.8,64.8,155.0,128.0,97.9,97.9,-90.0
1482,282.0,384.0,66.4,63.4,155.0,128.0,97.9,97.9,-102.0
1483,521.0,567.0,60.2,59.2,91.0,87.0,97.9,97.9,-46.0
1484,141.0,169.0,72.6,70.8,240.0,221.0,97.9,97.9,-28.0
1485,322.0,408.0,65.2,62.7,153.0,134.0,98.03,98.06,-86.0
1486,2472.0,2497.0,41.6,41.4,17.0,19.0,99.0,99.0,-25.0
1487,1417.0,1495.0,49.1,48.4,133.0,124.0,98.83,98.86,-78.0
1488,761.0,735.0,55.9,56.2,151.0,161.0,99.0,99.0,26.0
1489,837.0,859.0,54.9,54.5,135.0,134.0,99.0,99.0,-22.0
1490,1638.0,1573.0,47.3,47.8,77.0,81.0,98.7,98.7,65.0
1491,2381.0,2431.0,42.4,42.0,16.0,15.0,99.0,99.0,-50.0
1492,1505.0,1593.0,48.3,47.6,76.0,71.0,99.0,99.0,-88.0
1493,2303.0,2332.0,42.9,42.8,17.0,18.0,98.7,98.7,-29.0
1494,1941.0,1926.0,45.5,45.5,8.0,9.0,98.5,98.5,15.0
1495,2625.0,2680.0,40.4,39.9,40.0,40.0,98.86,98.91,-55.0
1496,1550.0,1431.0,48.0,48.8,122.0,138.0,98.61,98.66,119.0
1497,817.0,757.0,55.1,55.9,184.0,195.0,99.43,99.42,60.0
1498,2395.0,2437.0,42.2,42.0,1.0,1.0,99.1,99.1,-42.0
1499,1545.0,1604.0,48.0,47.6,38.0,33.0,98.71,98.72,-59.0
1500,672.0,761.0,57.3,55.9,204.0,210.0,99.1,99.1,-89.0
1501,541.0,613.0,59.8,58.4,183.0,174.0,99.0,99.04,-72.0
1502,176.0,380.0,70.3,63.6,286.0,239.0,99.09,99.09,-204.0
1503,1728.0,1850.0,46.7,46.0,129.0,110.0,98.7,98.7,-122.0
1505,1079.0,1187.0,52.2,51.2,116.0,106.0,98.9,98.94,-108.0
1506,402.0,371.0,62.8,64.0,318.0,337.0,99.44,99.43,31.0
1507,516.0,377.0,60.3,63.8,351.0,391.0,99.5,99.5,139.0
1508,189.0,172.0,69.8,70.5,426.0,444.0,99.5,99.5,17.0
1509,383.0,325.0,63.3,65.3,340.0,361.0,99.5,99.5,58.0
1510,1519.0,1844.0,48.2,46.0,61.0,50.0,99.1,99.1,-325.0
1511,1157.0,1402.0,51.5,49.1,118.0,103.0,99.22,99.2,-245.0
1512,114.0,237.0,74.4,68.1,328.0,284.0,99.21,99.2,-123.0
1513,6.0,4.0,96.3,96.4,533.0,601.0,97.3,97.3,2.0
1514,5.0,5.0,96.9,96.4,526.0,599.0,97.14,97.15,0.0
1515,14.0,10.0,90.2,95.0,399.0,446.0,97.37,97.37,4.0
1516,240.0,185.0,68.1,70.0,176.0,201.0,97.3,97.3,55.0
1517,8.0,11.0,94.5,94.1,634.0,635.0,97.34,97.34,-3.0
1518,7.0,6.0,95.9,95.9,498.0,503.0,97.26,97.25,1.0
1519,13.0,13.0,91.4,92.3,560.0,538.0,97.74,97.72,0.0
1520,218.0,116.0,68.8,73.7,350.0,364.0,98.5,98.5,102.0
1521,718.0,551.0,56.6,59.5,262.0,265.0,98.48,98.47,167.0
1522,473.0,333.0,61.1,65.0,261.0,272.0,98.5,98.5,140.0
1523,867.0,704.0,54.6,56.8,125.0,139.0,98.5,98.5,163.0
1524,78.0,39.0,78.3,82.3,368.0,405.0,97.52,97.57,39.0
1525,312.0,180.0,65.6,70.3,345.0,358.0,98.5,98.5,132.0
1526,97.0,51.0,75.9,80.2,377.0,407.0,97.98,98.03,46.0
1527,1254.0,1189.0,50.7,51.1,73.0,77.0,98.7,98.7,65.0
1528,355.0,296.0,64.2,66.2,279.0,293.0,98.7,98.7,59.0
1529,2098.0,2111.0,44.4,44.3,19.0,20.0,98.7,98.7,-13.0
1530,22.0,19.0,87.8,88.4,548.0,457.0,98.1,98.1,3.0
1531,537.0,459.0,59.8,61.4,195.0,207.0,98.7,98.7,78.0
1532,1258.0,1271.0,50.6,50.4,10.0,11.0,99.7,99.7,-13.0
1533,2115.0,2156.0,44.2,44.0,1.0,1.0,99.7,99.7,-41.0
1534,2406.0,2441.0,42.2,41.9,11.0,12.0,99.7,99.7,-35.0
1535,1495.0,1531.0,48.4,48.1,5.0,5.0,99.7,99.7,-36.0
1536,1220.0,1233.0,51.0,50.7,11.0,12.0,99.7,99.7,-13.0
1538,1424.0,1455.0,49.0,48.7,12.0,12.0,99.7,99.7,-31.0
1539,1614.0,1663.0,47.5,47.1,9.0,9.0,98.58,98.59,-49.0
1540,399.0,405.0,62.9,62.9,228.0,223.0,98.79,98.79,-6.0
1541,233.0,228.0,68.2,68.3,229.0,232.0,98.54,98.54,5.0
1542,132.0,134.0,73.0,72.5,326.0,311.0,99.05,99.05,-2.0
1543,1416.0,1409.0,49.1,49.0,39.0,39.0,98.52,98.53,7.0
1544,1939.0,1979.0,45.4,45.2,2.0,2.0,98.5,98.5,-40.0
1545,2504.0,2537.0,41.4,41.1,11.0,12.0,99.7,99.7,-33.0
1546,2524.0,2559.0,41.2,40.9,12.0,12.0,99.7,99.7,-35.0
1547,2119.0,2174.0,44.2,43.9,12.0,12.0,99.7,99.7,-55.0
1548,2873.0,2902.0,38.0,37.7,12.0,12.0,99.7,99.7,-29.0
1549,2525.0,2561.0,41.2,40.9,12.0,12.0,99.7,99.7,-36.0
1550,1776.0,1833.0,46.4,46.1,12.0,12.0,99.7,99.7,-57.0
1551,1874.0,1927.0,45.8,45.5,12.0,12.0,99.7,99.7,-53.0
1552,2118.0,2173.0,44.2,43.9,12.0,12.0,99.7,99.7,-55.0
1553,558.0,553.0,59.4,59.5,124.0,129.0,98.63,98.64,5.0
1554,614.0,572.0,58.4,59.2,100.0,111.0,98.75,98.75,42.0
1555,748.0,715.0,56.1,56.6,74.0,83.0,98.81,98.81,33.0
1556,531.0,494.0,59.9,60.7,87.0,98.0,98.8,98.8,37.0
1557,1650.0,1699.0,47.2,46.8,12.0,13.0,99.47,99.49,-49.0
1558,381.0,397.0,63.3,63.1,168.0,168.0,98.54,98.55,-16.0
1559,2380.0,2424.0,42.4,42.1,12.0,12.0,99.7,99.7,-44.0
1560,1391.0,1417.0,49.3,48.9,12.0,12.0,99.7,99.7,-26.0
1561,428.0,402.0,62.1,62.9,309.0,319.0,99.7,99.7,26.0
1562,1289.0,1308.0,50.3,50.0,12.0,12.0,99.7,99.7,-19.0
1563,1324.0,1339.0,49.9,49.7,9.0,10.0,99.7,99.7,-15.0
1564,1511.0,1547.0,48.3,48.0,12.0,12.0,99.7,99.7,-36.0
1565,1393.0,1211.0,49.3,50.9,101.0,125.0,99.55,99.52,182.0
1566,1752.0,1813.0,46.6,46.2,12.0,12.0,99.7,99.7,-61.0
1567,2022.0,2049.0,45.0,44.8,21.0,21.0,98.5,98.5,-27.0
1568,2505.0,2524.0,41.4,41.2,37.0,36.0,98.5,98.5,-19.0
1569,818.0,812.0,55.1,55.1,61.0,60.0,98.5,98.5,6.0
1570,231.0,219.0,68.2,68.6,219.0,216.0,98.5,98.5,12.0
1571,620.0,569.0,58.4,59.2,342.0,353.0,99.7,99.7,51.0
1572,2706.0,2668.0,39.6,40.0,97.0,104.0,99.68,99.67,38.0
1573,1783.0,1786.0,46.4,46.4,74.0,76.0,99.7,99.7,-3.0
1574,3590.0,3602.0,23.5,23.3,12.0,12.0,99.7,99.7,-12.0
1575,2572.0,2613.0,40.8,40.5,12.0,12.0,99.7,99.7,-41.0
1576,2914.0,2935.0,37.7,37.4,12.0,12.0,99.7,99.7,-21.0
1577,1923.0,1975.0,45.5,45.2,12.0,12.0,99.7,99.7,-52.0
1578,3591.0,3603.0,23.5,23.3,12.0,12.0,99.7,99.7,-12.0
1579,3272.0,3291.0,33.4,33.1,12.0,12.0,99.7,99.7,-19.0
1580,3560.0,3574.0,25.4,25.1,12.0,12.0,99.7,99.7,-14.0
1581,48.0,40.0,82.0,81.6,222.0,224.0,97.46,97.47,8.0
1582,90.0,89.0,76.5,76.1,226.0,229.0,97.4,97.4,1.0
1583,260.0,252.0,67.4,67.4,207.0,200.0,97.9,97.9,8.0
1584,65.0,56.0,79.8,79.3,223.0,225.0,97.45,97.46,9.0
1585,348.0,398.0,64.4,63.0,115.0,106.0,98.31,98.27,-50.0
1586,167.0,189.0,70.6,69.8,170.0,164.0,97.68,97.61,-22.0
1587,289.0,266.0,66.1,67.0,178.0,182.0,98.05,98.02,23.0
1588,103.0,101.0,75.5,74.7,298.0,291.0,97.35,97.35,2.0
1589,4.0,8.0,97.0,95.8,517.0,620.0,97.3,97.3,-4.0
1590,110.0,121.0,74.6,73.4,265.0,254.0,97.4,97.4,-11.0
1591,11.0,9.0,92.8,95.0,429.0,455.0,97.35,97.35,2.0
1592,51.0,74.0,81.7,77.7,266.0,226.0,97.35,97.36,-23.0
1593,43.0,114.0,83.3,73.9,338.0,223.0,97.3,97.3,-71.0
1594,96.0,95.0,75.9,75.5,226.0,229.0,97.4,97.4,1.0
1595,130.0,113.0,73.1,74.0,369.0,350.0,98.79,98.68,17.0
1596,45.0,99.0,82.8,74.9,352.0,261.0,97.9,97.9,-54.0
1597,85.0,77.0,76.9,77.4,450.0,437.0,99.1,99.1,8.0
1598,113.0,177.0,74.5,70.3,381.0,333.0,98.5,98.55,-64.0
1599,116.0,97.0,74.3,75.4,340.0,330.0,98.78,98.68,19.0
1600,188.0,184.0,69.8,70.0,201.0,197.0,97.9,97.9,4.0
1601,88.0,70.0,76.8,77.9,469.0,448.0,99.1,99.1,18.0
1602,23.0,25.0,87.2,86.8,473.0,474.0,97.9,97.9,-2.0
1603,70.0,66.0,79.4,78.1,295.0,281.0,97.46,97.46,4.0
1604,1403.0,1452.0,49.2,48.7,72.0,74.0,97.9,97.9,-49.0
1605,10.0,12.0,92.9,92.5,526.0,526.0,97.89,97.89,-2.0
1606,50.0,90.0,81.8,76.0,305.0,239.0,97.9,97.9,-40.0
1607,72.0,61.0,79.1,78.6,226.0,228.0,97.44,97.45,11.0
1608,601.0,858.0,58.7,54.6,196.0,144.0,97.9,97.9,-257.0
1609,571.0,657.0,59.2,57.4,67.0,56.0,98.4,98.4,-86.0
1610,263.0,286.0,67.4,66.4,167.0,155.0,98.4,98.4,-23.0
1611,594.0,664.0,58.8,57.3,86.0,78.0,98.42,98.42,-70.0
1612,542.0,645.0,59.8,57.6,103.0,88.0,98.4,98.4,-103.0
1613,1249.0,1419.0,50.7,48.9,86.0,73.0,98.4,98.4,-170.0
1614,458.0,546.0,61.3,59.6,124.0,110.0,98.4,98.4,-88.0
1615,1272.0,1299.0,50.5,50.1,6.0,5.0,98.4,98.4,-27.0
1616,47.0,48.0,82.7,80.5,356.0,310.0,97.97,97.96,-1.0
1617,31.0,43.0,85.8,81.3,317.0,263.0,97.6,97.6,-12.0
1618,53.0,67.0,81.6,78.1,262.0,226.0,97.37,97.37,-14.0
1619,19.0,62.0,88.3,78.3,338.0,223.0,97.3,97.3,-43.0
1620,73.0,41.0,79.0,81.4,369.0,371.0,98.4,98.4,32.0
1621,94.0,71.0,76.1,77.8,367.0,365.0,98.51,98.5,23.0
1622,245.0,250.0,68.0,67.5,185.0,175.0,98.4,98.4,-5.0
1623,366.0,332.0,64.0,65.1,121.0,137.0,98.5,98.5,34.0
1624,365.0,328.0,64.0,65.2,134.0,151.0,98.5,98.5,37.0
1625,309.0,305.0,65.7,65.9,224.0,229.0,98.5,98.5,4.0
1626,567.0,511.0,59.2,60.5,143.0,158.0,98.38,98.35,56.0
1627,2722.0,2759.0,39.5,39.2,2.0,2.0,98.5,98.5,-37.0
1628,2889.0,2904.0,37.9,37.7,7.0,8.0,98.5,98.5,-15.0
1629,352.0,348.0,64.2,64.6,115.0,118.0,98.5,98.5,4.0
1630,413.0,441.0,62.5,61.8,174.0,161.0,99.2,99.2,-28.0
1631,806.0,851.0,55.3,54.6,136.0,126.0,99.2,99.2,-45.0
1632,2744.0,2774.0,39.3,39.1,1.0,1.0,99.2,99.2,-30.0
1633,1831.0,1883.0,46.1,45.8,26.0,24.0,99.2,99.2,-52.0
1634,830.0,867.0,55.0,54.4,160.0,148.0,99.21,99.21,-37.0
1635,462.0,519.0,61.3,60.3,202.0,187.0,99.2,99.2,-57.0
1636,657.0,692.0,57.6,57.0,170.0,157.0,99.2,99.2,-35.0
1637,2331.0,2385.0,42.7,42.5,1.0,1.0,99.2,99.2,-54.0
1638,314.0,457.0,65.5,61.5,281.0,247.0,99.2,99.2,-143.0
1639,1351.0,1637.0,49.7,47.3,127.0,111.0,99.2,99.2,-286.0
1640,411.0,596.0,62.5,58.8,222.0,194.0,99.2,99.2,-185.0
1641,1420.0,1720.0,49.1,46.7,132.0,115.0,99.2,99.2,-300.0
1642,2175.0,2086.0,43.8,44.6,44.0,44.0,99.2,99.2,89.0
1643,1143.0,1049.0,51.6,52.5,153.0,147.0,99.2,99.2,94.0
1644,2145.0,2319.0,44.0,42.9,46.0,40.0,99.2,99.2,-174.0
1645,2654.0,2692.0,40.1,39.8,12.0,12.0,99.7,99.7,-38.0
1646,3021.0,3046.0,36.6,36.3,12.0,12.0,99.7,99.7,-25.0
1647,2276.0,2331.0,43.1,42.8,12.0,12.0,99.7,99.7,-55.0
1648,2431.0,2486.0,41.9,41.5,27.0,27.0,99.4,99.43,-55.0
1649,2601.0,2640.0,40.6,40.3,12.0,12.0,99.7,99.7,-39.0
1650,3084.0,3107.0,35.9,35.6,12.0,12.0,99.7,99.7,-23.0
1651,1969.0,2015.0,45.3,45.0,12.0,12.0,99.7,99.7,-46.0
1652,503.0,542.0,60.5,59.6,179.0,167.0,99.19,99.19,-39.0
1653,1878.0,1907.0,45.8,45.6,6.0,6.0,99.16,99.15,-29.0
1654,607.0,647.0,58.6,57.5,194.0,180.0,99.2,99.2,-40.0
1655,1322.0,1375.0,50.0,49.3,101.0,93.0,99.2,99.2,-53.0
1656,2526.0,2568.0,41.2,40.9,12.0,12.0,99.7,99.7,-42.0
1657,1142.0,1122.0,51.7,51.7,42.0,47.0,98.96,98.97,20.0
1658,990.0,1038.0,53.2,52.6,102.0,96.0,99.23,99.23,-48.0
1659,676.0,466.0,57.3,61.3,203.0,258.0,99.9,99.9,210.0
1660,1365.0,1422.0,49.5,48.9,69.0,66.0,99.29,99.34,-57.0
1661,1469.0,1226.0,48.7,50.8,142.0,177.0,99.84,99.86,243.0
1662,1288.0,1251.0,50.4,50.6,79.0,82.0,99.37,99.44,37.0
1663,356.0,358.0,64.2,64.2,451.0,473.0,99.9,99.9,-2.0
1664,2716.0,2747.0,39.5,39.3,15.0,17.0,99.75,99.76,-31.0
1665,1215.0,847.0,51.0,54.7,226.0,284.0,99.9,99.9,368.0
1666,1369.0,1475.0,49.4,48.5,5.0,5.0,97.31,97.41,-106.0
1667,2196.0,2477.0,43.7,41.6,8.0,7.0,97.99,98.27,-281.0
1669,677.0,697.0,57.3,56.9,9.0,9.0,96.5,96.5,-20.0
1670,593.0,611.0,58.8,58.5,12.0,12.0,96.5,96.5,-18.0
1671,1464.0,1493.0,48.7,48.4,109.0,116.0,96.83,96.87,-29.0
1672,1101.0,1131.0,52.0,51.7,12.0,12.0,96.5,96.5,-30.0
1673,644.0,694.0,57.9,57.0,127.0,133.0,96.97,97.05,-50.0
1674,2546.0,2582.0,41.0,40.7,1.0,1.0,99.9,99.9,-36.0
1675,1963.0,2019.0,45.3,45.0,22.0,20.0,99.9,99.9,-56.0
1678,1235.0,1580.0,50.9,47.7,221.0,181.0,99.0,99.0,-345.0
1679,1692.0,2005.0,46.9,45.0,144.0,104.0,99.02,99.02,-313.0
1680,714.0,839.0,56.7,54.8,141.0,107.0,98.81,98.76,-125.0
1681,909.0,1183.0,54.1,51.2,196.0,140.0,99.0,99.0,-274.0
1682,955.0,1404.0,53.6,49.1,297.0,299.0,99.0,99.0,-449.0
1683,1924.0,2263.0,45.5,43.3,196.0,140.0,99.0,99.0,-339.0
1684,598.0,793.0,58.8,55.4,185.0,184.0,98.84,98.87,-195.0
1685,2731.0,2770.0,39.4,39.1,10.0,11.0,99.9,99.9,-39.0
1686,2470.0,2517.0,41.6,41.3,10.0,11.0,99.9,99.9,-47.0
1687,1316.0,1388.0,50.1,49.2,23.0,24.0,97.88,97.96,-72.0
1688,3531.0,3549.0,27.0,26.6,10.0,11.0,99.9,99.9,-18.0
1689,3020.0,3047.0,36.6,36.3,10.0,11.0,99.9,99.9,-27.0
1690,2336.0,2392.0,42.7,42.4,10.0,11.0,99.9,99.9,-56.0
1691,2021.0,2180.0,45.0,43.8,53.0,41.0,99.13,99.18,-159.0
1692,210.0,212.0,68.9,68.7,137.0,135.0,97.7,97.66,-2.0
1693,566.0,550.0,59.2,59.5,62.0,72.0,97.63,97.63,16.0
1694,12.0,15.0,91.9,90.7,523.0,432.0,97.87,97.86,-3.0
1695,643.0,752.0,57.9,56.0,235.0,202.0,97.85,97.81,-109.0
1696,545.0,556.0,59.7,59.4,65.0,65.0,97.74,97.74,-11.0
1697,623.0,640.0,58.3,57.8,55.0,49.0,97.77,97.77,-17.0
1698,234.0,229.0,68.1,68.2,109.0,117.0,97.6,97.6,5.0
1699,684.0,658.0,57.2,57.4,62.0,73.0,97.6,97.6,26.0
1700,431.0,443.0,62.0,61.7,130.0,134.0,96.62,96.64,-12.0
1701,791.0,776.0,55.5,55.7,62.0,73.0,97.6,97.6,15.0
1702,1702.0,1773.0,46.8,46.4,78.0,84.0,96.99,97.03,-71.0
1703,723.0,721.0,56.5,56.5,107.0,95.0,98.45,98.32,2.0
1704,1441.0,1523.0,48.8,48.2,132.0,106.0,98.74,98.65,-82.0
1705,564.0,552.0,59.2,59.5,62.0,73.0,97.6,97.6,12.0
1706,3273.0,3232.0,33.3,34.0,197.0,191.0,99.0,99.0,41.0
1707,1461.0,1801.0,48.7,46.3,195.0,140.0,99.0,99.0,-340.0
1708,1640.0,1768.0,47.3,46.4,253.0,280.0,99.0,99.0,-128.0
1709,1946.0,2399.0,45.4,42.3,231.0,196.0,99.0,99.0,-453.0
1710,3180.0,3057.0,34.7,36.2,135.0,147.0,99.0,99.0,123.0
1711,3462.0,3463.0,29.9,30.0,99.0,81.0,99.0,99.0,-1.0
1712,2939.0,2580.0,37.3,40.8,198.0,247.0,99.0,99.0,359.0
1713,3075.0,3104.0,36.0,35.7,10.0,11.0,99.9,99.9,-29.0
1714,2576.0,2627.0,40.8,40.4,9.0,9.0,99.9,99.9,-51.0
1715,2450.0,2583.0,41.8,40.7,45.0,35.0,99.17,99.22,-133.0
1716,2471.0,2518.0,41.6,41.3,10.0,11.0,99.9,99.9,-47.0
1717,2067.0,2179.0,44.6,43.8,77.0,60.0,99.05,99.06,-112.0
1718,2688.0,2722.0,39.9,39.5,10.0,11.0,99.9,99.9,-34.0
1719,1860.0,2151.0,45.9,44.0,165.0,119.0,99.01,99.01,-291.0
1720,602.0,632.0,58.7,58.1,54.0,46.0,97.81,97.81,-30.0
1721,467.0,669.0,61.1,57.2,245.0,248.0,98.94,98.95,-202.0
1722,727.0,740.0,56.5,56.1,75.0,73.0,97.8,97.8,-13.0
1723,491.0,528.0,60.8,60.1,54.0,45.0,97.8,97.8,-37.0
1724,728.0,767.0,56.5,55.8,54.0,45.0,97.8,97.8,-39.0
1725,1094.0,798.0,52.1,55.3,183.0,222.0,98.95,98.96,296.0
1726,471.0,504.0,61.1,60.6,77.0,74.0,97.8,97.8,-33.0
1727,1601.0,1660.0,47.6,47.2,10.0,10.0,99.9,99.9,-59.0
1728,1815.0,1881.0,46.2,45.8,6.0,6.0,99.9,99.9,-66.0
1729,2164.0,2215.0,43.9,43.6,1.0,1.0,99.9,99.9,-51.0
1730,1448.0,1441.0,48.8,48.7,135.0,125.0,99.9,99.9,7.0
1731,1666.0,1738.0,47.0,46.6,200.0,178.0,99.9,99.9,-72.0
1732,1398.0,1424.0,49.2,48.9,64.0,58.0,99.9,99.9,-26.0
1733,1551.0,1606.0,48.0,47.6,170.0,152.0,99.9,99.9,-55.0
1734,2132.0,2186.0,44.1,43.8,10.0,11.0,99.9,99.9,-54.0
1735,1784.0,1827.0,46.4,46.1,153.0,138.0,99.9,99.9,-43.0
1736,1651.0,1691.0,47.2,46.9,10.0,11.0,99.9,99.9,-40.0
1737,2835.0,2877.0,38.4,38.0,9.0,9.0,99.9,99.9,-42.0
1739,327.0,372.0,65.0,64.0,49.0,45.0,96.79,96.86,-45.0
1740,1931.0,1851.0,45.5,46.0,10.0,10.0,98.35,98.2,80.0
1741,2727.0,2776.0,39.5,39.0,9.0,9.0,99.9,99.9,-49.0
1743,2922.0,2951.0,37.5,37.2,10.0,11.0,99.9,99.9,-29.0
1744,,1671.0,,47.1,,1.0,,99.9,
1747,2287.0,2350.0,43.0,42.7,3.0,3.0,99.9,99.9,-63.0
1748,1375.0,1408.0,49.4,49.0,7.0,7.0,99.9,99.9,-33.0
1749,584.0,609.0,58.9,58.6,22.0,22.0,96.75,96.72,-25.0
1750,2666.0,2705.0,40.0,39.7,10.0,11.0,99.9,99.9,-39.0
1751,2984.0,3015.0,37.0,36.7,6.0,7.0,99.9,99.9,-31.0
1752,2113.0,2163.0,44.3,43.9,10.0,11.0,99.9,99.9,-50.0
1753,2075.0,2126.0,44.5,44.2,7.0,7.0,99.9,99.9,-51.0
1754,2370.0,2413.0,42.4,42.2,4.0,5.0,99.9,99.9,-43.0
1755,3051.0,3087.0,36.3,35.9,10.0,10.0,99.9,99.9,-36.0
1756,2198.0,2264.0,43.6,43.3,5.0,5.0,99.9,99.9,-66.0
1757,2620.0,2652.0,40.4,40.1,8.0,9.0,99.9,99.9,-32.0
1758,2566.0,2608.0,40.8,40.5,8.0,9.0,99.9,99.9,-42.0
1759,248.0,130.0,67.9,72.7,198.0,261.0,97.7,97.7,118.0
1760,251.0,265.0,67.7,67.0,111.0,118.0,97.7,97.7,-14.0
1761,1857.0,1726.0,45.9,46.6,103.0,107.0,98.6,98.6,131.0
1762,2558.0,2631.0,40.9,40.3,34.0,36.0,97.71,97.71,-73.0
1763,214.0,106.0,68.9,74.3,232.0,304.0,97.7,97.7,108.0
1764,201.0,204.0,69.4,69.0,124.0,133.0,97.72,97.72,-3.0
1765,608.0,490.0,58.5,60.7,200.0,223.0,98.37,98.34,118.0
1766,2429.0,2597.0,41.9,40.6,140.0,145.0,96.96,97.05,-168.0
1767,351.0,375.0,64.3,63.9,52.0,52.0,96.5,96.5,-24.0
1768,1193.0,1275.0,51.2,50.3,31.0,32.0,96.89,96.97,-82.0
1769,293.0,311.0,65.9,65.6,58.0,59.0,96.5,96.5,-18.0
1770,268.0,288.0,67.2,66.4,111.0,118.0,97.7,97.7,-20.0
1771,941.0,1055.0,53.7,52.4,130.0,136.0,97.15,97.24,-114.0
1772,698.0,745.0,56.9,56.0,96.0,102.0,97.7,97.7,-47.0
1773,3434.0,3425.0,30.5,30.8,55.0,57.0,98.6,98.6,9.0
1776,2522.0,2449.0,41.3,41.9,94.0,97.0,98.6,98.6,73.0
1784,174.0,190.0,70.4,69.8,139.0,144.0,97.71,97.72,-16.0
1785,27.0,21.0,86.3,87.8,477.0,461.0,97.9,97.9,6.0
1786,157.0,110.0,71.2,74.0,183.0,228.0,97.7,97.7,47.0
1787,277.0,294.0,66.6,66.2,131.0,137.0,97.74,97.74,-17.0
1788,30.0,28.0,85.8,84.8,320.0,315.0,97.6,97.6,2.0
1789,15.0,18.0,89.8,89.6,373.0,365.0,97.73,97.75,-3.0
1790,102.0,87.0,75.6,76.3,205.0,223.0,97.64,97.65,15.0
1791,33.0,44.0,85.4,81.1,349.0,294.0,97.87,97.84,-11.0
1792,444.0,456.0,61.7,61.5,82.0,90.0,97.66,97.66,-12.0
1793,139.0,151.0,72.6,71.9,111.0,118.0,97.7,97.7,-12.0
1794,217.0,236.0,68.8,68.1,111.0,118.0,97.7,97.7,-19.0
1795,20.0,20.0,88.2,87.9,560.0,451.0,97.9,97.9,0.0
1796,204.0,262.0,69.2,67.1,221.0,191.0,97.84,97.8,-58.0
1797,21.0,17.0,88.2,89.7,474.0,457.0,97.9,97.9,4.0
1798,924.0,884.0,53.9,54.2,145.0,162.0,98.4,98.4,40.0
1799,237.0,165.0,68.1,71.0,299.0,346.0,98.27,98.23,72.0
1800,1372.0,1338.0,49.4,49.7,128.0,140.0,98.46,98.46,34.0
1801,182.0,166.0,70.2,71.0,276.0,292.0,98.4,98.4,16.0
1802,170.0,122.0,70.5,73.3,301.0,346.0,98.29,98.25,48.0
1803,1222.0,1229.0,51.0,50.8,47.0,52.0,98.4,98.4,-7.0
1804,34.0,22.0,85.4,87.6,422.0,434.0,98.4,98.4,12.0
1805,1255.0,1249.0,50.6,50.6,16.0,20.0,98.4,98.4,6.0
1806,589.0,585.0,58.9,59.0,43.0,46.0,98.4,98.4,4.0
1807,439.0,424.0,61.8,62.3,72.0,78.0,98.4,98.4,15.0
1808,660.0,620.0,57.6,58.3,129.0,133.0,98.4,98.4,40.0
1809,1771.0,1819.0,46.5,46.2,1.0,1.0,98.4,98.4,-48.0
1810,2004.0,1984.0,45.1,45.1,35.0,36.0,98.4,98.4,20.0
1811,512.0,510.0,60.4,60.5,22.0,27.0,98.4,98.4,2.0
1812,540.0,534.0,59.8,59.8,22.0,27.0,98.4,98.4,6.0
1813,493.0,487.0,60.7,60.8,22.0,27.0,98.4,98.4,6.0
1814,535.0,530.0,59.9,59.9,22.0,27.0,98.4,98.4,5.0
1815,1034.0,887.0,52.7,54.2,42.0,47.0,99.08,98.86,147.0
1816,527.0,526.0,60.0,60.1,22.0,27.0,98.4,98.4,1.0
1817,507.0,508.0,60.5,60.5,22.0,27.0,98.4,98.4,-1.0
1818,844.0,781.0,54.8,55.5,10.0,11.0,99.01,98.85,63.0
1819,497.0,506.0,60.5,60.6,21.0,26.0,98.4,98.4,-9.0
1820,1010.0,1007.0,52.9,52.9,11.0,12.0,99.34,99.3,3.0
1821,392.0,391.0,63.1,63.3,22.0,27.0,98.41,98.4,1.0
1822,1009.0,1039.0,52.9,52.6,5.0,5.0,99.4,99.4,-30.0
1823,935.0,957.0,53.7,53.4,11.0,12.0,99.4,99.4,-22.0
1824,437.0,432.0,61.9,62.0,22.0,27.0,98.4,98.4,5.0
1825,555.0,543.0,59.5,59.6,22.0,27.0,98.4,98.4,12.0
1826,485.0,482.0,60.8,60.9,22.0,27.0,98.4,98.4,3.0
1827,477.0,475.0,61.0,61.1,22.0,27.0,98.4,98.4,2.0
1828,452.0,452.0,61.5,61.6,22.0,27.0,98.4,98.4,0.0
1829,526.0,525.0,60.1,60.1,22.0,27.0,98.4,98.4,1.0
1830,418.0,423.0,62.3,62.3,22.0,27.0,98.4,98.4,-5.0
1831,1607.0,1649.0,47.5,47.2,100.0,101.0,99.7,99.7,-42.0
1832,203.0,198.0,69.3,69.2,232.0,235.0,99.7,99.7,5.0
1833,1600.0,1533.0,47.6,48.1,107.0,110.0,99.55,99.46,67.0
1834,1229.0,1205.0,50.9,51.0,192.0,196.0,99.67,99.65,24.0
1835,2669.0,2701.0,40.0,39.7,12.0,12.0,99.7,99.7,-32.0
1836,385.0,396.0,63.2,63.1,215.0,218.0,99.7,99.7,-11.0
1837,1001.0,1025.0,53.0,52.8,5.0,6.0,99.4,99.4,-24.0
1838,989.0,1008.0,53.2,52.9,6.0,6.0,99.4,99.4,-19.0
1839,3597.0,3601.0,23.5,23.4,52.0,48.0,100.0,100.0,-4.0
1840,2670.0,2500.0,40.0,41.4,44.0,45.0,99.44,99.21,170.0
1841,3336.0,3367.0,32.4,31.9,66.0,57.0,99.91,99.93,-31.0
1842,3435.0,3453.0,30.5,30.3,54.0,49.0,100.0,100.0,-18.0
1843,2972.0,2851.0,37.0,38.3,51.0,51.0,99.59,99.38,121.0
1844,957.0,1112.0,53.6,51.8,206.0,176.0,99.7,99.7,-155.0
1845,1092.0,862.0,52.1,54.5,226.0,226.0,99.7,99.7,230.0
1846,824.0,913.0,55.1,53.9,185.0,170.0,99.7,99.7,-89.0
1847,796.0,877.0,55.4,54.3,186.0,171.0,99.7,99.7,-81.0
1848,3681.0,3693.0,19.6,19.4,9.0,7.0,99.7,99.7,-12.0
1849,3384.0,3432.0,31.5,30.6,117.0,92.0,99.7,99.7,-48.0
1850,2886.0,3022.0,37.9,36.6,139.0,110.0,99.7,99.7,-136.0
1851,574.0,571.0,59.1,59.2,22.0,27.0,98.4,98.4,3.0
1852,1348.0,1285.0,49.7,50.2,63.0,65.0,99.16,99.09,63.0
1853,1253.0,1203.0,50.7,51.0,71.0,71.0,99.2,99.14,50.0
1854,430.0,465.0,62.1,61.3,286.0,267.0,99.47,99.47,-35.0
1855,636.0,629.0,58.0,58.1,22.0,27.0,98.4,98.4,7.0
1856,1257.0,1242.0,50.7,50.7,22.0,27.0,98.4,98.4,15.0
1857,642.0,635.0,57.9,58.0,22.0,27.0,98.4,98.4,7.0
1858,1421.0,1460.0,49.1,48.6,156.0,163.0,99.52,99.51,-39.0
1859,1003.0,1114.0,53.0,51.8,181.0,163.0,99.71,99.71,-111.0
1860,2108.0,2178.0,44.3,43.8,88.0,104.0,99.51,99.51,-70.0
1861,2799.0,2834.0,38.8,38.5,41.0,47.0,99.64,99.64,-35.0
1862,764.0,802.0,55.8,55.2,266.0,246.0,99.49,99.47,-38.0
1863,873.0,1058.0,54.4,52.4,214.0,180.0,99.69,99.69,-185.0
1864,336.0,368.0,64.7,64.0,314.0,299.0,99.5,99.5,-32.0
1865,1915.0,1914.0,45.6,45.6,182.0,188.0,99.86,99.85,1.0
1866,3524.0,3532.0,27.6,27.4,29.0,27.0,100.0,100.0,-8.0
1867,2191.0,2233.0,43.7,43.5,89.0,81.0,99.98,99.96,-42.0
1868,3498.0,3508.0,28.6,28.4,40.0,37.0,100.0,100.0,-10.0
1869,1349.0,1316.0,49.7,49.9,213.0,231.0,99.8,99.8,33.0
1870,1966.0,2000.0,45.3,45.1,150.0,158.0,99.8,99.8,-34.0
1871,1887.0,1899.0,45.8,45.7,115.0,124.0,99.81,99.81,-12.0
1873,1264.0,1253.0,50.6,50.6,22.0,27.0,98.4,98.4,11.0
1874,2277.0,2076.0,43.1,44.6,34.0,37.0,99.15,98.91,201.0
1875,569.0,563.0,59.2,59.3,22.0,27.0,98.4,98.4,6.0
1876,1019.0,1013.0,52.8,52.9,22.0,27.0,98.4,98.4,6.0
1877,1265.0,1243.0,50.6,50.7,115.0,118.0,99.67,99.64,22.0
1878,1902.0,1884.0,45.7,45.8,15.0,18.0,98.48,98.44,18.0
1879,624.0,557.0,58.2,59.4,78.0,82.0,99.43,99.25,67.0
1880,2338.0,2270.0,42.7,43.2,13.0,14.0,99.12,98.99,68.0
1881,815.0,801.0,55.2,55.2,22.0,27.0,98.4,98.4,14.0
1882,2346.0,2379.0,42.6,42.5,11.0,12.0,99.38,99.36,-33.0
1883,1131.0,979.0,51.7,53.2,27.0,31.0,98.93,98.7,152.0
1884,2690.0,2719.0,39.8,39.5,11.0,12.0,99.4,99.4,-29.0
1885,1354.0,1263.0,49.7,50.5,15.0,18.0,98.85,98.7,91.0
1886,2619.0,2649.0,40.4,40.1,11.0,12.0,99.4,99.4,-30.0
1887,2124.0,2171.0,44.2,43.9,53.0,52.0,100.0,100.0,-47.0
1888,1751.0,1697.0,46.6,46.8,141.0,144.0,100.0,100.0,54.0
1889,2708.0,2748.0,39.6,39.3,53.0,52.0,100.0,100.0,-40.0
1890,2318.0,2256.0,42.8,43.3,196.0,202.0,100.0,100.0,62.0
1891,1521.0,1376.0,48.2,49.3,26.0,30.0,98.8,98.62,145.0
1892,1097.0,1015.0,52.0,52.8,46.0,46.0,99.83,99.67,82.0
1893,1432.0,1310.0,48.9,50.0,44.0,45.0,99.77,99.58,122.0
1894,1136.0,1165.0,51.7,51.4,11.0,12.0,99.4,99.4,-29.0
1895,1231.0,1248.0,50.9,50.6,11.0,12.0,99.4,99.4,-17.0
1896,1936.0,1976.0,45.5,45.2,8.0,9.0,99.4,99.4,-40.0
1897,1318.0,1334.0,50.0,49.8,11.0,12.0,99.4,99.4,-16.0
1898,1152.0,1178.0,51.6,51.3,11.0,12.0,99.4,99.4,-26.0
1899,950.0,967.0,53.6,53.3,11.0,12.0,99.4,99.4,-17.0
1900,1121.0,1151.0,51.8,51.6,11.0,12.0,99.4,99.4,-30.0
1901,1572.0,1601.0,47.9,47.6,46.0,45.0,100.0,100.0,-29.0
1902,1516.0,1551.0,48.3,47.9,53.0,52.0,100.0,100.0,-35.0
1903,2013.0,2032.0,45.1,44.9,9.0,11.0,100.0,100.0,-19.0
1904,1646.0,1680.0,47.3,47.0,42.0,42.0,100.0,100.0,-34.0
1905,1782.0,1718.0,46.4,46.7,38.0,38.0,99.86,99.77,64.0
1906,1385.0,1407.0,49.3,49.0,53.0,52.0,100.0,100.0,-22.0
1907,1565.0,1579.0,47.9,47.7,15.0,16.0,99.79,99.78,-14.0
1908,903.0,916.0,54.2,53.9,11.0,12.0,99.4,99.4,-13.0
1909,996.0,1024.0,53.1,52.8,11.0,12.0,99.4,99.4,-28.0
1910,2165.0,2225.0,43.8,43.5,11.0,12.0,99.4,99.4,-60.0
1911,2123.0,2170.0,44.2,43.9,11.0,12.0,99.4,99.4,-47.0
1912,855.0,871.0,54.7,54.4,11.0,12.0,99.4,99.4,-16.0
1913,928.0,948.0,53.8,53.5,11.0,12.0,99.4,99.4,-20.0
1914,808.0,827.0,55.2,55.0,11.0,12.0,99.4,99.4,-19.0
1915,1120.0,1103.0,51.9,51.9,22.0,27.0,98.4,98.4,17.0
1916,556.0,549.0,59.5,59.5,22.0,27.0,98.4,98.4,7.0
1917,756.0,750.0,55.9,56.0,22.0,27.0,98.4,98.4,6.0
1918,721.0,713.0,56.6,56.6,22.0,27.0,98.4,98.4,8.0
1919,797.0,771.0,55.4,55.7,20.0,25.0,98.49,98.45,26.0
1920,652.0,639.0,57.8,57.8,22.0,27.0,98.4,98.4,13.0
1921,780.0,734.0,55.6,56.2,18.0,22.0,98.64,98.54,46.0
1922,1066.0,1087.0,52.3,52.1,11.0,12.0,99.4,99.4,-21.0
1923,2468.0,2510.0,41.6,41.3,11.0,12.0,99.4,99.4,-42.0
1924,1107.0,1135.0,52.0,51.7,11.0,12.0,99.4,99.4,-28.0
1925,1129.0,1157.0,51.8,51.5,11.0,12.0,99.4,99.4,-28.0
1926,1015.0,1040.0,52.9,52.6,8.0,9.0,99.4,99.4,-25.0
1927,1679.0,1724.0,46.9,46.7,11.0,12.0,99.4,99.4,-45.0
1928,897.0,909.0,54.2,53.9,11.0,12.0,99.4,99.4,-12.0
1929,1095.0,1120.0,52.1,51.7,53.0,52.0,100.0,100.0,-25.0
1930,1114.0,1148.0,51.9,51.6,53.0,52.0,100.0,100.0,-34.0
1931,1177.0,1196.0,51.4,51.0,53.0,52.0,100.0,100.0,-19.0
1932,948.0,972.0,53.6,53.3,53.0,52.0,100.0,100.0,-24.0
1933,1562.0,1594.0,48.0,47.6,53.0,52.0,100.0,100.0,-32.0
1934,998.0,1028.0,53.0,52.7,53.0,52.0,100.0,100.0,-30.0
1935,1075.0,1097.0,52.3,51.9,53.0,52.0,100.0,100.0,-22.0
1936,1396.0,1405.0,49.2,49.1,23.0,24.0,100.0,100.0,-9.0
1937,1490.0,1501.0,48.5,48.4,9.0,11.0,100.0,100.0,-11.0
1938,1234.0,1246.0,50.9,50.6,34.0,34.0,100.0,100.0,-12.0
1939,1485.0,1512.0,48.5,48.3,10.0,11.0,100.0,100.0,-27.0
1940,1700.0,1729.0,46.8,46.6,24.0,25.0,100.0,100.0,-29.0
1941,2102.0,2125.0,44.3,44.2,9.0,11.0,100.0,100.0,-23.0
1942,977.0,991.0,53.3,53.0,53.0,52.0,100.0,100.0,-14.0
1943,1163.0,1146.0,51.4,51.6,92.0,94.0,100.0,100.0,17.0
1944,1346.0,1363.0,49.7,49.4,53.0,52.0,100.0,100.0,-17.0
1945,557.0,488.0,59.4,60.8,139.0,155.0,100.0,100.0,69.0
1946,1455.0,1415.0,48.8,49.0,70.0,73.0,100.0,100.0,40.0
1947,2159.0,2147.0,43.9,44.0,110.0,112.0,100.0,100.0,12.0
1948,1090.0,1113.0,52.1,51.8,53.0,52.0,100.0,100.0,-23.0
1949,1486.0,1368.0,48.5,49.4,279.0,288.0,100.0,100.0,118.0
1950,1494.0,1515.0,48.4,48.2,29.0,30.0,100.0,100.0,-21.0
1951,1543.0,1569.0,48.0,47.8,10.0,11.0,100.0,100.0,-26.0
1952,1659.0,1681.0,47.1,47.0,9.0,11.0,100.0,100.0,-22.0
1953,1444.0,1450.0,48.8,48.7,9.0,11.0,100.0,100.0,-6.0
1954,1344.0,1361.0,49.8,49.5,53.0,52.0,100.0,100.0,-17.0
1955,907.0,921.0,54.1,53.8,53.0,52.0,100.0,100.0,-14.0
1956,2419.0,2457.0,42.0,41.7,51.0,50.0,100.0,100.0,-38.0
1957,763.0,661.0,55.8,57.4,27.0,32.0,98.95,98.72,102.0
1958,220.0,241.0,68.7,68.0,237.0,222.0,99.49,99.48,-21.0
1959,1313.0,1217.0,50.1,50.9,46.0,47.0,99.84,99.7,96.0
1960,1492.0,1527.0,48.5,48.2,53.0,52.0,100.0,100.0,-35.0
1961,562.0,561.0,59.3,59.3,22.0,27.0,98.4,98.4,1.0
1962,685.0,668.0,57.2,57.3,22.0,27.0,98.4,98.4,17.0
1963,509.0,509.0,60.4,60.5,22.0,27.0,98.4,98.4,0.0
1964,1945.0,2026.0,45.4,44.9,185.0,187.0,99.5,99.5,-81.0
1965,2062.0,2113.0,44.6,44.3,37.0,43.0,99.59,99.58,-51.0
1966,1979.0,1997.0,45.3,45.1,40.0,43.0,99.8,99.78,-18.0
1967,2948.0,2965.0,37.3,37.1,9.0,11.0,100.0,100.0,-17.0
1968,259.0,291.0,67.5,66.3,406.0,376.0,99.5,99.5,-32.0
1969,665.0,686.0,57.4,57.0,222.0,222.0,99.5,99.5,-21.0
1970,699.0,727.0,56.9,56.4,240.0,227.0,99.54,99.53,-28.0
1971,1204.0,1144.0,51.1,51.6,48.0,48.0,99.89,99.79,60.0
1972,1154.0,1182.0,51.6,51.2,53.0,52.0,100.0,100.0,-28.0
1973,1042.0,1069.0,52.6,52.3,53.0,52.0,100.0,100.0,-27.0
1974,1043.0,1070.0,52.6,52.3,53.0,52.0,100.0,100.0,-27.0
1975,364.0,365.0,64.0,64.1,22.0,27.0,98.4,98.4,-1.0
1976,649.0,548.0,57.8,59.6,29.0,33.0,99.1,98.83,101.0
1977,767.0,649.0,55.7,57.5,31.0,34.0,99.19,98.9,118.0
1978,3036.0,3083.0,36.4,36.0,18.0,15.0,99.8,99.8,-47.0
1979,2819.0,2855.0,38.6,38.3,12.0,13.0,99.8,99.8,-36.0
1980,1721.0,1771.0,46.7,46.4,127.0,128.0,99.7,99.7,-50.0
1981,2392.0,2429.0,42.3,42.0,47.0,48.0,99.7,99.7,-37.0
1982,1061.0,1081.0,52.4,52.1,11.0,12.0,99.4,99.4,-20.0
1983,874.0,890.0,54.4,54.1,11.0,12.0,99.4,99.4,-16.0
1984,1068.0,1084.0,52.3,52.1,6.0,7.0,99.4,99.4,-16.0
1985,920.0,931.0,54.0,53.7,11.0,12.0,99.4,99.4,-11.0
1986,1460.0,1485.0,48.7,48.4,1.0,1.0,99.4,99.4,-25.0
1987,1030.0,1050.0,52.7,52.5,6.0,7.0,99.4,99.4,-20.0
1988,1070.0,1088.0,52.3,52.0,4.0,4.0,99.4,99.4,-18.0
1989,914.0,925.0,54.0,53.7,11.0,12.0,99.4,99.4,-11.0
1990,991.0,1010.0,53.2,52.9,11.0,12.0,99.4,99.4,-19.0
1991,839.0,855.0,54.9,54.6,11.0,12.0,99.4,99.4,-16.0
1992,877.0,897.0,54.4,54.1,11.0,12.0,99.4,99.4,-20.0
1993,960.0,975.0,53.5,53.2,11.0,12.0,99.4,99.4,-15.0
1994,947.0,965.0,53.6,53.3,11.0,12.0,99.4,99.4,-18.0
1995,856.0,872.0,54.6,54.4,11.0,12.0,99.4,99.4,-16.0
1996,945.0,964.0,53.7,53.3,7.0,7.0,99.4,99.4,-19.0
1997,882.0,904.0,54.3,54.0,11.0,12.0,99.4,99.4,-22.0
1998,993.0,1006.0,53.1,52.9,7.0,8.0,99.4,99.4,-13.0
1999,943.0,955.0,53.7,53.4,6.0,7.0,99.4,99.4,-12.0
2000,951.0,968.0,53.6,53.3,11.0,12.0,99.4,99.4,-17.0
2001,2239.0,2300.0,43.3,43.0,9.0,9.0,99.4,99.4,-61.0
2002,1236.0,1247.0,50.9,50.6,5.0,6.0,99.4,99.4,-11.0
2003,932.0,954.0,53.7,53.4,11.0,12.0,99.4,99.4,-22.0
2004,926.0,945.0,53.8,53.6,11.0,12.0,99.4,99.4,-19.0
2005,3539.0,3553.0,26.6,26.4,4.0,4.0,99.4,99.4,-14.0
2012,2142.0,2190.0,44.0,43.8,1.0,1.0,100.0,100.0,-48.0
2013,2409.0,2446.0,42.2,41.9,1.0,1.0,100.0,100.0,-37.0
2014,2235.0,2208.0,43.3,43.6,12.0,15.0,100.0,100.0,27.0
2015,2281.0,2229.0,43.1,43.5,18.0,22.0,100.0,100.0,52.0
2016,3267.0,3151.0,33.4,35.2,89.0,102.0,99.87,99.83,116.0
2017,3076.0,3020.0,36.0,36.6,25.0,30.0,100.0,100.0,56.0
2018,2379.0,2099.0,42.4,44.4,77.0,93.0,100.0,100.0,280.0
2022,2734.0,2765.0,39.4,39.1,1.0,1.0,98.9,98.9,-31.0
2023,1285.0,1037.0,50.4,52.6,77.0,93.0,100.0,100.0,248.0
2024,2048.0,1993.0,44.8,45.1,14.0,17.0,100.0,100.0,55.0
2025,1790.0,1698.0,46.3,46.8,27.0,32.0,100.0,100.0,92.0
2026,1922.0,1880.0,45.5,45.8,11.0,14.0,100.0,100.0,42.0
2027,1523.0,1276.0,48.2,50.3,77.0,93.0,100.0,100.0,247.0
2028,1554.0,1296.0,48.0,50.1,77.0,93.0,100.0,100.0,258.0
2029,1473.0,1231.0,48.6,50.8,77.0,93.0,100.0,100.0,242.0
2030,2034.0,2084.0,44.9,44.6,2.0,2.0,98.9,98.9,-50.0
2031,2041.0,2092.0,44.8,44.5,3.0,3.0,98.9,98.9,-51.0
2032,3081.0,3100.0,36.0,35.7,2.0,2.0,100.0,100.0,-19.0
2033,2667.0,2676.0,40.0,39.9,9.0,11.0,100.0,100.0,-9.0
2034,2614.0,2636.0,40.5,40.3,7.0,8.0,100.0,100.0,-22.0
2035,3304.0,3315.0,32.9,32.7,2.0,2.0,100.0,100.0,-11.0
2036,2919.0,2928.0,37.6,37.4,9.0,11.0,100.0,100.0,-9.0
2037,3351.0,3362.0,32.2,32.0,1.0,2.0,100.0,100.0,-11.0
2038,3528.0,3543.0,27.2,27.0,1.0,1.0,100.0,100.0,-15.0
2039,2252.0,2281.0,43.3,43.1,9.0,11.0,100.0,100.0,-29.0
2040,2345.0,2377.0,42.7,42.5,9.0,11.0,100.0,100.0,-32.0
2041,2312.0,2372.0,42.8,42.5,5.0,5.0,100.0,100.0,-60.0
2042,2411.0,2442.0,42.1,41.9,5.0,6.0,100.0,100.0,-31.0
2043,1929.0,1944.0,45.5,45.4,9.0,11.0,100.0,100.0,-15.0
2044,2542.0,2566.0,41.0,40.9,9.0,11.0,100.0,100.0,-24.0
2045,2194.0,2228.0,43.7,43.5,9.0,11.0,100.0,100.0,-34.0
2046,2344.0,2376.0,42.7,42.5,8.0,10.0,100.0,100.0,-32.0
2047,2823.0,2859.0,38.6,38.3,5.0,5.0,100.0,100.0,-36.0
2049,2329.0,2358.0,42.7,42.6,9.0,11.0,100.0,100.0,-29.0
2050,2114.0,2134.0,44.2,44.1,9.0,11.0,100.0,100.0,-20.0
2051,2577.0,2601.0,40.8,40.6,7.0,8.0,100.0,100.0,-24.0
2052,3159.0,3177.0,35.0,34.8,4.0,4.0,100.0,100.0,-18.0
2053,2593.0,2621.0,40.6,40.4,7.0,8.0,100.0,100.0,-28.0
2055,2801.0,2826.0,38.8,38.6,8.0,9.0,100.0,100.0,-25.0
2056,1989.0,1998.0,45.2,45.1,9.0,11.0,100.0,100.0,-9.0
2057,2877.0,2888.0,38.0,37.9,9.0,11.0,100.0,100.0,-11.0
2058,2100.0,2120.0,44.3,44.2,9.0,11.0,100.0,100.0,-20.0
2059,2068.0,2094.0,44.6,44.5,9.0,11.0,100.0,100.0,-26.0
2060,1755.0,1779.0,46.5,46.4,9.0,11.0,100.0,100.0,-24.0
2061,2528.0,2549.0,41.2,41.0,9.0,11.0,100.0,100.0,-21.0
2062,2012.0,2030.0,45.1,44.9,9.0,11.0,100.0,100.0,-18.0
2063,1658.0,1365.0,47.1,49.4,149.0,168.0,99.7,99.7,293.0
2064,586.0,484.0,58.9,60.8,307.0,338.0,99.42,99.42,102.0
2065,1260.0,1054.0,50.6,52.4,198.0,212.0,99.7,99.7,206.0
2066,591.0,577.0,58.8,59.1,371.0,368.0,99.7,99.7,14.0
2067,1800.0,1539.0,46.3,48.0,154.0,173.0,99.7,99.7,261.0
2068,505.0,409.0,60.5,62.7,317.0,352.0,99.42,99.42,96.0
2069,905.0,903.0,54.2,54.0,185.0,208.0,99.7,99.7,2.0
2070,913.0,941.0,54.1,53.6,190.0,182.0,99.4,99.4,-28.0
2071,1454.0,1503.0,48.8,48.3,112.0,107.0,99.4,99.4,-49.0
2072,1276.0,1286.0,50.4,50.2,212.0,204.0,99.45,99.43,-10.0
2073,1027.0,996.0,52.7,53.0,159.0,157.0,99.48,99.46,31.0
2074,630.0,604.0,58.1,58.6,250.0,260.0,99.4,99.4,26.0
2075,961.0,977.0,53.5,53.2,116.0,112.0,99.4,99.4,-16.0
2076,1048.0,1076.0,52.6,52.2,216.0,207.0,99.46,99.44,-28.0
2077,1060.0,1009.0,52.4,52.9,322.0,312.0,99.7,99.7,51.0
2078,337.0,379.0,64.7,63.8,373.0,356.0,99.7,99.7,-42.0
2079,860.0,997.0,54.6,53.0,271.0,239.0,99.7,99.7,-137.0
2080,468.0,617.0,61.1,58.3,285.0,244.0,99.7,99.7,-149.0
2081,774.0,687.0,55.7,57.0,356.0,366.0,99.7,99.7,87.0
2082,732.0,648.0,56.3,57.5,313.0,318.0,99.7,99.7,84.0
2083,1226.0,959.0,51.0,53.4,226.0,234.0,99.7,99.7,267.0
2084,1124.0,1106.0,51.8,51.8,375.0,369.0,99.72,99.72,18.0
2085,2837.0,2784.0,38.4,39.0,249.0,252.0,99.75,99.76,53.0
2086,2511.0,2330.0,41.3,42.8,118.0,131.0,99.88,99.9,181.0
2087,1858.0,1542.0,45.9,48.0,77.0,93.0,100.0,100.0,316.0
2088,324.0,336.0,65.2,65.0,475.0,462.0,99.7,99.7,-12.0
2089,488.0,507.0,60.8,60.6,471.0,458.0,99.7,99.7,-19.0
2090,345.0,354.0,64.5,64.3,474.0,461.0,99.7,99.7,-9.0
2091,518.0,576.0,60.2,59.2,139.0,130.0,99.0,99.0,-58.0
2092,446.0,498.0,61.6,60.7,172.0,180.0,99.42,99.41,-52.0
2093,777.0,850.0,55.7,54.6,161.0,164.0,99.31,99.3,-73.0
2094,750.0,749.0,56.0,56.0,236.0,260.0,99.53,99.53,1.0
2095,825.0,896.0,55.1,54.1,133.0,124.0,99.0,99.0,-71.0
2096,616.0,659.0,58.4,57.4,138.0,129.0,99.0,99.0,-43.0
2097,621.0,666.0,58.3,57.3,139.0,130.0,99.0,99.0,-45.0
2098,407.0,337.0,62.6,65.0,390.0,433.0,99.44,99.44,70.0
2099,227.0,232.0,68.4,68.2,441.0,469.0,99.5,99.5,-5.0
2100,443.0,369.0,61.7,64.0,341.0,378.0,99.4,99.4,74.0
2101,389.0,389.0,63.2,63.3,328.0,332.0,99.44,99.43,0.0
2102,254.0,309.0,67.6,65.7,273.0,280.0,99.44,99.46,-55.0
2103,124.0,136.0,73.7,72.4,448.0,482.0,99.45,99.45,-12.0
2104,449.0,385.0,61.6,63.4,323.0,359.0,99.42,99.43,64.0
2105,1371.0,1511.0,49.4,48.3,179.0,174.0,99.66,99.65,-140.0
2106,1105.0,1197.0,52.0,51.0,193.0,214.0,99.67,99.66,-92.0
2107,879.0,946.0,54.3,53.5,302.0,277.0,99.7,99.7,-67.0
2108,572.0,562.0,59.1,59.3,340.0,345.0,99.7,99.7,10.0
2109,1506.0,1583.0,48.3,47.7,113.0,118.0,99.57,99.55,-77.0
2110,646.0,703.0,57.8,56.8,139.0,130.0,99.0,99.0,-57.0
2111,3393.0,3448.0,31.4,30.3,99.0,112.0,100.0,100.0,-55.0
2116,2745.0,3079.0,39.3,36.0,225.0,203.0,99.5,99.5,-334.0
2118,2942.0,3056.0,37.3,36.2,38.0,34.0,99.49,99.49,-114.0
2122,2515.0,2430.0,41.3,42.0,46.0,49.0,99.67,99.62,85.0
2123,2596.0,2632.0,40.6,40.3,2.0,2.0,98.9,98.9,-36.0
2125,1535.0,1541.0,48.1,48.0,2.0,3.0,98.9,98.9,-6.0
2126,3263.0,3282.0,33.5,33.2,1.0,1.0,98.9,98.9,-19.0
2128,1219.0,1252.0,51.0,50.6,227.0,230.0,99.43,99.42,-33.0
2129,1905.0,2004.0,45.7,45.0,164.0,148.0,98.6,98.6,-99.0
2130,629.0,762.0,58.1,55.9,327.0,318.0,99.5,99.5,-133.0
2131,648.0,865.0,57.8,54.4,316.0,286.0,99.33,99.27,-217.0
2132,1283.0,1066.0,50.5,52.3,236.0,260.0,99.5,99.5,217.0
2133,802.0,685.0,55.3,57.0,307.0,332.0,99.5,99.5,117.0
2138,3128.0,3148.0,35.4,35.2,6.0,5.0,98.61,98.6,-20.0
2140,2375.0,2448.0,42.4,41.9,83.0,74.0,98.6,98.6,-73.0
2141,2664.0,2704.0,40.0,39.7,6.0,5.0,99.5,99.5,-40.0
2142,1029.0,1474.0,52.8,48.5,318.0,289.0,99.5,99.5,-445.0
2145,279.0,381.0,66.5,63.6,334.0,289.0,99.5,99.5,-102.0
2146,596.0,590.0,58.8,58.9,267.0,274.0,99.5,99.5,6.0
2147,1207.0,1359.0,51.2,49.5,158.0,132.0,99.5,99.5,-152.0
2148,2240.0,2272.0,43.3,43.2,9.0,11.0,100.0,100.0,-32.0
2149,2216.0,2250.0,43.5,43.4,9.0,11.0,100.0,100.0,-34.0
2150,2176.0,2206.0,43.8,43.6,9.0,11.0,100.0,100.0,-30.0
2151,2263.0,2292.0,43.2,43.1,9.0,11.0,100.0,100.0,-29.0
2152,1722.0,2143.0,46.7,44.0,173.0,113.0,100.0,100.0,-421.0
2153,2772.0,2714.0,39.1,39.6,30.0,35.0,100.0,100.0,58.0
2154,2769.0,2805.0,39.1,38.8,16.0,15.0,100.0,100.0,-36.0
2155,1802.0,1828.0,46.3,46.1,9.0,11.0,100.0,100.0,-26.0
2156,2007.0,2023.0,45.1,45.0,9.0,11.0,100.0,100.0,-16.0
2157,1967.0,1980.0,45.3,45.2,9.0,11.0,100.0,100.0,-13.0
2158,1871.0,1895.0,45.9,45.7,9.0,11.0,100.0,100.0,-24.0
2159,1611.0,1508.0,47.5,48.3,34.0,41.0,100.0,100.0,103.0
2160,1744.0,1624.0,46.6,47.4,34.0,41.0,100.0,100.0,120.0
2161,2223.0,2258.0,43.4,43.3,9.0,11.0,100.0,100.0,-35.0
2162,1592.0,1610.0,47.7,47.6,9.0,11.0,100.0,100.0,-18.0
2163,1762.0,1788.0,46.5,46.3,9.0,11.0,100.0,100.0,-26.0
2164,1599.0,1619.0,47.6,47.5,9.0,11.0,100.0,100.0,-20.0
2165,1685.0,1706.0,46.9,46.8,9.0,11.0,100.0,100.0,-21.0
2166,1544.0,1556.0,48.1,47.9,9.0,11.0,100.0,100.0,-12.0
2167,1587.0,1596.0,47.8,47.6,9.0,11.0,100.0,100.0,-9.0
2168,1450.0,1457.0,48.8,48.6,9.0,11.0,100.0,100.0,-7.0
2169,2090.0,2112.0,44.4,44.3,9.0,11.0,100.0,100.0,-22.0
2170,2257.0,2284.0,43.2,43.1,9.0,11.0,100.0,100.0,-27.0
2171,1634.0,1657.0,47.3,47.2,9.0,11.0,100.0,100.0,-23.0
2172,2202.0,2239.0,43.6,43.5,9.0,11.0,100.0,100.0,-37.0
2173,2207.0,2246.0,43.5,43.4,9.0,11.0,100.0,100.0,-39.0
2174,2274.0,2302.0,43.1,43.0,9.0,11.0,100.0,100.0,-28.0
2175,1769.0,1802.0,46.4,46.3,9.0,11.0,100.0,100.0,-33.0
2176,2683.0,2453.0,39.9,41.8,77.0,93.0,100.0,100.0,230.0
2177,1973.0,1945.0,45.3,45.4,145.0,141.0,99.79,99.78,28.0
2178,1091.0,1371.0,52.1,49.3,242.0,173.0,100.0,100.0,-280.0
2179,3141.0,2990.0,35.3,36.9,74.0,87.0,100.0,100.0,151.0
2180,1730.0,1755.0,46.7,46.5,151.0,146.0,99.75,99.74,-25.0
2181,1357.0,1446.0,49.6,48.7,180.0,167.0,99.71,99.71,-89.0
2182,2659.0,2504.0,40.1,41.4,94.0,99.0,100.0,100.0,155.0
2183,2813.0,2606.0,38.7,40.5,77.0,93.0,100.0,100.0,207.0
2184,1160.0,930.0,51.5,53.7,77.0,93.0,100.0,100.0,230.0
2185,1153.0,942.0,51.6,53.6,73.0,87.0,100.0,100.0,211.0
2186,1242.0,992.0,50.8,53.0,77.0,93.0,100.0,100.0,250.0
2187,1345.0,1516.0,49.7,48.2,229.0,203.0,99.73,99.73,-171.0
2188,831.0,818.0,55.0,55.1,202.0,198.0,99.77,99.77,13.0
2189,2981.0,2804.0,37.0,38.8,77.0,93.0,100.0,100.0,177.0
2190,1854.0,1879.0,46.0,45.8,9.0,11.0,100.0,100.0,-25.0
2191,747.0,1163.0,56.1,51.4,263.0,170.0,100.0,100.0,-416.0
2192,1540.0,1550.0,48.1,47.9,9.0,11.0,100.0,100.0,-10.0
2193,1817.0,1840.0,46.2,46.0,9.0,11.0,100.0,100.0,-23.0
2194,2983.0,2997.0,37.0,36.8,9.0,11.0,100.0,100.0,-14.0
2195,2553.0,2709.0,41.0,39.7,87.0,59.0,100.0,100.0,-156.0
2196,2386.0,2409.0,42.4,42.2,9.0,11.0,100.0,100.0,-23.0
2197,671.0,826.0,57.3,55.0,203.0,171.0,99.3,99.3,-155.0
2198,209.0,224.0,69.0,68.3,367.0,355.0,99.23,99.19,-15.0
2199,2692.0,2721.0,39.8,39.5,5.0,4.0,99.0,99.0,-29.0
2200,1374.0,1336.0,49.4,49.7,47.0,53.0,99.14,99.1,38.0
2201,553.0,671.0,59.5,57.2,193.0,163.0,99.3,99.3,-118.0
2202,80.0,123.0,78.0,73.3,394.0,332.0,99.3,99.3,-43.0
2203,415.0,256.0,62.3,67.2,244.0,321.0,99.0,99.0,159.0
2204,56.0,57.0,80.9,78.9,452.0,422.0,99.01,99.0,-1.0
2205,1502.0,1382.0,48.4,49.2,68.0,84.0,99.15,99.11,120.0
2206,305.0,314.0,65.8,65.6,295.0,293.0,99.39,99.34,-9.0
2207,142.0,73.0,72.6,77.8,358.0,432.0,99.06,99.04,69.0
2208,71.0,55.0,79.2,79.4,785.0,607.0,99.0,99.0,16.0
2209,912.0,700.0,54.0,56.9,130.0,179.0,99.0,99.0,212.0
2210,1825.0,1873.0,46.1,45.8,22.0,19.0,99.0,99.0,-48.0
2211,708.0,736.0,56.8,56.2,53.0,45.0,99.0,99.0,-28.0
2212,1038.0,1071.0,52.7,52.3,54.0,47.0,99.0,99.0,-33.0
2213,729.0,747.0,56.4,56.0,54.0,47.0,99.0,99.0,-18.0
2214,2311.0,2360.0,42.8,42.6,10.0,10.0,99.0,99.0,-49.0
2215,606.0,602.0,58.6,58.7,130.0,132.0,99.0,99.0,4.0
2216,1290.0,1317.0,50.3,49.9,49.0,42.0,99.0,99.0,-27.0
2217,1671.0,1748.0,47.0,46.5,48.0,40.0,99.35,99.32,-77.0
2218,691.0,709.0,57.1,56.6,54.0,47.0,99.0,99.0,-18.0
2219,1067.0,1095.0,52.3,51.9,54.0,47.0,99.0,99.0,-28.0
2220,1598.0,1643.0,47.6,47.3,23.0,20.0,99.0,99.0,-45.0
2221,2056.0,2093.0,44.7,44.5,10.0,9.0,99.0,99.0,-37.0
2222,1006.0,1045.0,52.9,52.6,54.0,47.0,99.0,99.0,-39.0
2223,75.0,64.0,78.5,78.1,483.0,503.0,99.6,99.6,11.0
2224,131.0,128.0,73.1,72.8,480.0,500.0,99.6,99.6,3.0
2225,331.0,298.0,64.9,66.1,222.0,230.0,99.59,99.59,33.0
2226,93.0,102.0,76.1,74.6,434.0,408.0,99.45,99.46,-9.0
2227,239.0,221.0,68.1,68.5,451.0,457.0,99.64,99.64,18.0
2228,274.0,289.0,66.7,66.4,481.0,502.0,99.6,99.6,-15.0
2229,160.0,144.0,70.9,72.2,287.0,298.0,99.44,99.42,16.0
2230,329.0,251.0,64.9,67.4,357.0,380.0,99.3,99.3,78.0
2231,261.0,174.0,67.4,70.4,354.0,383.0,99.3,99.3,87.0
2232,156.0,258.0,71.3,67.2,393.0,334.0,99.3,99.3,-102.0
2233,128.0,139.0,73.2,72.4,454.0,431.0,99.19,99.2,-11.0
2234,395.0,346.0,63.0,64.6,329.0,347.0,99.46,99.46,49.0
2235,328.0,243.0,65.0,67.8,350.0,378.0,99.32,99.32,85.0
2236,89.0,143.0,76.7,72.3,394.0,334.0,99.3,99.3,-54.0
2237,2181.0,2217.0,43.8,43.6,32.0,33.0,99.0,99.0,-36.0
2238,999.0,994.0,53.0,53.0,98.0,100.0,99.0,99.0,5.0
2239,1804.0,1838.0,46.2,46.1,35.0,36.0,99.0,99.0,-34.0
2240,1832.0,1858.0,46.1,45.9,46.0,47.0,99.0,99.0,-26.0
2241,83.0,112.0,77.1,74.0,357.0,324.0,99.1,99.1,-29.0
2242,338.0,376.0,64.6,63.9,249.0,240.0,99.1,99.1,-38.0
2243,101.0,135.0,75.8,72.4,374.0,337.0,99.1,99.1,-34.0
2244,192.0,278.0,69.7,66.6,373.0,337.0,99.1,99.1,-86.0
2245,255.0,264.0,67.5,67.0,230.0,224.0,99.1,99.1,-9.0
2246,299.0,326.0,65.9,65.3,234.0,228.0,99.1,99.1,-27.0
2247,133.0,155.0,73.0,71.4,283.0,266.0,99.1,99.1,-22.0
2248,127.0,201.0,73.2,69.1,312.0,266.0,98.7,98.7,-74.0
2249,36.0,31.0,85.0,84.1,501.0,447.0,98.97,98.95,5.0
2250,58.0,100.0,80.9,74.9,373.0,308.0,98.5,98.5,-42.0
2251,40.0,81.0,84.2,77.0,380.0,301.0,98.5,98.5,-41.0
2252,425.0,446.0,62.2,61.6,230.0,224.0,99.1,99.1,-21.0
2253,486.0,483.0,60.8,60.9,333.0,329.0,99.41,99.42,3.0
2254,294.0,338.0,65.9,64.8,255.0,242.0,99.05,99.04,-44.0
2255,414.0,529.0,62.3,60.0,298.0,289.0,99.6,99.6,-115.0
2256,341.0,438.0,64.6,61.9,330.0,310.0,99.36,99.38,-97.0
2257,496.0,622.0,60.6,58.2,298.0,289.0,99.6,99.6,-126.0
2258,397.0,473.0,62.9,61.2,323.0,315.0,99.48,99.49,-76.0
2259,123.0,149.0,73.7,72.1,381.0,360.0,99.22,99.17,-26.0
2260,219.0,295.0,68.8,66.2,330.0,310.0,99.36,99.36,-76.0
2261,442.0,558.0,61.8,59.4,298.0,289.0,99.6,99.6,-116.0
2262,136.0,72.0,72.8,77.8,302.0,373.0,98.5,98.5,64.0
2263,194.0,109.0,69.6,74.1,303.0,372.0,98.5,98.5,85.0
2264,271.0,170.0,66.9,70.7,350.0,373.0,98.91,98.79,101.0
2265,143.0,78.0,72.4,77.3,302.0,373.0,98.5,98.5,65.0
2266,117.0,141.0,74.1,72.3,364.0,342.0,99.03,98.98,-24.0
2267,135.0,96.0,72.9,75.4,327.0,360.0,98.73,98.65,39.0
2268,272.0,202.0,66.9,69.1,348.0,358.0,99.02,98.92,70.0
2269,241.0,239.0,68.0,68.0,254.0,251.0,98.78,98.77,2.0
2270,409.0,412.0,62.6,62.6,172.0,174.0,99.19,99.2,-3.0
2271,445.0,474.0,61.7,61.2,230.0,224.0,99.1,99.1,-29.0
2272,221.0,238.0,68.6,68.1,230.0,224.0,99.1,99.1,-17.0
2273,226.0,208.0,68.5,68.8,280.0,280.0,98.5,98.5,18.0
2274,450.0,458.0,61.6,61.4,173.0,166.0,99.03,98.96,-8.0
2275,334.0,269.0,64.8,66.8,378.0,392.0,99.23,99.15,65.0
2276,687.0,624.0,57.2,58.2,142.0,154.0,99.5,99.5,63.0
2277,357.0,341.0,64.2,64.8,294.0,295.0,99.5,99.5,16.0
2278,326.0,347.0,65.1,64.6,236.0,230.0,99.13,99.13,-21.0
2279,149.0,148.0,71.8,72.1,365.0,361.0,99.47,99.47,1.0
2280,752.0,693.0,55.9,57.0,94.0,109.0,99.5,99.5,59.0
2281,854.0,777.0,54.7,55.6,94.0,109.0,99.5,99.5,77.0
2282,487.0,502.0,60.8,60.7,200.0,199.0,99.14,99.15,-15.0
2283,86.0,82.0,76.8,77.0,620.0,488.0,99.01,99.02,4.0
2284,466.0,497.0,61.2,60.7,230.0,224.0,99.1,99.1,-31.0
2285,59.0,47.0,80.7,80.8,606.0,506.0,99.0,99.0,12.0
2286,82.0,93.0,77.1,75.5,373.0,350.0,99.02,99.02,-11.0
2287,134.0,107.0,72.9,74.1,420.0,425.0,99.31,99.3,27.0
2288,390.0,378.0,63.2,63.8,309.0,313.0,99.31,99.28,12.0
2289,74.0,58.0,78.7,78.9,713.0,569.0,99.04,99.05,16.0
2290,1395.0,1421.0,49.2,48.9,12.0,12.0,99.7,99.7,-26.0
2291,146.0,187.0,72.1,70.0,376.0,347.0,98.91,98.91,-41.0
2292,2808.0,2846.0,38.7,38.4,12.0,12.0,99.7,99.7,-38.0
2293,1546.0,1586.0,48.0,47.7,12.0,12.0,99.7,99.7,-40.0
2294,1451.0,1488.0,48.7,48.4,12.0,12.0,99.7,99.7,-37.0
2295,1355.0,1372.0,49.6,49.3,12.0,12.0,99.7,99.7,-17.0
2296,2985.0,3016.0,36.9,36.6,12.0,12.0,99.7,99.7,-31.0
2297,1366.0,1152.0,49.5,51.5,27.0,56.0,99.01,98.98,214.0
2298,1195.0,892.0,51.2,54.1,34.0,75.0,98.9,98.9,303.0
2299,1662.0,1708.0,47.1,46.8,12.0,12.0,99.7,99.7,-46.0
2300,1530.0,1294.0,48.1,50.1,28.0,57.0,99.0,98.97,236.0
2301,37.0,29.0,84.6,84.2,504.0,468.0,98.9,98.9,8.0
2302,285.0,253.0,66.3,67.4,221.0,232.0,98.9,98.9,32.0
2303,779.0,831.0,55.7,54.9,131.0,122.0,98.96,98.98,-52.0
2304,3291.0,3310.0,33.0,32.7,12.0,12.0,99.7,99.7,-19.0
2305,3164.0,3185.0,34.9,34.6,12.0,12.0,99.7,99.7,-21.0
2306,2915.0,2936.0,37.7,37.4,12.0,12.0,99.7,99.7,-21.0
2307,2291.0,2355.0,42.9,42.6,12.0,12.0,99.7,99.7,-64.0
2308,3082.0,3105.0,36.0,35.7,12.0,12.0,99.7,99.7,-23.0
2309,3443.0,3459.0,30.4,30.1,12.0,12.0,99.7,99.7,-16.0
2310,3207.0,3223.0,34.4,34.1,12.0,12.0,99.7,99.7,-16.0
2311,3332.0,3356.0,32.4,32.1,12.0,12.0,99.7,99.7,-24.0
2312,1736.0,1793.0,46.7,46.3,12.0,12.0,99.7,99.7,-57.0
2313,3592.0,3604.0,23.5,23.3,12.0,12.0,99.7,99.7,-12.0
2314,3445.0,3465.0,30.3,30.0,12.0,12.0,99.7,99.7,-20.0
2315,2518.0,2553.0,41.3,41.0,12.0,12.0,99.7,99.7,-35.0
2316,1965.0,2012.0,45.3,45.0,12.0,12.0,99.7,99.7,-47.0
2317,3407.0,3422.0,31.1,30.8,12.0,12.0,99.7,99.7,-15.0
2318,1687.0,1736.0,46.9,46.6,2.0,2.0,99.7,99.7,-49.0
2319,975.0,989.0,53.3,53.0,35.0,31.0,99.05,99.05,-14.0
2320,1608.0,1654.0,47.5,47.2,12.0,12.0,99.7,99.7,-46.0
2321,1411.0,1435.0,49.1,48.8,12.0,12.0,99.7,99.7,-24.0
2323,885.0,898.0,54.3,54.0,55.0,53.0,99.0,99.0,-13.0
2324,1844.0,1890.0,46.0,45.7,8.0,9.0,99.7,99.7,-46.0
2325,908.0,932.0,54.1,53.7,54.0,47.0,99.0,99.0,-24.0
2326,886.0,950.0,54.3,53.5,129.0,116.0,98.94,98.95,-64.0
2327,406.0,447.0,62.6,61.6,165.0,151.0,98.93,98.94,-41.0
2328,54.0,59.0,81.5,78.8,457.0,420.0,98.9,98.9,-5.0
2329,840.0,863.0,54.9,54.5,54.0,47.0,99.0,99.0,-23.0
2330,985.0,1014.0,53.2,52.9,54.0,47.0,99.0,99.0,-29.0
2331,810.0,824.0,55.3,55.0,38.0,34.0,99.08,99.07,-14.0
2332,3229.0,3251.0,34.0,33.7,12.0,12.0,99.7,99.7,-22.0
2333,2940.0,2981.0,37.3,37.0,12.0,12.0,99.7,99.7,-41.0
2334,3167.0,3188.0,34.9,34.6,12.0,12.0,99.7,99.7,-21.0
2335,3265.0,3287.0,33.5,33.2,12.0,12.0,99.7,99.7,-22.0
2336,3227.0,3246.0,34.1,33.8,12.0,12.0,99.7,99.7,-19.0
2337,3219.0,3242.0,34.1,33.8,12.0,12.0,99.7,99.7,-23.0
2338,3298.0,3314.0,33.0,32.7,12.0,12.0,99.7,99.7,-16.0
2339,1071.0,988.0,52.3,53.0,59.0,71.0,99.06,99.05,83.0
2340,1250.0,1274.0,50.7,50.3,73.0,72.0,99.08,99.09,-24.0
2341,1125.0,840.0,51.8,54.8,34.0,75.0,98.9,98.9,285.0
2342,1624.0,1558.0,47.4,47.9,10.0,21.0,98.9,98.9,66.0
2343,1663.0,1576.0,47.1,47.8,11.0,25.0,98.9,98.9,87.0
2344,568.0,570.0,59.2,59.2,174.0,174.0,99.2,99.2,-2.0
2345,798.0,606.0,55.4,58.6,34.0,75.0,98.9,98.9,192.0
2346,1500.0,1513.0,48.4,48.3,65.0,63.0,98.4,98.4,-13.0
2347,875.0,981.0,54.4,53.2,48.0,41.0,98.4,98.4,-106.0
2348,703.0,803.0,56.8,55.2,116.0,103.0,98.4,98.4,-100.0
2350,400.0,343.0,62.9,64.7,293.0,315.0,99.67,99.66,57.0
2351,834.0,631.0,54.9,58.1,34.0,75.0,98.9,98.9,203.0
2352,688.0,618.0,57.2,58.3,368.0,384.0,99.69,99.69,70.0
2353,224.0,179.0,68.5,70.3,317.0,337.0,99.68,99.67,45.0
2354,922.0,689.0,53.9,57.0,34.0,75.0,98.9,98.9,233.0
2355,674.0,505.0,57.3,60.6,34.0,75.0,98.9,98.9,169.0
2356,1590.0,1280.0,47.8,50.3,99.0,135.0,99.47,99.43,310.0
2357,2052.0,1915.0,44.7,45.6,14.0,31.0,98.9,98.9,137.0
2358,583.0,679.0,58.9,57.1,79.0,67.0,98.4,98.4,-96.0
2359,1158.0,866.0,51.5,54.4,34.0,75.0,98.9,98.9,292.0
2360,1350.0,1319.0,49.7,49.9,10.0,20.0,98.84,98.87,31.0
2361,2156.0,1820.0,44.0,46.2,31.0,69.0,98.9,98.9,336.0
2362,256.0,417.0,67.5,62.5,344.0,278.0,99.6,99.6,-161.0
2363,183.0,245.0,70.1,67.6,353.0,325.0,99.45,99.45,-62.0
2364,754.0,860.0,56.0,54.5,193.0,173.0,99.44,99.43,-106.0
2365,107.0,105.0,74.7,74.4,398.0,392.0,99.22,99.23,2.0
2366,363.0,531.0,64.1,59.9,277.0,224.0,99.6,99.6,-168.0
2367,344.0,518.0,64.5,60.3,333.0,281.0,99.6,99.6,-174.0
2368,544.0,718.0,59.7,56.6,233.0,189.0,99.55,99.53,-174.0
2369,159.0,154.0,70.9,71.4,390.0,385.0,99.2,99.2,5.0
2370,152.0,124.0,71.7,73.1,384.0,367.0,99.19,99.18,28.0
2371,482.0,480.0,60.9,60.9,246.0,245.0,99.19,99.19,2.0
2372,554.0,582.0,59.5,59.1,158.0,152.0,98.95,98.95,-28.0
2373,310.0,318.0,65.6,65.5,397.0,395.0,99.24,99.24,-8.0
2374,207.0,182.0,69.0,70.1,396.0,380.0,99.2,99.2,25.0
2375,121.0,108.0,73.8,74.1,415.0,414.0,99.2,99.2,13.0
2376,653.0,560.0,57.8,59.4,43.0,62.0,98.96,98.95,93.0
2377,1251.0,939.0,50.7,53.6,34.0,75.0,98.9,98.9,312.0
2378,705.0,527.0,56.8,60.1,34.0,75.0,98.9,98.9,178.0
2379,619.0,440.0,58.4,61.8,34.0,75.0,98.9,98.9,179.0
2380,551.0,581.0,59.5,59.1,55.0,48.0,99.0,99.0,-30.0
2381,936.0,969.0,53.7,53.3,54.0,47.0,99.0,99.0,-33.0
2382,29.0,30.0,85.8,84.1,468.0,433.0,98.9,98.9,-1.0
2383,1151.0,915.0,51.6,53.9,210.0,246.0,99.9,99.9,236.0
2384,595.0,302.0,58.8,66.0,326.0,438.0,99.9,99.9,293.0
2385,1327.0,1262.0,49.9,50.5,150.0,146.0,99.9,99.9,65.0
2386,681.0,630.0,57.2,58.1,214.0,223.0,99.9,99.9,51.0
2387,788.0,654.0,55.5,57.5,168.0,194.0,99.89,99.89,134.0
2388,784.0,422.0,55.6,62.3,326.0,438.0,99.9,99.9,362.0
2389,929.0,873.0,53.8,54.4,150.0,146.0,99.9,99.9,56.0
2390,605.0,778.0,58.6,55.6,325.0,274.0,99.9,99.9,-173.0
2391,1773.0,2043.0,46.4,44.8,155.0,128.0,99.83,99.82,-270.0
2392,494.0,651.0,60.6,57.5,325.0,274.0,99.9,99.9,-157.0
2393,463.0,579.0,61.2,59.1,352.0,313.0,99.83,99.82,-116.0
2394,820.0,677.0,55.2,57.2,326.0,372.0,99.9,99.9,143.0
2395,1594.0,1864.0,47.6,45.9,188.0,159.0,99.83,99.82,-270.0
2396,664.0,841.0,57.5,54.8,325.0,278.0,99.9,99.9,-177.0
2397,1539.0,1540.0,48.1,48.0,16.0,16.0,99.9,99.9,-1.0
2398,1217.0,1150.0,51.0,51.6,146.0,142.0,99.9,99.9,67.0
2399,1705.0,1735.0,46.8,46.6,9.0,9.0,99.9,99.9,-30.0
2400,1023.0,962.0,52.8,53.3,136.0,133.0,99.9,99.9,61.0
2401,1363.0,1344.0,49.5,49.7,60.0,58.0,99.9,99.9,19.0
2402,931.0,876.0,53.8,54.3,134.0,130.0,99.9,99.9,55.0
2403,1708.0,1634.0,46.8,47.4,150.0,146.0,99.9,99.9,74.0
2404,654.0,660.0,57.7,57.4,240.0,225.0,99.74,99.71,-6.0
2405,925.0,842.0,53.9,54.8,153.0,152.0,99.57,99.51,83.0
2406,697.0,665.0,56.9,57.3,157.0,160.0,99.1,99.08,32.0
2407,1338.0,1272.0,49.8,50.4,150.0,146.0,99.9,99.9,66.0
2408,740.0,811.0,56.2,55.1,219.0,196.0,99.9,99.9,-71.0
2409,1368.0,1309.0,49.4,50.0,150.0,146.0,99.9,99.9,59.0
2410,2779.0,2755.0,39.0,39.2,23.0,22.0,99.8,99.8,24.0
2411,2448.0,2343.0,41.8,42.7,72.0,70.0,99.8,99.8,105.0
2412,1999.0,1911.0,45.2,45.6,26.0,27.0,99.65,99.62,88.0
2413,1821.0,1588.0,46.2,47.7,125.0,140.0,99.84,99.85,233.0
2414,2174.0,2213.0,43.8,43.6,2.0,3.0,99.3,99.3,-39.0
2415,187.0,235.0,69.9,68.1,440.0,424.0,99.82,99.83,-48.0
2416,229.0,319.0,68.3,65.5,469.0,420.0,99.8,99.8,-90.0
2417,735.0,395.0,56.3,63.2,326.0,438.0,99.9,99.9,340.0
2418,374.0,450.0,63.6,61.6,443.0,423.0,99.81,99.82,-76.0
2419,753.0,720.0,56.0,56.5,313.0,300.0,99.8,99.8,33.0
2420,367.0,428.0,63.9,62.2,426.0,391.0,99.8,99.8,-61.0
2421,737.0,481.0,56.2,60.9,249.0,324.0,99.89,99.89,256.0
2422,1335.0,1326.0,49.9,49.8,15.0,18.0,99.3,99.3,9.0
2423,2650.0,2563.0,40.2,40.9,46.0,48.0,99.75,99.68,87.0
2424,1520.0,1439.0,48.2,48.8,35.0,36.0,99.72,99.65,81.0
2425,904.0,844.0,54.1,54.7,130.0,127.0,99.89,99.88,60.0
2426,2421.0,2443.0,42.0,41.9,8.0,10.0,99.3,99.3,-22.0
2427,2883.0,2887.0,38.0,37.9,15.0,18.0,99.3,99.3,-4.0
2428,1176.0,1170.0,51.4,51.4,15.0,18.0,99.3,99.3,6.0
2429,683.0,716.0,57.2,56.6,208.0,187.0,99.59,99.57,-33.0
2430,722.0,730.0,56.5,56.3,217.0,201.0,99.56,99.54,-8.0
2431,565.0,565.0,59.2,59.2,288.0,269.0,99.5,99.5,0.0
2432,353.0,367.0,64.2,64.0,287.0,270.0,99.35,99.36,-14.0
2433,1159.0,1330.0,51.5,49.8,129.0,106.0,99.8,99.8,-171.0
2434,1155.0,1325.0,51.6,49.9,234.0,210.0,99.96,99.96,-170.0
2435,2099.0,2296.0,44.3,43.0,133.0,110.0,99.78,99.77,-197.0
2436,1022.0,1143.0,52.8,51.6,118.0,107.0,99.67,99.67,-121.0
2437,1016.0,1162.0,52.9,51.4,132.0,116.0,99.68,99.68,-146.0
2438,246.0,225.0,68.0,68.3,274.0,274.0,98.52,98.52,21.0
2439,787.0,825.0,55.5,55.0,139.0,130.0,99.37,99.31,-38.0
2440,1897.0,2087.0,45.7,44.6,117.0,106.0,99.7,99.7,-190.0
2441,1077.0,1250.0,52.3,50.6,160.0,136.0,99.66,99.66,-173.0
2442,343.0,345.0,64.5,64.6,247.0,243.0,98.73,98.72,-2.0
2443,384.0,366.0,63.3,64.1,292.0,306.0,99.6,99.6,18.0
2444,525.0,499.0,60.1,60.7,291.0,297.0,99.58,99.58,26.0
2445,484.0,439.0,60.9,61.8,310.0,325.0,99.6,99.6,45.0
2446,434.0,407.0,61.9,62.7,292.0,306.0,99.6,99.6,27.0
2447,1243.0,1352.0,50.8,49.5,144.0,125.0,99.76,99.75,-109.0
2448,801.0,800.0,55.3,55.3,227.0,222.0,99.63,99.61,1.0
2449,610.0,593.0,58.5,58.8,266.0,269.0,99.63,99.62,17.0
2450,154.0,127.0,71.4,73.0,423.0,439.0,99.5,99.5,27.0
2451,181.0,133.0,70.2,72.5,390.0,405.0,99.26,99.18,48.0
2452,190.0,131.0,69.8,72.7,381.0,408.0,99.37,99.35,59.0
2453,173.0,167.0,70.5,71.0,445.0,467.0,99.5,99.5,6.0
2454,489.0,486.0,60.8,60.8,288.0,269.0,99.5,99.5,3.0
2455,372.0,361.0,63.6,64.2,305.0,301.0,99.06,99.04,11.0
2456,295.0,254.0,65.9,67.3,319.0,331.0,99.49,99.49,41.0
2457,578.0,675.0,59.0,57.2,290.0,266.0,100.0,100.0,-97.0
2458,894.0,1046.0,54.3,52.6,292.0,268.0,100.0,100.0,-152.0
2459,823.0,963.0,55.1,53.3,134.0,111.0,99.81,99.81,-140.0
2460,793.0,933.0,55.4,53.7,268.0,243.0,99.99,99.98,-140.0
2461,857.0,1001.0,54.7,52.9,292.0,268.0,100.0,100.0,-144.0
2462,964.0,1108.0,53.5,51.8,292.0,268.0,100.0,100.0,-144.0
2463,762.0,905.0,55.8,54.0,161.0,137.0,99.87,99.87,-143.0
2464,369.0,444.0,63.8,61.7,279.0,253.0,99.99,99.99,-75.0
2465,706.0,958.0,56.8,53.4,235.0,188.0,99.78,99.77,-252.0
2466,1247.0,1374.0,50.7,49.3,226.0,206.0,99.94,99.93,-127.0
2467,1199.0,1343.0,51.2,49.7,172.0,149.0,99.73,99.72,-144.0
2468,942.0,1115.0,53.7,51.8,281.0,255.0,99.99,99.99,-173.0
2469,1189.0,1525.0,51.3,48.2,194.0,159.0,99.9,99.9,-336.0
2470,958.0,1102.0,53.6,51.9,292.0,268.0,100.0,100.0,-144.0
2471,638.0,768.0,58.0,55.8,180.0,153.0,99.8,99.8,-130.0
2472,828.0,978.0,55.0,53.2,129.0,106.0,99.8,99.8,-150.0
2473,1429.0,1632.0,49.0,47.4,129.0,106.0,99.8,99.8,-203.0
2474,1497.0,1701.0,48.4,46.8,129.0,106.0,99.8,99.8,-204.0
2475,148.0,227.0,71.9,68.3,419.0,374.0,99.8,99.8,-79.0
2476,547.0,643.0,59.6,57.7,129.0,106.0,99.8,99.8,-96.0
2477,311.0,421.0,65.7,62.4,367.0,325.0,99.8,99.8,-110.0
2478,2602.0,2641.0,40.6,40.3,12.0,12.0,99.7,99.7,-39.0
2479,3005.0,3028.0,36.8,36.6,6.0,7.0,99.7,99.7,-23.0
2480,3189.0,3206.0,34.6,34.4,11.0,12.0,99.7,99.7,-17.0
2482,2584.0,2634.0,40.7,40.3,3.0,3.0,99.01,99.03,-50.0
2483,2439.0,2478.0,41.8,41.6,7.0,7.0,99.67,99.67,-39.0
2484,3137.0,3157.0,35.4,35.1,8.0,9.0,99.62,99.63,-20.0
2485,1156.0,1159.0,51.5,51.5,84.0,86.0,99.0,99.0,-3.0
2486,286.0,280.0,66.2,66.6,158.0,162.0,99.0,99.0,6.0
2487,769.0,773.0,55.7,55.7,88.0,90.0,99.0,99.0,-4.0
2488,1036.0,1031.0,52.7,52.7,81.0,83.0,99.0,99.0,5.0
2489,320.0,310.0,65.4,65.7,158.0,162.0,99.0,99.0,10.0
2490,3016.0,3043.0,36.6,36.3,12.0,12.0,99.7,99.7,-27.0
2491,3212.0,3226.0,34.4,34.1,12.0,12.0,99.7,99.7,-14.0
2492,3213.0,3227.0,34.4,34.1,12.0,12.0,99.7,99.7,-14.0
2493,3074.0,3102.0,36.0,35.7,12.0,12.0,99.7,99.7,-28.0
2494,2537.0,2569.0,41.1,40.9,9.0,10.0,99.65,99.65,-32.0
2495,3123.0,3147.0,35.5,35.2,12.0,12.0,99.7,99.7,-24.0
2496,3035.0,3067.0,36.4,36.1,12.0,12.0,99.7,99.7,-32.0
2497,2913.0,2929.0,37.7,37.4,10.0,11.0,99.7,99.7,-16.0
2499,2714.0,2754.0,39.5,39.2,12.0,12.0,99.7,99.7,-40.0
2500,2860.0,2885.0,38.2,37.9,10.0,11.0,99.7,99.7,-25.0
2501,2996.0,3024.0,36.9,36.6,11.0,11.0,99.7,99.7,-28.0
2503,3155.0,3172.0,35.1,34.8,12.0,12.0,99.7,99.7,-17.0
2505,2907.0,2919.0,37.8,37.5,6.0,5.0,99.9,99.9,-12.0
2508,1046.0,1067.0,52.6,52.3,2.0,2.0,98.7,98.7,-21.0
2509,1306.0,1313.0,50.2,50.0,1.0,1.0,98.71,98.7,-7.0
2510,1360.0,1379.0,49.5,49.3,2.0,2.0,98.7,98.7,-19.0
2511,776.0,719.0,55.7,56.5,154.0,153.0,99.47,99.41,57.0
2512,456.0,449.0,61.3,61.6,158.0,161.0,99.04,99.03,7.0
2513,1267.0,1261.0,50.5,50.5,84.0,86.0,99.05,99.05,6.0
2514,470.0,460.0,61.1,61.4,158.0,162.0,99.0,99.0,10.0
2515,1636.0,1587.0,47.3,47.7,90.0,88.0,99.9,99.9,49.0
2516,988.0,924.0,53.2,53.7,150.0,146.0,99.9,99.9,64.0
2517,1412.0,1366.0,49.1,49.4,71.0,69.0,99.89,99.89,46.0
2518,1328.0,1346.0,49.9,49.6,2.0,2.0,98.7,98.7,-18.0
2519,2557.0,2588.0,41.0,40.7,2.0,2.0,98.7,98.7,-31.0
2520,1246.0,1258.0,50.8,50.5,2.0,2.0,98.7,98.7,-12.0
2521,2657.0,2690.0,40.1,39.8,3.0,4.0,99.19,99.21,-33.0
2522,1681.0,1723.0,46.9,46.7,2.0,2.0,98.7,98.7,-42.0
2523,1149.0,1175.0,51.6,51.3,2.0,2.0,98.7,98.7,-26.0
2524,1099.0,1121.0,52.0,51.7,2.0,2.0,98.7,98.7,-22.0
2525,2069.0,2060.0,44.6,44.7,55.0,61.0,98.74,98.72,9.0
2526,87.0,92.0,76.8,75.8,479.0,543.0,98.74,98.75,-5.0
2527,1794.0,1747.0,46.3,46.5,61.0,62.0,99.3,99.3,47.0
2528,979.0,753.0,53.3,56.0,141.0,177.0,99.09,99.12,226.0
2529,2815.0,2837.0,38.6,38.4,5.0,5.0,99.2,99.2,-22.0
2530,126.0,86.0,73.3,76.4,413.0,447.0,98.71,98.7,40.0
2531,1990.0,1655.0,45.2,47.2,85.0,109.0,99.38,99.36,335.0
2532,2988.0,2963.0,36.9,37.1,53.0,58.0,99.7,99.7,25.0
2533,1962.0,1563.0,45.4,47.9,100.0,133.0,99.3,99.3,399.0
2534,3148.0,3074.0,35.2,36.1,65.0,77.0,99.54,99.51,74.0
2535,529.0,413.0,60.0,62.6,207.0,240.0,99.21,99.14,116.0
2536,1014.0,1158.0,52.9,51.5,244.0,226.0,99.7,99.7,-144.0
2537,1317.0,1018.0,50.1,52.8,100.0,133.0,99.3,99.3,299.0
2538,358.0,292.0,64.2,66.3,323.0,346.0,99.27,99.27,66.0
2539,175.0,271.0,70.4,66.8,353.0,301.0,99.3,99.3,-96.0
2540,291.0,320.0,66.1,65.5,326.0,322.0,99.02,99.09,-29.0
2541,225.0,173.0,68.4,70.4,429.0,444.0,99.3,99.3,52.0
2542,1192.0,1130.0,51.2,51.7,73.0,84.0,99.2,99.2,62.0
2543,2130.0,2153.0,44.1,44.0,15.0,17.0,99.2,99.2,-23.0
2544,238.0,257.0,68.1,67.2,243.0,237.0,98.88,98.93,-19.0
2545,511.0,769.0,60.4,55.8,267.0,190.0,99.3,99.3,-258.0
2546,1493.0,1395.0,48.4,49.2,145.0,148.0,99.3,99.3,98.0
2547,417.0,623.0,62.2,58.2,310.0,242.0,99.3,99.3,-206.0
2548,517.0,795.0,60.2,55.4,271.0,190.0,99.3,99.3,-278.0
2549,440.0,554.0,61.8,59.5,209.0,170.0,99.3,99.3,-114.0
2550,1580.0,1259.0,47.9,50.5,100.0,133.0,99.3,99.3,321.0
2551,587.0,756.0,58.9,55.9,363.0,312.0,99.3,99.3,-169.0
2552,668.0,739.0,57.4,56.1,257.0,240.0,99.1,99.1,-71.0
2553,1480.0,1464.0,48.6,48.6,190.0,184.0,99.07,99.06,16.0
2554,42.0,45.0,83.4,81.0,617.0,549.0,99.1,99.1,-3.0
2555,480.0,489.0,60.9,60.8,353.0,354.0,98.83,98.84,-9.0
2556,590.0,680.0,58.9,57.1,295.0,274.0,98.94,98.98,-90.0
2557,1547.0,1544.0,48.0,48.0,187.0,179.0,99.09,99.09,3.0
2558,120.0,153.0,73.8,71.4,678.0,602.0,99.1,99.1,-33.0
2559,853.0,814.0,54.7,55.1,107.0,107.0,99.0,99.0,39.0
2560,755.0,725.0,55.9,56.4,107.0,107.0,99.0,99.0,30.0
2561,68.0,84.0,79.6,76.6,466.0,555.0,98.71,98.72,-16.0
2562,506.0,468.0,60.4,61.3,153.0,147.0,99.31,99.2,38.0
2563,895.0,848.0,54.2,54.7,107.0,107.0,99.0,99.0,47.0
2564,826.0,785.0,55.0,55.5,107.0,107.0,99.0,99.0,41.0
2565,95.0,129.0,76.0,72.7,517.0,606.0,98.71,98.72,-34.0
2567,626.0,772.0,58.2,55.7,193.0,175.0,99.11,99.11,-146.0
2568,2361.0,2400.0,42.5,42.3,7.0,8.0,99.2,99.2,-39.0
2569,99.0,171.0,75.9,70.6,449.0,400.0,99.1,99.1,-72.0
2570,3505.0,3513.0,28.3,28.3,45.0,49.0,99.71,99.71,-8.0
2571,3120.0,3122.0,35.5,35.4,24.0,26.0,99.76,99.75,-2.0
2572,3147.0,3146.0,35.2,35.2,30.0,33.0,99.74,99.73,1.0
2573,1517.0,1554.0,48.3,47.9,10.0,11.0,99.9,99.9,-37.0
2574,1187.0,1065.0,51.3,52.3,339.0,344.0,99.7,99.7,122.0
2575,2579.0,2468.0,40.7,41.6,184.0,195.0,99.7,99.7,111.0
2576,2410.0,2421.0,42.2,42.1,161.0,159.0,99.7,99.7,-11.0
2577,2215.0,2275.0,43.5,43.2,5.0,5.0,99.9,99.9,-60.0
2578,1996.0,2039.0,45.2,44.8,9.0,10.0,99.9,99.9,-43.0
2580,2891.0,2917.0,37.9,37.6,10.0,11.0,99.9,99.9,-26.0
2581,2665.0,2702.0,40.1,39.7,10.0,11.0,99.9,99.9,-37.0
2582,2010.0,2069.0,45.1,44.7,10.0,10.0,99.9,99.9,-59.0
2583,3346.0,3348.0,32.3,32.3,70.0,73.0,99.7,99.7,-2.0
2584,2965.0,2979.0,37.1,37.0,26.0,28.0,99.75,99.74,-14.0
2585,3247.0,3250.0,33.7,33.7,51.0,55.0,99.7,99.7,-3.0
2586,2918.0,2939.0,37.6,37.3,20.0,21.0,99.78,99.78,-21.0
2587,1150.0,1328.0,51.6,49.8,307.0,281.0,99.7,99.7,-178.0
2588,2857.0,2880.0,38.2,38.0,101.0,100.0,99.7,99.7,-23.0
2589,3237.0,3229.0,33.9,34.0,53.0,58.0,99.7,99.7,8.0
2590,2095.0,2130.0,44.4,44.1,4.0,5.0,99.9,99.9,-35.0
2591,1904.0,1950.0,45.7,45.3,5.0,5.0,99.9,99.9,-46.0
2592,1734.0,1807.0,46.7,46.3,10.0,10.0,99.9,99.9,-73.0
2593,1693.0,1749.0,46.9,46.5,4.0,4.0,99.9,99.9,-56.0
2594,2248.0,2308.0,43.3,43.0,10.0,11.0,99.9,99.9,-60.0
2595,2397.0,2218.0,42.2,43.6,229.0,240.0,99.76,99.77,179.0
2596,2494.0,2550.0,41.4,41.0,160.0,145.0,99.71,99.71,-56.0
2597,1055.0,936.0,52.5,53.6,359.0,365.0,99.7,99.7,119.0
2598,694.0,621.0,57.0,58.3,333.0,341.0,99.7,99.7,73.0
2599,3568.0,3559.0,25.0,26.0,67.0,74.0,99.9,99.9,9.0
2600,3381.0,3274.0,31.6,33.4,127.0,141.0,99.9,99.9,107.0
2601,3746.0,3757.0,10.5,10.5,11.0,12.0,99.77,99.78,-11.0
2602,2693.0,2628.0,39.8,40.4,175.0,177.0,99.7,99.7,65.0
2603,1602.0,1707.0,47.6,46.8,132.0,114.0,99.72,99.72,-105.0
2604,3465.0,3450.0,29.8,30.3,70.0,84.0,99.7,99.7,15.0
2605,3458.0,3462.0,30.0,30.0,40.0,44.0,99.72,99.72,-4.0
2606,3044.0,2949.0,36.3,37.2,153.0,163.0,99.7,99.7,95.0
2607,1012.0,1241.0,52.9,50.7,238.0,192.0,99.71,99.71,-229.0
2608,2967.0,2806.0,37.1,38.8,107.0,137.0,99.7,99.7,161.0
2609,1005.0,1213.0,53.0,50.9,347.0,316.0,99.7,99.7,-208.0
2610,805.0,843.0,55.3,54.7,352.0,337.0,99.7,99.7,-38.0
2611,785.0,943.0,55.5,53.6,312.0,285.0,99.7,99.7,-158.0
2612,916.0,1098.0,54.0,51.9,347.0,316.0,99.7,99.7,-182.0
2613,680.0,625.0,57.2,58.1,130.0,128.0,99.18,99.11,55.0
2614,2578.0,2577.0,40.8,40.8,230.0,220.0,99.66,99.62,1.0
2615,719.0,779.0,56.6,55.6,280.0,257.0,99.63,99.57,-60.0
2616,211.0,217.0,69.0,68.6,351.0,350.0,98.38,98.32,-6.0
2617,543.0,501.0,59.7,60.7,397.0,446.0,98.7,98.7,42.0
2618,632.0,728.0,58.1,56.3,341.0,301.0,98.1,98.1,-96.0
2619,301.0,308.0,65.8,65.7,265.0,267.0,98.41,98.36,-7.0
2620,319.0,353.0,65.4,64.4,309.0,301.0,98.31,98.27,-34.0
2621,317.0,268.0,65.5,66.9,403.0,448.0,98.7,98.7,49.0
2622,1381.0,1428.0,49.4,48.8,313.0,294.0,98.1,98.1,-47.0
2623,1123.0,976.0,51.8,53.2,40.0,45.0,99.0,99.0,147.0
2624,1522.0,1351.0,48.2,49.6,40.0,45.0,99.0,99.0,171.0
2625,2157.0,1938.0,44.0,45.5,47.0,54.0,99.0,99.0,219.0
2626,3261.0,3175.0,33.5,34.8,40.0,45.0,99.0,99.0,86.0
2627,391.0,312.0,63.2,65.6,243.0,317.0,98.71,98.71,79.0
2628,782.0,786.0,55.6,55.5,97.0,99.0,98.79,98.84,-4.0
2629,570.0,537.0,59.2,59.8,107.0,120.0,98.79,98.83,33.0
2630,1.0,1.0,100.0,100.0,465.0,514.0,97.57,97.52,0.0
2631,172.0,209.0,70.5,68.8,240.0,208.0,98.07,98.06,-37.0
2632,49.0,24.0,81.9,86.8,271.0,323.0,97.35,97.36,25.0
2633,510.0,535.0,60.4,59.8,57.0,49.0,97.8,97.8,-25.0
2634,2.0,2.0,100.0,99.5,457.0,522.0,97.53,97.51,0.0
2635,79.0,94.0,78.2,75.5,372.0,322.0,98.1,98.1,-15.0
2636,3.0,3.0,99.8,98.5,534.0,658.0,97.3,97.3,0.0
2637,1556.0,1254.0,48.0,50.6,101.0,123.0,99.0,99.0,302.0
2638,1330.0,899.0,49.9,54.0,181.0,226.0,99.0,99.0,431.0
2639,804.0,792.0,55.3,55.4,75.0,75.0,98.27,98.31,12.0
2640,849.0,586.0,54.7,59.0,184.0,228.0,98.97,98.97,263.0
2641,771.0,815.0,55.7,55.1,75.0,68.0,98.11,98.18,-44.0
2642,1301.0,1137.0,50.2,51.6,40.0,45.0,99.0,99.0,164.0
2643,743.0,790.0,56.1,55.4,52.0,45.0,97.91,97.96,-47.0
2644,1343.0,1552.0,49.8,47.9,184.0,200.0,98.7,98.7,-209.0
2645,976.0,1219.0,53.4,50.9,231.0,211.0,98.7,98.7,-243.0
2646,416.0,495.0,62.3,60.7,270.0,255.0,98.24,98.22,-79.0
2647,1470.0,1703.0,48.6,46.8,184.0,200.0,98.7,98.7,-233.0
2648,1171.0,1273.0,51.4,50.4,56.0,61.0,98.7,98.7,-102.0
2649,316.0,404.0,65.5,62.9,226.0,209.0,98.7,98.7,-88.0
2650,287.0,218.0,66.2,68.6,239.0,283.0,98.24,98.26,69.0
2651,269.0,259.0,67.1,67.2,324.0,327.0,99.0,99.03,10.0
2652,354.0,324.0,64.2,65.4,395.0,397.0,99.3,99.3,30.0
2653,342.0,270.0,64.6,66.8,294.0,369.0,98.7,98.7,72.0
2654,242.0,240.0,68.1,68.0,280.0,290.0,98.8,98.79,2.0
2655,335.0,360.0,64.8,64.2,327.0,323.0,99.02,99.09,-25.0
2656,232.0,191.0,68.2,69.8,427.0,438.0,99.3,99.3,41.0
2657,768.0,966.0,55.8,53.3,254.0,235.0,98.7,98.7,-198.0
2658,278.0,163.0,66.5,71.1,247.0,300.0,98.1,98.1,115.0
2659,377.0,352.0,63.4,64.5,277.0,286.0,98.1,98.1,25.0
2660,24.0,26.0,87.1,86.0,342.0,332.0,97.51,97.58,-2.0
2661,283.0,178.0,66.3,70.3,249.0,290.0,98.1,98.1,105.0
2662,151.0,80.0,71.7,77.0,256.0,322.0,98.1,98.1,71.0
2663,423.0,351.0,62.2,64.5,274.0,308.0,98.1,98.1,72.0
2664,18.0,33.0,88.3,83.5,310.0,256.0,97.52,97.52,-15.0
2665,2812.0,2850.0,38.7,38.3,12.0,13.0,99.86,99.86,-38.0
2666,1868.0,1920.0,45.9,45.5,10.0,11.0,99.9,99.9,-52.0
2667,3206.0,3217.0,34.4,34.1,12.0,13.0,99.87,99.86,-11.0
2668,2359.0,2406.0,42.5,42.2,6.0,7.0,99.9,99.9,-47.0
2669,2040.0,2011.0,44.8,45.0,51.0,56.0,99.7,99.7,29.0
2670,2702.0,2731.0,39.7,39.5,20.0,21.0,99.78,99.77,-29.0
2671,2740.0,2725.0,39.4,39.5,52.0,57.0,99.7,99.7,15.0
2672,1766.0,1821.0,46.4,46.2,6.0,7.0,99.9,99.9,-55.0
2673,2332.0,2386.0,42.7,42.5,1.0,1.0,99.9,99.9,-54.0
2674,2247.0,2307.0,43.3,43.0,5.0,5.0,99.9,99.9,-60.0
2676,1816.0,1868.0,46.2,45.9,10.0,11.0,99.9,99.9,-52.0
2677,2139.0,2200.0,44.0,43.7,6.0,6.0,99.9,99.9,-61.0
2678,1870.0,1921.0,45.9,45.5,8.0,9.0,99.9,99.9,-51.0
2679,2328.0,2123.0,42.7,44.2,42.0,47.0,99.13,99.09,205.0
2680,3316.0,3337.0,32.7,32.4,17.0,18.0,99.8,99.8,-21.0
2681,2672.0,2575.0,40.0,40.8,60.0,57.0,99.0,99.0,97.0
2682,2917.0,2831.0,37.6,38.5,20.0,22.0,99.31,99.21,86.0
2683,2651.0,2490.0,40.1,41.5,43.0,48.0,99.21,99.16,161.0
2684,3163.0,3161.0,34.9,35.0,51.0,56.0,99.7,99.7,2.0
2685,1891.0,1668.0,45.7,47.1,40.0,45.0,99.0,99.0,223.0
2686,2413.0,2459.0,42.1,41.7,7.0,7.0,99.9,99.9,-46.0
2687,2832.0,2865.0,38.5,38.2,6.0,7.0,99.9,99.9,-33.0
2688,2587.0,2619.0,40.7,40.4,1.0,1.0,99.9,99.9,-32.0
2689,2635.0,2681.0,40.3,39.9,10.0,10.0,99.9,99.9,-46.0
2690,2463.0,2498.0,41.7,41.4,1.0,1.0,99.9,99.9,-35.0
2691,2995.0,3027.0,36.9,36.6,10.0,11.0,99.9,99.9,-32.0
2692,2133.0,2106.0,44.1,44.3,52.0,57.0,99.7,99.7,27.0
2693,2698.0,2674.0,39.7,39.9,52.0,57.0,99.7,99.7,24.0
2694,1977.0,1925.0,45.3,45.5,52.0,57.0,99.7,99.7,52.0
2695,1593.0,1553.0,47.7,47.9,52.0,57.0,99.7,99.7,40.0
2696,2736.0,2552.0,39.4,41.0,81.0,103.0,99.41,99.39,184.0
2697,3072.0,3063.0,36.1,36.2,52.0,57.0,99.7,99.7,9.0
2698,745.0,791.0,56.1,55.4,191.0,186.0,99.34,99.35,-46.0
2699,1698.0,1752.0,46.9,46.5,10.0,11.0,99.9,99.9,-54.0
2700,1916.0,1961.0,45.6,45.3,10.0,11.0,99.9,99.9,-45.0
2701,1670.0,1715.0,47.1,46.7,10.0,11.0,99.9,99.9,-45.0
2702,1892.0,1940.0,45.7,45.4,10.0,11.0,99.9,99.9,-48.0
2703,2999.0,3031.0,36.8,36.5,14.0,15.0,99.83,99.83,-32.0
2704,2001.0,2050.0,45.2,44.8,10.0,11.0,99.9,99.9,-49.0
2705,2642.0,2661.0,40.2,40.0,20.0,21.0,99.78,99.77,-19.0
2706,1478.0,1418.0,48.6,48.9,81.0,89.0,99.54,99.53,60.0
2707,1818.0,1782.0,46.2,46.4,52.0,57.0,99.7,99.7,36.0
2708,1669.0,1530.0,47.0,48.2,47.0,52.0,99.43,99.37,139.0
2709,1757.0,1705.0,46.6,46.8,52.0,57.0,99.7,99.7,52.0
2710,196.0,234.0,69.6,68.2,378.0,368.0,99.3,99.3,-38.0
2711,730.0,699.0,56.5,56.9,240.0,256.0,99.34,99.34,31.0
2712,332.0,267.0,64.8,66.9,332.0,358.0,99.27,99.29,65.0
2713,346.0,357.0,64.5,64.3,310.0,284.0,99.3,99.3,-11.0
2714,373.0,342.0,63.6,64.7,270.0,265.0,99.3,99.3,31.0
2715,284.0,284.0,66.3,66.5,279.0,263.0,99.19,99.18,0.0
2716,150.0,195.0,71.8,69.4,325.0,286.0,98.63,98.61,-45.0
2717,171.0,213.0,70.5,68.7,414.0,380.0,99.33,99.33,-42.0
2718,164.0,192.0,70.7,69.8,463.0,444.0,99.32,99.32,-28.0
2719,490.0,462.0,60.8,61.4,271.0,260.0,99.3,99.3,28.0
2720,91.0,88.0,76.3,76.3,529.0,476.0,98.96,98.9,3.0
2721,303.0,411.0,65.8,62.7,409.0,363.0,99.35,99.32,-108.0
2722,26.0,27.0,86.8,85.7,450.0,423.0,98.3,98.3,-1.0
2723,455.0,517.0,61.3,60.3,304.0,285.0,98.7,98.73,-62.0
2724,122.0,138.0,73.7,72.4,483.0,466.0,99.3,99.29,-16.0
2725,370.0,420.0,63.8,62.4,605.0,532.0,99.39,99.39,-50.0
2726,38.0,36.0,84.5,83.0,443.0,413.0,98.3,98.3,2.0
2727,104.0,98.0,75.5,75.0,541.0,532.0,99.21,99.15,6.0
2728,195.0,157.0,69.6,71.3,290.0,318.0,98.65,98.56,38.0
2729,235.0,248.0,68.1,67.6,248.0,229.0,99.13,99.0,-13.0
2730,168.0,159.0,70.6,71.2,266.0,293.0,98.3,98.3,9.0
2731,144.0,156.0,72.3,71.3,614.0,595.0,99.3,99.3,-12.0
2732,508.0,419.0,60.5,62.4,348.0,377.0,99.3,99.3,89.0
2733,28.0,49.0,86.1,80.3,449.0,384.0,98.79,98.78,-21.0
2734,46.0,65.0,82.7,78.1,364.0,318.0,98.3,98.3,-19.0
2735,39.0,34.0,84.5,83.4,517.0,474.0,98.62,98.66,5.0
2736,153.0,125.0,71.6,73.1,215.0,232.0,98.54,98.45,28.0
2737,115.0,158.0,74.3,71.2,338.0,312.0,99.03,99.04,-43.0
2738,63.0,91.0,80.2,75.9,362.0,318.0,98.3,98.3,-28.0
2739,35.0,42.0,85.0,81.3,403.0,359.0,98.3,98.3,-7.0
2740,138.0,119.0,72.7,73.4,267.0,294.0,98.3,98.3,19.0
2741,67.0,63.0,79.7,78.2,450.0,429.0,99.46,99.47,4.0
2742,105.0,75.0,75.2,77.5,645.0,530.0,99.4,99.4,30.0
2743,247.0,244.0,67.9,67.8,380.0,394.0,99.5,99.5,3.0
2744,61.0,54.0,80.5,79.6,468.0,441.0,99.43,99.43,7.0
2745,577.0,583.0,59.0,59.0,191.0,194.0,99.48,99.48,-6.0
2746,98.0,68.0,75.9,78.0,543.0,447.0,99.4,99.4,30.0
2747,264.0,261.0,67.4,67.1,371.0,384.0,99.5,99.5,3.0
2748,465.0,283.0,61.2,66.5,335.0,408.0,99.4,99.4,182.0
2749,530.0,688.0,59.9,57.0,349.0,315.0,99.25,99.27,-158.0
2750,515.0,315.0,60.3,65.5,335.0,408.0,99.4,99.4,200.0
2751,288.0,222.0,66.2,68.5,403.0,444.0,99.39,99.39,66.0
2752,253.0,464.0,67.6,61.3,444.0,339.0,99.4,99.4,-211.0
2753,213.0,362.0,68.9,64.2,365.0,305.0,99.27,99.28,-149.0
2754,257.0,210.0,67.5,68.7,410.0,428.0,99.4,99.4,47.0
2755,1569.0,1522.0,47.9,48.2,385.0,380.0,99.5,99.5,47.0
2756,438.0,437.0,61.9,61.9,348.0,352.0,99.45,99.46,1.0
2757,129.0,132.0,73.1,72.5,486.0,475.0,99.39,99.41,-3.0
2758,393.0,344.0,63.0,64.6,353.0,378.0,99.32,99.32,49.0
2759,161.0,161.0,70.8,71.1,385.0,380.0,99.5,99.5,0.0
2760,321.0,329.0,65.3,65.2,381.0,391.0,99.5,99.5,-8.0
2761,433.0,426.0,62.0,62.3,385.0,380.0,99.5,99.5,7.0
2762,1356.0,1210.0,49.6,51.0,239.0,260.0,99.9,99.9,146.0
2763,1725.0,1394.0,46.7,49.2,332.0,391.0,99.9,99.9,331.0
2764,1232.0,1044.0,50.9,52.6,161.0,171.0,99.46,99.38,188.0
2765,2867.0,2818.0,38.1,38.7,175.0,191.0,99.9,99.9,49.0
2766,1299.0,1139.0,50.3,51.6,235.0,252.0,99.9,99.9,160.0
2767,814.0,614.0,55.2,58.4,344.0,406.0,99.9,99.9,200.0
2768,1675.0,1470.0,47.0,48.6,149.0,156.0,99.41,99.33,205.0
2769,3549.0,3572.0,25.9,25.2,40.0,35.0,99.9,99.9,-23.0
2770,3420.0,3418.0,30.9,30.9,100.0,98.0,99.9,99.9,2.0
2771,3675.0,3686.0,20.0,20.0,4.0,5.0,99.9,99.9,-11.0
2772,3353.0,3263.0,32.1,33.6,121.0,132.0,99.9,99.9,90.0
2773,3523.0,3539.0,27.5,27.2,86.0,92.0,99.9,99.9,-16.0
2774,3566.0,3590.0,25.1,24.4,33.0,28.0,99.9,99.9,-24.0
2775,3621.0,3635.0,21.8,21.6,1.0,1.0,99.9,99.9,-14.0
2776,833.0,780.0,54.9,55.6,111.0,112.0,99.0,99.0,53.0
2777,1261.0,1164.0,50.6,51.4,114.0,116.0,99.0,99.0,97.0
2778,1011.0,944.0,52.9,53.6,110.0,111.0,99.0,99.0,67.0
2779,900.0,852.0,54.2,54.6,107.0,107.0,99.0,99.0,48.0
2780,1409.0,1293.0,49.2,50.1,116.0,119.0,99.0,99.0,116.0
2781,1925.0,1753.0,45.6,46.5,116.0,119.0,99.0,99.0,172.0
2782,2084.0,1939.0,44.5,45.4,116.0,119.0,99.0,99.0,145.0
2783,2730.0,2699.0,39.4,39.7,47.0,46.0,99.08,99.03,31.0
2784,581.0,559.0,58.9,59.4,107.0,107.0,99.0,99.0,22.0
2785,3112.0,3091.0,35.6,35.9,43.0,42.0,99.09,99.04,21.0
2786,2581.0,2456.0,40.7,41.8,87.0,90.0,99.27,99.16,125.0
2787,851.0,810.0,54.7,55.1,107.0,107.0,99.0,99.0,41.0
2788,1377.0,1279.0,49.4,50.3,334.0,342.0,99.9,99.9,98.0
2789,1882.0,1725.0,45.8,46.7,334.0,342.0,99.9,99.9,157.0
2790,1597.0,1476.0,47.6,48.5,334.0,342.0,99.9,99.9,121.0
2791,1087.0,974.0,52.2,53.2,332.0,343.0,99.9,99.9,113.0
2792,906.0,748.0,54.1,56.0,318.0,331.0,99.79,99.78,158.0
2793,2082.0,1960.0,44.5,45.3,335.0,343.0,99.9,99.9,122.0
2794,984.0,816.0,53.2,55.1,318.0,331.0,99.79,99.78,168.0
2795,1453.0,1386.0,48.8,49.2,328.0,336.0,99.9,99.9,67.0
2796,1644.0,1466.0,47.3,48.6,361.0,388.0,99.82,99.8,178.0
2797,2377.0,2278.0,42.4,43.2,233.0,261.0,99.9,99.9,99.0
2798,3158.0,3255.0,35.0,33.7,91.0,78.0,99.9,99.9,-97.0
2799,1341.0,1265.0,49.8,50.4,342.0,351.0,99.9,99.9,76.0
2800,983.0,788.0,53.3,55.5,409.0,447.0,99.83,99.81,195.0
2801,1573.0,1423.0,47.9,48.9,336.0,348.0,99.9,99.9,150.0
2802,215.0,281.0,68.9,66.6,577.0,648.0,99.2,99.2,-66.0
2803,927.0,770.0,53.9,55.7,225.0,258.0,99.39,99.36,157.0
2804,202.0,247.0,69.3,67.6,651.0,679.0,99.22,99.21,-45.0
2805,1050.0,960.0,52.6,53.4,129.0,132.0,99.02,99.02,90.0
2806,323.0,200.0,65.2,69.1,309.0,388.0,99.2,99.2,123.0
2807,387.0,275.0,63.2,66.7,302.0,370.0,99.39,99.4,112.0
2808,92.0,111.0,76.1,74.0,664.0,726.0,99.21,99.2,-19.0
2809,2547.0,2584.0,41.0,40.7,6.0,6.0,98.6,98.6,-37.0
2810,386.0,431.0,63.2,62.1,349.0,321.0,99.58,99.57,-45.0
2811,704.0,696.0,56.8,56.9,145.0,144.0,99.06,99.07,8.0
2812,539.0,524.0,59.8,60.2,242.0,236.0,99.15,99.11,15.0
2813,552.0,536.0,59.5,59.8,163.0,165.0,98.93,98.96,16.0
2814,1266.0,1268.0,50.6,50.4,65.0,61.0,98.79,98.78,-2.0
2815,2166.0,2211.0,43.8,43.6,9.0,9.0,98.6,98.6,-45.0
2816,634.0,641.0,58.0,57.8,183.0,176.0,98.4,98.4,-7.0
2817,1135.0,1141.0,51.7,51.6,92.0,92.0,98.46,98.48,-6.0
2818,179.0,176.0,70.2,70.4,208.0,202.0,98.4,98.4,3.0
2819,180.0,152.0,70.2,71.8,306.0,305.0,98.41,98.41,28.0
2820,495.0,515.0,60.6,60.4,160.0,154.0,98.4,98.4,-20.0
2821,1044.0,1061.0,52.6,52.4,78.0,75.0,98.4,98.4,-17.0
2822,501.0,523.0,60.5,60.2,183.0,176.0,98.4,98.4,-22.0
2823,3000.0,3017.0,36.8,36.6,40.0,39.0,98.8,98.8,-17.0
2824,1122.0,1051.0,51.8,52.5,96.0,108.0,98.46,98.49,71.0
2825,198.0,168.0,69.6,70.9,324.0,336.0,98.63,98.62,30.0
2826,250.0,150.0,67.8,71.9,270.0,324.0,98.25,98.25,100.0
2827,878.0,907.0,54.3,54.0,133.0,128.0,98.8,98.8,-29.0
2828,944.0,1036.0,53.6,52.6,214.0,191.0,99.49,99.46,-92.0
2829,861.0,911.0,54.6,53.9,196.0,179.0,99.7,99.7,-50.0
2830,588.0,653.0,58.9,57.5,380.0,345.0,99.7,99.7,-65.0
2831,709.0,746.0,56.8,56.0,196.0,179.0,99.7,99.7,-37.0
2832,64.0,115.0,79.9,73.8,374.0,307.0,98.5,98.5,-51.0
2833,81.0,137.0,77.6,72.4,328.0,267.0,98.7,98.68,-56.0
2834,520.0,403.0,60.2,62.9,341.0,366.0,99.05,98.9,117.0
2835,223.0,193.0,68.6,69.8,231.0,235.0,98.92,98.86,30.0
2836,1435.0,1389.0,48.9,49.2,74.0,76.0,99.1,99.09,46.0
2837,432.0,400.0,62.0,63.0,180.0,188.0,98.6,98.6,32.0
2838,843.0,806.0,54.8,55.2,80.0,84.0,98.61,98.61,37.0
2839,420.0,387.0,62.2,63.4,211.0,204.0,99.32,99.12,33.0
2840,100.0,83.0,75.8,76.7,265.0,293.0,98.3,98.3,17.0
2841,457.0,500.0,61.3,60.7,201.0,187.0,99.59,99.59,-43.0
2842,536.0,540.0,59.8,59.6,336.0,316.0,99.59,99.54,-4.0
2843,266.0,246.0,67.2,67.6,583.0,527.0,99.7,99.7,20.0
2844,519.0,539.0,60.2,59.7,281.0,262.0,99.51,99.47,-20.0
2845,185.0,142.0,70.0,72.3,335.0,341.0,99.21,99.09,43.0
2846,169.0,164.0,70.6,71.1,576.0,523.0,99.68,99.67,5.0
2847,1968.0,2034.0,45.3,44.9,8.0,6.0,99.7,99.7,-66.0
2848,1689.0,1767.0,46.9,46.4,11.0,9.0,99.7,99.7,-78.0
2850,1862.0,1934.0,45.9,45.5,10.0,8.0,99.7,99.7,-72.0
2851,2430.0,2467.0,41.9,41.6,3.0,3.0,99.7,99.7,-37.0
2852,1711.0,1795.0,46.8,46.3,11.0,9.0,99.7,99.7,-84.0
2853,2236.0,2282.0,43.3,43.1,2.0,2.0,99.4,99.4,-46.0
2854,1746.0,1799.0,46.6,46.3,13.0,12.0,99.41,99.41,-53.0
2855,2097.0,2139.0,44.4,44.1,8.0,7.0,99.4,99.4,-42.0
2856,1458.0,1486.0,48.7,48.4,22.0,20.0,99.4,99.4,-28.0
2857,2626.0,,40.4,,1.0,,99.7,,
2858,3068.0,3099.0,36.0,35.7,12.0,12.0,99.7,99.7,-31.0
2859,3373.0,3385.0,31.8,31.5,12.0,12.0,99.7,99.7,-12.0
2860,2357.0,2412.0,42.5,42.2,12.0,12.0,99.7,99.7,-55.0
2861,3374.0,3386.0,31.8,31.5,12.0,12.0,99.7,99.7,-12.0
2862,3454.0,3470.0,30.1,29.9,12.0,12.0,99.7,99.7,-16.0
2863,3252.0,3276.0,33.6,33.3,12.0,12.0,99.7,99.7,-24.0
2864,3153.0,3171.0,35.1,34.8,12.0,12.0,99.7,99.7,-18.0
2865,2701.0,2739.0,39.6,39.3,12.0,12.0,99.7,99.7,-38.0
2866,1733.0,1791.0,46.7,46.3,12.0,12.0,99.7,99.7,-58.0
2867,3026.0,3054.0,36.5,36.2,12.0,12.0,99.7,99.7,-28.0
2868,1899.0,1948.0,45.7,45.3,12.0,12.0,99.7,99.7,-49.0
2869,3593.0,3605.0,23.5,23.3,12.0,12.0,99.7,99.7,-12.0
2870,3574.0,3589.0,24.7,24.4,12.0,12.0,99.7,99.7,-15.0
2871,3408.0,3423.0,31.1,30.8,12.0,12.0,99.7,99.7,-15.0
2872,2008.0,2070.0,45.1,44.7,11.0,9.0,99.7,99.7,-62.0
2873,1900.0,1969.0,45.7,45.2,11.0,9.0,99.7,99.7,-69.0
2874,2092.0,2152.0,44.4,44.0,11.0,9.0,99.7,99.7,-60.0
2875,1507.0,1545.0,48.3,48.0,119.0,116.0,99.88,99.89,-38.0
2876,1932.0,2003.0,45.5,45.0,11.0,9.0,99.7,99.7,-71.0
2877,1927.0,1995.0,45.5,45.1,11.0,9.0,99.7,99.7,-68.0
2878,2087.0,2144.0,44.4,44.0,11.0,9.0,99.7,99.7,-57.0
2879,3530.0,3544.0,27.0,26.9,33.0,34.0,99.83,99.82,-14.0
2880,3059.0,3089.0,36.2,35.9,12.0,12.0,99.7,99.7,-30.0
2881,270.0,274.0,67.0,66.7,646.0,643.0,99.9,99.9,-4.0
2882,2993.0,3006.0,36.9,36.8,26.0,27.0,99.81,99.8,-13.0
2883,3404.0,3420.0,31.2,30.9,12.0,12.0,99.7,99.7,-16.0
2884,3490.0,3501.0,29.0,28.7,12.0,12.0,99.7,99.7,-11.0
2885,147.0,146.0,72.0,72.1,451.0,448.0,99.9,99.9,1.0
2886,3204.0,3218.0,34.4,34.1,12.0,12.0,99.7,99.7,-14.0
2887,1418.0,1440.0,49.1,48.8,12.0,12.0,99.7,99.7,-22.0
2888,3536.0,3552.0,26.7,26.4,12.0,12.0,99.7,99.7,-16.0
2889,3060.0,3090.0,36.2,35.9,12.0,12.0,99.7,99.7,-30.0
2890,3118.0,3145.0,35.5,35.2,12.0,12.0,99.7,99.7,-27.0
2891,2608.0,2642.0,40.5,40.2,12.0,12.0,99.7,99.7,-34.0
2892,2905.0,2925.0,37.8,37.5,12.0,12.0,99.7,99.7,-20.0
2893,3594.0,3606.0,23.5,23.3,12.0,12.0,99.7,99.7,-12.0
2894,3564.0,3580.0,25.2,24.9,12.0,12.0,99.7,99.7,-16.0
2895,3595.0,3607.0,23.5,23.3,12.0,12.0,99.7,99.7,-12.0
2896,3596.0,3608.0,23.5,23.3,12.0,12.0,99.7,99.7,-12.0
2897,3062.0,3093.0,36.1,35.8,12.0,12.0,99.7,99.7,-31.0
2898,3520.0,3533.0,27.6,27.4,12.0,12.0,99.7,99.7,-13.0
2899,1570.0,1611.0,47.9,47.6,12.0,12.0,99.7,99.7,-41.0
2900,2043.0,2101.0,44.8,44.4,11.0,9.0,99.7,99.7,-58.0
2901,3453.0,3468.0,30.2,29.9,12.0,12.0,99.7,99.7,-15.0
2902,1841.0,1912.0,46.0,45.6,11.0,9.0,99.7,99.7,-71.0
2903,2064.0,2124.0,44.6,44.2,11.0,9.0,99.7,99.7,-60.0
2904,1971.0,2008.0,45.3,45.0,1.0,1.0,99.7,99.7,-37.0
2905,2954.0,2984.0,37.2,37.0,11.0,12.0,99.7,99.7,-30.0
2906,1719.0,1796.0,46.7,46.3,8.0,6.0,99.7,99.7,-77.0
2907,2474.0,2557.0,41.6,40.9,8.0,9.0,99.49,99.57,-83.0
2908,1918.0,1603.0,45.6,47.6,127.0,161.0,99.9,99.9,315.0
2909,2613.0,2648.0,40.5,40.2,11.0,9.0,99.69,99.68,-35.0
2910,2148.0,2219.0,44.0,43.6,6.0,4.0,99.7,99.7,-71.0
2911,2806.0,2840.0,38.7,38.4,14.0,12.0,99.42,99.41,-34.0
2912,3305.0,3322.0,32.9,32.6,1.0,1.0,99.7,99.7,-17.0
2913,2444.0,2507.0,41.8,41.3,12.0,9.0,99.68,99.68,-63.0
2914,2475.0,2538.0,41.5,41.1,11.0,9.0,99.7,99.7,-63.0
2915,1647.0,1696.0,47.2,46.8,22.0,19.0,99.41,99.41,-49.0
2916,405.0,406.0,62.7,62.8,375.0,373.0,99.9,99.9,-1.0
2917,340.0,355.0,64.6,64.3,687.0,684.0,99.9,99.9,-15.0
2918,1259.0,1100.0,50.6,51.9,253.0,270.0,99.9,99.9,159.0
2919,472.0,476.0,61.1,61.1,274.0,272.0,99.9,99.9,-4.0
2920,205.0,206.0,69.1,68.8,687.0,684.0,99.9,99.9,-1.0
2921,2754.0,2782.0,39.2,39.0,5.0,5.0,99.4,99.4,-28.0
2923,2005.0,2037.0,45.1,44.9,12.0,11.0,99.4,99.4,-32.0
2924,1780.0,1843.0,46.4,46.0,21.0,18.0,99.4,99.4,-63.0
2925,3095.0,3114.0,35.8,35.5,12.0,12.0,99.7,99.7,-19.0
2926,2946.0,2986.0,37.2,37.0,12.0,12.0,99.7,99.7,-40.0
2927,2748.0,2781.0,39.3,39.0,9.0,9.0,99.7,99.7,-33.0
2928,3300.0,3320.0,32.9,32.6,12.0,12.0,99.7,99.7,-20.0
2929,3220.0,3243.0,34.1,33.8,12.0,12.0,99.7,99.7,-23.0
2930,3173.0,3196.0,34.8,34.5,12.0,12.0,99.7,99.7,-23.0
2931,3004.0,3033.0,36.8,36.5,9.0,9.0,99.7,99.7,-29.0
2932,2634.0,2669.0,40.3,39.9,12.0,12.0,99.7,99.7,-35.0
2933,3230.0,3252.0,34.0,33.7,12.0,12.0,99.7,99.7,-22.0
2934,3266.0,3289.0,33.4,33.2,12.0,12.0,99.7,99.7,-23.0
2935,2585.0,2625.0,40.7,40.4,12.0,12.0,99.7,99.7,-40.0
2936,2636.0,2672.0,40.2,39.9,12.0,12.0,99.7,99.7,-36.0
2937,3485.0,3495.0,29.2,28.9,12.0,12.0,99.7,99.7,-10.0
2938,3208.0,3224.0,34.4,34.1,12.0,12.0,99.7,99.7,-16.0
2939,2442.0,2479.0,41.8,41.6,9.0,10.0,99.7,99.7,-37.0
2940,3010.0,3040.0,36.7,36.4,12.0,12.0,99.7,99.7,-30.0
2941,2073.0,2119.0,44.5,44.2,10.0,10.0,99.7,99.7,-46.0
2942,2562.0,2594.0,40.9,40.7,9.0,10.0,99.7,99.7,-32.0
2943,3248.0,3273.0,33.7,33.4,12.0,12.0,99.7,99.7,-25.0
2944,3168.0,3189.0,34.9,34.6,12.0,12.0,99.7,99.7,-21.0
2945,3152.0,3170.0,35.1,34.8,12.0,12.0,99.7,99.7,-18.0
2946,3177.0,3197.0,34.8,34.5,12.0,12.0,99.7,99.7,-20.0
2947,3255.0,3280.0,33.6,33.3,12.0,12.0,99.7,99.7,-25.0
2948,3301.0,3321.0,32.9,32.6,12.0,12.0,99.7,99.7,-20.0
2949,3222.0,3244.0,34.1,33.8,12.0,12.0,99.7,99.7,-22.0
2950,3487.0,3496.0,29.2,28.9,12.0,12.0,99.7,99.7,-9.0
2951,3448.0,3467.0,30.2,29.9,12.0,12.0,99.7,99.7,-19.0
2952,2880.0,2907.0,38.0,37.7,12.0,12.0,99.7,99.7,-27.0
2953,3057.0,3086.0,36.2,35.9,12.0,12.0,99.7,99.7,-29.0
2954,3114.0,3140.0,35.6,35.3,12.0,12.0,99.7,99.7,-26.0
2955,3456.0,3474.0,30.1,29.8,12.0,12.0,99.7,99.7,-18.0
2956,3037.0,3069.0,36.4,36.1,12.0,12.0,99.7,99.7,-32.0
2957,3216.0,3236.0,34.2,33.9,12.0,12.0,99.7,99.7,-20.0
2958,2956.0,2985.0,37.2,37.0,8.0,9.0,99.7,99.7,-29.0
2959,3109.0,3133.0,35.6,35.3,8.0,9.0,99.7,99.7,-24.0
2960,2959.0,2971.0,37.2,37.0,4.0,5.0,100.0,100.0,-12.0
2961,3426.0,3430.0,30.8,30.7,11.0,12.0,100.0,100.0,-4.0
2963,3115.0,3125.0,35.5,35.4,4.0,5.0,100.0,100.0,-10.0
2964,3559.0,3569.0,25.5,25.5,17.0,18.0,100.0,100.0,-10.0
2965,3165.0,3183.0,34.9,34.7,2.0,2.0,100.0,100.0,-18.0
2966,2488.0,2539.0,41.5,41.1,24.0,21.0,100.0,100.0,-51.0
2967,2138.0,2237.0,44.1,43.5,63.0,55.0,100.0,100.0,-99.0
2968,2777.0,2811.0,39.0,38.8,18.0,16.0,100.0,100.0,-34.0
2969,2229.0,2340.0,43.4,42.7,57.0,49.0,100.0,100.0,-111.0
2970,3569.0,3579.0,25.0,25.0,17.0,18.0,100.0,100.0,-10.0
2971,3571.0,3582.0,25.0,24.9,17.0,18.0,100.0,100.0,-11.0
2972,2750.0,2762.0,39.2,39.2,13.0,14.0,100.0,100.0,-12.0
2973,3543.0,3554.0,26.4,26.3,17.0,18.0,100.0,100.0,-11.0
2974,3577.0,3587.0,24.5,24.5,17.0,18.0,100.0,100.0,-10.0
2975,3601.0,3614.0,23.1,23.1,17.0,18.0,100.0,100.0,-13.0
2976,2554.0,2560.0,40.9,40.9,17.0,18.0,100.0,100.0,-6.0
2977,3582.0,3593.0,24.2,24.2,17.0,18.0,100.0,100.0,-11.0
2978,3575.0,3583.0,24.7,24.7,17.0,18.0,100.0,100.0,-8.0
2979,3565.0,3575.0,25.2,25.1,17.0,18.0,100.0,100.0,-10.0
2980,3470.0,3478.0,29.6,29.5,13.0,14.0,100.0,100.0,-8.0
2981,3567.0,3578.0,25.1,25.1,17.0,18.0,100.0,100.0,-11.0
2982,3586.0,3598.0,23.9,23.9,17.0,18.0,100.0,100.0,-12.0
2983,3576.0,3585.0,24.6,24.6,17.0,18.0,100.0,100.0,-9.0
2984,2686.0,2724.0,39.9,39.5,20.0,17.0,100.0,100.0,-38.0
2985,1964.0,2057.0,45.4,44.7,63.0,55.0,100.0,100.0,-93.0
2986,2841.0,2872.0,38.3,38.0,19.0,17.0,100.0,100.0,-31.0
2987,1984.0,2038.0,45.2,44.9,24.0,21.0,100.0,100.0,-54.0
2988,2400.0,2425.0,42.2,42.0,8.0,8.0,100.0,100.0,-25.0
2989,1518.0,1609.0,48.2,47.6,63.0,55.0,100.0,100.0,-91.0
2990,3551.0,3563.0,25.9,25.7,8.0,8.0,100.0,100.0,-12.0
2992,3670.0,3681.0,20.4,20.4,17.0,18.0,100.0,100.0,-11.0
2993,3710.0,3721.0,16.6,16.6,17.0,18.0,100.0,100.0,-11.0
2994,3676.0,3687.0,20.0,19.9,16.0,17.0,100.0,100.0,-11.0
2995,3541.0,3550.0,26.6,26.5,15.0,15.0,100.0,100.0,-9.0
2996,3499.0,3510.0,28.6,28.4,6.0,6.0,100.0,100.0,-11.0
2997,3215.0,3228.0,34.2,34.0,4.0,4.0,100.0,100.0,-13.0
2998,3724.0,3735.0,14.0,13.8,51.0,44.0,100.0,100.0,-11.0
2999,3113.0,3139.0,35.6,35.3,17.0,15.0,100.0,100.0,-26.0
3000,3052.0,3081.0,36.3,36.0,11.0,10.0,100.0,100.0,-29.0
3001,2414.0,2454.0,42.1,41.8,12.0,11.0,99.91,99.91,-40.0
3002,2390.0,2357.0,42.3,42.6,164.0,169.0,100.0,100.0,33.0
3003,2480.0,2493.0,41.5,41.5,20.0,21.0,100.0,100.0,-13.0
3004,2182.0,2136.0,43.8,44.1,158.0,163.0,100.0,100.0,46.0
3005,2519.0,2499.0,41.3,41.4,73.0,76.0,100.0,100.0,20.0
3006,3154.0,3129.0,35.1,35.4,167.0,173.0,100.0,100.0,25.0
3007,2998.0,3001.0,36.8,36.8,20.0,21.0,100.0,100.0,-3.0
3008,2892.0,2862.0,37.9,38.2,176.0,182.0,100.0,100.0,30.0
3009,3585.0,3596.0,24.0,23.9,17.0,18.0,100.0,100.0,-11.0
3010,3666.0,3675.0,20.9,20.9,17.0,18.0,100.0,100.0,-9.0
3011,3570.0,3581.0,25.0,24.9,17.0,18.0,100.0,100.0,-11.0
3012,3589.0,3600.0,23.7,23.7,17.0,18.0,100.0,100.0,-11.0
3013,3312.0,3308.0,32.8,32.8,17.0,18.0,100.0,100.0,4.0
3014,3704.0,3715.0,17.6,17.5,17.0,18.0,100.0,100.0,-11.0
3015,3510.0,3517.0,28.1,28.1,17.0,18.0,100.0,100.0,-7.0
3016,2316.0,2220.0,42.8,43.6,219.0,232.0,100.0,100.0,96.0
3017,3013.0,3010.0,36.7,36.7,81.0,82.0,100.0,100.0,3.0
3018,2822.0,2849.0,38.6,38.3,97.0,93.0,100.0,100.0,-27.0
3019,3006.0,3049.0,36.8,36.3,63.0,55.0,100.0,100.0,-43.0
3020,2077.0,1906.0,44.5,45.6,259.0,277.0,100.0,100.0,171.0
3021,2188.0,2091.0,43.7,44.5,211.0,221.0,100.0,100.0,97.0
3022,1613.0,1453.0,47.5,48.7,259.0,277.0,100.0,100.0,160.0
3023,2676.0,2671.0,40.0,39.9,17.0,18.0,100.0,100.0,5.0
3024,2770.0,2772.0,39.1,39.1,17.0,18.0,100.0,100.0,-2.0
3025,2719.0,2745.0,39.5,39.3,33.0,31.0,100.0,100.0,-26.0
3026,1926.0,1930.0,45.5,45.5,17.0,18.0,100.0,100.0,-4.0
3027,2691.0,2700.0,39.8,39.7,17.0,18.0,100.0,100.0,-9.0
3028,2865.0,2871.0,38.1,38.1,17.0,18.0,100.0,100.0,-6.0
3029,3192.0,3208.0,34.6,34.4,34.0,32.0,100.0,100.0,-16.0
3030,2483.0,2514.0,41.5,41.3,18.0,17.0,100.0,100.0,-31.0
3031,2622.0,2638.0,40.4,40.3,18.0,18.0,100.0,100.0,-16.0
3032,1508.0,1438.0,48.3,48.8,176.0,182.0,100.0,100.0,70.0
3033,2583.0,2576.0,40.7,40.8,62.0,64.0,100.0,100.0,7.0
3034,1387.0,1478.0,49.3,48.5,57.0,44.0,100.0,100.0,-91.0
3035,1278.0,1357.0,50.5,49.5,72.0,56.0,100.0,100.0,-79.0
3036,2462.0,2462.0,41.7,41.7,67.0,69.0,100.0,100.0,0.0
3037,2677.0,2675.0,40.0,39.9,17.0,18.0,100.0,100.0,2.0
3038,2589.0,2599.0,40.7,40.6,17.0,18.0,100.0,100.0,-10.0
3039,2756.0,2761.0,39.2,39.2,17.0,18.0,100.0,100.0,-5.0
3040,2653.0,2654.0,40.1,40.1,17.0,18.0,100.0,100.0,-1.0
3041,2715.0,2729.0,39.5,39.5,10.0,11.0,100.0,100.0,-14.0
3042,3197.0,3205.0,34.5,34.4,11.0,12.0,100.0,100.0,-8.0
3043,2732.0,2735.0,39.4,39.4,17.0,18.0,100.0,100.0,-3.0
3044,781.0,707.0,55.6,56.6,240.0,259.0,99.94,99.94,74.0
3045,2372.0,2328.0,42.4,42.8,176.0,182.0,100.0,100.0,44.0
3046,1165.0,1003.0,51.4,52.9,288.0,315.0,99.94,99.94,162.0
3047,2681.0,2591.0,39.9,40.7,214.0,226.0,100.0,100.0,90.0
3048,1583.0,1461.0,47.8,48.6,244.0,263.0,99.94,99.94,122.0
3049,2221.0,2176.0,43.5,43.9,176.0,182.0,100.0,100.0,45.0
3050,738.0,638.0,56.2,57.9,312.0,346.0,99.9,99.9,100.0
3051,3751.0,3761.0,8.6,8.6,17.0,18.0,100.0,100.0,-10.0
3052,3744.0,3754.0,10.8,10.8,16.0,17.0,100.0,100.0,-10.0
3053,3747.0,3758.0,10.2,10.2,17.0,18.0,100.0,100.0,-11.0
3054,3707.0,3718.0,17.0,17.0,17.0,18.0,100.0,100.0,-11.0
3055,3775.0,3788.0,0.0,0.0,10.0,10.0,100.0,100.0,-13.0
3056,3765.0,3776.0,0.6,0.5,5.0,4.0,100.0,100.0,-11.0
3057,3776.0,3779.0,0.0,0.0,17.0,18.0,100.0,100.0,-3.0
3058,3757.0,3767.0,5.6,5.6,17.0,18.0,100.0,100.0,-10.0
3059,3719.0,3730.0,14.8,14.8,17.0,18.0,100.0,100.0,-11.0
3060,3706.0,3717.0,17.1,17.1,17.0,18.0,100.0,100.0,-11.0
3061,3703.0,3714.0,17.6,17.6,17.0,18.0,100.0,100.0,-11.0
3062,3764.0,3775.0,1.0,0.9,11.0,11.0,100.0,100.0,-11.0
3063,3758.0,3769.0,3.2,3.1,5.0,5.0,100.0,100.0,-11.0
3064,3754.0,3765.0,7.3,7.3,17.0,18.0,100.0,100.0,-11.0
3065,3622.0,3632.0,21.8,21.8,17.0,18.0,100.0,100.0,-10.0
3066,3700.0,3711.0,18.0,18.0,17.0,18.0,100.0,100.0,-11.0
3067,3689.0,3700.0,19.0,19.0,17.0,18.0,100.0,100.0,-11.0
3068,3691.0,3701.0,18.9,18.9,17.0,18.0,100.0,100.0,-10.0
3069,3713.0,3723.0,16.1,16.1,17.0,18.0,100.0,100.0,-10.0
3070,3695.0,3703.0,18.7,18.7,17.0,18.0,100.0,100.0,-8.0
3071,3668.0,3679.0,20.7,20.7,17.0,18.0,100.0,100.0,-11.0
3072,3720.0,3731.0,14.6,14.6,17.0,18.0,100.0,100.0,-11.0
3073,3682.0,3692.0,19.6,19.6,17.0,18.0,100.0,100.0,-10.0
3074,3661.0,3671.0,21.1,21.1,17.0,18.0,100.0,100.0,-10.0
3075,3712.0,3722.0,16.2,16.2,17.0,18.0,100.0,100.0,-10.0
3076,3741.0,3751.0,11.1,11.1,17.0,18.0,100.0,100.0,-10.0
3077,3701.0,3712.0,18.0,18.0,17.0,18.0,100.0,100.0,-11.0
3078,3678.0,3689.0,19.9,19.9,17.0,18.0,100.0,100.0,-11.0
3079,3491.0,3502.0,28.8,28.6,2.0,2.0,100.0,100.0,-11.0
3080,3573.0,3586.0,24.7,24.5,2.0,2.0,100.0,100.0,-13.0
3081,3761.0,3772.0,2.0,1.9,2.0,2.0,100.0,100.0,-11.0
3082,3768.0,3781.0,0.1,0.0,2.0,2.0,100.0,100.0,-13.0
3083,3260.0,3277.0,33.6,33.3,2.0,2.0,100.0,100.0,-17.0
3084,3034.0,3060.0,36.4,36.2,2.0,2.0,100.0,100.0,-26.0
3085,3099.0,3111.0,35.8,35.6,2.0,2.0,100.0,100.0,-12.0
3086,3660.0,3672.0,21.2,21.1,2.0,2.0,100.0,100.0,-12.0
3087,3496.0,3509.0,28.6,28.4,2.0,2.0,100.0,100.0,-13.0
3088,3769.0,3782.0,0.1,0.0,2.0,2.0,100.0,100.0,-13.0
3089,3770.0,3783.0,0.1,0.0,2.0,2.0,100.0,100.0,-13.0
3090,3624.0,3637.0,21.6,21.4,2.0,2.0,100.0,100.0,-13.0
3091,3619.0,3633.0,21.9,21.7,2.0,2.0,100.0,100.0,-14.0
3092,3669.0,3680.0,20.6,20.5,2.0,2.0,100.0,100.0,-11.0
3093,3674.0,3684.0,20.1,20.0,17.0,18.0,100.0,100.0,-10.0
3094,3763.0,3774.0,1.1,1.1,15.0,16.0,100.0,100.0,-11.0
3095,3679.0,3690.0,19.8,19.8,17.0,18.0,100.0,100.0,-11.0
3096,3688.0,3699.0,19.1,19.1,17.0,18.0,100.0,100.0,-11.0
3097,3043.0,3044.0,36.4,36.3,17.0,18.0,100.0,100.0,-1.0
3098,3553.0,3564.0,25.8,25.6,4.0,4.0,100.0,100.0,-11.0
3099,3391.0,3392.0,31.4,31.4,17.0,18.0,100.0,100.0,-1.0
3100,3512.0,3527.0,28.0,27.7,35.0,30.0,100.0,100.0,-15.0
3101,2233.0,2320.0,43.4,42.9,52.0,46.0,100.0,100.0,-87.0
3102,3690.0,3702.0,18.9,18.7,63.0,55.0,100.0,100.0,-12.0
3103,3714.0,3726.0,16.1,15.8,63.0,55.0,100.0,100.0,-12.0
3104,1628.0,1412.0,47.4,49.0,261.0,274.0,99.98,99.98,216.0
3105,2441.0,2382.0,41.8,42.5,97.0,102.0,100.0,100.0,59.0
3106,2458.0,2475.0,41.7,41.6,103.0,98.0,99.95,99.94,-17.0
3107,1559.0,1642.0,48.0,47.3,63.0,55.0,100.0,100.0,-83.0
3108,2072.0,2155.0,44.6,44.0,63.0,55.0,100.0,100.0,-83.0
3109,1814.0,1917.0,46.2,45.6,63.0,55.0,100.0,100.0,-103.0
3110,3418.0,3438.0,31.0,30.5,63.0,55.0,100.0,100.0,-20.0
3111,1615.0,1702.0,47.5,46.8,63.0,55.0,100.0,100.0,-87.0
3112,1749.0,1853.0,46.6,46.0,63.0,55.0,100.0,100.0,-104.0
3113,1483.0,1559.0,48.6,47.9,63.0,55.0,100.0,100.0,-76.0
3114,1206.0,1270.0,51.1,50.4,142.0,130.0,99.9,99.9,-64.0
3115,2121.0,2235.0,44.2,43.5,142.0,129.0,99.91,99.91,-114.0
3116,1549.0,1650.0,48.0,47.2,170.0,155.0,99.9,99.9,-101.0
3117,2009.0,2109.0,45.1,44.3,173.0,158.0,99.9,99.9,-100.0
3118,2201.0,2172.0,43.6,43.9,72.0,77.0,99.9,99.9,29.0
3119,2591.0,2643.0,40.6,40.2,69.0,63.0,99.91,99.91,-52.0
3120,1960.0,1996.0,45.4,45.1,12.0,11.0,99.9,99.9,-36.0
3121,3752.0,3763.0,8.6,8.5,63.0,55.0,100.0,100.0,-11.0
3122,3734.0,3745.0,11.8,11.7,63.0,55.0,100.0,100.0,-11.0
3123,1489.0,1584.0,48.5,47.7,140.0,127.0,99.91,99.91,-95.0
3124,3705.0,3716.0,17.3,17.1,45.0,39.0,100.0,100.0,-11.0
3125,3753.0,3764.0,7.5,7.4,63.0,55.0,100.0,100.0,-11.0
3126,3718.0,3729.0,15.0,14.8,63.0,55.0,100.0,100.0,-11.0
3127,2232.0,2349.0,43.4,42.7,144.0,131.0,99.91,99.91,-117.0
3128,1051.0,845.0,52.5,54.7,321.0,340.0,100.0,100.0,206.0
3129,981.0,807.0,53.3,55.2,283.0,297.0,100.0,100.0,174.0
3130,1269.0,1060.0,50.6,52.4,312.0,328.0,99.97,99.98,209.0
3131,1275.0,1035.0,50.5,52.6,327.0,346.0,100.0,100.0,240.0
3132,2020.0,1832.0,45.0,46.1,259.0,277.0,100.0,100.0,188.0
3133,1198.0,1012.0,51.2,52.9,272.0,289.0,100.0,100.0,186.0
3134,1256.0,1171.0,50.6,51.4,321.0,324.0,99.96,99.97,85.0
3135,3160.0,3180.0,35.0,34.7,26.0,23.0,100.0,100.0,-20.0
3136,2508.0,2554.0,41.4,41.0,28.0,24.0,100.0,100.0,-46.0
3137,2938.0,2967.0,37.3,37.1,11.0,10.0,100.0,100.0,-29.0
3138,2699.0,2736.0,39.7,39.3,30.0,26.0,100.0,100.0,-37.0
3139,3085.0,3120.0,35.9,35.5,63.0,55.0,100.0,100.0,-35.0
3140,2975.0,3030.0,37.0,36.5,62.0,54.0,100.0,100.0,-55.0
3141,1394.0,1218.0,49.3,50.9,248.0,260.0,100.0,100.0,176.0
3142,2137.0,1992.0,44.1,45.1,269.0,276.0,99.9,99.9,145.0
3143,1582.0,1429.0,47.8,48.8,278.0,285.0,99.9,99.9,153.0
3144,2262.0,1849.0,43.2,46.0,235.0,283.0,99.9,99.9,413.0
3145,1850.0,1732.0,46.0,46.6,197.0,199.0,99.9,99.9,118.0
3146,1529.0,1396.0,48.2,49.1,279.0,285.0,99.9,99.9,133.0
3147,1706.0,1578.0,46.8,47.8,278.0,285.0,99.9,99.9,128.0
3148,1879.0,1658.0,45.8,47.2,231.0,245.0,99.9,99.9,221.0
3149,3742.0,3753.0,11.0,11.0,29.0,33.0,99.8,99.8,-11.0
3150,3732.0,3743.0,11.9,11.9,29.0,33.0,99.8,99.8,-11.0
3151,3401.0,3408.0,31.2,31.1,8.0,9.0,99.8,99.8,-7.0
3152,3663.0,3673.0,21.0,20.9,17.0,19.0,99.8,99.8,-10.0
3153,3548.0,3558.0,26.1,26.1,26.0,29.0,99.8,99.8,-10.0
3154,3009.0,3000.0,36.7,36.8,29.0,33.0,99.8,99.8,9.0
3155,3729.0,3740.0,12.6,12.6,27.0,31.0,99.8,99.8,-11.0
3156,3739.0,3749.0,11.2,11.2,29.0,33.0,99.8,99.8,-10.0
3157,3727.0,3737.0,13.3,13.4,31.0,35.0,99.82,99.81,-10.0
3158,2773.0,2783.0,39.1,39.0,2.0,3.0,99.8,99.8,-10.0
3159,3125.0,3135.0,35.5,35.3,9.0,10.0,99.8,99.8,-10.0
3160,3552.0,3561.0,25.8,25.9,29.0,33.0,99.8,99.8,-9.0
3161,2573.0,2556.0,40.8,40.9,30.0,34.0,99.81,99.81,17.0
3162,3731.0,3741.0,12.5,12.5,25.0,28.0,99.8,99.8,-10.0
3164,2878.0,2889.0,38.0,37.8,8.0,9.0,99.8,99.8,-11.0
3165,2213.0,2201.0,43.5,43.7,29.0,33.0,99.8,99.8,12.0
3166,2184.0,2064.0,43.8,44.7,69.0,81.0,99.99,99.99,120.0
3167,1789.0,1750.0,46.4,46.5,29.0,33.0,99.8,99.8,39.0
3168,2231.0,2234.0,43.4,43.5,30.0,34.0,99.81,99.81,-3.0
3169,3181.0,3192.0,34.7,34.5,5.0,6.0,99.8,99.8,-11.0
3170,2203.0,2115.0,43.6,44.3,47.0,56.0,99.99,99.98,88.0
3171,2192.0,2194.0,43.7,43.7,24.0,27.0,99.8,99.8,-2.0
3172,3580.0,3594.0,24.3,24.1,11.0,12.0,99.8,99.8,-14.0
3173,2582.0,2614.0,40.7,40.5,1.0,1.0,99.8,99.8,-32.0
3174,2096.0,2083.0,44.4,44.6,25.0,29.0,100.0,100.0,13.0
3175,2222.0,2121.0,43.5,44.2,53.0,63.0,100.0,100.0,101.0
3176,1145.0,1030.0,51.6,52.7,70.0,82.0,100.0,100.0,115.0
3177,3463.0,3442.0,29.8,30.4,62.0,74.0,100.0,100.0,21.0
3178,3612.0,3620.0,22.3,22.7,53.0,63.0,100.0,99.99,-8.0
3179,3516.0,3526.0,27.8,27.8,17.0,20.0,100.0,100.0,-10.0
3180,2590.0,2623.0,40.7,40.4,2.0,2.0,99.8,99.8,-33.0
3181,2760.0,2679.0,39.2,39.9,58.0,68.0,100.0,100.0,81.0
3182,2389.0,2461.0,42.3,41.7,153.0,140.0,99.9,99.9,-72.0
3183,3526.0,3537.0,27.4,27.3,12.0,14.0,100.0,100.0,-11.0
3184,3525.0,3536.0,27.5,27.3,9.0,10.0,99.99,99.99,-11.0
3185,2640.0,2626.0,40.2,40.4,23.0,27.0,100.0,100.0,14.0
3186,1542.0,1595.0,48.1,47.6,90.0,85.0,99.91,99.92,-53.0
3187,2270.0,2140.0,43.2,44.1,68.0,80.0,100.0,100.0,130.0
3188,666.0,723.0,57.4,56.4,173.0,158.0,99.9,99.9,-57.0
3189,1405.0,1473.0,49.2,48.5,101.0,92.0,99.9,99.9,-68.0
3190,1622.0,1683.0,47.5,47.0,77.0,71.0,99.9,99.9,-61.0
3191,2603.0,2633.0,40.6,40.3,2.0,2.0,99.9,99.9,-30.0
3192,1642.0,1760.0,47.3,46.5,173.0,158.0,99.9,99.9,-118.0
3193,1534.0,1644.0,48.1,47.3,173.0,158.0,99.9,99.9,-110.0
3194,1134.0,1200.0,51.7,51.0,161.0,149.0,99.9,99.9,-66.0
3195,3623.0,3625.0,21.7,22.3,72.0,86.0,100.0,100.0,-2.0
3196,3680.0,3685.0,19.7,20.0,47.0,56.0,100.0,100.0,-5.0
3197,3657.0,3630.0,21.4,22.0,70.0,83.0,100.0,99.99,27.0
3198,3618.0,3622.0,22.0,22.6,72.0,86.0,100.0,100.0,-4.0
3199,1880.0,1686.0,45.8,46.9,72.0,86.0,100.0,100.0,194.0
3200,3092.0,3021.0,35.9,36.6,64.0,75.0,100.0,100.0,71.0
3201,3486.0,3469.0,29.2,29.9,69.0,82.0,99.99,99.99,17.0
3202,1768.0,1901.0,46.5,45.7,61.0,58.0,99.9,99.9,-133.0
3203,3246.0,3278.0,33.7,33.3,13.0,13.0,99.92,99.93,-32.0
3204,1589.0,1694.0,47.8,46.9,68.0,64.0,99.9,99.9,-105.0
3205,2628.0,2696.0,40.3,39.8,36.0,34.0,99.92,99.92,-68.0
3206,3395.0,3407.0,31.4,31.1,1.0,1.0,99.9,99.9,-12.0
3207,3343.0,3361.0,32.3,32.0,2.0,1.0,100.0,100.0,-18.0
3208,2876.0,2906.0,38.0,37.7,24.0,19.0,100.0,100.0,-30.0
3209,2561.0,2620.0,40.9,40.4,30.0,23.0,100.0,100.0,-59.0
3210,1209.0,1306.0,51.1,50.0,79.0,61.0,100.0,100.0,-97.0
3211,2501.0,2496.0,41.4,41.5,12.0,16.0,99.9,99.9,5.0
3212,2861.0,2941.0,38.2,37.3,87.0,75.0,99.9,99.9,-80.0
3213,1907.0,1942.0,45.7,45.4,126.0,125.0,99.9,99.9,-35.0
3214,3088.0,3116.0,35.9,35.5,23.0,16.0,99.9,99.9,-28.0
3215,2592.0,2618.0,40.6,40.4,23.0,25.0,99.93,99.93,-26.0
3216,2083.0,2090.0,44.5,44.5,81.0,83.0,100.0,100.0,-7.0
3217,2283.0,2326.0,43.1,42.8,8.0,8.0,99.9,99.9,-43.0
3218,1731.0,1766.0,46.7,46.4,78.0,77.0,99.9,99.9,-35.0
3219,1906.0,1933.0,45.6,45.5,159.0,158.0,99.9,99.9,-27.0
3220,2513.0,2541.0,41.3,41.1,5.0,5.0,99.9,99.9,-28.0
3221,532.0,547.0,59.9,59.6,266.0,261.0,99.87,99.87,-15.0
3222,3108.0,3123.0,35.6,35.4,27.0,27.0,99.9,99.9,-15.0
3223,711.0,710.0,56.7,56.6,272.0,270.0,99.9,99.9,1.0
3224,3413.0,3424.0,31.0,30.8,1.0,1.0,100.0,100.0,-11.0
3225,3366.0,3377.0,31.9,31.6,1.0,1.0,100.0,100.0,-11.0
3226,3324.0,3340.0,32.6,32.4,2.0,2.0,100.0,100.0,-16.0
3227,2704.0,2730.0,39.6,39.5,10.0,10.0,100.0,100.0,-26.0
3228,2209.0,2293.0,43.5,43.0,39.0,31.0,100.0,100.0,-84.0
3229,3457.0,3471.0,30.1,29.8,2.0,2.0,100.0,100.0,-14.0
3230,3428.0,3439.0,30.8,30.5,2.0,2.0,100.0,100.0,-11.0
3231,3323.0,3329.0,32.6,32.6,17.0,18.0,100.0,100.0,-6.0
3232,3174.0,3187.0,34.8,34.6,3.0,3.0,100.0,100.0,-13.0
3233,3045.0,3066.0,36.4,36.1,1.0,1.0,100.0,100.0,-21.0
3234,3402.0,3410.0,31.3,31.0,39.0,38.0,99.9,99.9,-8.0
3235,2455.0,2492.0,41.7,41.5,87.0,84.0,99.9,99.9,-37.0
3236,2033.0,2031.0,44.9,44.9,54.0,57.0,99.9,99.9,2.0
3238,1146.0,1172.0,51.6,51.4,118.0,115.0,99.9,99.9,-26.0
3239,3048.0,3070.0,36.3,36.1,107.0,104.0,99.9,99.9,-22.0
3240,3251.0,3269.0,33.7,33.5,49.0,48.0,99.9,99.9,-18.0
3241,3053.0,3080.0,36.3,36.0,2.0,2.0,99.9,99.9,-27.0
3243,2678.0,2713.0,39.9,39.6,119.0,115.0,99.9,99.9,-35.0
3244,2256.0,2301.0,43.2,43.0,118.0,115.0,99.9,99.9,-45.0
3245,1982.0,2323.0,45.3,42.8,99.0,101.0,99.9,99.9,-341.0
3246,1652.0,1731.0,47.2,46.6,33.0,31.0,99.9,99.9,-79.0
3247,2844.0,2894.0,38.4,37.8,29.0,28.0,99.9,99.91,-50.0
3248,2866.0,2893.0,38.1,37.8,6.0,6.0,99.9,99.9,-27.0
3249,2457.0,2471.0,41.7,41.6,10.0,12.0,99.9,99.9,-14.0
3250,2306.0,2339.0,42.9,42.8,10.0,12.0,99.9,99.9,-33.0
3251,2544.0,2562.0,41.0,40.9,10.0,12.0,99.9,99.9,-18.0
3252,2571.0,2547.0,40.8,41.1,9.0,17.0,99.9,99.9,24.0
3253,2840.0,2856.0,38.4,38.3,9.0,12.0,99.9,99.9,-16.0
3254,2516.0,2523.0,41.3,41.2,8.0,11.0,99.9,99.9,-7.0
3255,2675.0,2677.0,40.0,39.9,10.0,12.0,99.9,99.9,-2.0
3257,2322.0,2344.0,42.8,42.7,9.0,12.0,99.9,99.9,-22.0
3258,3483.0,3493.0,29.3,29.1,5.0,6.0,99.9,99.9,-10.0
3259,2994.0,3012.0,36.9,36.7,7.0,8.0,99.95,99.94,-18.0
3260,2941.0,2955.0,37.3,37.2,10.0,12.0,99.9,99.9,-14.0
3261,2609.0,2622.0,40.5,40.4,29.0,30.0,99.9,99.9,-13.0
3262,3296.0,3305.0,33.0,32.9,46.0,47.0,99.91,99.91,-9.0
3263,2648.0,2666.0,40.2,40.0,99.0,97.0,99.9,99.9,-18.0
3264,2862.0,2873.0,38.2,38.0,10.0,12.0,99.9,99.9,-11.0
3265,2679.0,2687.0,40.0,39.8,10.0,12.0,99.9,99.9,-8.0
3266,3563.0,3573.0,25.3,25.2,14.0,17.0,99.94,99.93,-10.0
3267,2401.0,2274.0,42.2,43.2,162.0,181.0,99.3,99.3,127.0
3268,2828.0,2812.0,38.5,38.7,51.0,58.0,99.3,99.3,16.0
3269,1950.0,1756.0,45.4,46.5,162.0,181.0,99.3,99.3,194.0
3270,1838.0,1662.0,46.0,47.1,162.0,181.0,99.3,99.3,176.0
3271,3307.0,3313.0,32.9,32.7,12.0,13.0,99.4,99.4,-6.0
3272,3019.0,3042.0,36.6,36.3,54.0,55.0,99.52,99.53,-23.0
3273,2249.0,2159.0,43.3,43.9,110.0,123.0,99.31,99.31,90.0
3274,2639.0,2712.0,40.2,39.6,44.0,37.0,99.3,99.3,-73.0
3275,2989.0,2991.0,36.9,36.9,50.0,52.0,99.3,99.3,-2.0
3276,3517.0,3538.0,27.7,27.2,50.0,40.0,100.0,100.0,-21.0
3277,3171.0,3173.0,34.8,34.8,29.0,33.0,99.3,99.3,-2.0
3279,3513.0,3540.0,28.0,27.1,152.0,122.0,100.0,100.0,-27.0
3280,3350.0,3364.0,32.2,32.0,138.0,122.0,99.83,99.76,-14.0
3281,3484.0,3499.0,29.3,28.8,110.0,100.0,100.0,100.0,-15.0
3282,1833.0,2114.0,46.0,44.3,194.0,164.0,99.3,99.3,-281.0
3283,1524.0,1737.0,48.2,46.6,151.0,127.0,99.3,99.3,-213.0
3284,2559.0,2612.0,40.9,40.5,29.0,25.0,99.3,99.3,-53.0
3285,1410.0,1599.0,49.1,47.6,151.0,134.0,99.46,99.5,-189.0
3286,2205.0,2230.0,43.6,43.5,175.0,175.0,99.3,99.3,-25.0
3287,1808.0,2061.0,46.2,44.7,191.0,166.0,99.3,99.3,-253.0
3288,3386.0,3412.0,31.5,31.0,38.0,32.0,99.3,99.3,-26.0
3289,3002.0,3025.0,36.8,36.6,2.0,2.0,100.0,100.0,-23.0
3290,2785.0,2841.0,38.9,38.4,19.0,16.0,100.0,100.0,-56.0
3291,3223.0,3354.0,34.1,32.1,58.0,59.0,99.9,99.9,-131.0
3292,3090.0,3160.0,35.9,35.1,18.0,18.0,99.92,99.92,-70.0
3293,2456.0,2521.0,41.7,41.3,56.0,48.0,99.54,99.54,-65.0
3294,2733.0,2789.0,39.4,38.9,30.0,29.0,99.9,99.9,-56.0
3295,3185.0,3207.0,34.7,34.4,12.0,10.0,99.32,99.33,-22.0
3296,2927.0,2948.0,37.5,37.2,7.0,6.0,99.3,99.3,-21.0
3297,3097.0,3115.0,35.8,35.5,4.0,4.0,99.9,99.9,-18.0
3298,1026.0,1111.0,52.8,51.8,75.0,71.0,99.9,99.9,-85.0
3299,3341.0,3372.0,32.3,31.7,32.0,27.0,100.0,100.0,-31.0
3300,2826.0,2910.0,38.5,37.6,162.0,129.0,100.0,100.0,-84.0
3301,3241.0,3292.0,33.8,33.1,193.0,153.0,100.0,100.0,-51.0
3302,3385.0,3414.0,31.5,31.0,153.0,122.0,99.99,99.98,-29.0
3303,971.0,1021.0,53.4,52.8,127.0,111.0,99.97,99.95,-50.0
3305,2486.0,2610.0,41.5,40.5,187.0,150.0,100.0,99.99,-124.0
3306,3627.0,3667.0,21.5,21.3,1.0,1.0,100.0,100.0,-40.0
3307,3683.0,3695.0,19.5,19.3,2.0,2.0,100.0,100.0,-12.0
3308,3715.0,3725.0,16.1,15.9,1.0,1.0,100.0,100.0,-10.0
3309,3735.0,3747.0,11.7,11.5,1.0,1.0,100.0,100.0,-12.0
3310,3673.0,3688.0,20.1,19.9,2.0,2.0,100.0,100.0,-15.0
3311,3685.0,3696.0,19.4,19.2,2.0,2.0,100.0,100.0,-11.0
3312,3738.0,3750.0,11.3,11.1,2.0,2.0,100.0,100.0,-12.0
3313,3692.0,3704.0,18.8,18.6,2.0,1.0,100.0,100.0,-12.0
3314,3697.0,3708.0,18.5,18.3,2.0,2.0,100.0,100.0,-11.0
3315,3687.0,3698.0,19.3,19.1,2.0,2.0,100.0,100.0,-11.0
3316,3749.0,3760.0,8.9,8.7,2.0,2.0,100.0,100.0,-11.0
3317,3730.0,3742.0,12.6,12.4,2.0,2.0,100.0,100.0,-12.0
3318,3743.0,3755.0,10.9,10.8,1.0,1.0,100.0,100.0,-12.0
3319,3345.0,,32.2,,1.0,,100.0,,
3320,3777.0,3780.0,0.0,0.0,17.0,18.0,100.0,100.0,-3.0
3321,3318.0,3333.0,32.7,32.5,3.0,3.0,100.0,100.0,-15.0
3322,3709.0,3720.0,16.8,16.7,10.0,10.0,100.0,100.0,-11.0
3323,3233.0,3247.0,34.0,33.7,1.0,1.0,100.0,100.0,-14.0
3324,3760.0,3771.0,2.3,2.3,12.0,13.0,100.0,100.0,-11.0
3325,3762.0,3773.0,1.8,1.7,5.0,5.0,100.0,100.0,-11.0
3326,3725.0,3736.0,13.5,13.5,17.0,18.0,100.0,100.0,-11.0
3328,2751.0,2780.0,39.2,39.0,2.0,2.0,100.0,100.0,-29.0
3329,3698.0,3709.0,18.5,18.3,2.0,2.0,100.0,100.0,-11.0
3330,2796.0,2824.0,38.8,38.6,2.0,2.0,100.0,100.0,-28.0
3331,2958.0,2983.0,37.2,37.0,2.0,2.0,100.0,100.0,-25.0
3332,3767.0,3778.0,0.3,0.2,2.0,2.0,100.0,100.0,-11.0
3333,3748.0,3759.0,9.9,9.8,2.0,2.0,100.0,100.0,-11.0
3334,3613.0,3629.0,22.2,22.0,2.0,2.0,100.0,100.0,-16.0
3335,3711.0,3724.0,16.2,16.0,2.0,2.0,100.0,100.0,-13.0
3336,3708.0,3719.0,16.9,16.8,1.0,1.0,100.0,100.0,-11.0
3337,3723.0,3734.0,14.0,13.8,2.0,2.0,100.0,100.0,-11.0
3338,3726.0,3738.0,13.4,13.2,2.0,2.0,100.0,100.0,-12.0
3339,3677.0,3691.0,19.9,19.7,2.0,2.0,100.0,100.0,-14.0
3340,3694.0,3707.0,18.7,18.5,1.0,1.0,100.0,100.0,-13.0
3341,3702.0,3713.0,17.8,17.6,2.0,2.0,100.0,100.0,-11.0
3342,2645.0,2670.0,40.2,39.9,2.0,2.0,100.0,100.0,-25.0
3343,2897.0,2914.0,37.9,37.6,2.0,2.0,100.0,100.0,-17.0
3344,3335.0,3351.0,32.4,32.2,2.0,2.0,100.0,100.0,-16.0
3345,3756.0,3768.0,5.7,5.5,2.0,2.0,100.0,100.0,-12.0
3346,2735.0,2764.0,39.4,39.1,2.0,2.0,100.0,100.0,-29.0
3347,2435.0,2469.0,41.9,41.6,2.0,2.0,100.0,100.0,-34.0
3348,2829.0,2860.0,38.5,38.3,2.0,2.0,100.0,100.0,-31.0
3349,3716.0,3727.0,15.8,15.6,1.0,1.0,100.0,100.0,-11.0
3350,2882.0,2899.0,38.0,37.7,1.0,1.0,100.0,100.0,-17.0
3351,3472.0,3485.0,29.5,29.2,1.0,1.0,100.0,100.0,-13.0
3352,3759.0,3770.0,2.5,2.4,2.0,2.0,100.0,100.0,-11.0
3353,3737.0,3746.0,11.6,11.5,1.0,1.0,100.0,100.0,-9.0
3354,3771.0,3784.0,0.1,0.0,2.0,2.0,100.0,100.0,-13.0
3355,3772.0,3785.0,0.1,0.0,2.0,2.0,100.0,100.0,-13.0
3357,3736.0,3748.0,11.7,11.5,1.0,1.0,100.0,100.0,-12.0
3358,2713.0,2744.0,39.6,39.3,2.0,2.0,100.0,100.0,-31.0
3359,2624.0,2650.0,40.4,40.1,2.0,2.0,100.0,100.0,-26.0
3360,2979.0,3004.0,37.0,36.8,2.0,2.0,100.0,100.0,-25.0
3361,3414.0,3427.0,31.0,30.8,2.0,2.0,100.0,100.0,-13.0
3362,3464.0,3476.0,29.8,29.6,2.0,2.0,100.0,100.0,-12.0
3363,2858.0,2882.0,38.2,38.0,2.0,2.0,100.0,100.0,-24.0
3364,3221.0,3239.0,34.1,33.9,2.0,2.0,100.0,100.0,-18.0
3365,3766.0,3777.0,0.4,0.3,2.0,2.0,100.0,100.0,-11.0
3366,3773.0,3786.0,0.1,0.0,2.0,2.0,100.0,100.0,-13.0
3367,3626.0,3638.0,21.5,21.3,2.0,2.0,100.0,100.0,-12.0
3368,3755.0,3766.0,7.2,7.0,2.0,2.0,100.0,100.0,-11.0
3369,3600.0,3616.0,23.1,22.9,2.0,1.0,100.0,100.0,-16.0
3370,3774.0,3787.0,0.1,0.0,2.0,2.0,100.0,100.0,-13.0
3371,3599.0,3615.0,23.2,23.0,2.0,2.0,100.0,100.0,-16.0
3373,2531.0,2511.0,41.2,41.3,180.0,189.0,99.9,99.9,20.0
3374,2660.0,2726.0,40.1,39.5,168.0,157.0,99.92,99.92,-66.0
3375,1956.0,1908.0,45.4,45.6,172.0,189.0,99.9,99.9,48.0
3376,2839.0,2891.0,38.4,37.8,111.0,110.0,99.98,99.98,-52.0
3377,2304.0,2362.0,42.9,42.6,188.0,184.0,99.9,99.9,-58.0
3378,2029.0,2148.0,44.9,44.0,197.0,179.0,99.9,99.9,-119.0
3379,2428.0,2407.0,42.0,42.2,178.0,192.0,99.9,99.9,21.0
3380,2169.0,2405.0,43.8,42.2,186.0,155.0,100.0,100.0,-236.0
3381,2533.0,2807.0,41.1,38.8,237.0,189.0,100.0,100.0,-274.0
3382,3200.0,3245.0,34.5,33.8,100.0,97.0,100.0,100.0,-45.0
3383,2885.0,2926.0,37.9,37.5,189.0,184.0,100.0,100.0,-41.0
3384,1683.0,2056.0,46.9,44.7,206.0,171.0,99.95,99.95,-373.0
3385,1995.0,2363.0,45.2,42.6,237.0,189.0,100.0,100.0,-368.0
3386,2992.0,3059.0,36.9,36.2,100.0,97.0,100.0,100.0,-67.0
3387,2408.0,2252.0,42.2,43.3,154.0,180.0,99.86,99.85,156.0
3388,2543.0,2494.0,41.0,41.5,187.0,207.0,99.92,99.92,49.0
3389,2580.0,2189.0,40.8,43.8,107.0,147.0,99.7,99.7,391.0
3390,1468.0,1216.0,48.7,50.9,223.0,254.0,99.9,99.89,252.0
3391,1793.0,1636.0,46.3,47.3,147.0,169.0,99.86,99.85,157.0
3392,2781.0,2767.0,39.0,39.1,177.0,196.0,99.9,99.9,14.0
3393,481.0,442.0,60.9,61.7,433.0,446.0,99.7,99.7,39.0
3394,2921.0,2839.0,37.5,38.4,182.0,194.0,100.0,100.0,82.0
3395,3218.0,3266.0,34.2,33.5,100.0,97.0,100.0,100.0,-48.0
3396,2317.0,1830.0,42.8,46.1,325.0,365.0,100.0,100.0,487.0
3397,2953.0,2734.0,37.2,39.4,260.0,288.0,100.0,100.0,219.0
3398,2529.0,2602.0,41.2,40.6,101.0,99.0,100.0,100.0,-73.0
3399,3211.0,3253.0,34.4,33.7,100.0,97.0,100.0,100.0,-42.0
3400,1465.0,1077.0,48.7,52.2,323.0,363.0,100.0,100.0,388.0
3401,1376.0,1487.0,49.4,48.4,197.0,179.0,99.9,99.9,-111.0
3402,2025.0,2203.0,44.9,43.7,120.0,108.0,99.88,99.88,-178.0
3403,1754.0,1888.0,46.6,45.8,196.0,180.0,99.9,99.9,-134.0
3404,1910.0,2053.0,45.6,44.7,197.0,179.0,99.9,99.9,-143.0
3405,1085.0,1174.0,52.2,51.3,160.0,145.0,99.9,99.9,-89.0
3406,980.0,1107.0,53.3,51.8,128.0,115.0,99.87,99.87,-127.0
3407,758.0,828.0,55.9,54.9,196.0,179.0,99.9,99.9,-70.0
3408,612.0,926.0,58.5,53.7,262.0,207.0,99.8,99.8,-314.0
3409,656.0,947.0,57.7,53.5,298.0,245.0,99.83,99.83,-291.0
3410,827.0,1225.0,55.0,50.8,247.0,195.0,99.84,99.84,-398.0
3411,1197.0,1499.0,51.2,48.4,128.0,101.0,99.8,99.8,-302.0
3412,575.0,822.0,59.1,55.0,293.0,242.0,99.83,99.83,-247.0
3413,1445.0,1390.0,48.8,49.2,179.0,191.0,99.9,99.9,55.0
3414,2265.0,2247.0,43.2,43.4,179.0,190.0,99.9,99.9,18.0
3415,1660.0,1672.0,47.1,47.1,115.0,126.0,99.89,99.9,-12.0
3416,1052.0,990.0,52.5,53.0,178.0,195.0,99.9,99.9,62.0
3417,967.0,920.0,53.4,53.8,179.0,190.0,99.9,99.9,47.0
3418,1723.0,1677.0,46.7,47.0,180.0,190.0,99.9,99.9,46.0
3419,1739.0,1789.0,46.6,46.3,121.0,124.0,99.87,99.88,-50.0
3420,1434.0,1323.0,48.9,49.9,255.0,270.0,99.9,99.9,111.0
3421,994.0,743.0,53.1,56.1,351.0,379.0,99.9,99.9,251.0
3422,2237.0,2508.0,43.4,41.3,155.0,154.0,99.9,99.9,-271.0
3423,1637.0,1490.0,47.3,48.4,270.0,287.0,99.9,99.9,147.0
3424,2131.0,2071.0,44.1,44.6,186.0,194.0,99.94,99.95,60.0
3425,1645.0,1670.0,47.2,47.1,241.0,235.0,99.9,99.9,-25.0
3426,2333.0,2202.0,42.7,43.7,165.0,189.0,99.97,99.97,131.0
3427,1293.0,1056.0,50.3,52.4,297.0,320.0,99.95,99.95,237.0
3428,803.0,705.0,55.3,56.7,259.0,277.0,100.0,100.0,98.0
3429,2185.0,2046.0,43.7,44.8,259.0,277.0,100.0,100.0,139.0
3430,1633.0,1477.0,47.3,48.5,259.0,277.0,100.0,100.0,156.0
3431,639.0,477.0,58.0,61.0,348.0,377.0,99.9,99.9,162.0
3432,965.0,821.0,53.5,55.0,312.0,346.0,99.9,99.9,144.0
3433,968.0,731.0,53.4,56.3,344.0,371.0,99.91,99.91,237.0
3434,1845.0,1805.0,46.0,46.3,225.0,248.0,99.99,99.99,40.0
3435,2906.0,3097.0,37.8,35.8,155.0,155.0,99.9,99.9,-191.0
3436,1820.0,1719.0,46.2,46.7,236.0,262.0,100.0,100.0,101.0
3437,1760.0,1787.0,46.5,46.4,252.0,265.0,99.97,99.98,-27.0
3438,2060.0,2138.0,44.7,44.1,229.0,220.0,100.0,100.0,-78.0
3439,2050.0,2310.0,44.7,43.0,156.0,157.0,99.91,99.91,-260.0
3440,1571.0,1479.0,47.9,48.5,236.0,262.0,100.0,100.0,92.0
3441,513.0,592.0,60.3,58.9,490.0,429.0,99.9,99.9,-79.0
3442,1148.0,1195.0,51.6,51.1,340.0,330.0,99.95,99.96,-47.0
3443,701.0,880.0,56.9,54.2,451.0,402.0,99.9,99.9,-179.0
3444,546.0,678.0,59.7,57.2,466.0,412.0,99.9,99.9,-132.0
3445,2538.0,2757.0,41.1,39.2,207.0,197.0,99.9,99.9,-219.0
3446,1383.0,1370.0,49.3,49.3,328.0,325.0,99.93,99.94,13.0
3447,1111.0,1364.0,51.9,49.4,419.0,371.0,99.9,99.9,-253.0
3448,1323.0,1764.0,49.9,46.5,266.0,199.0,99.9,99.9,-441.0
3449,1440.0,1647.0,48.8,47.3,202.0,182.0,99.9,99.9,-207.0
3450,1908.0,1798.0,45.6,46.3,186.0,195.0,99.95,99.95,110.0
3451,2063.0,2261.0,44.7,43.3,199.0,181.0,99.9,99.9,-198.0
3452,899.0,1520.0,54.2,48.2,341.0,219.0,99.9,99.9,-621.0
3453,819.0,1398.0,55.1,49.1,335.0,216.0,99.9,99.9,-579.0
3454,1618.0,2077.0,47.4,44.6,163.0,109.0,99.9,99.91,-459.0
3455,1694.0,1852.0,46.9,46.0,219.0,210.0,99.9,99.9,-158.0
3456,1144.0,1075.0,51.6,52.2,274.0,293.0,99.9,99.9,69.0
3457,618.0,493.0,58.4,60.7,319.0,339.0,99.9,99.9,125.0
3458,1040.0,889.0,52.6,54.2,313.0,347.0,99.9,99.9,151.0
3459,1811.0,2047.0,46.2,44.8,199.0,181.0,99.9,99.9,-236.0
3460,2081.0,2268.0,44.5,43.2,180.0,164.0,99.9,99.9,-187.0
3461,2353.0,2519.0,42.6,41.3,199.0,181.0,99.9,99.9,-166.0
3462,1919.0,1496.0,45.6,48.4,173.0,209.0,100.0,100.0,423.0
3463,2355.0,1970.0,42.6,45.2,172.0,209.0,100.0,100.0,385.0
3464,2349.0,2590.0,42.6,40.7,231.0,190.0,100.0,100.0,-241.0
3465,2728.0,2439.0,39.4,41.9,172.0,209.0,100.0,100.0,289.0
3466,3199.0,3186.0,34.5,34.6,20.0,24.0,100.0,100.0,13.0
3467,2135.0,1848.0,44.1,46.0,110.0,134.0,100.0,100.0,287.0
3468,2341.0,2513.0,42.7,41.3,168.0,139.0,100.0,100.0,-172.0
3469,3194.0,3198.0,34.6,34.5,16.0,18.0,99.7,99.7,-4.0
3470,2548.0,2645.0,41.0,40.2,115.0,104.0,99.76,99.75,-97.0
3471,2890.0,2952.0,37.9,37.2,57.0,52.0,99.7,99.7,-62.0
3472,2193.0,2353.0,43.7,42.6,102.0,93.0,99.7,99.7,-160.0
3473,3139.0,3158.0,35.3,35.1,3.0,3.0,99.7,99.7,-19.0
3474,2798.0,2828.0,38.8,38.5,43.0,39.0,99.86,99.86,-30.0
3475,2723.0,2718.0,39.5,39.5,43.0,48.0,99.7,99.7,5.0
3476,3231.0,3238.0,34.0,33.9,76.0,68.0,99.9,99.9,-7.0
3477,2820.0,2843.0,38.6,38.4,71.0,63.0,99.9,99.9,-23.0
3478,2212.0,2271.0,43.5,43.2,197.0,176.0,99.9,99.9,-59.0
3479,1380.0,1430.0,49.3,48.8,200.0,178.0,99.9,99.9,-50.0
3480,2955.0,2970.0,37.2,37.0,66.0,59.0,99.9,99.9,-15.0
3481,3178.0,3204.0,34.8,34.4,15.0,14.0,99.71,99.71,-26.0
3482,3339.0,3357.0,32.4,32.1,83.0,80.0,99.7,99.7,-18.0
3483,2210.0,1956.0,43.5,45.3,194.0,229.0,99.7,99.7,254.0
3484,1686.0,1943.0,46.9,45.4,169.0,151.0,99.7,99.7,-257.0
3485,1309.0,1381.0,50.2,49.3,234.0,227.0,99.7,99.7,-72.0
3486,1291.0,1342.0,50.3,49.7,128.0,122.0,99.7,99.7,-51.0
3487,1648.0,1347.0,47.2,49.6,240.0,277.0,99.7,99.7,301.0
3488,2982.0,3071.0,37.0,36.1,48.0,36.0,99.7,99.7,-89.0
3489,3254.0,3268.0,33.6,33.5,24.0,26.0,99.7,99.7,-14.0
3490,2179.0,1746.0,43.8,46.5,253.0,285.0,99.99,99.99,433.0
3491,2780.0,2760.0,39.0,39.2,65.0,73.0,99.7,99.7,20.0
3492,1181.0,1062.0,51.3,52.4,185.0,206.0,99.7,99.7,119.0
3493,952.0,813.0,53.6,55.1,263.0,293.0,99.7,99.7,139.0
3494,1836.0,1425.0,46.1,48.9,288.0,323.0,99.94,99.94,411.0
3495,1934.0,1808.0,45.5,46.3,155.0,173.0,99.7,99.7,126.0
3496,2255.0,2312.0,43.2,42.9,148.0,132.0,99.9,99.9,-57.0
3497,1847.0,2055.0,46.0,44.7,207.0,189.0,99.74,99.73,-208.0
3498,2308.0,2378.0,42.9,42.5,200.0,178.0,99.9,99.9,-70.0
3499,1064.0,1117.0,52.3,51.8,200.0,178.0,99.9,99.9,-53.0
3500,2739.0,2769.0,39.4,39.1,1.0,1.0,99.9,99.9,-30.0
3501,3352.0,3399.0,32.1,31.3,71.0,58.0,99.71,99.71,-47.0
3502,2323.0,2364.0,42.8,42.6,41.0,37.0,99.9,99.9,-41.0
3503,2874.0,3038.0,38.0,36.4,148.0,129.0,100.0,100.0,-164.0
3505,3460.0,3481.0,30.0,29.4,34.0,30.0,100.0,100.0,-21.0
3506,3288.0,3398.0,33.1,31.3,197.0,171.0,100.0,100.0,-110.0
3507,2534.0,2750.0,41.1,39.3,159.0,138.0,100.0,100.0,-216.0
3508,3250.0,3371.0,33.7,31.8,197.0,171.0,100.0,100.0,-121.0
3509,1972.0,1367.0,45.3,49.4,213.0,281.0,99.9,99.9,605.0
3510,1553.0,1134.0,48.0,51.7,175.0,231.0,99.9,99.9,419.0
3511,2271.0,2259.0,43.2,43.3,16.0,21.0,99.9,99.9,12.0
3512,2290.0,1714.0,43.0,46.7,207.0,273.0,99.9,99.9,576.0
3513,1742.0,1149.0,46.6,51.6,266.0,351.0,99.9,99.9,593.0
3514,3369.0,3390.0,31.8,31.4,15.0,13.0,100.0,100.0,-21.0
3515,2507.0,2720.0,41.3,39.5,162.0,141.0,100.0,100.0,-213.0
3516,3054.0,3179.0,36.2,34.7,137.0,119.0,100.0,100.0,-125.0
3517,2926.0,2901.0,37.5,37.7,28.0,33.0,100.0,100.0,25.0
3518,1865.0,1678.0,45.9,47.0,72.0,86.0,100.0,100.0,187.0
3519,2489.0,2414.0,41.5,42.2,57.0,67.0,100.0,100.0,75.0
3520,2555.0,2573.0,40.9,40.8,7.0,8.0,100.0,100.0,-18.0
3521,2834.0,2898.0,38.4,37.8,100.0,97.0,100.0,100.0,-64.0
3522,937.0,900.0,53.7,54.0,198.0,211.0,99.98,99.98,37.0
3523,3245.0,3296.0,33.7,33.0,105.0,101.0,100.0,100.0,-51.0
3524,2870.0,3034.0,38.1,36.5,170.0,151.0,100.0,100.0,-164.0
3525,3126.0,3176.0,35.4,34.8,100.0,97.0,100.0,100.0,-50.0
3526,2364.0,2361.0,42.5,42.6,192.0,209.0,100.0,100.0,3.0
3527,3411.0,3444.0,31.1,30.4,100.0,97.0,100.0,100.0,-33.0
3528,1767.0,1635.0,46.5,47.3,232.0,236.0,99.9,99.9,132.0
3529,2245.0,2105.0,43.3,44.3,269.0,276.0,99.9,99.9,140.0
3530,2264.0,2157.0,43.2,44.0,163.0,169.0,99.91,99.91,107.0
3531,2177.0,1825.0,43.8,46.1,226.0,264.0,99.9,99.9,352.0
3532,1537.0,1413.0,48.1,49.0,252.0,271.0,99.96,99.96,124.0
3533,939.0,1079.0,53.7,52.2,391.0,363.0,99.91,99.91,-140.0
3534,2161.0,2131.0,43.9,44.1,199.0,195.0,99.93,99.92,30.0
3535,2244.0,2014.0,43.3,45.0,281.0,299.0,100.0,100.0,230.0
3536,2935.0,2960.0,37.3,37.1,223.0,219.0,100.0,100.0,-25.0
3537,2465.0,2678.0,41.7,39.9,157.0,137.0,100.0,100.0,-213.0
3538,2726.0,2931.0,39.5,37.4,197.0,171.0,100.0,100.0,-205.0
3539,2109.0,1591.0,44.3,47.7,325.0,365.0,100.0,100.0,518.0
3540,1903.0,1518.0,45.6,48.2,270.0,299.0,100.0,100.0,385.0
3541,1555.0,1238.0,48.0,50.7,263.0,293.0,99.98,99.98,317.0
3542,963.0,995.0,53.5,53.0,70.0,72.0,99.8,99.8,-32.0
3543,2790.0,2819.0,38.9,38.6,8.0,9.0,99.8,99.8,-29.0
3544,902.0,923.0,54.2,53.8,71.0,74.0,99.8,99.8,-21.0
3545,1552.0,1613.0,48.0,47.5,61.0,63.0,99.8,99.8,-61.0
3546,1045.0,1125.0,52.6,51.7,106.0,103.0,99.8,99.8,-80.0
3547,2286.0,2375.0,43.0,42.5,61.0,63.0,99.8,99.8,-89.0
3548,766.0,797.0,55.8,55.3,71.0,74.0,99.8,99.8,-31.0
3549,2943.0,2977.0,37.3,37.0,2.0,2.0,99.8,99.8,-34.0
3550,2632.0,2688.0,40.3,39.8,24.0,22.0,99.88,99.88,-56.0
3551,2763.0,2802.0,39.2,38.8,16.0,17.0,99.8,99.8,-39.0
3552,2904.0,2940.0,37.8,37.3,50.0,52.0,99.8,99.8,-36.0
3553,1586.0,1639.0,47.8,47.3,20.0,21.0,99.84,99.85,-53.0
3554,1047.0,1080.0,52.6,52.2,71.0,74.0,99.8,99.8,-33.0
3555,1957.0,2016.0,45.4,45.0,9.0,9.0,99.9,99.9,-59.0
3556,1531.0,1598.0,48.1,47.6,32.0,33.0,99.82,99.83,-67.0
3557,1332.0,1356.0,49.9,49.5,34.0,36.0,99.82,99.82,-24.0
3558,765.0,794.0,55.8,55.4,71.0,74.0,99.8,99.8,-29.0
3559,1655.0,1709.0,47.2,46.8,10.0,10.0,99.9,99.9,-54.0
3560,1352.0,1383.0,49.7,49.2,67.0,70.0,99.8,99.8,-31.0
3561,2089.0,2160.0,44.4,43.9,62.0,57.0,99.89,99.89,-71.0
3562,893.0,882.0,54.3,54.2,114.0,120.0,99.86,99.86,11.0
3563,959.0,917.0,53.5,53.9,169.0,178.0,99.9,99.9,42.0
3564,1202.0,1234.0,51.2,50.7,71.0,74.0,99.8,99.8,-32.0
3565,1994.0,2054.0,45.2,44.7,41.0,43.0,99.8,99.8,-60.0
3566,1230.0,1260.0,50.9,50.5,71.0,74.0,99.8,99.8,-30.0
3567,1856.0,1878.0,45.9,45.8,157.0,142.0,99.8,99.8,-22.0
3568,1428.0,1437.0,49.0,48.8,156.0,141.0,99.8,99.8,-9.0
3569,1575.0,1860.0,47.9,45.9,255.0,229.0,99.8,99.8,-285.0
3570,2394.0,2420.0,42.3,42.1,138.0,127.0,99.8,99.8,-26.0
3571,880.0,888.0,54.3,54.2,155.0,141.0,99.8,99.8,-8.0
3572,1183.0,1194.0,51.3,51.1,156.0,141.0,99.8,99.8,-11.0
3573,1390.0,1620.0,49.3,47.4,246.0,221.0,99.8,99.8,-230.0
3574,2420.0,2447.0,42.0,41.9,19.0,18.0,99.5,99.5,-27.0
3575,2849.0,2886.0,38.3,37.9,11.0,11.0,99.8,99.8,-37.0
3576,1699.0,1543.0,46.8,48.0,177.0,205.0,99.95,99.95,156.0
3577,2226.0,2164.0,43.4,43.9,85.0,102.0,99.96,99.97,62.0
3578,2070.0,2107.0,44.6,44.3,100.0,98.0,99.73,99.73,-37.0
3579,538.0,670.0,59.8,57.2,267.0,239.0,99.8,99.8,-132.0
3580,889.0,1072.0,54.3,52.3,211.0,191.0,99.8,99.8,-183.0
3581,1078.0,1193.0,52.3,51.1,95.0,87.0,99.81,99.81,-115.0
3582,707.0,741.0,56.8,56.1,90.0,90.0,99.8,99.8,-34.0
3583,585.0,683.0,58.9,57.0,230.0,207.0,99.8,99.8,-98.0
3584,1467.0,1762.0,48.7,46.5,267.0,239.0,99.8,99.8,-295.0
3585,1315.0,1384.0,50.1,49.2,114.0,104.0,99.8,99.8,-69.0
3586,3169.0,3136.0,34.9,35.3,41.0,51.0,99.9,99.9,33.0
3587,2997.0,3009.0,36.8,36.7,6.0,8.0,99.9,99.9,-12.0
3588,2273.0,2565.0,43.1,40.9,183.0,130.0,99.9,99.9,-292.0
3589,1113.0,1646.0,51.9,47.3,288.0,194.0,99.9,99.9,-533.0
3590,2986.0,2968.0,37.0,37.1,19.0,24.0,99.9,99.9,18.0
3591,1491.0,1745.0,48.5,46.6,61.0,54.0,99.8,99.8,-254.0
3592,3046.0,3072.0,36.4,36.1,2.0,2.0,99.8,99.8,-26.0
3593,1682.0,1982.0,46.9,45.2,53.0,47.0,99.8,99.8,-300.0
3594,2929.0,2988.0,37.4,36.9,6.0,5.0,99.8,99.8,-59.0
3595,2925.0,2969.0,37.5,37.0,4.0,3.0,99.8,99.8,-44.0
3596,1785.0,2044.0,46.4,44.8,45.0,40.0,99.8,99.8,-259.0
3597,2816.0,3002.0,38.6,36.8,130.0,84.0,99.9,99.9,-186.0
3598,2977.0,2993.0,37.0,36.8,2.0,3.0,99.9,99.9,-16.0
3599,3438.0,3395.0,30.4,31.3,69.0,94.0,100.0,100.0,43.0
3601,3050.0,3064.0,36.3,36.1,26.0,27.0,99.61,99.64,-14.0
3602,3240.0,3156.0,33.8,35.1,84.0,114.0,100.0,100.0,84.0
3603,3584.0,3595.0,24.0,24.1,26.0,35.0,100.0,100.0,-11.0
3604,2864.0,2844.0,38.2,38.4,107.0,110.0,99.6,99.64,20.0
3605,3096.0,3098.0,35.8,35.8,51.0,48.0,99.5,99.5,-2.0
3606,2569.0,2603.0,40.8,40.6,4.0,5.0,99.9,99.9,-34.0
3607,2540.0,2581.0,41.1,40.8,4.0,4.0,99.9,99.9,-41.0
3609,2567.0,2607.0,40.8,40.5,3.0,2.0,99.7,99.7,-40.0
3610,1386.0,1463.0,49.3,48.6,106.0,100.0,99.7,99.7,-77.0
3611,2171.0,2249.0,43.8,43.4,32.0,29.0,99.7,99.7,-78.0
3612,137.0,147.0,72.8,72.1,484.0,458.0,99.7,99.7,-10.0
3613,2309.0,2390.0,42.9,42.4,11.0,8.0,99.7,99.7,-81.0
3614,2644.0,2684.0,40.2,39.9,5.0,5.0,99.9,99.9,-40.0
3615,2987.0,3023.0,36.9,36.6,7.0,7.0,99.9,99.9,-36.0
3616,2924.0,2966.0,37.5,37.1,13.0,10.0,99.7,99.7,-42.0
3618,1921.0,1974.0,45.5,45.2,3.0,3.0,99.9,99.9,-53.0
3619,2500.0,2543.0,41.4,41.1,5.0,5.0,99.9,99.9,-43.0
3621,2111.0,2198.0,44.3,43.7,14.0,12.0,99.77,99.79,-87.0
3622,1359.0,1378.0,49.5,49.3,117.0,119.0,99.87,99.88,-19.0
3623,2149.0,2204.0,44.0,43.7,4.0,3.0,99.7,99.7,-55.0
3624,2371.0,2426.0,42.4,42.0,9.0,9.0,99.9,99.9,-55.0
3625,1606.0,1666.0,47.5,47.1,44.0,46.0,99.81,99.81,-60.0
3626,2125.0,2192.0,44.2,43.8,10.0,10.0,99.9,99.9,-67.0
3627,2376.0,2417.0,42.4,42.2,1.0,1.0,99.9,99.9,-41.0
3628,2079.0,2135.0,44.5,44.1,9.0,9.0,99.9,99.9,-56.0
3630,2018.0,2066.0,45.0,44.7,2.0,2.0,99.9,99.9,-48.0
3632,1981.0,2029.0,45.3,44.9,10.0,11.0,99.9,99.9,-48.0
3633,2930.0,2956.0,37.4,37.2,1.0,1.0,98.9,98.9,-26.0
3634,,2972.0,,37.0,,1.0,,98.9,
3635,1661.0,1700.0,47.1,46.8,1.0,1.0,98.9,98.9,-39.0
3636,,2329.0,,42.8,,1.0,,98.9,
3637,2278.0,2318.0,43.1,42.9,1.0,1.0,98.9,98.9,-40.0
3638,2689.0,2715.0,39.8,39.6,1.0,1.0,98.9,98.9,-26.0
3639,2671.0,2697.0,40.0,39.8,1.0,1.0,98.9,98.9,-26.0
3641,1509.0,1537.0,48.3,48.0,1.0,1.0,98.9,98.9,-28.0
3643,3433.0,3454.0,30.5,30.3,1.0,1.0,98.9,98.9,-21.0
3644,3412.0,3426.0,31.1,30.8,1.0,1.0,98.9,98.9,-14.0
3646,1433.0,1458.0,48.9,48.6,1.0,1.0,98.9,98.9,-25.0
3647,1758.0,1809.0,46.5,46.3,1.0,1.0,98.9,98.9,-51.0
3648,1799.0,1846.0,46.3,46.0,1.0,1.0,98.9,98.9,-47.0
3649,2150.0,2195.0,44.0,43.7,1.0,1.0,98.9,98.9,-45.0
3650,1367.0,1393.0,49.4,49.2,1.0,1.0,98.9,98.9,-26.0
3651,1536.0,1565.0,48.1,47.8,1.0,1.0,98.9,98.9,-29.0
3652,1239.0,1256.0,50.8,50.6,1.0,1.0,98.9,98.9,-17.0
3654,1988.0,2025.0,45.2,45.0,1.0,1.0,98.9,98.9,-37.0
3656,,2433.0,,42.0,,1.0,,98.9,
3657,2204.0,2254.0,43.6,43.3,1.0,1.0,98.9,98.9,-50.0
3658,2680.0,2710.0,39.9,39.7,1.0,1.0,98.9,98.9,-30.0
3659,1184.0,1201.0,51.3,51.0,1.0,1.0,98.9,98.9,-17.0
3660,2227.0,2280.0,43.4,43.1,1.0,1.0,98.9,98.9,-53.0
3661,1472.0,1504.0,48.6,48.3,1.0,1.0,98.9,98.9,-32.0
3662,2649.0,2673.0,40.2,39.9,1.0,1.0,98.9,98.9,-24.0
3663,1241.0,1257.0,50.8,50.5,1.0,1.0,98.9,98.9,-16.0
3664,2775.0,2800.0,39.1,38.8,1.0,1.0,98.9,98.9,-25.0
3665,3354.0,3370.0,32.1,31.8,1.0,1.0,98.9,98.9,-16.0
3666,3299.0,3311.0,33.0,32.7,1.0,1.0,98.9,98.9,-12.0
3667,3514.0,3528.0,27.9,27.7,1.0,1.0,98.9,98.9,-14.0
3668,2560.0,2592.0,40.9,40.7,1.0,1.0,98.9,98.9,-32.0
3669,3191.0,3210.0,34.6,34.3,1.0,1.0,98.9,98.9,-19.0
3670,2871.0,2892.0,38.1,37.8,1.0,1.0,98.9,98.9,-21.0
3673,,1529.0,,48.2,,1.0,,98.9,
3677,1062.0,1082.0,52.4,52.1,1.0,1.0,98.9,98.9,-20.0
3680,2502.0,2534.0,41.4,41.1,1.0,1.0,98.9,98.9,-32.0
3682,2570.0,2604.0,40.8,40.6,1.0,1.0,98.9,98.9,-34.0
3683,1214.0,1232.0,51.0,50.7,1.0,1.0,98.9,98.9,-18.0
3684,2136.0,2184.0,44.1,43.8,1.0,1.0,98.9,98.9,-48.0
3686,1527.0,1557.0,48.2,47.9,1.0,1.0,98.9,98.9,-30.0
3689,2275.0,2315.0,43.1,42.9,1.0,1.0,98.9,98.9,-40.0
3691,1596.0,1630.0,47.6,47.4,1.0,1.0,98.9,98.9,-34.0
3692,1826.0,1871.0,46.1,45.8,1.0,1.0,98.9,98.9,-45.0
3693,,1524.0,,48.2,,1.0,,98.9,
3696,2469.0,2506.0,41.6,41.3,1.0,1.0,98.9,98.9,-37.0
3698,2658.0,2686.0,40.1,39.8,1.0,1.0,98.9,98.9,-28.0
3702,749.0,774.0,56.1,55.7,17.0,18.0,98.9,98.9,-25.0
3703,1462.0,1502.0,48.7,48.4,17.0,18.0,98.9,98.9,-40.0
3704,1115.0,1156.0,51.9,51.5,17.0,18.0,98.9,98.9,-41.0
3705,1917.0,1973.0,45.6,45.2,17.0,18.0,98.9,98.9,-56.0
3706,890.0,914.0,54.3,53.9,17.0,18.0,98.9,98.9,-24.0
3707,792.0,819.0,55.5,55.1,17.0,18.0,98.9,98.9,-27.0
3708,930.0,956.0,53.8,53.4,17.0,18.0,98.9,98.9,-26.0
3709,2482.0,2533.0,41.5,41.1,17.0,18.0,98.9,98.9,-51.0
3710,2295.0,2365.0,42.9,42.6,17.0,18.0,98.9,98.9,-70.0
3711,2968.0,3011.0,37.1,36.7,17.0,18.0,98.9,98.9,-43.0
3712,3293.0,3319.0,33.0,32.7,17.0,18.0,98.9,98.9,-26.0
3713,2588.0,2639.0,40.7,40.3,17.0,18.0,98.9,98.9,-51.0
3714,2473.0,2528.0,41.6,41.2,17.0,18.0,98.9,98.9,-55.0
3715,2875.0,2908.0,38.0,37.7,17.0,18.0,98.9,98.9,-33.0
3717,1074.0,1094.0,52.3,51.9,15.0,16.0,98.9,98.9,-20.0
3718,,1123.0,,51.7,,1.0,,98.9,
3719,1221.0,1236.0,51.0,50.7,1.0,1.0,98.9,98.9,-15.0
3721,1164.0,1191.0,51.5,51.1,15.0,16.0,98.9,98.9,-27.0
3722,1709.0,1777.0,46.8,46.4,17.0,18.0,98.9,98.9,-68.0
3723,2787.0,2827.0,38.9,38.6,17.0,18.0,98.9,98.9,-40.0
3724,1065.0,1089.0,52.4,52.0,16.0,17.0,98.9,98.9,-24.0
3725,1112.0,1154.0,51.9,51.5,17.0,18.0,98.9,98.9,-42.0
3726,1993.0,2051.0,45.2,44.8,17.0,18.0,98.9,98.9,-58.0
3727,3242.0,3271.0,33.8,33.4,17.0,18.0,98.9,98.9,-29.0
3728,1073.0,1086.0,52.3,52.1,15.0,17.0,98.9,98.9,-13.0
3729,884.0,908.0,54.3,53.9,17.0,18.0,98.9,98.9,-24.0
3730,811.0,834.0,55.2,54.9,17.0,18.0,98.9,98.9,-23.0
3731,868.0,881.0,54.6,54.2,17.0,18.0,98.9,98.9,-13.0
3732,783.0,805.0,55.6,55.2,17.0,18.0,98.9,98.9,-22.0
3733,915.0,940.0,54.0,53.6,12.0,12.0,98.9,98.9,-25.0
3734,734.0,759.0,56.3,55.9,17.0,18.0,98.9,98.9,-25.0
3735,661.0,673.0,57.6,57.2,17.0,18.0,98.9,98.9,-12.0
3736,1211.0,1215.0,51.1,50.9,3.0,4.0,98.9,98.9,-4.0
3737,760.0,783.0,55.9,55.5,17.0,18.0,98.9,98.9,-23.0
3738,1407.0,1434.0,49.2,48.8,5.0,5.0,98.9,98.9,-27.0
3739,1127.0,1161.0,51.8,51.5,4.0,4.0,98.9,98.9,-34.0
3740,1008.0,1043.0,52.9,52.6,17.0,18.0,98.9,98.9,-35.0
3741,921.0,937.0,54.0,53.6,14.0,15.0,98.9,98.9,-16.0
3742,739.0,765.0,56.2,55.9,17.0,18.0,98.9,98.9,-26.0
3744,859.0,875.0,54.6,54.3,15.0,16.0,98.9,98.9,-16.0
3745,795.0,817.0,55.4,55.1,14.0,15.0,98.9,98.9,-22.0
3746,809.0,832.0,55.2,54.9,17.0,18.0,98.9,98.9,-23.0
3747,228.0,273.0,68.4,66.7,100.0,88.0,98.91,98.91,-45.0
3748,2399.0,2438.0,42.2,41.9,4.0,4.0,99.74,99.74,-39.0
3749,265.0,313.0,67.3,65.6,151.0,133.0,98.9,98.9,-48.0
3750,731.0,742.0,56.3,56.1,89.0,80.0,98.92,98.92,-11.0
3751,1695.0,1743.0,46.8,46.6,9.0,10.0,99.4,99.4,-48.0
3752,514.0,564.0,60.3,59.3,50.0,44.0,98.9,98.9,-50.0
3753,1474.0,1480.0,48.6,48.5,9.0,11.0,100.0,100.0,-6.0
3754,1756.0,1780.0,46.5,46.4,9.0,11.0,100.0,100.0,-24.0
3755,1499.0,1514.0,48.4,48.3,9.0,11.0,100.0,100.0,-15.0
3756,1210.0,1208.0,51.1,51.0,9.0,11.0,100.0,100.0,2.0
3757,2412.0,2445.0,42.1,41.9,6.0,7.0,100.0,100.0,-33.0
3758,2172.0,2199.0,43.8,43.7,9.0,11.0,100.0,100.0,-27.0
3759,1986.0,1991.0,45.2,45.1,9.0,11.0,99.98,99.98,-5.0
3760,300.0,373.0,65.9,63.9,163.0,143.0,98.9,98.9,-73.0
3761,296.0,350.0,65.9,64.5,138.0,122.0,98.9,98.9,-54.0
3762,429.0,514.0,62.1,60.4,141.0,124.0,98.9,98.9,-85.0
3763,292.0,334.0,66.0,65.0,124.0,111.0,98.9,98.9,-42.0
3764,453.0,522.0,61.5,60.2,71.0,64.0,98.9,98.9,-69.0
3765,252.0,304.0,67.8,65.9,148.0,130.0,98.9,98.9,-52.0
3766,461.0,545.0,61.3,59.6,133.0,117.0,98.9,98.9,-84.0
3767,1174.0,1179.0,51.4,51.3,105.0,95.0,98.9,98.9,-5.0
3768,1311.0,1312.0,50.1,50.0,56.0,51.0,98.99,98.99,-1.0
3769,1224.0,1221.0,51.0,50.9,105.0,95.0,98.9,98.9,3.0
3770,1379.0,1385.0,49.3,49.2,43.0,39.0,98.9,98.9,-6.0
3771,742.0,758.0,56.1,55.9,105.0,95.0,98.9,98.9,-16.0
3772,1002.0,1016.0,53.0,52.8,84.0,76.0,98.93,98.93,-14.0
3773,435.0,445.0,61.9,61.7,105.0,95.0,98.9,98.9,-10.0
3774,1471.0,1510.0,48.6,48.3,5.0,5.0,99.4,99.4,-39.0
3775,2285.0,2341.0,43.0,42.7,1.0,1.0,99.4,99.4,-56.0
3776,1714.0,1761.0,46.8,46.5,3.0,3.0,99.4,99.4,-47.0
3777,1116.0,1138.0,51.9,51.6,8.0,9.0,99.4,99.4,-22.0
3778,1292.0,1302.0,50.3,50.0,11.0,12.0,99.4,99.4,-10.0
3779,2810.0,2833.0,38.7,38.5,4.0,5.0,99.81,99.81,-23.0
3780,2360.0,2396.0,42.5,42.4,9.0,11.0,100.0,100.0,-36.0
3781,2711.0,2742.0,39.6,39.3,2.0,3.0,99.44,99.44,-31.0
3782,3064.0,3088.0,36.1,35.9,9.0,10.0,100.0,100.0,-24.0
3783,2055.0,2096.0,44.7,44.4,3.0,3.0,99.4,99.4,-41.0
3784,1564.0,1577.0,47.9,47.8,10.0,12.0,99.61,99.61,-13.0
3785,3067.0,3094.0,36.1,35.8,4.0,5.0,99.4,99.4,-27.0
3786,1056.0,1083.0,52.4,52.1,14.0,15.0,98.9,98.9,-27.0
3787,1104.0,1129.0,52.0,51.7,9.0,10.0,98.9,98.9,-25.0
3788,1402.0,1420.0,49.2,48.9,1.0,1.0,98.9,98.9,-18.0
3789,1442.0,1469.0,48.8,48.6,1.0,1.0,98.9,98.9,-27.0
3791,1358.0,1377.0,49.6,49.3,1.0,1.0,98.9,98.9,-19.0
3792,1339.0,1354.0,49.8,49.5,1.0,1.0,98.9,98.9,-15.0
3793,1764.0,1815.0,46.5,46.2,1.0,1.0,98.9,98.9,-51.0
3795,888.0,906.0,54.3,54.0,1.0,1.0,98.9,98.9,-18.0
3796,1578.0,1607.0,47.9,47.6,1.0,1.0,98.9,98.9,-29.0
3797,973.0,986.0,53.4,53.1,1.0,1.0,98.9,98.9,-13.0
3798,1541.0,1570.0,48.1,47.8,1.0,1.0,98.9,98.9,-29.0
3799,1081.0,1092.0,52.2,52.0,1.0,1.0,98.9,98.9,-11.0
3800,1295.0,1304.0,50.3,50.0,1.0,1.0,98.9,98.9,-9.0
3801,1271.0,1281.0,50.6,50.3,1.0,1.0,98.9,98.9,-10.0
3803,1118.0,1145.0,51.9,51.6,1.0,1.0,98.9,98.9,-27.0
3806,1173.0,1192.0,51.4,51.1,1.0,1.0,98.9,98.9,-19.0
3807,1307.0,1322.0,50.2,49.9,1.0,1.0,98.9,98.9,-15.0
3808,917.0,927.0,54.0,53.7,1.0,1.0,98.9,98.9,-10.0
3809,1208.0,1222.0,51.1,50.9,1.0,1.0,98.9,98.9,-14.0
3810,1696.0,1740.0,46.9,46.6,1.0,1.0,98.9,98.9,-44.0
3813,1227.0,1237.0,51.0,50.7,1.0,1.0,98.9,98.9,-10.0
3814,1401.0,1416.0,49.2,48.9,1.0,1.0,98.9,98.9,-15.0
3815,1109.0,1136.0,51.9,51.7,1.0,1.0,98.9,98.9,-27.0
3816,1167.0,1190.0,51.4,51.1,1.0,1.0,98.9,98.9,-23.0
3817,1028.0,1053.0,52.7,52.5,1.0,1.0,98.9,98.9,-25.0
3818,1334.0,1350.0,49.9,49.6,1.0,1.0,98.9,98.9,-16.0
3819,1083.0,1093.0,52.2,51.9,1.0,1.0,98.9,98.9,-10.0
3822,3337.0,3353.0,32.4,32.2,1.0,1.0,98.9,98.9,-16.0
3823,3195.0,3211.0,34.5,34.3,1.0,1.0,98.9,98.9,-16.0
3824,3672.0,3683.0,20.3,20.1,1.0,1.0,98.9,98.9,-11.0
3825,2011.0,2052.0,45.1,44.8,1.0,1.0,98.9,98.9,-41.0
3826,2343.0,2380.0,42.6,42.5,3.0,4.0,98.9,98.9,-37.0
3827,2894.0,2913.0,37.9,37.6,1.0,1.0,98.9,98.9,-19.0
3828,3662.0,3674.0,21.1,20.9,1.0,1.0,98.9,98.9,-12.0
3829,2724.0,2756.0,39.5,39.2,1.0,1.0,98.9,98.9,-32.0
3833,2178.0,2232.0,43.8,43.5,1.0,1.0,98.9,98.9,-54.0
3834,2746.0,2773.0,39.3,39.1,1.0,1.0,98.9,98.9,-27.0
3835,2757.0,2785.0,39.2,38.9,1.0,1.0,98.9,98.9,-28.0
3836,3459.0,3475.0,30.0,29.8,1.0,1.0,98.9,98.9,-16.0
3837,3722.0,3733.0,14.0,13.9,1.0,1.0,98.9,98.9,-11.0
3838,2851.0,2875.0,38.3,38.0,1.0,1.0,98.9,98.9,-24.0
3839,3338.0,3355.0,32.4,32.1,1.0,1.0,98.9,98.9,-17.0
3840,3546.0,3557.0,26.3,26.1,1.0,1.0,98.9,98.9,-11.0
3841,3693.0,3706.0,18.8,18.6,1.0,1.0,98.9,98.9,-13.0
3842,3388.0,3401.0,31.5,31.2,1.0,1.0,98.9,98.9,-13.0
3844,2362.0,2403.0,42.5,42.2,1.0,1.0,98.9,98.9,-41.0
3846,2479.0,2520.0,41.5,41.3,1.0,1.0,98.9,98.9,-41.0
3847,,1918.0,,45.5,,1.0,,98.9,
3848,3509.0,3524.0,28.1,27.9,1.0,1.0,98.9,98.9,-15.0
3849,3421.0,3440.0,30.9,30.5,17.0,18.0,98.9,98.9,-19.0
3850,2656.0,2706.0,40.1,39.7,22.0,22.0,98.9,98.9,-50.0
3851,1667.0,1712.0,47.1,46.7,15.0,16.0,98.9,98.9,-45.0
3852,1525.0,1561.0,48.2,47.9,21.0,21.0,98.9,98.9,-36.0
3853,3422.0,3441.0,30.9,30.5,17.0,18.0,98.9,98.9,-19.0
3854,3210.0,3231.0,34.4,34.0,17.0,18.0,98.9,98.9,-21.0
3855,3232.0,3259.0,34.0,33.6,17.0,18.0,98.9,98.9,-27.0
3856,1004.0,1023.0,53.0,52.8,67.0,60.0,98.9,98.9,-19.0
3857,1353.0,1355.0,49.7,49.5,70.0,63.0,98.9,98.9,-2.0
3858,2173.0,2226.0,43.8,43.5,1.0,1.0,98.9,98.9,-53.0
3859,1487.0,1519.0,48.5,48.2,1.0,1.0,98.9,98.9,-32.0
3860,679.0,695.0,57.2,56.9,104.0,94.0,98.9,98.9,-16.0
3861,592.0,607.0,58.8,58.6,105.0,95.0,98.9,98.9,-15.0
3862,1020.0,1033.0,52.8,52.7,64.0,58.0,98.9,98.9,-13.0
3863,1532.0,1567.0,48.1,47.8,10.0,11.0,98.9,98.9,-35.0
3864,1853.0,1874.0,46.0,45.8,2.0,3.0,98.9,98.9,-21.0
3865,1787.0,1829.0,46.4,46.1,1.0,1.0,98.9,98.9,-42.0
3866,2971.0,2998.0,37.1,36.8,1.0,1.0,98.9,98.9,-27.0
3867,1274.0,1298.0,50.5,50.1,16.0,17.0,98.9,98.9,-24.0
3868,1310.0,1331.0,50.2,49.8,17.0,18.0,98.9,98.9,-21.0
3869,1400.0,1414.0,49.2,49.0,1.0,1.0,98.9,98.9,-14.0
3870,1203.0,1224.0,51.1,50.8,1.0,1.0,98.9,98.9,-21.0
3871,1103.0,1109.0,52.0,51.8,2.0,3.0,98.9,98.9,-6.0
3872,1037.0,1064.0,52.7,52.4,3.0,3.0,98.9,98.9,-27.0
3873,813.0,833.0,55.2,54.9,13.0,14.0,98.9,98.9,-20.0
3874,1088.0,1099.0,52.2,51.9,7.0,8.0,99.4,99.4,-11.0
3875,972.0,985.0,53.4,53.1,11.0,12.0,99.4,99.4,-13.0
3876,1188.0,1209.0,51.3,51.0,11.0,12.0,99.4,99.4,-21.0
3877,1053.0,1074.0,52.5,52.2,8.0,9.0,99.4,99.4,-21.0
3878,1284.0,1295.0,50.4,50.1,11.0,12.0,99.4,99.4,-11.0
3879,1033.0,1059.0,52.7,52.4,11.0,12.0,99.4,99.4,-26.0
3880,836.0,853.0,54.9,54.6,11.0,12.0,99.4,99.4,-17.0
3881,1166.0,1185.0,51.4,51.2,8.0,9.0,99.4,99.4,-19.0
3882,1140.0,1176.0,51.7,51.3,5.0,5.0,98.9,98.9,-36.0
3883,1100.0,1132.0,52.0,51.7,3.0,3.0,98.9,98.9,-32.0
3884,938.0,952.0,53.7,53.4,2.0,3.0,99.4,99.4,-14.0
3885,1245.0,1255.0,50.8,50.6,3.0,4.0,99.4,99.4,-10.0
3886,832.0,849.0,54.9,54.7,9.0,10.0,99.4,99.4,-17.0
3887,2752.0,2775.0,39.2,39.0,3.0,3.0,99.97,99.96,-23.0
3890,2509.0,2527.0,41.3,41.2,9.0,11.0,100.0,100.0,-18.0
3891,2002.0,2017.0,45.1,45.0,9.0,11.0,100.0,100.0,-15.0
3892,2299.0,2316.0,42.9,42.9,7.0,9.0,99.98,99.97,-17.0
3897,2279.0,2309.0,43.1,43.0,6.0,6.0,99.95,99.93,-30.0
3898,2035.0,1990.0,44.8,45.1,1.0,2.0,99.81,99.74,45.0
3899,3214.0,3230.0,34.3,34.0,1.0,1.0,98.9,98.9,-16.0
3900,2327.0,2381.0,42.8,42.5,4.0,4.0,100.0,100.0,-54.0
3901,2144.0,2175.0,44.0,43.9,9.0,11.0,100.0,100.0,-31.0
3902,2434.0,2466.0,41.9,41.7,9.0,10.0,100.0,100.0,-32.0
3903,2031.0,2074.0,44.9,44.6,9.0,10.0,100.0,100.0,-43.0
3904,3489.0,3500.0,29.0,28.8,1.0,1.0,100.0,100.0,-11.0
3905,2352.0,2395.0,42.6,42.4,3.0,4.0,100.0,100.0,-43.0
3906,1561.0,1568.0,48.0,47.8,9.0,11.0,100.0,100.0,-7.0
3907,1312.0,1311.0,50.1,50.0,9.0,11.0,100.0,100.0,1.0
3908,1560.0,1566.0,48.0,47.8,9.0,11.0,100.0,100.0,-6.0
3909,1399.0,1400.0,49.2,49.1,9.0,11.0,100.0,100.0,-1.0
3910,1408.0,1369.0,49.2,49.3,27.0,31.0,100.0,100.0,39.0
3911,1958.0,1968.0,45.4,45.2,9.0,11.0,100.0,100.0,-10.0
3912,1991.0,2002.0,45.2,45.1,9.0,11.0,100.0,100.0,-11.0
3913,1649.0,1669.0,47.2,47.1,9.0,11.0,100.0,100.0,-20.0
3914,1772.0,1803.0,46.4,46.3,9.0,11.0,100.0,100.0,-31.0
3915,1852.0,1876.0,46.0,45.8,9.0,11.0,100.0,100.0,-24.0
3916,2347.0,2384.0,42.6,42.5,9.0,11.0,100.0,100.0,-37.0
3917,1475.0,1481.0,48.6,48.5,9.0,11.0,100.0,100.0,-6.0
3918,2014.0,2033.0,45.1,44.9,9.0,11.0,100.0,100.0,-19.0
3919,1514.0,1532.0,48.3,48.1,9.0,11.0,100.0,100.0,-18.0
3920,1726.0,1741.0,46.7,46.6,9.0,11.0,100.0,100.0,-15.0
3921,1673.0,1695.0,47.0,46.9,9.0,11.0,100.0,100.0,-22.0
3922,1512.0,1528.0,48.3,48.2,9.0,11.0,100.0,100.0,-16.0
3923,1548.0,1560.0,48.0,47.9,9.0,11.0,100.0,100.0,-12.0
3924,1911.0,1931.0,45.6,45.5,9.0,11.0,100.0,100.0,-20.0
3925,1872.0,1896.0,45.9,45.7,9.0,11.0,100.0,100.0,-24.0
3926,1998.0,2009.0,45.2,45.0,9.0,11.0,100.0,100.0,-11.0
3927,1763.0,1794.0,46.5,46.3,9.0,11.0,100.0,100.0,-31.0
3928,1691.0,1713.0,46.9,46.7,9.0,11.0,100.0,100.0,-22.0
3929,1842.0,1862.0,46.0,45.9,9.0,11.0,100.0,100.0,-20.0
3930,2047.0,2072.0,44.8,44.6,9.0,11.0,100.0,100.0,-25.0
3931,1724.0,1739.0,46.7,46.6,9.0,11.0,100.0,100.0,-15.0
3932,1668.0,1688.0,47.1,46.9,9.0,11.0,100.0,100.0,-20.0
3933,1885.0,1904.0,45.8,45.6,9.0,11.0,100.0,100.0,-19.0
3934,1576.0,1451.0,47.9,48.7,151.0,160.0,100.0,100.0,125.0
3935,1191.0,1063.0,51.3,52.4,128.0,145.0,100.0,100.0,128.0
3936,330.0,293.0,64.9,66.2,121.0,136.0,100.0,100.0,37.0
3937,1397.0,1287.0,49.2,50.2,102.0,116.0,100.0,100.0,110.0
3938,1456.0,1432.0,48.8,48.8,110.0,111.0,100.0,100.0,24.0
3939,1419.0,1303.0,49.1,50.0,268.0,278.0,100.0,100.0,116.0
3940,2026.0,2080.0,44.9,44.6,53.0,52.0,100.0,100.0,-54.0
3941,2356.0,2394.0,42.5,42.4,9.0,11.0,100.0,100.0,-38.0
3942,2186.0,2214.0,43.7,43.6,9.0,11.0,100.0,100.0,-28.0
3943,1896.0,1913.0,45.7,45.6,9.0,11.0,100.0,100.0,-17.0
3944,1526.0,1538.0,48.2,48.0,9.0,11.0,100.0,100.0,-12.0
3945,659.0,605.0,57.6,58.6,114.0,128.0,100.0,100.0,54.0
3946,1970.0,1966.0,45.3,45.3,30.0,32.0,100.0,100.0,4.0
3947,2054.0,2021.0,44.7,45.0,39.0,44.0,100.0,100.0,33.0
3948,1437.0,1444.0,48.9,48.7,9.0,11.0,100.0,100.0,-7.0
3949,622.0,574.0,58.3,59.2,71.0,81.0,100.0,100.0,48.0
3950,1881.0,1902.0,45.8,45.7,9.0,11.0,100.0,100.0,-21.0
3951,1704.0,1722.0,46.8,46.7,9.0,11.0,100.0,100.0,-18.0
3952,1621.0,1641.0,47.5,47.3,9.0,11.0,100.0,100.0,-20.0
3953,2000.0,1978.0,45.2,45.2,57.0,59.0,100.0,100.0,22.0
3954,1948.0,1958.0,45.4,45.3,9.0,11.0,100.0,100.0,-10.0
3955,2032.0,2059.0,44.9,44.7,9.0,11.0,100.0,100.0,-27.0
3956,1867.0,1894.0,45.9,45.7,9.0,11.0,100.0,100.0,-27.0
3957,1930.0,1947.0,45.5,45.4,9.0,11.0,100.0,100.0,-17.0
3958,1809.0,1834.0,46.2,46.1,9.0,11.0,100.0,100.0,-25.0
3959,1484.0,1491.0,48.6,48.4,9.0,11.0,100.0,100.0,-7.0
3960,1942.0,1953.0,45.5,45.3,9.0,11.0,100.0,100.0,-11.0
3961,1765.0,1797.0,46.5,46.3,9.0,11.0,100.0,100.0,-32.0
3962,1612.0,1633.0,47.5,47.4,9.0,11.0,100.0,100.0,-21.0
3963,2241.0,2273.0,43.3,43.2,9.0,11.0,100.0,100.0,-32.0
3964,1665.0,1687.0,47.1,46.9,9.0,11.0,100.0,100.0,-22.0
3965,2261.0,2289.0,43.2,43.1,9.0,11.0,100.0,100.0,-28.0
3966,1476.0,1482.0,48.6,48.5,9.0,11.0,100.0,100.0,-6.0
3967,1792.0,1814.0,46.4,46.2,9.0,11.0,100.0,100.0,-22.0
3968,1717.0,1734.0,46.8,46.6,9.0,11.0,100.0,100.0,-17.0
3969,2147.0,2177.0,44.0,43.9,9.0,11.0,100.0,100.0,-30.0
3970,1848.0,1870.0,46.0,45.8,9.0,11.0,100.0,100.0,-22.0
3971,1819.0,1855.0,46.2,45.9,9.0,10.0,100.0,100.0,-36.0
3972,2342.0,2383.0,42.7,42.5,8.0,9.0,100.0,100.0,-41.0
3973,2088.0,2110.0,44.5,44.3,9.0,11.0,100.0,100.0,-22.0
3974,1943.0,1954.0,45.5,45.3,9.0,11.0,100.0,100.0,-11.0
3975,2224.0,2262.0,43.4,43.3,9.0,11.0,100.0,100.0,-38.0
3976,2180.0,2207.0,43.8,43.6,9.0,11.0,100.0,100.0,-27.0
3977,1980.0,1987.0,45.3,45.1,9.0,11.0,100.0,100.0,-7.0
3978,3101.0,3109.0,35.8,35.6,2.0,3.0,100.0,100.0,-8.0
3979,1912.0,1932.0,45.6,45.5,9.0,11.0,100.0,100.0,-20.0
3980,2003.0,2018.0,45.1,45.0,9.0,11.0,100.0,100.0,-15.0
3981,1913.0,1936.0,45.6,45.5,9.0,11.0,100.0,100.0,-23.0
3982,2443.0,2465.0,41.8,41.7,8.0,10.0,100.0,100.0,-22.0
3983,1414.0,1410.0,49.1,49.0,9.0,11.0,100.0,100.0,4.0
3984,1443.0,1447.0,48.8,48.7,9.0,11.0,100.0,100.0,-4.0
3985,1436.0,1442.0,48.9,48.7,9.0,11.0,100.0,100.0,-6.0
3986,1463.0,1467.0,48.7,48.6,9.0,11.0,100.0,100.0,-4.0
3987,1415.0,1411.0,49.1,49.0,9.0,11.0,100.0,100.0,4.0
3988,1447.0,1456.0,48.8,48.7,9.0,11.0,100.0,100.0,-9.0
3989,1538.0,1549.0,48.1,48.0,9.0,11.0,100.0,100.0,-11.0
3990,1585.0,1592.0,47.8,47.6,9.0,11.0,100.0,100.0,-7.0
3991,1813.0,1836.0,46.2,46.1,9.0,11.0,100.0,100.0,-23.0
3992,1629.0,1651.0,47.3,47.2,9.0,11.0,100.0,100.0,-22.0
3993,1574.0,1581.0,47.9,47.7,9.0,11.0,100.0,100.0,-7.0
3994,1488.0,1498.0,48.5,48.4,9.0,11.0,100.0,100.0,-10.0
3995,1604.0,1623.0,47.6,47.4,9.0,11.0,100.0,100.0,-19.0
3996,1567.0,1574.0,47.9,47.8,9.0,11.0,100.0,100.0,-7.0
3997,1743.0,1759.0,46.6,46.5,9.0,11.0,100.0,100.0,-16.0
3998,1588.0,1597.0,47.8,47.6,9.0,11.0,100.0,100.0,-9.0
3999,1672.0,1692.0,47.0,46.9,9.0,11.0,100.0,100.0,-20.0
4000,1953.0,1965.0,45.4,45.3,9.0,11.0,100.0,100.0,-12.0
4001,1610.0,1627.0,47.5,47.4,9.0,11.0,100.0,100.0,-17.0
4002,1337.0,1340.0,49.8,49.7,9.0,11.0,100.0,100.0,-3.0
4003,1893.0,1910.0,45.7,45.6,9.0,11.0,100.0,100.0,-17.0
4004,1305.0,1320.0,50.2,49.9,1.0,1.0,98.9,98.9,-15.0
4005,3327.0,3339.0,32.5,32.4,1.0,1.0,98.98,98.96,-12.0
4006,1049.0,1068.0,52.6,52.3,1.0,1.0,98.9,98.9,-19.0
4008,1759.0,1728.0,46.5,46.6,3.0,3.0,99.85,99.79,31.0
4009,1978.0,1985.0,45.3,45.1,8.0,9.0,99.99,99.98,-7.0
4010,995.0,1017.0,53.1,52.8,1.0,1.0,98.9,98.9,-22.0
4012,,3053.0,,36.2,,1.0,,98.9,
4013,,1124.0,,51.7,,1.0,,98.9,
4017,,1935.0,,45.5,,1.0,,98.9,
4019,1340.0,1345.0,49.8,49.7,9.0,11.0,100.0,100.0,-5.0
4020,1423.0,1426.0,49.0,48.9,9.0,11.0,100.0,100.0,-3.0
4021,1558.0,1572.0,48.0,47.8,7.0,8.0,99.98,99.97,-14.0
4022,1568.0,1575.0,47.9,47.8,9.0,11.0,100.0,100.0,-7.0
4023,1479.0,1483.0,48.6,48.5,9.0,11.0,100.0,100.0,-4.0
4024,1298.0,1291.0,50.3,50.2,9.0,11.0,100.0,100.0,7.0
4025,1840.0,1863.0,46.0,45.9,7.0,8.0,99.98,99.97,-23.0
4026,2101.0,2122.0,44.3,44.2,9.0,11.0,100.0,100.0,-21.0
4027,2016.0,2045.0,45.1,44.8,9.0,10.0,100.0,100.0,-29.0
4028,2292.0,2313.0,43.0,42.9,7.0,9.0,99.98,99.97,-21.0
4029,3196.0,3178.0,34.5,34.7,3.0,4.0,99.89,99.83,18.0
4030,1875.0,1900.0,45.8,45.7,9.0,11.0,100.0,100.0,-25.0
4031,2199.0,2236.0,43.6,43.5,9.0,11.0,100.0,100.0,-37.0
4032,2416.0,2444.0,42.1,41.9,9.0,11.0,100.0,100.0,-28.0
4033,1296.0,1307.0,50.3,50.0,1.0,1.0,98.9,98.9,-11.0
4034,970.0,983.0,53.4,53.1,1.0,1.0,98.9,98.9,-13.0
4035,2365.0,2404.0,42.5,42.2,1.0,1.0,98.9,98.9,-39.0
4036,1117.0,1140.0,51.9,51.6,1.0,1.0,98.9,98.9,-23.0
4037,1392.0,1399.0,49.3,49.1,48.0,43.0,98.9,98.9,-7.0
4038,1233.0,1239.0,50.9,50.7,1.0,1.0,98.94,98.93,-6.0
4039,2093.0,2129.0,44.4,44.1,1.0,1.0,98.9,98.9,-36.0
4041,,1462.0,,48.6,,1.0,,98.9,
4042,1779.0,1824.0,46.4,46.1,1.0,1.0,98.9,98.9,-45.0
4043,1563.0,1589.0,47.9,47.7,1.0,1.0,98.9,98.9,-26.0
4045,1632.0,1673.0,47.3,47.1,1.0,1.0,98.9,98.9,-41.0
4046,1770.0,1817.0,46.4,46.2,1.0,1.0,98.9,98.9,-47.0
4047,1477.0,1507.0,48.6,48.3,1.0,1.0,98.9,98.9,-30.0
4048,1466.0,1489.0,48.7,48.4,1.0,1.0,98.9,98.9,-23.0
4052,1827.0,1872.0,46.1,45.8,1.0,1.0,98.9,98.9,-45.0
4053,1623.0,1659.0,47.4,47.2,1.0,1.0,98.9,98.9,-36.0
