GEOID,pop,pop65,income
060371011101,1500,264,66250.0
060371011102,1825,385,91512.0
060371011103,827,141,140625.0
060371011221,2481,568,127019.0
060371011222,1717,452,88077.0
060371012201,1304,207,77212.0
060371012202,2130,340,69420.0
060371012211,1000,143,73971.0
060371012212,2931,592,51438.0
060371012221,2572,428,45662.0
060371013001,1112,278,104297.0
060371013002,1065,405,125725.0
060371013003,1073,216,114839.0
060371013004,960,206,131667.0
060371014001,782,146,42188.0
060371014002,1414,321,108359.0
060371014003,1293,254,97935.0
060371021031,2054,303,72656.0
060371021041,2755,551,104978.0
060371021042,1297,208,115909.0
060371021051,475,128,106875.0
060371021052,1189,135,92000.0
060371021071,2336,419,103786.0
060371021072,1259,384,122083.0
060371031011,1685,458,135000.0
060371031012,1020,107,105543.0
060371031021,474,215,58816.0
060371031022,453,81,61591.0
060371031023,1403,262,83375.0
060371031024,1222,340,66477.0
060371031025,916,166,
060371032011,2462,192,87969.0
060371032012,1963,553,109300.0
060371032021,1945,474,117338.0
060371033001,1679,337,151315.0
060371033002,2342,416,135590.0
060371034011,2552,725,100893.0
060371034021,1051,281,94792.0
060371034022,805,302,121094.0
060371034023,465,58,
060371034024,1488,223,107277.0
060371041031,2021,492,103250.0
060371041032,2236,282,113750.0
060371041051,1906,277,108250.0
060371041052,2706,327,37567.0
060371041053,1278,275,72845.0
060371041081,2008,119,90268.0
060371041082,1761,488,70417.0
060371041083,1183,113,144375.0
060371041241,1605,431,59806.0
060371041242,1842,215,107045.0
060371041243,643,120,102250.0
060371042011,1199,162,126579.0
060371042012,1976,244,102443.0
060371042013,1150,104,77444.0
060371042031,2051,186,67660.0
060371042032,2927,362,72738.0
060371042041,1493,273,44485.0
060371042042,2243,175,84219.0
060371043101,1500,225,87202.0
060371043102,1582,218,100625.0
060371043103,1394,227,131198.0
060371043211,991,221,76579.0
060371043212,1454,261,
060371043213,481,23,48967.0
060371043221,1277,95,66174.0
060371043222,579,88,131667.0
060371044011,1947,158,90388.0
060371044012,1136,166,61765.0
060371044031,1522,312,98350.0
060371044032,770,126,105125.0
060371044041,1641,253,91100.0
060371044042,1733,99,80769.0
060371045001,1980,143,67045.0
060371045002,1559,209,95337.0
060371046101,1916,307,79643.0
060371046102,1208,122,101250.0
060371046201,1107,147,95096.0
060371046202,2159,219,85962.0
060371047011,627,60,116023.0
060371047012,2320,189,47804.0
060371047013,969,36,73973.0
060371047031,1327,91,43036.0
060371047032,979,129,53750.0
060371047041,1721,215,68750.0
060371047042,1944,125,81410.0
060371047043,997,65,52708.0
060371048211,2260,296,81250.0
060371048212,1216,152,93365.0
060371048221,2199,315,48750.0
060371048231,1838,188,98419.0
060371048232,1357,106,72056.0
060371048241,778,36,84779.0
060371048242,1804,260,117596.0
060371060101,1736,211,110417.0
060371060102,2313,367,156250.0
060371060201,1450,275,140995.0
060371060202,1121,213,131000.0
060371060203,2279,219,101406.0
060371061111,2568,325,103882.0
060371061112,2139,411,127813.0
060371061121,1935,184,107891.0
060371061122,1617,342,96852.0
060371061123,1483,248,107944.0
060371061131,2016,341,117422.0
060371061132,1819,159,138182.0
060371061141,1663,191,47212.0
060371061142,2118,28,68616.0
060371061143,3148,370,109615.0
060371064031,972,82,136985.0
060371064032,1353,176,99250.0
060371064033,1535,116,83239.0
060371064051,1745,158,91336.0
060371064052,1477,172,82704.0
060371064053,927,35,105556.0
060371064061,3413,651,100653.0
060371064062,907,196,103608.0
060371064063,1972,89,116282.0
060371064071,1258,360,28413.0
060371064072,1075,113,38359.0
060371064081,3010,140,59375.0
060371064082,822,13,52625.0
060371065101,1788,234,122747.0
060371065102,1851,56,81108.0
060371065103,1960,265,143611.0
060371065201,2421,444,73750.0
060371065202,1560,354,101146.0
060371065203,1503,77,167701.0
060371066031,1779,285,120000.0
060371066032,1902,474,195648.0
060371066041,1740,233,65565.0
060371066042,1491,197,83836.0
060371066043,1118,173,64643.0
060371066411,2096,475,118387.0
060371066421,1125,262,107083.0
060371066422,1270,248,147986.0
060371066423,1119,195,142466.0
060371066431,2016,471,213224.0
060371066432,1176,173,224205.0
060371066433,1119,392,174037.0
060371066451,1208,220,105417.0
060371066452,2464,530,162401.0
060371066461,2056,418,130313.0
060371066462,1036,188,120938.0
060371066481,3938,357,85387.0
060371066482,775,97,25882.0
060371066491,1489,317,84420.0
060371066492,1200,152,111583.0
060371070101,1719,287,103487.0
060371070102,1278,162,90560.0
060371070201,1311,74,108229.0
060371070202,896,128,85208.0
060371070203,1893,263,60250.0
060371070204,821,96,72188.0
060371081011,2128,573,151027.0
060371081021,1062,156,85956.0
060371081022,994,289,161042.0
060371081023,1421,351,131662.0
060371081031,1365,435,130227.0
060371081032,1688,298,192560.0
060371081041,1754,367,144167.0
060371082021,2532,395,170437.0
060371082022,3662,444,197176.0
060371082023,4054,360,221919.0
060371082031,2084,472,137500.0
060371082032,1073,388,172917.0
060371082041,1782,298,177283.0
060371091001,1077,320,68347.0
060371091002,1784,616,87037.0
060371092001,1152,170,118269.0
060371092002,1056,233,139107.0
060371092003,655,51,120585.0
060371093001,874,172,115625.0
060371093002,1345,227,114341.0
060371093003,686,63,165341.0
060371094001,509,189,
060371094002,1796,222,111193.0
060371094003,1315,250,91964.0
060371095001,816,147,68207.0
060371095002,2299,175,83106.0
060371095003,792,129,120938.0
060371096011,1296,91,124500.0
060371096012,1106,168,151701.0
060371096013,967,170,120321.0
060371096014,1673,342,89145.0
060371096031,1038,315,72000.0
060371096032,1205,102,91635.0
060371096033,1795,167,81202.0
060371096041,863,132,62467.0
060371096042,789,166,105438.0
060371096043,1069,181,106536.0
060371097001,1587,405,156103.0
060371097002,1774,356,107500.0
060371097003,898,155,125556.0
060371098001,1464,276,136681.0
060371098002,800,199,75941.0
060371098003,1293,276,54024.0
060371098004,1068,330,67487.0
060371111001,1077,288,108450.0
060371111002,1888,294,116307.0
060371112011,1001,233,78056.0
060371112012,1768,275,180313.0
060371112013,506,119,140227.0
060371112021,1563,130,126267.0
060371112022,1565,499,105982.0
060371112023,2614,284,107022.0
060371112041,2626,552,233281.0
060371112042,2166,541,166250.0
060371112043,1110,370,143750.0
060371112051,1509,268,156250.0
060371112052,879,157,107200.0
060371112053,1239,140,79234.0
060371112061,1066,170,93611.0
060371112062,637,152,136932.0
060371112063,787,262,169861.0
060371112064,699,266,137098.0
060371112065,1106,254,198958.0
060371113021,1435,309,140438.0
060371113022,1113,169,63409.0
060371113023,1354,248,188021.0
060371113024,1065,31,
060371113031,1874,204,126250.0
060371113032,2693,462,96250.0
060371113041,1096,157,43558.0
060371113042,1986,178,76528.0
060371114011,2193,362,127115.0
060371114021,2175,576,
060371114022,2036,317,86875.0
060371114023,1787,304,59345.0
060371131011,1581,469,131250.0
060371131012,1959,587,126048.0
060371131021,1768,338,234750.0
060371131022,1212,367,206389.0
060371132111,1873,436,134375.0
060371132112,2265,468,97372.0
060371132121,869,216,88807.0
060371132122,2003,346,89219.0
060371132131,3483,522,143322.0
060371132132,1585,311,100000.0
060371132311,1062,205,192583.0
060371132312,1171,275,125994.0
060371132321,3107,489,166000.0
060371132322,1670,432,107596.0
060371132341,1177,442,66696.0
060371132342,1080,168,85625.0
060371132343,2386,115,109712.0
060371132344,997,141,
060371132351,1690,328,89744.0
060371132371,2953,756,127463.0
060371132372,1812,213,184276.0
060371132381,1165,226,51303.0
060371132382,2801,252,75304.0
060371132383,630,63,133802.0
060371132391,888,256,48894.0
060371132392,1246,150,50941.0
060371133011,477,123,176538.0
060371133012,3778,819,116055.0
060371133031,2414,465,114896.0
060371133032,1385,348,82159.0
060371133221,2017,458,136827.0
060371133222,2744,586,117637.0
060371133231,2104,236,77614.0
060371133232,1800,223,112778.0
060371133241,2837,161,100960.0
060371134231,1444,144,168542.0
060371134232,1401,167,59583.0
060371134241,1867,542,105147.0
060371134242,1266,151,160182.0
060371134251,1396,17,76905.0
060371134252,2858,172,59461.0
060371134261,2302,327,77070.0
060371134271,1562,80,64355.0
060371134272,824,21,39250.0
060371134281,1005,175,107455.0
060371134282,1250,263,134682.0
060371134283,1865,114,
060371151011,1510,426,172321.0
060371151012,2312,577,139375.0
060371151013,1212,384,126845.0
060371151031,2606,0,
060371151041,844,263,161406.0
060371151042,1145,60,93750.0
060371151043,1204,24,
060371151044,1211,79,63000.0
060371152021,1971,124,77401.0
060371152022,2610,336,73438.0
060371152023,1453,256,55026.0
060371152031,1484,421,76466.0
060371152032,445,0,
060371152041,1966,315,111844.0
060371152042,1987,202,70526.0
060371153011,1150,240,95854.0
060371153012,1397,139,80550.0
060371153013,991,303,201107.0
060371153014,900,155,90043.0
060371153021,1094,40,70517.0
060371153022,1397,75,42411.0
060371153023,1348,242,121106.0
060371154011,1491,175,53036.0
060371154012,762,29,51285.0
060371154013,1975,539,71599.0
060371154014,1409,60,81557.0
060371154031,1333,130,66750.0
060371154032,2046,158,72357.0
060371154041,1247,103,128393.0
060371154042,1372,152,75893.0
060371171011,1926,175,128582.0
060371171012,1362,97,98646.0
060371171013,1945,117,76553.0
060371171021,1120,119,125052.0
060371171022,1307,364,73077.0
060371172011,1329,263,103636.0
060371172012,1175,167,
060371172013,1604,44,52788.0
060371172021,1836,547,89250.0
060371172022,982,157,133295.0
060371173011,1516,106,146384.0
060371173012,1570,149,148482.0
060371173013,722,224,114444.0
060371173021,1291,287,108333.0
060371173022,786,187,118458.0
060371173023,1337,254,166544.0
060371173024,1536,248,90568.0
060371173031,2380,473,145286.0
060371173032,1782,354,126527.0
060371174041,729,193,
060371174042,1547,160,159635.0
060371174043,2940,419,119239.0
060371174051,2516,40,49813.0
060371174052,532,36,48958.0
060371174071,809,53,48385.0
060371174072,2376,129,55408.0
060371174081,2505,184,49786.0
060371175101,533,99,54628.0
060371175102,1561,27,64444.0
060371175103,1696,74,45272.0
060371175201,2115,177,57174.0
060371175202,2230,38,43462.0
060371175301,1128,197,25518.0
060371175302,1462,99,75500.0
060371175303,1908,197,64940.0
060371175304,1243,75,46641.0
060371190011,2183,378,132743.0
060371190012,2100,322,106607.0
060371190031,900,143,
060371190032,1221,178,109428.0
060371190033,1211,112,107955.0
060371190041,672,14,
060371190042,2087,342,92159.0
060371192011,858,182,125573.0
060371192012,1717,109,106130.0
060371192013,1401,220,117550.0
060371192021,611,45,82661.0
060371192022,1639,196,74177.0
060371192023,2424,405,76599.0
060371193101,1887,489,45466.0
060371193102,1880,295,96739.0
060371193201,1773,184,59655.0
060371193202,1384,21,91667.0
060371193203,1135,170,90208.0
060371193401,1748,14,44353.0
060371193402,2000,58,47644.0
060371193411,2744,543,53623.0
060371193421,1640,111,81458.0
060371193422,1151,127,66563.0
060371194001,1173,150,71250.0
060371194002,1489,169,97708.0
060371194003,1988,154,120125.0
060371197001,1791,221,81705.0
060371197002,1078,242,145556.0
060371197003,1545,208,94167.0
060371198011,1335,153,123578.0
060371198012,1367,222,80179.0
060371198021,1739,302,81750.0
060371198022,1355,121,108452.0
060371199001,1135,181,96389.0
060371199002,1973,113,83529.0
060371199003,1395,315,87569.0
060371200101,1766,121,57721.0
060371200102,877,173,100625.0
060371200201,2069,205,51761.0
060371200202,1904,261,31742.0
060371200301,2576,219,48281.0
060371201031,833,90,34107.0
060371201032,2046,47,49146.0
060371201041,2603,328,52198.0
060371201051,1639,137,50250.0
060371201052,1116,322,47661.0
060371201061,1150,92,44423.0
060371201062,1276,174,41576.0
060371201063,1856,210,35677.0
060371201071,1743,42,47938.0
060371201072,2387,281,39375.0
060371201081,2102,200,54348.0
060371201082,2456,205,59211.0
060371203001,846,130,55484.0
060371203002,1697,87,72500.0
060371203003,1240,181,65125.0
060371203004,1686,213,53445.0
060371204001,2418,519,35940.0
060371204002,1978,432,78750.0
060371204003,1424,218,98799.0
060371210101,847,163,75450.0
060371210102,1422,185,96250.0
060371210103,848,207,71204.0
060371210104,2096,355,
060371210201,1994,231,82679.0
060371210202,1487,255,54492.0
060371211011,1508,99,82887.0
060371211012,1837,221,66349.0
060371211021,610,64,80000.0
060371211022,736,138,100398.0
060371211023,908,201,66838.0
060371212101,2112,575,72813.0
060371212102,1056,100,120294.0
060371212211,603,127,95735.0
060371212212,1444,201,86500.0
060371212221,1835,119,61338.0
060371212222,1139,28,46106.0
060371212223,2137,258,114762.0
060371216001,1884,251,90865.0
060371216002,720,146,133056.0
060371218011,2690,263,49129.0
060371218012,1612,85,51509.0
060371218021,1184,187,95703.0
060371218022,2008,288,100125.0
060371219001,1148,116,70339.0
060371219002,2181,200,57123.0
060371220001,2007,217,160061.0
060371220002,2352,566,74167.0
060371220003,967,65,101824.0
060371221201,1835,182,73173.0
060371221202,2552,479,65625.0
060371221211,1766,154,46161.0
060371221212,960,101,86250.0
060371221221,979,85,53750.0
060371221222,1583,188,41944.0
060371222001,1752,156,61607.0
060371222002,1873,191,79750.0
060371224101,3014,298,61823.0
060371224102,1069,36,72622.0
060371224201,1398,241,82625.0
060371224202,2005,140,76897.0
060371224203,1925,29,75964.0
060371230101,2360,264,51458.0
060371230102,1468,105,44688.0
060371230201,1679,180,83571.0
060371230202,1125,133,97000.0
060371231031,1351,212,105425.0
060371231032,2542,198,78456.0
060371231041,1069,105,85114.0
060371231042,1562,80,45268.0
060371231043,2069,260,92554.0
060371232031,1360,159,47250.0
060371232032,734,45,24756.0
060371232033,832,95,66215.0
060371232041,1379,92,70750.0
060371232042,1954,158,51500.0
060371232051,2121,127,96094.0
060371232052,713,101,34792.0
060371232061,2470,343,53036.0
060371233011,2422,481,75595.0
060371233012,1534,233,64625.0
060371233031,1045,194,72188.0
060371233032,1797,201,69808.0
060371233041,2420,572,64721.0
060371233042,905,146,56298.0
060371233043,1110,693,29306.0
060371234101,2166,378,36734.0
060371234102,1303,53,
060371234201,2764,282,53714.0
060371234202,778,74,62865.0
060371234203,911,83,73929.0
060371235101,2457,357,60030.0
060371235102,2195,335,40857.0
060371235201,2488,362,59643.0
060371236011,763,90,
060371236012,2156,454,66603.0
060371236013,2579,227,112798.0
060371236021,1577,385,56667.0
060371236022,875,52,117500.0
060371236023,647,211,57292.0
060371237001,658,155,111477.0
060371237002,922,176,98731.0
060371237003,901,216,54453.0
060371237004,1346,124,93167.0
060371238001,1323,205,
060371238002,2336,279,94675.0
060371238003,1893,394,75900.0
060371239011,2858,365,47898.0
060371239012,1511,250,104327.0
060371239021,1523,150,152875.0
060371239022,1235,68,71146.0
060371240001,976,271,50000.0
060371240002,1258,220,99732.0
060371240003,1516,315,
060371240004,752,234,136906.0
060371241021,1990,167,64853.0
060371241022,981,118,92153.0
060371241023,682,102,79297.0
060371241031,1891,194,70350.0
060371241041,1743,65,53388.0
060371241042,1034,281,61354.0
060371241051,980,101,69643.0
060371241052,1211,92,62011.0
060371242011,1645,117,74817.0
060371242012,1015,146,84769.0
060371242013,785,51,64018.0
060371242031,622,62,133472.0
060371242032,1441,125,77578.0
060371242041,1757,224,44450.0
060371242042,780,115,65000.0
060371243001,497,33,52688.0
060371243002,1311,141,96964.0
060371243003,1286,177,70250.0
060371244001,1072,152,120313.0
060371244002,1667,214,85680.0
060371244003,1731,164,107857.0
060371245001,1052,220,78409.0
060371245002,1676,343,77206.0
060371246001,568,179,109728.0
060371246002,958,66,88259.0
060371246003,1323,310,91563.0
060371247001,919,277,156641.0
060371247002,1062,224,103676.0
060371247003,2053,120,112125.0
060371247004,1217,244,105347.0
060371249021,2193,190,63599.0
060371249022,936,227,54824.0
060371249031,2818,319,90714.0
060371249032,1146,235,69886.0
060371251011,1248,137,70714.0
060371251012,2068,194,89132.0
060371251013,1149,46,66600.0
060371251021,1484,229,168194.0
060371251022,569,133,
060371252001,1786,99,85673.0
060371252002,1184,194,112222.0
060371252003,1233,123,72074.0
060371253101,838,164,94688.0
060371253102,723,66,85633.0
060371253103,670,41,
060371253104,898,0,85909.0
060371253105,1041,18,46440.0
060371253211,1766,167,65980.0
060371253212,1074,36,56667.0
060371253221,1340,454,
060371253222,750,64,70967.0
060371254021,1285,144,62188.0
060371254022,599,30,94044.0
060371254023,1937,69,93333.0
060371254031,1307,135,88510.0
060371254032,1287,7,85184.0
060371254041,3001,39,79967.0
060371255011,1647,126,65268.0
060371255012,1322,224,57083.0
060371255021,969,92,81964.0
060371255022,1620,382,63688.0
060371255023,1107,78,109238.0
060371256001,595,151,137292.0
060371256002,1288,217,106429.0
060371256003,1107,216,106250.0
060371271021,1162,235,68438.0
060371271022,1430,74,57750.0
060371271023,2700,224,65170.0
060371271031,3354,291,56071.0
060371271041,2329,198,65120.0
060371271042,1998,278,63867.0
060371272101,1256,119,63250.0
060371272102,1661,113,64500.0
060371272103,2517,434,71607.0
060371272201,2151,217,57554.0
060371272202,807,143,25236.0
060371272203,1792,348,45551.0
060371273001,2590,388,82159.0
060371273002,1711,174,74583.0
060371274001,494,25,72375.0
060371274002,1865,143,94574.0
060371274003,2159,231,57726.0
060371274004,1120,19,36792.0
060371275201,3368,398,56800.0
060371275202,1500,107,50373.0
060371276031,1657,82,61979.0
060371276032,1216,97,51875.0
060371276041,1096,401,38348.0
060371276042,2055,128,49720.0
060371276051,954,60,
060371276052,2728,155,72542.0
060371276061,888,113,66042.0
060371276062,2330,224,66595.0
060371277111,2655,232,71833.0
060371277112,576,114,125655.0
060371277121,1992,212,75145.0
060371277122,2055,143,56146.0
060371278031,2228,449,
060371278032,2774,258,80759.0
060371278041,1134,69,68864.0
060371278042,1582,237,56169.0
060371278043,1717,210,90650.0
060371278051,636,254,
060371278052,1752,198,46719.0
060371278053,1126,125,94821.0
060371278061,1787,172,79219.0
060371278062,467,55,46458.0
060371278063,1475,104,89608.0
060371279101,1849,228,125237.0
060371279102,3223,194,57659.0
060371279201,2659,268,64423.0
060371279202,1726,203,76875.0
060371281011,1880,161,65521.0
060371281012,943,172,99643.0
060371281021,2023,92,59360.0
060371281022,1833,163,57273.0
060371281023,1036,231,55795.0
060371282101,3591,280,48750.0
060371282102,1409,231,43255.0
060371282201,1370,171,62245.0
060371282202,1622,183,54274.0
060371283021,2502,321,70046.0
060371283022,2057,111,44451.0
060371283031,1170,33,51250.0
060371283032,2262,40,32566.0
060371284001,689,58,154292.0
060371284002,868,159,173594.0
060371284003,1460,139,110227.0
060371284004,1257,74,130765.0
060371285001,855,178,110380.0
060371285002,1365,216,
060371285003,1012,99,104735.0
060371285004,1169,168,141389.0
060371286011,1260,117,74205.0
060371286012,2318,99,66721.0
060371286013,1264,76,95833.0
060371286021,824,192,102396.0
060371286022,710,110,76875.0
060371286023,1153,206,
060371287031,2161,538,90925.0
060371287032,1415,133,146250.0
060371287041,1304,169,132768.0
060371287042,1024,176,
060371288011,1530,87,61118.0
060371288012,2334,330,126699.0
060371288021,1161,283,143026.0
060371288022,1376,201,95781.0
060371288023,1780,399,87793.0
060371289101,2005,199,132885.0
060371289102,1114,151,90855.0
060371289103,1409,275,89935.0
060371310211,1794,137,38704.0
060371310212,1443,167,89271.0
060371310221,1105,61,46678.0
060371310222,1772,268,67798.0
060371310231,2655,292,74954.0
060371310241,1271,138,91250.0
060371310242,2623,491,97083.0
060371311001,1243,188,105833.0
060371311002,772,158,138008.0
060371311003,1002,100,100731.0
060371312001,1329,265,175250.0
060371312002,1395,157,
060371312003,957,162,125650.0
060371313001,1068,178,115469.0
060371313002,777,147,71492.0
060371313003,2471,277,96563.0
060371314001,2068,447,82344.0
060371314002,1199,196,138056.0
060371314003,2628,257,107837.0
060371316001,1629,197,100417.0
060371316002,1002,164,109861.0
060371316003,1302,397,84036.0
060371316004,1009,66,58194.0
060371317011,2457,341,89063.0
060371317012,2420,430,64338.0
060371317021,2598,424,63214.0
060371317022,1071,65,87973.0
060371318011,2879,359,60185.0
060371318021,1359,126,91130.0
060371318022,978,129,156313.0
060371319001,784,172,118011.0
060371319002,908,111,131724.0
060371319003,1052,109,157639.0
060371319004,1215,257,164573.0
060371320011,1027,330,141375.0
060371320012,472,46,125988.0
060371320013,1215,172,85893.0
060371320021,1654,29,75852.0
060371320022,932,124,123409.0
060371320023,999,226,112344.0
060371321011,1260,108,125750.0
060371321012,1701,17,
060371321013,1152,138,102094.0
060371321021,957,88,
060371321022,902,213,76146.0
060371321023,3134,644,67368.0
060371323011,1975,408,46974.0
060371323012,1641,94,84300.0
060371323021,1560,119,127480.0
060371323022,1616,272,69814.0
060371325011,2250,205,91511.0
060371325012,2408,771,88295.0
060371325021,2153,441,72109.0
060371325022,1245,415,43179.0
060371327001,1135,466,130317.0
060371327002,1975,132,43110.0
060371327003,1812,322,183482.0
060371329001,1179,209,215625.0
060371329002,2698,413,85741.0
060371330001,1463,227,83716.0
060371330002,2031,342,116444.0
060371330003,602,187,96875.0
060371331011,773,85,175703.0
060371331012,936,187,75234.0
060371331021,2628,683,73611.0
060371331022,1298,133,57500.0
060371340011,1000,125,131471.0
060371340012,2457,61,79273.0
060371340021,988,266,
060371340022,3036,294,73231.0
060371341011,1703,197,93250.0
060371341012,2957,393,85556.0
060371341031,2155,492,37418.0
060371341032,2017,597,116719.0
060371341041,2171,404,73987.0
060371341042,1905,286,70179.0
060371342011,1065,188,99602.0
060371342012,565,123,73861.0
060371342013,2432,145,101207.0
060371343021,1382,223,88021.0
060371343022,1549,349,165250.0
060371343023,1480,188,144258.0
060371343031,472,74,
060371343032,1400,245,86750.0
060371343033,1667,392,128083.0
060371343034,1916,362,158636.0
060371343041,1193,407,45742.0
060371343042,1670,258,111750.0
060371343051,1493,214,73393.0
060371343052,688,30,58750.0
060371343053,1512,140,47582.0
060371343061,1673,389,54697.0
060371343062,2026,315,49870.0
060371344211,1865,319,129497.0
060371344212,1433,287,122440.0
060371344213,1103,256,167750.0
060371344221,1066,274,152759.0
060371344222,4013,795,179643.0
060371344231,1669,302,210625.0
060371344232,1748,702,
060371344241,1622,386,154768.0
060371344242,1213,359,116111.0
060371345201,1490,13,55174.0
060371345202,1190,281,45378.0
060371345203,2498,245,67708.0
060371345211,1325,76,54904.0
060371345212,1411,88,48450.0
060371345221,1009,34,82708.0
060371345222,1732,23,45348.0
060371345223,1780,167,58995.0
060371347101,2509,256,55682.0
060371347102,1486,30,57833.0
060371347103,1309,113,53125.0
060371347201,1832,225,156296.0
060371347202,1922,120,66354.0
060371347203,1791,178,89856.0
060371348011,1601,230,99224.0
060371348012,1350,245,84342.0
060371348021,1665,244,74934.0
060371348022,1458,203,82266.0
060371349011,1026,202,57054.0
060371349012,984,146,91765.0
060371349013,459,130,148750.0
060371349041,1214,175,142596.0
060371349042,1592,124,50781.0
060371349043,2060,273,141429.0
060371349051,4672,172,92695.0
060371349052,1374,139,120978.0
060371349061,1163,75,70972.0
060371349062,1770,142,88815.0
060371349071,1202,0,70148.0
060371349072,2652,0,101769.0
060371351021,1274,214,139766.0
060371351022,1159,295,134250.0
060371351023,1415,339,154942.0
060371351111,1671,397,89419.0
060371351112,806,68,124450.0
060371351113,1330,60,101061.0
060371351131,1429,223,84593.0
060371351132,1551,83,177816.0
060371351151,1827,294,100539.0
060371351152,2094,74,99444.0
060371351161,759,105,
060371351162,748,440,19375.0
060371352011,2174,221,127813.0
060371352012,825,183,133333.0
060371352021,1483,112,93194.0
060371352022,1536,237,168688.0
060371352023,1726,269,159946.0
060371352041,1589,318,103125.0
060371352042,1137,132,129345.0
060371352043,1939,185,136362.0
060371352051,1048,279,158250.0
060371352052,826,214,102853.0
060371370001,2066,451,184886.0
060371370002,2757,880,94846.0
060371371031,1094,277,158837.0
060371371032,1321,294,55581.0
060371371033,1351,133,84234.0
060371371034,1334,332,82150.0
060371371041,1133,286,120755.0
060371371042,1100,351,103774.0
060371372021,351,85,95057.0
060371372022,2075,209,63815.0
060371372023,942,121,
060371372031,641,79,86458.0
060371372032,1954,283,160972.0
060371373011,2182,399,188857.0
060371373021,1742,437,164100.0
060371373022,2822,664,187292.0
060371374011,1101,107,95781.0
060371374012,1339,247,152880.0
060371374013,2233,268,214583.0
060371374021,1737,631,99036.0
060371374022,1438,183,207568.0
060371374023,2730,282,173089.0
060371375011,942,217,78892.0
060371375012,2778,374,87019.0
060371375013,1775,190,120091.0
060371375021,1102,262,143393.0
060371375022,1946,325,132695.0
060371375023,1534,294,147143.0
060371375041,1889,427,208750.0
060371380001,1617,376,144740.0
060371380002,1002,348,118816.0
060371380003,2158,360,159013.0
060371390011,1259,303,134357.0
060371390012,1581,185,101985.0
060371390013,1431,218,113565.0
060371390014,1244,46,125461.0
060371392001,1264,293,172138.0
060371392002,1217,238,94552.0
060371392003,904,166,80807.0
060371392004,2373,475,95817.0
060371393011,1370,231,175493.0
060371393012,696,106,183698.0
060371393013,2071,408,149524.0
060371393021,2025,291,74750.0
060371393022,1804,155,94666.0
060371393023,1172,74,84384.0
060371393031,1598,430,73500.0
060371393032,1238,146,56006.0
060371393033,1971,455,63191.0
060371394011,650,283,110982.0
060371394012,1781,266,80746.0
060371394021,1012,291,194028.0
060371394022,1034,260,195625.0
060371394023,788,181,126042.0
060371395021,2076,300,109635.0
060371395022,1239,174,174231.0
060371395041,2521,561,59803.0
060371395042,1243,169,55125.0
060371395051,1057,360,68194.0
060371395052,1455,225,43677.0
060371395061,1147,393,53366.0
060371395062,1962,296,71142.0
060371396001,2362,575,131025.0
060371396002,1918,379,78448.0
060371396003,884,206,108611.0
060371397011,565,58,
060371397012,2034,272,193068.0
060371397013,1184,663,202768.0
060371397014,1207,386,
060371397015,645,106,152235.0
060371397031,2554,724,240083.0
060371397041,2871,586,136913.0
060371397051,1378,288,228125.0
060371397052,1430,421,250001.0
060371397053,1203,309,250001.0
060371398011,1226,252,227500.0
060371398012,2288,556,168056.0
060371398021,1735,376,237750.0
060371398022,2097,563,187069.0
060371411011,1678,191,150000.0
060371411012,1948,119,78553.0
060371411013,1065,103,64789.0
060371411021,991,172,65100.0
060371411022,1968,214,124750.0
060371412011,1765,133,109432.0
060371412012,1542,38,75119.0
060371412013,647,118,96250.0
060371412021,739,143,216316.0
060371412022,1496,287,106326.0
060371412023,876,115,148906.0
060371413031,1656,143,83719.0
060371413032,1399,210,87264.0
060371413041,1804,373,109716.0
060371413042,1143,138,113220.0
060371413051,1738,159,102331.0
060371413052,1175,141,113300.0
060371413061,1190,78,118169.0
060371413062,2032,226,96702.0
060371414001,1728,295,108659.0
060371414002,1535,265,175859.0
060371414003,1758,252,111250.0
060371415001,2887,709,215272.0
060371416001,1496,317,133594.0
060371416002,1200,287,250001.0
060371416003,1339,283,250001.0
060371417001,828,245,250001.0
060371417002,1623,303,220781.0
060371417003,635,112,250001.0
060371431011,846,315,101094.0
060371431012,1370,174,106971.0
060371431021,2174,170,107647.0
060371432001,2174,124,68047.0
060371432002,934,46,85298.0
060371432003,1107,96,109783.0
060371433011,570,105,111250.0
060371433012,2703,261,86364.0
060371433021,567,98,136026.0
060371433022,1479,323,104778.0
060371433023,1255,257,97007.0
060371434011,2878,535,164688.0
060371434012,800,179,99222.0
060371434013,1622,173,114058.0
060371434021,1714,151,185431.0
060371434022,245,58,73583.0
060371435001,1196,169,215114.0
060371435002,1186,124,250001.0
060371435003,1718,369,96719.0
060371435004,1225,212,161691.0
060371436021,917,134,107604.0
060371436022,2648,593,106368.0
060371436023,1251,184,101850.0
060371436031,1784,190,84414.0
060371436032,668,76,
060371436051,1899,31,112716.0
060371436061,1759,92,99750.0
060371437001,1111,176,132465.0
060371437002,1063,285,214500.0
060371437003,1206,121,176506.0
060371438011,2008,202,163229.0
060371438012,1193,322,231989.0
060371438021,720,96,113241.0
060371438022,1553,540,192614.0
060371439011,951,198,
060371439012,1633,241,237981.0
060371439013,1471,331,212000.0
060371439021,1662,226,133947.0
060371439022,1505,357,250001.0
060371810001,719,162,97875.0
060371810002,1412,427,143183.0
060371810003,895,116,111600.0
060371810004,758,121,183026.0
060371810005,1804,236,207313.0
060371813001,1341,227,102292.0
060371813002,838,110,
060371813003,1874,401,157614.0
060371814001,1358,239,97312.0
060371814002,1409,174,132212.0
060371814003,1696,261,106169.0
060371815001,1084,379,135703.0
060371815002,1626,125,52772.0
060371815003,1304,372,162303.0
060371816001,2569,153,103333.0
060371816002,1639,181,113947.0
060371831011,602,114,
060371831012,1241,182,139844.0
060371831013,1119,275,84432.0
060371831031,2502,256,117672.0
060371831032,1922,176,83517.0
060371831041,1940,426,101563.0
060371832201,540,141,145455.0
060371832202,1170,230,94233.0
060371832203,1244,83,129293.0
060371832211,560,86,134063.0
060371832212,2632,274,93333.0
060371832221,887,204,88788.0
060371832222,1452,474,91875.0
060371832223,1120,153,144519.0
060371833001,928,114,91764.0
060371833002,1032,86,
060371833003,1180,254,79828.0
060371834011,1683,321,110096.0
060371834012,909,169,94868.0
060371834021,1116,109,132596.0
060371834022,2059,265,96058.0
060371835101,976,122,100313.0
060371835102,1456,233,114676.0
060371835201,1491,136,66205.0
060371835202,2001,326,67279.0
060371836101,991,201,109583.0
060371836102,1835,171,78292.0
060371836201,2502,239,107558.0
060371836202,565,119,144500.0
060371837011,1112,107,84519.0
060371837012,1031,213,49716.0
060371837013,1302,105,63102.0
060371837021,1981,197,105491.0
060371837022,1026,264,94028.0
060371838101,1795,238,50439.0
060371838102,2344,238,94946.0
060371838201,1939,91,76326.0
060371838202,1634,118,98902.0
060371851011,847,167,58516.0
060371851012,1561,377,83542.0
060371851021,1287,287,91439.0
060371851022,2216,261,177994.0
060371852021,1059,70,231833.0
060371852022,2023,233,99318.0
060371852023,1017,145,69412.0
060371852031,1170,152,58553.0
060371852032,1327,107,96645.0
060371852041,1394,306,121625.0
060371852042,494,77,145938.0
060371853101,1200,288,75765.0
060371853102,1671,92,93798.0
060371853201,1692,207,65952.0
060371853202,1179,113,55938.0
060371861001,857,111,107639.0
060371861002,1272,127,97198.0
060371861003,1701,277,106579.0
060371861004,803,166,101458.0
060371862011,932,300,72159.0
060371862012,2442,421,82158.0
060371862021,592,132,125536.0
060371862022,1216,122,88450.0
060371862031,1478,156,156250.0
060371862032,1275,223,135710.0
060371863011,1036,157,116023.0
060371863012,699,46,39527.0
060371863013,994,84,65341.0
060371863021,1478,297,124167.0
060371863022,1452,396,88563.0
060371863023,1789,175,89083.0
060371864011,2098,126,58750.0
060371864012,850,178,66406.0
060371864031,1211,178,123269.0
060371864032,1322,229,94896.0
060371864041,1463,176,84250.0
060371864042,1065,26,86250.0
060371871011,1221,195,96006.0
060371871012,1893,378,82292.0
060371871021,1195,157,141328.0
060371871022,3299,555,66090.0
060371872001,1512,350,77171.0
060371872002,1396,87,95500.0
060371873001,1872,117,127750.0
060371873002,1948,352,95400.0
060371881001,1752,212,81546.0
060371881002,917,113,92500.0
060371881003,1087,363,
060371882011,1384,95,74438.0
060371882012,568,53,105667.0
060371882013,887,170,107381.0
060371882021,1254,114,119063.0
060371882022,973,281,248854.0
060371882023,816,153,198333.0
060371883001,839,147,118508.0
060371883002,1292,312,120417.0
060371883003,1097,227,130976.0
060371891011,1109,204,104886.0
060371891012,653,92,79244.0
060371891013,699,54,100536.0
060371891021,1366,298,173929.0
060371891022,985,122,98839.0
060371891023,1446,77,114286.0
060371892011,1584,319,70714.0
060371892012,1195,119,73375.0
060371892021,1036,176,202461.0
060371892022,687,73,164083.0
060371892023,1444,156,125590.0
060371893001,1014,169,183056.0
060371893002,1118,276,134688.0
060371893003,622,118,247723.0
060371894001,1358,216,156065.0
060371894002,509,105,120250.0
060371894003,1144,79,101250.0
060371895011,739,152,85781.0
060371895012,1475,145,88235.0
060371895021,1008,240,34167.0
060371895022,834,36,77447.0
060371896001,1678,207,82969.0
060371896002,862,79,72614.0
060371896003,1118,110,162262.0
060371897021,895,169,
060371897022,1498,270,73173.0
060371897031,995,167,181750.0
060371897032,998,124,59167.0
060371897041,562,58,232188.0
060371897042,1537,264,112292.0
060371898011,1376,147,66750.0
060371898012,816,202,83319.0
060371898021,1121,234,121389.0
060371898022,858,177,98958.0
060371899031,803,74,89286.0
060371899032,1388,212,96046.0
060371899041,1458,130,41156.0
060371899042,974,45,73455.0
060371899051,1074,257,83551.0
060371899052,1347,177,74479.0
060371899061,1337,28,126679.0
060371899062,1154,141,84545.0
060371899071,1454,46,94638.0
060371899072,1089,128,71784.0
060371901011,946,42,47434.0
060371901012,653,58,39805.0
060371901021,1397,110,87668.0
060371901022,852,23,79254.0
060371902011,2119,215,38077.0
060371902012,1554,17,54712.0
060371902021,785,210,35105.0
060371902022,980,40,52331.0
060371902023,955,313,60724.0
060371903021,1416,202,52397.0
060371903022,1295,273,115614.0
060371903031,1827,220,
060371903032,717,59,42292.0
060371904011,1024,214,59524.0
060371904012,1107,308,46094.0
060371904013,653,39,74896.0
060371904021,1548,133,83674.0
060371904022,871,156,56250.0
060371905101,2559,231,41786.0
060371905102,1325,109,56023.0
060371905201,1133,166,66447.0
060371905202,2329,384,50313.0
060371907011,705,185,44100.0
060371907012,938,115,71806.0
060371907021,807,84,70573.0
060371907022,605,71,72039.0
060371908011,1757,183,62990.0
060371908012,1316,482,26818.0
060371908021,1684,196,71488.0
060371908022,755,40,123219.0
060371908023,534,35,
060371909011,456,91,
060371909012,1594,72,34630.0
060371909013,1370,224,62206.0
060371909021,1630,151,86250.0
060371909022,1695,188,57589.0
060371909023,600,44,63611.0
060371910001,1010,102,65307.0
060371910002,2151,202,39628.0
060371910003,2174,79,
060371911101,2656,928,42891.0
060371911102,1152,276,70813.0
060371911201,1931,306,44659.0
060371911202,1845,341,53650.0
060371912011,2068,439,46133.0
060371912012,3654,870,38634.0
060371912031,1350,202,33375.0
060371912032,660,216,83750.0
060371912041,1532,313,70525.0
060371913011,1130,177,96500.0
060371913012,947,222,39773.0
060371913021,755,95,69706.0
060371913022,1070,141,47243.0
060371914101,1564,328,55068.0
060371914102,1799,88,50430.0
060371914201,2297,73,70278.0
060371914202,768,218,74659.0
060371915001,1179,201,88589.0
060371915002,1787,289,63958.0
060371915003,2525,163,67384.0
060371916101,1731,235,51792.0
060371916102,1922,219,60282.0
060371916201,2773,419,59896.0
060371917101,756,180,39583.0
060371917102,1813,363,29011.0
060371917201,1674,167,51711.0
060371917202,1734,192,41379.0
060371918101,826,63,68271.0
060371918102,993,110,56076.0
060371918103,961,89,100134.0
060371918201,1886,131,135308.0
060371918202,957,139,48750.0
060371918203,934,73,58000.0
060371919011,1793,79,60192.0
060371919012,2516,45,71458.0
060371919021,1501,173,85705.0
060371919022,1312,283,116786.0
060371920011,652,187,86055.0
060371920012,1515,208,114231.0
060371920021,604,67,
060371920022,1052,231,113631.0
060371920023,955,148,142674.0
060371923001,932,128,
060371923002,705,155,95076.0
060371923003,1005,190,66758.0
060371924101,1064,232,100714.0
060371924102,1015,76,99358.0
060371924103,993,53,250001.0
060371924104,1213,145,250001.0
060371924201,1505,153,81553.0
060371924202,1855,304,65909.0
060371925101,1693,299,59688.0
060371925102,2298,177,65784.0
060371925201,3298,227,62000.0
060371925202,1586,225,67132.0
060371926101,1342,286,41950.0
060371926102,847,112,52759.0
060371926103,1917,136,49332.0
060371926201,1789,143,49906.0
060371926202,1573,261,58167.0
060371927001,1411,133,74111.0
060371927002,1659,251,55670.0
060371941011,884,251,93750.0
060371941012,2389,443,98194.0
060371941021,1034,152,191544.0
060371941022,969,136,213068.0
060371941023,501,149,158068.0
060371942001,950,152,177750.0
060371942002,942,259,250001.0
060371942003,1486,152,151136.0
060371943001,934,263,250001.0
060371943002,1011,230,250001.0
060371943003,942,179,152823.0
060371944011,1554,220,105313.0
060371944012,1059,169,102545.0
060371944021,944,116,111169.0
060371944022,1186,58,113611.0
060371944023,941,311,138309.0
060371945001,799,176,86607.0
060371945002,1317,180,194485.0
060371951001,1203,175,119444.0
060371951002,595,244,
060371951003,1592,177,215177.0
060371951004,1586,184,187619.0
060371952011,1498,214,117500.0
060371952012,1315,280,126731.0
060371952021,745,146,167813.0
060371952022,1347,100,228175.0
060371952023,1257,119,159292.0
060371953001,583,84,71458.0
060371953002,1184,141,111650.0
060371953003,1209,91,103864.0
060371954001,916,47,250001.0
060371954002,898,152,55330.0
060371954003,810,153,154375.0
060371954004,1724,152,112543.0
060371955001,1851,251,133629.0
060371955002,1105,96,136450.0
060371955003,1215,143,76628.0
060371955004,967,170,
060371956001,331,24,36250.0
060371956002,791,273,60964.0
060371956003,582,78,122639.0
060371956004,1117,39,98179.0
060371957101,1122,85,72008.0
060371957102,1579,309,51161.0
060371957103,1573,157,51375.0
060371957201,876,214,75982.0
060371957202,818,111,78611.0
060371958021,1193,146,96926.0
060371958022,1672,331,85357.0
060371958031,1342,212,109955.0
060371958032,986,113,76691.0
060371958041,938,233,69250.0
060371958042,1617,103,105469.0
060371959011,2566,433,90417.0
060371959021,945,63,146042.0
060371959022,902,69,123750.0
060371959031,1253,192,90216.0
060371959032,717,14,94750.0
060371972001,1623,282,115096.0
060371972002,1382,245,91328.0
060371972003,634,114,117868.0
060371973001,1584,193,87813.0
060371973002,922,198,109620.0
060371973003,1228,170,123438.0
060371974101,1447,265,97214.0
060371974102,1355,98,79779.0
060371974103,1003,114,128988.0
060371974201,1798,100,89764.0
060371974202,1823,194,106932.0
060371975001,1559,254,68021.0
060371975002,1261,31,78125.0
060371975003,1172,67,114435.0
060371976001,430,48,78417.0
060371976002,1650,207,101000.0
060371977001,2102,276,57896.0
060371977002,888,200,81075.0
060371977003,1790,285,62243.0
060371990011,2307,218,51917.0
060371990021,941,123,51316.0
060371990022,1925,211,72639.0
060371991101,960,121,81852.0
060371991102,1409,309,67984.0
060371991201,2390,457,36602.0
060371991202,1314,150,60000.0
060371992011,514,110,94063.0
060371992012,1671,341,86477.0
060371992013,1407,167,36711.0
060371992021,957,206,98167.0
060371992022,1493,298,82431.0
060371993001,1178,301,141141.0
060371993002,2661,488,96286.0
060371994001,754,210,
060371994002,1501,108,44817.0
060371994003,2118,253,41442.0
060371997001,1034,258,80341.0
060371997002,1902,289,47422.0
060371998011,2271,159,84659.0
060371998012,1571,111,50850.0
060371998021,974,107,69732.0
060371998022,1001,195,45938.0
060371999001,1468,305,42353.0
060371999002,827,133,40341.0
060372011101,876,172,98889.0
060372011102,1403,232,97292.0
060372011201,1843,186,69688.0
060372011202,1218,146,127941.0
060372011203,782,76,133424.0
060372012001,2677,278,93309.0
060372013011,1509,460,72212.0
060372013012,1894,245,159420.0
060372013021,1222,639,97798.0
060372013022,1263,313,129750.0
060372013023,1598,358,120000.0
060372014011,2620,407,52330.0
060372014012,1557,117,67625.0
060372014021,2369,559,79750.0
060372014022,780,170,
060372014023,964,178,83854.0
060372015011,1234,123,93261.0
060372015012,931,154,79413.0
060372015013,1455,221,81146.0
060372015014,1848,455,95319.0
060372015031,1607,268,60536.0
060372015032,1526,120,74479.0
060372015041,2063,363,104750.0
060372016011,2310,388,68594.0
060372016021,794,188,68203.0
060372016022,1373,272,100855.0
060372016023,599,49,97153.0
060372017001,2136,216,95208.0
060372017002,1419,122,83669.0
060372017003,1573,345,55900.0
060372031001,1005,37,64444.0
060372031002,1760,71,84250.0
060372031003,1537,305,28804.0
060372032001,1401,199,54896.0
060372032002,2595,124,49609.0
060372032003,999,121,61774.0
060372033001,2105,160,42066.0
060372035001,781,61,55645.0
060372035002,1346,253,62000.0
060372035003,704,64,48490.0
060372036011,1090,165,38229.0
060372036012,1574,213,39286.0
060372036021,1964,267,74536.0
060372037101,2098,175,79750.0
060372037102,1359,142,78011.0
060372037201,2031,226,64474.0
060372037202,1525,204,71500.0
060372038001,988,136,
060372038002,1298,136,
060372038003,1387,135,87366.0
060372038004,1144,150,47212.0
060372039001,970,87,75170.0
060372039002,1869,275,88304.0
060372041101,1010,93,74866.0
060372041102,488,147,
060372041103,1365,128,60417.0
060372041201,1188,132,89031.0
060372041202,1292,141,80917.0
060372042001,1883,114,49076.0
060372042002,1434,131,44844.0
060372043001,2762,445,75023.0
060372043002,500,47,47688.0
060372043003,1611,446,41316.0
060372044101,1283,108,39492.0
060372044102,1184,316,
060372044201,2191,182,46071.0
060372044202,910,48,66042.0
060372046001,2203,324,50625.0
060372046002,1751,165,67159.0
060372047001,1969,214,74236.0
060372047002,1171,99,72014.0
060372047003,1384,136,76615.0
060372048101,2412,298,60905.0
060372048102,703,78,91250.0
060372048103,1817,242,45125.0
060372048201,1033,40,77273.0
060372048202,1033,229,59313.0
060372049101,1918,269,46204.0
060372049102,1438,310,62422.0
060372049201,1667,277,78438.0
060372049202,792,129,61500.0
060372051101,2625,125,56500.0
060372051102,1065,33,49375.0
060372051201,2501,270,28027.0
060372051202,908,110,30341.0
060372060101,2231,286,87188.0
060372060102,1259,131,19680.0
060372060201,8179,110,148661.0
060372060501,2290,489,48491.0
060372060511,558,41,155927.0
060372060512,977,93,157704.0
060372060521,3153,84,107208.0
060372060531,794,189,56683.0
060372060532,2263,340,30200.0
060372060541,2456,234,43125.0
060372062011,443,85,14674.0
060372062012,1684,236,102796.0
060372062021,1711,867,22668.0
060372063011,1991,438,13831.0
060372063021,1432,97,
060372063022,472,97,8125.0
060372063031,2430,391,11542.0
060372071011,1929,590,28774.0
060372071012,1923,0,96838.0
060372071021,3340,603,60227.0
060372071031,964,113,100882.0
060372071032,1148,378,23167.0
060372073031,1390,228,56278.0
060372073032,969,114,25848.0
060372073041,1058,302,12959.0
060372073042,1300,0,
060372073051,959,14,64196.0
060372073061,1146,182,46341.0
060372073062,1079,50,
060372073071,1439,83,
060372073081,1229,41,96098.0
060372074001,2273,138,85455.0
060372075011,1489,195,132396.0
060372075012,617,12,85242.0
060372075021,1584,828,14792.0
060372075022,2322,804,
060372077111,2627,57,141364.0
060372077121,3633,734,64491.0
060372077122,1294,29,93487.0
060372079011,1548,438,
060372079012,2253,107,89303.0
060372079021,5996,86,109266.0
060372079022,1358,99,96645.0
060372080011,2581,14,90564.0
060372080021,1635,153,41157.0
060372080022,2406,281,79107.0
060372083011,1693,109,42548.0
060372083021,710,179,70366.0
060372083022,1048,153,93703.0
060372083023,2957,292,37813.0
060372084011,1796,233,34375.0
060372084012,2056,342,44331.0
060372084021,1249,169,74545.0
060372084022,1267,139,83500.0
060372085011,1085,131,76029.0
060372085012,1373,246,87574.0
060372085021,1139,132,67083.0
060372085022,1312,251,32759.0
060372085023,1350,162,49310.0
060372086101,1808,238,88438.0
060372086102,2469,253,66314.0
060372086201,942,110,58219.0
060372086202,1429,83,54236.0
060372086203,1629,216,78789.0
060372087101,2709,424,61792.0
060372087102,2186,406,64580.0
060372087201,2084,168,34342.0
060372087202,1322,131,37702.0
060372088011,1992,571,36276.0
060372088012,1376,82,43382.0
060372088021,1780,223,56020.0
060372088022,992,126,27308.0
060372089021,1436,108,36786.0
060372089022,963,5,39551.0
060372089031,2858,130,48942.0
060372089032,961,196,45729.0
060372089041,1808,446,20608.0
060372089042,1782,129,34362.0
060372091031,1233,182,26825.0
060372091032,1993,45,37257.0
060372091041,2567,336,39000.0
060372091051,3153,252,34092.0
060372091061,2101,350,36411.0
060372092011,3298,200,73599.0
060372092021,1410,53,38443.0
060372093001,1643,211,26389.0
060372093002,1989,0,25152.0
060372093003,1302,33,57813.0
060372094011,2359,443,47895.0
060372094012,1330,416,19282.0
060372094021,1748,245,49303.0
060372094022,2354,91,39148.0
060372094031,1759,466,31528.0
060372094032,2962,383,32850.0
060372095101,871,201,36806.0
060372095102,1785,167,43482.0
060372095201,1456,135,41300.0
060372095202,917,62,62614.0
060372098101,1183,314,48235.0
060372098102,1495,264,32596.0
060372098201,1507,178,68819.0
060372098202,991,103,29821.0
060372100101,1430,184,20474.0
060372100102,910,87,51458.0
060372100103,852,219,24406.0
060372110001,781,162,134375.0
060372110002,471,172,250001.0
060372110003,647,132,138036.0
060372110004,1804,154,131250.0
060372110005,1610,433,250001.0
060372111211,1125,154,79340.0
060372111212,1193,150,56750.0
060372111221,717,118,37000.0
060372111222,1928,70,56094.0
060372111231,1816,238,80568.0
060372111241,1308,144,41429.0
060372111242,1395,71,64297.0
060372111243,1584,376,74592.0
060372112011,636,59,59227.0
060372112012,2058,253,66635.0
060372112021,2254,281,51627.0
060372113101,1285,120,50000.0
060372113102,2199,164,45262.0
060372113201,791,83,39167.0
060372113202,2462,216,61190.0
060372114101,2368,431,48569.0
060372114102,545,111,57375.0
060372114201,2316,329,61875.0
060372114202,1179,132,56181.0
060372115001,897,94,100199.0
060372115002,1889,269,63036.0
060372115003,1071,212,130500.0
060372117011,1195,193,81964.0
060372117012,975,318,101607.0
060372117013,611,122,91424.0
060372117031,2344,93,60089.0
060372117032,2220,429,59601.0
060372117041,1044,286,56250.0
060372117042,1624,330,54410.0
060372118021,2056,364,35688.0
060372118022,1629,176,52114.0
060372118023,763,61,52226.0
060372118031,1427,158,41210.0
060372118032,2208,93,69781.0
060372118041,768,83,66544.0
060372118042,2426,312,48444.0
060372119101,1114,148,46719.0
060372119102,1508,111,47448.0
060372119103,1329,54,67164.0
060372119211,2001,165,42071.0
060372119221,1273,54,51815.0
060372119222,2080,133,51786.0
060372121011,1146,79,62308.0
060372121012,1595,156,44538.0
060372121021,689,340,32464.0
060372121022,2266,83,40909.0
060372122021,2176,205,47279.0
060372122022,1500,105,60489.0
060372122031,1329,12,86103.0
060372122032,1617,466,26648.0
060372122041,1605,102,60469.0
060372122042,2115,211,32367.0
060372123031,1857,0,30143.0
060372123032,1981,75,49264.0
060372123041,1781,151,47500.0
060372123051,2711,214,49400.0
060372123061,1304,125,42417.0
060372123062,1512,123,58854.0
060372124101,1064,80,113047.0
060372124102,1285,97,37344.0
060372124103,1877,113,42250.0
060372124201,1650,151,51866.0
060372124202,1011,129,57132.0
060372125011,1890,148,55625.0
060372125021,1748,245,94180.0
060372125022,1534,198,55774.0
060372126101,2104,479,69136.0
060372126102,2107,172,71402.0
060372126201,1691,190,30208.0
060372126202,2127,372,55455.0
060372127011,2317,600,78370.0
060372127021,1707,259,100972.0
060372127022,1099,327,48977.0
060372127023,583,134,244286.0
060372128001,1670,282,125833.0
060372128002,1045,255,77727.0
060372128003,671,189,
060372129001,1256,154,85729.0
060372129002,2428,351,41853.0
060372131001,1790,240,51429.0
060372131002,1000,195,71917.0
060372132011,1425,167,44647.0
060372132012,1434,335,40365.0
060372132013,1220,82,39315.0
060372132021,1479,189,69500.0
060372132022,2196,220,53839.0
060372133101,1462,266,57422.0
060372133102,1057,126,64464.0
060372133201,1409,256,37946.0
060372133202,1062,369,36500.0
060372134011,1864,272,51111.0
060372134012,1397,103,49659.0
060372134013,1312,94,58466.0
060372134021,2277,213,60008.0
060372134022,804,101,55000.0
060372134023,1396,232,31027.0
060372140001,1007,76,210893.0
060372140002,577,208,87857.0
060372140003,1272,181,148182.0
060372140004,1094,155,125865.0
060372141001,1030,174,98286.0
060372141002,1014,184,250001.0
060372141003,517,74,
060372141004,1226,291,175250.0
060372144001,1159,42,91250.0
060372144002,1048,18,100179.0
060372144003,801,50,130769.0
060372145011,375,27,107639.0
060372145012,1567,32,135394.0
060372145013,1535,226,88750.0
060372145031,1170,68,83036.0
060372145032,1842,322,93934.0
060372145033,501,107,92837.0
060372145041,1578,55,116985.0
060372145042,2031,157,102843.0
060372145051,1581,147,85147.0
060372146001,741,95,98333.0
060372146002,615,190,127109.0
060372146003,910,96,119125.0
060372147001,890,182,168333.0
060372147002,1048,154,116019.0
060372147003,579,163,130481.0
060372148001,1713,228,93313.0
060372148002,463,110,145257.0
060372148003,704,230,102740.0
060372149021,795,126,105846.0
060372149022,1774,262,119148.0
060372149031,654,111,81912.0
060372149032,914,295,
060372149041,1050,128,151842.0
060372149042,409,26,98409.0
060372151011,1941,61,117692.0
060372151012,1083,59,66005.0
060372151021,1464,27,104643.0
060372151022,499,20,111250.0
060372151023,1359,43,83750.0
060372161001,734,253,171535.0
060372161002,1015,159,175313.0
060372161003,644,22,91406.0
060372162011,1281,145,104750.0
060372162012,1310,40,113776.0
060372162021,1128,86,103550.0
060372162022,1397,213,77353.0
060372163011,1414,546,97282.0
060372163021,1617,127,103774.0
060372163022,1541,404,83750.0
060372164011,1654,87,92202.0
060372164012,769,196,110375.0
060372164013,1237,200,96985.0
060372164021,1409,293,105577.0
060372164022,1254,134,98192.0
060372167001,1456,241,84844.0
060372167002,980,143,141087.0
060372167003,1005,193,137961.0
060372168001,853,59,129179.0
060372168002,1149,133,118500.0
060372168003,645,90,125694.0
060372168004,686,49,112292.0
060372169011,928,250,98971.0
060372169012,761,230,179891.0
060372169013,1110,159,98917.0
060372169021,578,84,85625.0
060372169022,1623,290,69375.0
060372170011,1102,162,191071.0
060372170012,1029,113,103621.0
060372170013,646,101,136042.0
060372170021,1754,355,102763.0
060372170022,1834,72,91662.0
060372170023,1364,275,179286.0
060372171011,724,24,
060372171012,1950,146,128056.0
060372171021,1338,170,
060372171022,420,35,167250.0
060372171023,1015,237,106875.0
060372172001,711,149,
060372172002,680,41,113654.0
060372172003,773,139,70357.0
060372172004,1812,434,
060372181101,2214,324,40446.0
060372181102,953,75,77656.0
060372181201,2326,329,47026.0
060372181202,799,85,
060372181203,446,91,56827.0
060372182101,1305,54,56250.0
060372182102,1361,294,56905.0
060372182103,1458,15,59308.0
060372182201,1177,221,85987.0
060372182202,2331,372,77667.0
060372182203,534,45,45714.0
060372183001,1324,75,81034.0
060372183002,536,67,37034.0
060372183003,539,100,92361.0
060372183004,1091,208,48610.0
060372183005,1321,80,137602.0
060372184001,1377,79,100594.0
060372184002,807,65,100132.0
060372184003,1094,162,125179.0
060372184004,718,73,77188.0
060372185001,1257,182,59750.0
060372185002,1482,150,100179.0
060372186001,1027,134,69786.0
060372186002,866,119,113264.0
060372186003,1236,168,77799.0
060372187011,785,66,43125.0
060372187012,1095,223,
060372187021,1519,213,63015.0
060372187022,1186,62,61346.0
060372188001,1715,333,50341.0
060372188002,1017,188,53683.0
060372189001,1146,264,62238.0
060372189002,1325,76,
060372189003,2973,387,76525.0
060372190101,1790,232,77188.0
060372190102,1424,305,110647.0
060372190201,1633,91,62652.0
060372190202,1410,189,79250.0
060372190203,1283,208,63967.0
060372193001,1127,165,97740.0
060372193002,959,76,62917.0
060372193003,1686,124,47350.0
060372195001,919,166,92266.0
060372195002,1046,267,106563.0
060372197001,1581,212,
060372197002,697,52,37358.0
060372197003,1920,163,96154.0
060372198001,693,93,50000.0
060372198002,1316,93,62625.0
060372198003,1024,133,81250.0
060372199011,1117,56,83500.0
060372199012,2796,131,67644.0
060372199013,1293,60,66761.0
060372199021,1684,130,97450.0
060372199022,1047,146,141495.0
060372199023,778,87,
060372200001,965,203,
060372200002,1015,97,
060372200003,944,97,114545.0
060372200004,653,69,
060372200005,928,308,39566.0
060372201001,960,214,79107.0
060372201002,615,167,
060372201003,888,91,54750.0
060372211101,643,135,30682.0
060372211102,2394,360,47188.0
060372211201,1591,113,50871.0
060372211202,1355,198,43125.0
060372212101,787,109,
060372212102,2158,225,68322.0
060372212201,971,169,40431.0
060372212202,1781,181,66146.0
060372213021,1602,258,50400.0
060372213022,1657,194,36452.0
060372213031,1725,211,52438.0
060372213032,806,36,55096.0
060372213041,2267,360,53607.0
060372213042,1440,153,64280.0
060372214011,775,194,56786.0
060372214012,2190,611,54018.0
060372214021,1768,491,47426.0
060372214022,1197,166,90536.0
060372215001,1533,306,33576.0
060372215002,1994,366,64107.0
060372216011,2056,168,54688.0
060372216012,1208,181,65815.0
060372216021,756,158,50950.0
060372216022,1467,195,52306.0
060372217101,1643,130,56087.0
060372217102,1015,245,41528.0
060372218101,1089,77,38919.0
060372218102,1344,64,27201.0
060372218201,678,29,27377.0
060372218202,1851,119,17300.0
060372219001,3514,260,20347.0
060372219002,1058,57,42862.0
060372220011,1769,263,69468.0
060372220012,1068,164,94946.0
060372220021,1291,119,29000.0
060372220022,1069,302,112625.0
060372220023,955,109,66818.0
060372220024,1404,100,73611.0
060372221001,1778,162,64125.0
060372221002,1638,343,56935.0
060372221003,670,140,125093.0
060372222001,1997,154,46133.0
060372222002,1645,182,88029.0
060372225001,678,90,54727.0
060372225002,1970,128,70208.0
060372225003,1546,168,93750.0
060372226001,1159,32,33750.0
060372226002,2694,249,57617.0
060372226003,1415,118,72917.0
060372227001,4316,0,51250.0
060372240101,1513,331,33875.0
060372240102,1461,188,45293.0
060372240201,1042,25,24179.0
060372240202,1774,27,45727.0
060372242001,1199,116,51250.0
060372242002,975,75,55709.0
060372243101,887,144,55380.0
060372243102,892,50,65163.0
060372243201,2134,348,51000.0
060372243202,1459,180,
060372244101,1668,149,26250.0
060372244102,1115,210,46759.0
060372244201,974,27,27689.0
060372244202,1194,180,25250.0
060372246001,1959,205,65492.0
060372246002,1119,96,34826.0
060372247011,2463,14,38098.0
060372247021,2508,87,11270.0
060372260011,2027,112,34318.0
060372260021,1227,78,92083.0
060372260022,646,36,14441.0
060372264101,1859,93,34833.0
060372264102,1702,227,50750.0
060372264201,1308,157,
060372264202,1980,148,65694.0
060372264203,1937,298,43087.0
060372267011,1841,148,54600.0
060372267012,677,87,29423.0
060372267021,1856,107,
060372267022,2137,152,78661.0
060372270101,1333,266,50756.0
060372270102,1193,40,36293.0
060372270103,1753,26,61875.0
060372270201,2290,273,64629.0
060372270202,1216,142,85250.0
060372281001,1711,80,
060372281002,1707,314,48007.0
060372281003,974,148,52724.0
060372282101,1429,211,33516.0
060372282102,2372,149,72708.0
060372282201,1418,82,40938.0
060372282202,1619,132,73169.0
060372282203,1433,161,34796.0
060372283101,1678,161,36818.0
060372283102,1430,132,51406.0
060372283103,1385,19,
060372283201,901,5,30875.0
060372283202,2519,134,65625.0
060372284101,1507,182,61429.0
060372284102,1589,106,48173.0
060372284201,1214,74,80357.0
060372284202,1679,21,72895.0
060372285001,2369,73,39196.0
060372285002,1391,56,29915.0
060372285003,1076,139,73219.0
060372286001,2881,339,
060372286002,1853,68,53958.0
060372287101,2932,125,68542.0
060372287102,1172,57,69861.0
060372287201,1087,28,
060372287202,1556,129,61151.0
060372287203,2266,125,58433.0
060372288001,2255,45,
060372288002,2202,123,72723.0
060372288003,918,47,36053.0
060372289001,2092,143,70444.0
060372289002,1095,200,25179.0
060372291001,2698,210,69295.0
060372291002,1874,115,36604.0
060372292001,1493,232,37375.0
060372292002,3057,243,49107.0
060372293001,3084,76,57429.0
060372293002,924,62,62708.0
060372293003,1734,91,55703.0
060372294101,2051,105,63582.0
060372294102,1846,122,49391.0
060372294201,1327,75,63696.0
060372294202,3284,115,60764.0
060372311001,1327,156,57353.0
060372311002,2080,228,39861.0
060372312101,1252,118,41895.0
060372312102,3009,259,52994.0
060372312201,2637,540,32075.0
060372312202,1506,156,54083.0
060372313011,2570,229,54464.0
060372313021,1830,94,55913.0
060372313022,227,8,43875.0
060372313023,833,208,
060372314001,1431,152,66000.0
060372314002,1438,244,
060372314003,1611,280,57500.0
060372315001,1527,296,120577.0
060372315002,2212,268,86932.0
060372315003,1309,195,95096.0
060372316011,1008,147,78750.0
060372316012,1222,123,78782.0
060372316021,1068,112,59722.0
060372316022,802,120,90898.0
060372316031,1101,171,26450.0
060372316032,1794,152,77051.0
060372317101,721,112,40607.0
060372317102,1803,153,58036.0
060372317103,1502,106,38967.0
060372317201,3371,490,39565.0
060372317202,735,40,37202.0
060372317203,1068,121,56827.0
060372318001,1019,13,44071.0
060372318002,1267,30,55750.0
060372318003,1833,98,60900.0
060372318004,1350,92,75449.0
060372319011,3440,162,88702.0
060372319021,1932,87,32120.0
060372319022,1275,102,44625.0
060372321101,1601,80,55833.0
060372321102,1890,101,57422.0
060372321201,1685,27,50893.0
060372321202,1242,39,82128.0
060372321203,2008,102,42109.0
060372322001,1405,83,74327.0
060372322002,1128,211,88242.0
060372322003,1232,244,54907.0
060372323001,1971,178,57321.0
060372323002,1651,116,103833.0
060372323003,1144,220,181250.0
060372324011,1215,84,60700.0
060372324012,1281,143,74516.0
060372324013,1086,123,57043.0
060372324021,875,90,81058.0
060372324022,2223,466,42128.0
060372325001,2486,241,90307.0
060372325002,1257,115,62118.0
060372325003,1159,64,47629.0
060372325004,520,119,
060372326011,1688,169,60962.0
060372326021,2853,239,71311.0
060372326022,2671,257,78929.0
060372327011,2348,217,78438.0
060372327021,2600,189,77688.0
060372327022,1814,134,46585.0
060372328001,1856,144,53472.0
060372328002,2328,104,64063.0
060372340011,760,259,76250.0
060372340012,1045,156,73750.0
060372340013,712,139,89231.0
060372340021,1850,371,66818.0
060372340022,1046,117,71836.0
060372342001,936,185,77589.0
060372342002,506,152,75745.0
060372342003,1163,234,118652.0
060372343011,1053,142,73214.0
060372343012,726,196,26986.0
060372343021,1549,251,60160.0
060372343022,910,158,33929.0
060372345011,994,196,75769.0
060372345012,1776,163,81786.0
060372345021,627,166,24976.0
060372345022,791,74,
060372345023,1183,205,39205.0
060372346001,1084,75,
060372346002,959,115,64485.0
060372346003,723,186,83005.0
060372346004,1928,397,103472.0
060372347001,562,81,
060372347002,726,182,103750.0
060372347003,1555,256,
060372347004,995,127,132188.0
060372348001,733,140,57634.0
060372348002,1369,118,86004.0
060372348003,753,31,72232.0
060372348004,679,132,70270.0
060372349011,919,138,46241.0
060372349012,1997,395,50485.0
060372349021,978,129,33379.0
060372349022,1579,299,41898.0
060372349023,1978,328,19539.0
060372351001,1065,180,85750.0
060372351002,1020,102,105489.0
060372351003,992,273,56140.0
060372351004,955,246,103872.0
060372352011,1212,145,63947.0
060372352012,760,160,
060372352013,908,128,77917.0
060372352021,1541,209,21815.0
060372352022,1186,324,39013.0
060372352023,1160,182,
060372360011,1669,408,115625.0
060372360012,1207,450,181042.0
060372360013,590,224,136591.0
060372360014,597,157,130268.0
060372361011,1525,718,
060372361012,1081,307,28462.0
060372361021,1410,160,69471.0
060372361022,2100,244,
060372362031,2436,325,37125.0
060372362032,1179,121,32981.0
060372362041,2353,193,59722.0
060372362042,1034,119,35156.0
060372362051,2298,265,35571.0
060372362052,772,81,30398.0
060372362061,2169,215,62411.0
060372362062,1006,227,80455.0
060372364001,1254,210,94354.0
060372364002,1557,242,102321.0
060372364003,1579,308,114145.0
060372371011,1100,123,73703.0
060372371012,883,55,65052.0
060372371013,1093,67,56544.0
060372371014,1060,68,36510.0
060372371021,1697,158,52647.0
060372371022,2273,191,41094.0
060372372011,1308,100,52833.0
060372372012,1567,161,
060372372013,891,79,92344.0
060372372021,1094,44,
060372372022,722,101,90607.0
060372372023,1480,88,
060372372024,1108,171,50536.0
060372373001,1208,83,
060372373002,1595,145,
060372373003,1004,259,71200.0
060372373004,1166,158,99050.0
060372373005,789,124,108598.0
060372374011,1136,87,113250.0
060372374012,768,64,41250.0
060372374013,2002,242,69375.0
060372374021,957,316,62989.0
060372374022,1771,85,83319.0
060372374023,890,213,95469.0
060372375001,1095,167,50268.0
060372375002,1632,172,33705.0
060372376001,1391,266,61641.0
060372376002,1145,142,57188.0
060372376003,853,37,50170.0
060372376004,703,201,34276.0
060372377101,2392,114,45755.0
060372377102,1980,153,53824.0
060372377201,1496,62,56101.0
060372377202,1951,105,44931.0
060372378001,1612,157,86595.0
060372378002,1051,285,40543.0
060372378003,724,130,
060372378004,773,76,90885.0
060372379001,1148,86,
060372379002,852,101,68199.0
060372379003,1033,341,84732.0
060372379004,1007,132,59919.0
060372380001,906,194,41000.0
060372380002,872,245,
060372380003,875,88,
060372380004,295,109,90197.0
060372380005,1379,132,
060372380006,1111,148,
060372381001,2521,179,
060372381002,1016,85,
060372381003,796,178,106696.0
060372381004,872,183,100243.0
060372382001,1840,421,
060372382002,1687,295,45338.0
060372382003,1418,257,75114.0
060372382004,1882,388,33242.0
060372383101,2181,105,47337.0
060372383102,2921,192,58040.0
060372383201,1587,133,19063.0
060372383202,1257,60,63977.0
060372383203,669,68,
060372384001,748,217,110369.0
060372384002,1463,330,56983.0
060372384003,1101,218,68281.0
060372384004,1183,322,79212.0
060372392011,1511,80,45921.0
060372392012,1086,119,61250.0
060372392013,803,47,41579.0
060372392021,2230,120,69875.0
060372392022,1841,220,50000.0
060372392023,1314,0,69413.0
060372393101,1463,100,56500.0
060372393102,1373,85,52024.0
060372393103,1185,18,42609.0
060372393201,1301,128,47206.0
060372393202,1804,115,54097.0
060372393301,2118,166,55500.0
060372393302,1001,100,69000.0
060372395011,1156,61,62422.0
060372395012,884,97,57500.0
060372395013,1543,123,68672.0
060372395021,1351,147,48603.0
060372395022,1352,31,63000.0
060372395023,988,72,70609.0
060372396011,2122,177,74740.0
060372396012,1631,97,55368.0
060372396021,2165,263,70938.0
060372396022,1588,138,42226.0
060372397011,2007,169,40025.0
060372397012,2014,160,36071.0
060372397021,873,108,
060372397022,1642,47,
060372397023,2172,142,83750.0
060372398011,1587,184,68664.0
060372398012,1030,117,48333.0
060372398013,1557,45,79113.0
060372398021,1580,94,58028.0
060372398022,1638,85,42193.0
060372398023,1049,152,
060372398024,1159,37,63269.0
060372400101,2196,108,52045.0
060372400102,1766,97,32875.0
060372400201,1773,183,57500.0
060372400202,2222,108,78450.0
060372400203,1371,143,48429.0
060372402001,861,45,50691.0
060372402002,3214,236,78920.0
060372402003,1662,160,30974.0
060372403011,1211,211,53750.0
060372403012,1659,151,64352.0
060372403021,1916,111,36632.0
060372403022,1097,116,134255.0
060372404011,1358,104,62258.0
060372404012,2901,212,38619.0
060372404013,1652,179,42543.0
060372404021,1680,216,94961.0
060372404022,1423,142,
060372404023,801,111,
060372405001,1346,87,
060372405002,1475,62,84511.0
060372405003,2217,98,62532.0
060372405004,1377,145,
060372406001,906,142,44231.0
060372406002,1481,385,71089.0
060372406003,1331,156,63214.0
060372406004,1089,54,63424.0
060372407001,1709,142,34385.0
060372407002,688,101,44125.0
060372407003,1476,115,98796.0
060372407004,1564,88,55125.0
060372407005,992,181,86429.0
060372408001,958,108,
060372408002,2073,92,65966.0
060372408003,1718,76,54797.0
060372409011,1243,90,42917.0
060372409012,1260,81,59000.0
060372409021,1344,116,62750.0
060372409022,2270,249,
060372410011,654,36,76394.0
060372410012,1607,362,
060372410013,2196,118,92317.0
060372410021,1869,150,60400.0
060372410022,1037,123,49926.0
060372410023,924,147,84286.0
060372411101,2032,145,73179.0
060372411102,1553,124,70865.0
060372411201,1199,231,
060372411202,894,40,62333.0
060372411203,814,67,53452.0
060372411204,1338,143,
060372412011,1354,114,74219.0
060372412012,863,116,55677.0
060372412013,930,57,60354.0
060372412021,560,204,44464.0
060372412022,1246,104,
060372412023,1050,107,
060372412024,929,47,
060372412025,1040,101,118259.0
060372413001,815,61,
060372413002,1563,151,65231.0
060372414001,1724,145,60234.0
060372414002,2177,191,82500.0
060372420001,1375,177,77769.0
060372420002,1868,223,57784.0
060372420003,918,163,25115.0
060372421001,2402,132,29935.0
060372422011,2599,229,98000.0
060372422012,1405,225,45962.0
060372422021,1053,130,44701.0
060372422022,1676,135,43472.0
060372423001,2896,108,53116.0
060372423002,1153,85,44375.0
060372423003,802,127,80938.0
060372426001,1472,0,
060372426002,2069,67,16514.0
060372426003,1173,37,25109.0
060372427001,564,57,48672.0
060372427002,2159,234,50761.0
060372427003,2000,250,54469.0
060372430011,2278,124,74079.0
060372430012,968,185,57135.0
060372430021,1349,109,78111.0
060372430022,1372,116,75000.0
060372431001,2317,223,42045.0
060372431002,2027,177,33250.0
060372431003,842,78,
060372611021,546,174,226250.0
060372611022,1623,366,250001.0
060372611023,1821,394,250001.0
060372611031,1722,446,230602.0
060372611041,1672,497,186765.0
060372612001,2494,674,209345.0
060372612002,1386,288,185885.0
060372621001,786,196,155521.0
060372621002,374,153,250001.0
060372621003,1561,522,250001.0
060372622001,1171,235,140938.0
060372622002,2647,506,207198.0
060372622003,812,255,250001.0
060372623011,2976,698,250001.0
060372623021,1541,293,170563.0
060372623022,1399,528,250001.0
060372623031,1193,239,211667.0
060372623032,855,230,250001.0
060372623033,776,202,250001.0
060372624001,913,455,206797.0
060372624002,1980,420,250001.0
060372625011,966,164,156250.0
060372625012,886,134,250001.0
060372625013,1880,450,250001.0
060372626011,1070,447,182337.0
060372626012,2348,626,250001.0
060372626041,751,224,250001.0
060372626042,1845,338,250001.0
060372626043,1325,358,111155.0
060372626044,489,155,224073.0
060372626045,1474,342,138833.0
060372627041,1520,280,218523.0
060372627042,2075,554,144596.0
060372627061,1812,416,161339.0
060372627062,808,227,250001.0
060372627063,763,133,141111.0
060372628021,1515,563,152188.0
060372628022,897,260,
060372628023,1224,352,172375.0
060372640001,718,192,250001.0
060372640002,1451,367,189893.0
060372640003,914,241,204196.0
060372641021,1014,283,236917.0
060372641022,1951,335,143625.0
060372641031,1528,258,149936.0
060372641032,1220,73,151771.0
060372643031,1462,177,184932.0
060372643032,1240,45,130765.0
060372643041,716,96,127115.0
060372643042,1548,95,122096.0
060372643051,1078,181,92206.0
060372643052,1519,410,121667.0
060372643053,1929,365,134135.0
060372643061,1694,432,127781.0
060372651001,1299,568,122656.0
060372651002,1002,565,
060372652011,1404,545,148547.0
060372652012,1087,146,
060372652031,717,375,
060372652032,1276,223,160000.0
060372652041,1466,163,117829.0
060372653011,12987,0,
060372653012,0,0,
060372653031,1581,0,32571.0
060372653032,1284,33,22738.0
060372653033,1603,107,39500.0
060372653041,2272,11,13787.0
060372653042,816,19,43750.0
060372653061,1806,4,31757.0
060372653071,1102,40,50515.0
060372653072,1305,0,26857.0
060372654101,882,170,238472.0
060372654102,844,143,136354.0
060372654201,743,208,250001.0
060372654202,893,140,143684.0
060372655211,764,29,85168.0
060372655212,821,94,83765.0
060372655221,796,158,67404.0
060372655222,1536,65,101567.0
060372655231,806,66,150526.0
060372655232,1480,163,73016.0
060372655241,786,104,131771.0
060372655242,1982,311,107468.0
060372656011,1161,569,
060372656012,1884,269,150913.0
060372656021,1025,244,
060372656022,2032,644,115048.0
060372657011,1845,429,152250.0
060372657021,1626,610,142500.0
060372657022,623,235,66224.0
060372657023,858,183,100078.0
060372671011,2169,215,103500.0
060372671012,722,255,164766.0
060372671021,587,62,250001.0
060372671022,2370,469,108092.0
060372672011,1074,132,117286.0
060372672012,848,242,
060372672013,910,188,111750.0
060372672021,1896,242,128500.0
060372672022,1176,200,105333.0
060372672023,707,202,
060372673001,966,163,75714.0
060372673002,1558,20,177981.0
060372673003,1631,241,128542.0
060372674031,981,166,103009.0
060372674032,991,146,80852.0
060372674033,1587,98,138221.0
060372674041,975,83,95841.0
060372674042,2572,238,76319.0
060372674051,881,153,91814.0
060372674052,1542,216,120998.0
060372674061,1932,310,91008.0
060372675021,1560,207,77727.0
060372675022,1721,212,119345.0
060372675031,2216,115,136038.0
060372675041,1526,177,71378.0
060372675042,2042,108,136771.0
060372676001,1035,274,83500.0
060372676002,507,332,
060372676003,927,162,88750.0
060372677001,1605,165,107564.0
060372677002,2148,171,136700.0
060372678001,679,102,200104.0
060372678002,615,238,86389.0
060372678003,2189,414,117821.0
060372679011,1922,633,153060.0
060372679012,1184,765,131944.0
060372679021,1045,154,250001.0
060372679022,1165,254,114883.0
060372679023,1399,112,227438.0
060372690001,739,166,250001.0
060372690002,990,345,174909.0
060372690003,859,146,250001.0
060372690004,1398,246,212655.0
060372690005,881,205,98400.0
060372691001,1103,244,130096.0
060372691002,598,111,86250.0
060372691003,873,83,88523.0
060372691004,1690,169,
060372693001,971,231,214700.0
060372693002,719,139,248409.0
060372693003,788,135,198375.0
060372693004,647,185,218250.0
060372693005,646,208,214821.0
060372695001,625,140,225536.0
060372695002,675,151,165083.0
060372695003,2076,402,250001.0
060372695004,826,229,250001.0
060372696011,1143,66,
060372696012,1214,184,110593.0
060372696013,1108,75,44159.0
060372696021,1495,73,79321.0
060372696022,722,196,112000.0
060372697001,990,132,100787.0
060372697002,955,121,92865.0
060372697003,1105,188,181719.0
060372697004,808,111,117308.0
060372698001,1471,112,158281.0
060372698002,1669,116,87366.0
060372699031,1315,67,100275.0
060372699032,2172,120,90000.0
060372699051,977,52,108092.0
060372699052,1257,97,110507.0
060372699061,1574,105,135000.0
060372699062,1424,100,108333.0
060372699071,1349,126,107500.0
060372699072,1204,121,88750.0
060372699081,1342,233,83271.0
060372699082,574,39,93906.0
060372699091,583,12,
060372699092,1505,287,103697.0
060372701011,912,43,
060372701012,884,80,116719.0
060372701021,544,21,81776.0
060372701022,1610,220,119643.0
060372702001,1237,178,82899.0
060372702002,921,61,
060372702003,1448,139,73750.0
060372703001,978,158,69250.0
060372703002,1582,164,68603.0
060372711001,880,94,250001.0
060372711002,508,168,156842.0
060372711003,929,237,62841.0
060372712001,1135,88,105972.0
060372712002,1360,155,172308.0
060372713001,711,115,214440.0
060372713002,1408,320,90179.0
060372713003,1322,165,127500.0
060372713004,1775,186,83587.0
060372714001,704,321,192568.0
060372714002,1092,234,176771.0
060372714003,1407,388,140104.0
060372715001,1101,258,100399.0
060372715002,450,94,140156.0
060372715003,1377,430,107143.0
060372716001,790,58,162361.0
060372716002,1010,144,135865.0
060372716003,1034,352,118214.0
060372716004,2536,0,65714.0
060372717021,1460,350,83648.0
060372717022,1112,46,99135.0
060372717023,1721,28,72083.0
060372717031,1320,228,134428.0
060372717032,730,112,130080.0
060372717033,704,75,104276.0
060372717041,692,182,166103.0
060372717042,2290,115,147013.0
060372718011,1124,152,104500.0
060372718012,1632,136,85333.0
060372718013,612,30,57832.0
060372718031,1037,115,100517.0
060372718032,2151,114,94917.0
060372718041,1082,129,100500.0
060372718042,1211,23,97115.0
060372719011,1159,49,121131.0
060372719012,1439,357,110875.0
060372719013,760,57,177982.0
060372719021,623,211,109028.0
060372719022,1349,76,161375.0
060372719023,2015,215,75536.0
060372721001,808,221,149531.0
060372721002,817,144,155380.0
060372721003,925,236,144960.0
060372721004,1168,105,
060372721005,723,33,71402.0
060372722011,1260,227,96688.0
060372722012,762,66,92095.0
060372722021,703,96,116442.0
060372722022,2331,159,94342.0
060372723011,562,61,
060372723012,1181,203,145682.0
060372723013,1522,298,125407.0
060372723021,2521,406,76540.0
060372723022,1258,124,76146.0
060372731001,613,103,118571.0
060372731002,1541,188,154712.0
060372731003,872,62,250001.0
060372732001,468,69,131250.0
060372732002,791,103,160556.0
060372732003,553,87,119875.0
060372732004,966,178,133900.0
060372733001,1808,191,93500.0
060372733002,461,95,91786.0
060372733003,588,105,86518.0
060372734031,745,182,
060372734032,615,61,144412.0
060372734041,935,39,83923.0
060372734042,573,61,143211.0
060372735021,913,30,106560.0
060372735022,936,151,137667.0
060372735023,722,67,77130.0
060372736001,712,104,119427.0
060372736002,636,148,127587.0
060372736003,790,146,119960.0
060372737001,596,27,131893.0
060372737002,1029,145,146771.0
060372737003,1126,121,135081.0
060372738001,1706,214,97047.0
060372738002,629,80,96736.0
060372738003,610,21,120625.0
060372739021,1068,185,88571.0
060372739022,559,111,97660.0
060372739023,818,268,201549.0
060372739024,847,196,208393.0
060372739025,946,138,
060372741001,1016,148,100585.0
060372741002,703,99,
060372741003,628,115,250001.0
060372741004,2018,181,98916.0
060372742021,1803,709,88333.0
060372742022,632,89,169333.0
060372742023,656,117,223807.0
060372742024,767,125,109962.0
060372751011,935,268,134519.0
060372751021,655,68,104808.0
060372751022,2283,37,68516.0
060372751023,1105,153,177212.0
060372752001,1400,101,98000.0
060372752002,1054,241,131528.0
060372752003,1339,131,97917.0
060372753111,936,250,89564.0
060372753112,1196,187,90536.0
060372753113,1152,253,100488.0
060372753114,1521,311,94034.0
060372753121,2042,219,177963.0
060372753131,1994,654,124375.0
060372753132,1589,213,98995.0
060372754001,1238,218,141439.0
060372754002,1371,188,
060372754003,1878,128,168750.0
060372755001,834,226,78684.0
060372755002,650,111,144516.0
060372755003,846,151,129286.0
060372755004,2772,225,26894.0
060372756031,823,70,153393.0
060372756032,1242,257,113409.0
060372756033,713,133,100469.0
060372756041,1829,200,162563.0
060372756042,1346,42,170923.0
060372756043,7217,866,189688.0
060372756051,1143,133,167938.0
060372756052,1735,216,112500.0
060372760001,2398,155,143350.0
060372760002,1165,347,165804.0
060372760003,968,288,125063.0
060372760004,1181,221,183066.0
060372760005,970,196,173250.0
060372761011,2518,135,112364.0
060372761012,906,9,101442.0
060372761021,2422,318,86827.0
060372761022,943,289,
060372764001,759,147,212778.0
060372764002,567,222,121618.0
060372764003,1703,372,250001.0
060372764004,688,73,250001.0
060372764005,731,100,250001.0
060372765001,1753,133,199674.0
060372765002,2278,15,
060372765003,1477,260,119095.0
060372766011,1189,332,250001.0
060372766012,1125,177,123380.0
060372766013,783,23,138185.0
060372766014,1004,246,183125.0
060372766051,1269,239,127072.0
060372766052,1192,336,92054.0
060372766061,1567,179,146685.0
060372766062,1817,346,100889.0
060372766071,1782,16,78934.0
060372766072,1097,137,183289.0
060372766081,1874,273,96685.0
060372770001,1585,165,
060372770002,1177,141,202031.0
060372770003,1347,363,144534.0
060372770004,540,90,242792.0
060372770005,1365,234,245696.0
060372771001,741,114,166458.0
060372771002,1276,98,192813.0
060372771003,1268,267,160000.0
060372772001,1035,164,61495.0
060372772002,761,166,53478.0
060372774001,0,0,
060372774002,0,0,
060372780011,1035,231,109583.0
060372780012,1314,153,93750.0
060372781021,703,247,143984.0
060372781022,1350,312,183750.0
060372781023,920,202,171181.0
060372911101,1959,118,62804.0
060372911102,2233,178,38869.0
060372911201,2041,168,73167.0
060372911301,975,159,128056.0
060372911302,1506,225,84167.0
060372911303,752,122,78906.0
060372912101,1330,80,59792.0
060372912102,2245,358,85750.0
060372912103,1191,207,52313.0
060372912201,847,36,58929.0
060372912202,1449,336,132008.0
060372912203,646,203,52073.0
060372913001,1064,361,106923.0
060372913002,1211,78,77917.0
060372913003,750,265,144167.0
060372920011,2885,294,52000.0
060372920012,1626,217,51681.0
060372920021,1037,110,83917.0
060372920022,931,149,137902.0
060372932031,2133,105,82256.0
060372932032,652,82,67679.0
060372932041,2371,276,125506.0
060372932042,1323,128,81786.0
060372932051,1934,153,58750.0
060372932052,1438,22,54870.0
060372932061,1084,118,73897.0
060372932062,1612,121,77917.0
060372933011,2556,637,103375.0
060372933021,2511,498,119531.0
060372933022,1985,296,76486.0
060372933041,2994,272,72303.0
060372933042,1802,178,50609.0
060372933061,1226,182,109000.0
060372933062,1198,179,120156.0
060372933071,1346,112,69615.0
060372933072,1186,109,46914.0
060372941101,2305,182,88380.0
060372941102,747,137,51473.0
060372941103,814,167,86250.0
060372941201,1542,196,79750.0
060372941202,1076,77,48906.0
060372942001,1051,116,79526.0
060372942002,1984,299,64091.0
060372942003,1271,291,85545.0
060372943011,1167,242,93438.0
060372943012,1631,100,117882.0
060372943021,2323,107,71806.0
060372943022,2167,268,90132.0
060372944101,1982,206,63438.0
060372944102,3160,389,73934.0
060372944211,822,201,71202.0
060372944212,1020,40,58750.0
060372944213,852,125,64464.0
060372945101,1849,308,71953.0
060372945102,2512,110,50714.0
060372945201,1695,193,74200.0
060372945202,1868,154,46875.0
060372946101,1395,358,126429.0
060372946102,2964,305,52361.0
060372946201,1423,167,96000.0
060372946202,1095,213,80096.0
060372946203,1342,134,57188.0
060372947011,492,95,44514.0
060372947012,1282,70,39330.0
060372947013,918,217,33650.0
060372948101,1769,119,56875.0
060372948102,2061,202,50179.0
060372948201,2171,120,36574.0
060372948202,1104,75,26731.0
060372948301,2387,193,52434.0
060372948302,1540,95,69048.0
060372949001,2492,239,28667.0
060372949002,1553,155,87981.0
060372951031,1620,270,116276.0
060372951032,2090,278,146198.0
060372951033,1371,424,101250.0
060372962101,1765,80,68802.0
060372962102,1600,167,35000.0
060372962201,1093,66,
060372962202,1759,460,31250.0
060372962203,1272,388,55438.0
060372963001,1148,212,98472.0
060372963002,1653,277,53182.0
060372963003,2302,375,99875.0
060372964011,2116,539,114977.0
060372964012,1135,421,97167.0
060372964021,953,219,166250.0
060372964022,610,117,114757.0
060372964023,1612,173,134886.0
060372965001,1115,218,53696.0
060372965002,1965,132,97949.0
060372965003,666,96,
060372966001,1522,150,39205.0
060372966002,1146,94,57739.0
060372966003,1205,137,
060372966004,1495,225,52930.0
060372969011,2532,252,62396.0
060372969012,875,36,50592.0
060372969013,795,110,110625.0
060372969021,2119,162,61361.0
060372969022,1339,75,105959.0
060372969023,1334,158,
060372970011,1009,57,198889.0
060372970012,685,89,
060372970021,2010,240,106939.0
060372970022,1417,207,88631.0
060372970023,1081,284,180762.0
060372971101,2213,510,56371.0
060372971102,2371,264,47799.0
060372971201,1849,277,67813.0
060372971202,1668,228,116500.0
060372972011,2705,304,80938.0
060372972012,1259,205,59083.0
060372972021,1288,199,110625.0
060372972022,1911,303,92917.0
060372972023,913,135,
060372973001,1046,150,128750.0
060372973002,1028,305,89028.0
060372974001,396,189,123281.0
060372974002,2330,975,125407.0
060372974003,881,261,156176.0
060372975011,498,226,114318.0
060372975012,870,253,173393.0
060372975013,1218,135,170347.0
060372975021,1406,300,105852.0
060372975022,1196,60,76458.0
060372976011,1650,167,100069.0
060372976012,852,170,76442.0
060372976013,1054,26,98264.0
060372976021,875,124,69508.0
060372976022,1399,264,89175.0
060372976023,1301,335,108021.0
060373001001,1890,255,167415.0
060373001002,1245,368,114346.0
060373001003,1140,398,178321.0
060373001004,2236,309,182045.0
060373002001,1392,466,76339.0
060373002002,1022,219,151618.0
060373002003,757,121,156875.0
060373002004,811,102,177404.0
060373002005,1568,311,143229.0
060373003011,1261,404,137574.0
060373003012,841,109,130313.0
060373003013,841,177,
060373003014,487,114,92311.0
060373003015,1121,31,233260.0
060373003016,1283,178,102219.0
060373004001,881,203,117083.0
060373004002,1303,163,89067.0
060373004003,1154,96,186554.0
060373004004,900,92,
060373004005,678,57,148750.0
060373004006,894,113,173359.0
060373005011,1223,248,130104.0
060373005012,1688,195,93281.0
060373005031,1556,300,70341.0
060373005032,1765,334,58851.0
060373005033,1647,210,
060373006011,2753,375,77946.0
060373006012,3146,361,121133.0
060373006021,921,114,114351.0
060373006022,737,65,103500.0
060373006023,1593,618,133769.0
060373007011,963,131,
060373007012,572,196,205781.0
060373007013,723,197,151458.0
060373007014,1132,469,149449.0
060373007015,1739,291,121821.0
060373007021,2636,677,148380.0
060373007022,2814,869,146120.0
060373008001,3018,355,79247.0
060373008002,887,248,113986.0
060373008003,1091,167,113828.0
060373008004,1101,199,197930.0
060373008005,1042,257,169851.0
060373009011,1863,661,127269.0
060373009012,832,328,146219.0
060373009013,1454,364,232545.0
060373009014,1326,398,162450.0
060373009021,1098,275,194286.0
060373009022,979,170,147708.0
060373010001,1066,264,100461.0
060373010002,2417,317,177792.0
060373010003,797,80,86406.0
060373010004,1232,169,106556.0
060373011001,889,126,226537.0
060373011002,842,200,
060373011003,1069,355,
060373011004,759,68,250001.0
060373011005,1880,312,83591.0
060373011006,1674,450,43448.0
060373012031,1535,421,85598.0
060373012032,2233,658,80547.0
060373012041,1926,448,70869.0
060373012042,1358,236,94500.0
060373012043,1421,233,36926.0
060373012051,788,124,136875.0
060373012052,1290,371,94286.0
060373012061,2999,360,83542.0
060373012062,722,199,103611.0
060373012063,731,221,
060373012064,1058,267,83403.0
060373013001,809,130,235682.0
060373013002,1238,186,154375.0
060373014001,701,138,221563.0
060373014002,1257,170,124583.0
060373014003,631,85,120964.0
060373014004,1381,329,125921.0
060373015011,785,150,119792.0
060373015012,989,259,116458.0
060373015021,2277,263,79122.0
060373015022,2046,393,55272.0
060373015023,2059,308,57346.0
060373015024,947,107,95139.0
060373016011,1193,299,42656.0
060373016012,1148,233,
060373016013,1649,429,42421.0
060373016014,1398,276,24407.0
060373016021,2318,310,59632.0
060373016022,640,130,73646.0
060373016023,699,47,105179.0
060373017011,1368,354,102895.0
060373017012,1293,226,76597.0
060373017021,1639,144,82500.0
060373017022,1453,189,56953.0
060373017023,1909,392,96680.0
060373017024,1019,198,
060373018011,1274,237,54922.0
060373018012,2924,495,82740.0
060373018013,1427,148,71211.0
060373018021,2821,490,74183.0
060373018022,2582,282,101490.0
060373019011,2234,441,101250.0
060373019012,1650,367,64677.0
060373019021,1416,256,77438.0
060373019022,1845,464,99252.0
060373020021,792,48,49028.0
060373020022,2769,482,68438.0
060373020023,455,36,55708.0
060373020031,2253,372,67344.0
060373020032,1487,307,
060373020041,2278,418,69744.0
060373020042,1906,443,48929.0
060373021021,1740,99,94267.0
060373021022,1066,217,
060373021023,1168,398,63715.0
060373021024,723,57,
060373021025,1169,176,157614.0
060373021031,1024,362,66483.0
060373021032,1742,605,55987.0
060373021033,2229,226,66591.0
060373021041,788,52,105216.0
060373021042,1181,112,76375.0
060373021043,1552,325,64063.0
060373022011,840,187,48750.0
060373022012,911,216,
060373022013,1967,669,29762.0
060373022021,1395,309,49712.0
060373022022,2226,314,51250.0
060373022023,1303,207,43750.0
060373023011,1756,368,91797.0
060373023012,2009,486,94000.0
060373023021,1602,300,61378.0
060373023022,1299,110,
060373023023,908,241,36518.0
060373023024,1436,173,75900.0
060373024011,1437,187,108992.0
060373024012,1285,231,54755.0
060373024013,1996,118,116339.0
060373024014,2241,250,52150.0
060373024015,714,125,21900.0
060373025031,1480,287,61042.0
060373025032,1263,396,40440.0
060373025033,1235,165,63108.0
060373025041,1991,338,44643.0
060373025042,982,104,44058.0
060373025043,546,85,42070.0
060373025051,1780,484,44655.0
060373025052,502,50,67031.0
060373025053,1690,195,103056.0
060373025061,648,251,
060373025062,1389,399,114250.0
060373025063,1348,75,59722.0
060373101001,1458,592,168612.0
060373101002,1269,468,152426.0
060373101003,2135,287,250001.0
060373101004,673,361,157738.0
060373102011,732,453,250001.0
060373102012,1396,235,250001.0
060373102013,1065,144,114519.0
060373102014,1889,299,80469.0
060373102021,1520,430,107500.0
060373102022,2367,299,98110.0
060373102023,831,76,140036.0
060373103001,899,142,
060373103002,994,297,137614.0
060373103003,1139,109,158281.0
060373104001,611,98,111042.0
060373104002,1246,255,158068.0
060373104003,1779,256,92321.0
060373105011,2324,174,76315.0
060373105012,1375,201,55441.0
060373106011,1955,129,89594.0
060373106012,1977,248,67083.0
060373106013,2566,298,83023.0
060373106021,1218,243,82411.0
060373106022,1517,195,112837.0
060373107011,2429,677,25664.0
060373107031,3008,557,67792.0
060373107032,2262,342,79554.0
060373107041,2110,509,53064.0
060373107042,1709,455,
060373107043,651,85,112604.0
060373107051,2530,586,46146.0
060373108001,1067,36,
060373108002,1062,154,225758.0
060373108003,792,270,
060373108004,1174,214,119076.0
060373108005,1028,181,180179.0
060373109001,1083,92,147556.0
060373109002,1787,265,117102.0
060373109003,884,105,83977.0
060373109004,999,163,
060373109005,978,157,101250.0
060373109006,1079,175,136563.0
060373110001,681,89,113000.0
060373110002,1511,166,
060373110003,1572,266,132321.0
060373111001,1581,210,177644.0
060373111002,1566,260,81935.0
060373111003,851,172,72250.0
060373112001,657,170,84423.0
060373112002,1331,139,72203.0
060373112003,1183,157,113229.0
060373113001,531,82,71600.0
060373113002,1881,179,115341.0
060373113003,1503,183,122955.0
060373114001,1109,112,148977.0
060373114002,1211,229,132120.0
060373115001,1040,157,124167.0
060373115002,2613,255,115114.0
060373115003,2310,173,152726.0
060373116011,1124,142,115729.0
060373116012,1823,73,96917.0
060373116021,1063,279,46815.0
060373116022,1937,186,91731.0
060373116023,626,97,71858.0
060373116024,920,83,162614.0
060373117001,1185,224,110515.0
060373117002,1039,319,120179.0
060373117003,702,131,
060373117004,760,244,80395.0
060373117005,796,208,235068.0
060373117006,1370,190,126212.0
060373118011,1559,155,50637.0
060373118012,1363,211,104831.0
060373118021,2409,105,94659.0
060373118022,1791,146,131136.0
060373201011,2359,332,119000.0
060373201012,1043,150,67670.0
060373201021,2061,223,83056.0
060373201022,1620,226,110486.0
060373202011,950,210,48229.0
060373202012,2118,12,113854.0
060373202013,990,68,69130.0
060373202021,1392,285,118889.0
060373202022,2569,268,105766.0
060373202023,929,176,65682.0
060373202024,1110,71,155455.0
060373203001,1369,219,82174.0
060373203002,1668,263,65156.0
060373203003,1636,340,69310.0
060373203004,1902,153,72694.0
060374002051,2478,537,199583.0
060374002061,3394,616,176339.0
060374002062,2131,468,185750.0
060374002071,2418,620,112432.0
060374002072,1602,171,138000.0
060374002073,607,192,219750.0
060374002081,1388,401,154238.0
060374002091,866,232,162875.0
060374002092,2145,486,
060374002093,1570,269,153750.0
060374003041,1871,187,96974.0
060374003042,2309,160,65145.0
060374003043,1624,144,115870.0
060374003044,1558,112,177656.0
060374003045,948,116,129167.0
060374004021,2359,444,152619.0
060374004022,1826,153,142917.0
060374004031,2391,354,146106.0
060374004032,1732,287,124926.0
060374004041,1734,483,178906.0
060374004042,868,219,218929.0
060374004043,1437,287,180137.0
060374005011,1897,418,122083.0
060374006021,1382,143,88917.0
060374006022,1032,174,101500.0
060374006023,1968,182,68108.0
060374006031,2844,387,96203.0
060374006032,1589,244,96500.0
060374006033,514,51,165357.0
060374006051,969,320,71922.0
060374006052,2745,380,116739.0
060374006053,3464,598,95750.0
060374008011,1205,249,215111.0
060374008012,1791,184,106397.0
060374008013,1424,199,106343.0
060374008014,2515,258,133571.0
060374010011,1325,335,154038.0
060374010012,714,115,101667.0
060374010013,587,197,152321.0
060374010021,1275,268,124583.0
060374010022,1262,226,86094.0
060374010023,1787,176,85588.0
060374011011,698,198,185446.0
060374011012,1270,405,54387.0
060374011013,1728,120,91250.0
060374011014,1999,278,81250.0
060374011021,1675,152,105563.0
060374011022,1011,185,85918.0
060374011023,1387,101,102337.0
060374012011,1519,301,114625.0
060374012012,2093,220,144141.0
060374012021,1394,276,109844.0
060374012022,1346,130,142679.0
060374012023,1604,573,93393.0
060374012031,2646,581,106724.0
060374012032,2111,262,105987.0
060374013031,2242,559,136019.0
060374013041,2416,623,140159.0
060374013042,967,135,198429.0
060374013043,1556,484,116250.0
060374013111,1417,345,109034.0
060374013112,1813,245,52774.0
060374013113,1531,73,136053.0
060374013114,2162,367,121845.0
060374013121,2867,1126,52639.0
060374013122,1845,430,99375.0
060374015001,2967,236,82047.0
060374015002,2371,432,97159.0
060374015003,684,78,92717.0
060374016011,1316,586,
060374016012,2521,996,63231.0
060374016013,1591,266,130027.0
060374016021,3389,549,73784.0
060374016022,1039,176,88846.0
060374016023,1142,85,122292.0
060374017051,1789,312,138313.0
060374017052,995,239,102222.0
060374017061,3050,255,59279.0
060374017062,1483,205,110850.0
060374017071,1225,318,25975.0
060374017072,2414,408,69929.0
060374017073,2429,183,95455.0
060374017074,2539,672,96795.0
060374018011,2165,403,133859.0
060374018012,2405,515,160962.0
060374018021,1260,285,120026.0
060374018022,2464,590,161875.0
060374019011,2028,9,85694.0
060374019012,2067,0,87614.0
060374019021,828,105,155717.0
060374019022,2871,821,96661.0
060374019023,1241,683,70078.0
060374019024,1161,271,130956.0
060374020011,2511,358,101500.0
060374020012,1614,224,63804.0
060374020021,1560,418,104286.0
060374020022,1232,357,29577.0
060374020023,1143,191,163523.0
060374021011,2137,337,104333.0
060374021012,1300,83,113250.0
060374021013,1419,265,75521.0
060374021021,2855,387,98902.0
060374021022,2281,273,125875.0
060374022001,2144,302,96587.0
060374022002,3190,667,83596.0
060374022003,1735,388,83553.0
060374023011,2861,218,121166.0
060374023012,2607,427,69217.0
060374023031,1495,164,65833.0
060374023032,1093,144,66250.0
060374023033,1191,115,80085.0
060374023041,1933,196,41809.0
060374023042,2009,111,51121.0
060374024031,1465,75,97000.0
060374024032,3761,404,86404.0
060374024041,1642,8,
060374024051,970,49,126776.0
060374024052,1458,302,83188.0
060374024061,1112,125,
060374024062,995,48,88839.0
060374024063,2494,353,88785.0
060374025011,1582,211,58819.0
060374025012,3274,376,56507.0
060374025031,2516,304,60702.0
060374025032,1814,90,71864.0
060374025041,1257,187,34815.0
060374025042,1038,266,34219.0
060374026011,1385,87,156188.0
060374026012,567,132,73090.0
060374026013,902,60,72727.0
060374026021,1488,108,66964.0
060374026022,1177,361,
060374026023,2176,127,173148.0
060374027021,1599,21,44438.0
060374027022,807,80,74489.0
060374027023,834,64,53333.0
060374027024,1697,81,59150.0
060374027031,2514,149,64333.0
060374027032,2887,362,108273.0
060374027051,1157,118,104457.0
060374027052,2439,354,91250.0
060374027061,1385,252,69125.0
060374027062,1633,33,139583.0
060374027063,640,105,79205.0
060374028011,1693,111,48309.0
060374028012,1239,58,89574.0
060374028013,1403,15,96100.0
060374028031,1410,123,88083.0
060374028032,2067,115,75707.0
060374028041,1607,75,84167.0
060374028042,589,18,
060374028043,1949,70,58523.0
060374029021,2286,338,60556.0
060374029022,2127,405,85891.0
060374029023,2483,280,71467.0
060374029031,1440,255,70938.0
060374029032,2210,193,57070.0
060374029041,1891,285,89219.0
060374029042,1724,101,84219.0
060374030001,3305,310,85063.0
060374030002,991,134,80000.0
060374030003,2695,505,123466.0
060374033051,2318,298,124432.0
060374033161,1870,622,
060374033162,2972,584,93025.0
060374033163,2165,394,127813.0
060374033171,2314,452,88438.0
060374033172,1315,401,151875.0
060374033173,1523,341,112019.0
060374033181,1138,421,93911.0
060374033182,1905,442,118696.0
060374033183,1712,495,122574.0
060374033184,1154,252,177974.0
060374033191,1387,277,76944.0
060374033192,2819,419,83424.0
060374033201,2035,329,124375.0
060374033202,3349,888,170909.0
060374033211,2896,779,112800.0
060374033212,1976,362,83017.0
060374033213,520,175,158125.0
060374033231,2035,352,77375.0
060374033232,2082,262,91250.0
060374033233,1475,206,90625.0
060374033241,848,321,213750.0
060374033242,1408,264,101325.0
060374033243,3121,790,82961.0
060374033244,570,281,
060374033251,1425,238,117708.0
060374033252,3428,515,115263.0
060374033261,1750,375,106875.0
060374033262,578,96,160644.0
060374033271,1210,314,99844.0
060374033272,1221,199,150500.0
060374033281,1649,373,105568.0
060374033282,1216,175,88529.0
060374033283,2468,202,103333.0
060374034011,1256,260,134120.0
060374034012,1557,203,120380.0
060374034013,2098,550,109375.0
060374034021,1998,437,96146.0
060374034022,1245,232,135521.0
060374034031,2630,751,152448.0
060374034032,1078,357,123558.0
060374034033,1469,314,150938.0
060374034041,977,195,124728.0
060374034042,1223,297,143958.0
060374034071,1124,249,133988.0
060374034072,1141,159,186131.0
060374034081,685,288,232647.0
060374034082,1121,254,149494.0
060374034083,2106,508,136250.0
060374034084,1203,276,82708.0
060374034085,1049,355,137852.0
060374034091,1492,460,164632.0
060374034092,2405,419,96310.0
060374035001,1438,445,120341.0
060374036011,1072,100,108068.0
060374036012,1657,211,113429.0
060374036013,2066,425,188151.0
060374036014,1795,296,116675.0
060374037021,2417,313,120753.0
060374037022,1769,358,113393.0
060374037031,1642,449,158333.0
060374037032,1130,247,213125.0
060374037033,1323,218,115147.0
060374037034,691,151,90789.0
060374037211,2186,268,71429.0
060374037212,1785,487,134808.0
060374037213,653,152,132396.0
060374037214,945,179,45139.0
060374037221,2186,188,65208.0
060374037222,2178,198,69939.0
060374037223,1073,154,93542.0
060374038011,459,91,65156.0
060374038012,3204,236,81250.0
060374038013,1942,161,129000.0
060374038021,2155,413,71875.0
060374038022,1030,152,92204.0
060374038023,3036,389,93056.0
060374039011,1134,204,94412.0
060374039012,678,93,125417.0
060374039013,1164,155,133750.0
060374039021,1612,119,83393.0
060374039022,1816,168,89500.0
060374039023,1822,463,83945.0
060374040001,1166,71,138750.0
060374040002,878,280,97500.0
060374040003,525,100,96853.0
060374040004,1978,30,105272.0
060374041001,1045,160,
060374041002,1878,348,95040.0
060374041003,2035,134,70625.0
060374041004,1349,129,105655.0
060374042011,1953,185,53068.0
060374042012,1598,130,101198.0
060374042031,2382,175,73929.0
060374042032,1783,153,112083.0
060374043011,1606,114,104643.0
060374043012,1210,116,71705.0
060374043013,2157,200,72188.0
060374043014,1284,176,83188.0
060374043021,1636,226,100833.0
060374043022,776,82,53313.0
060374044011,934,149,66100.0
060374044012,1823,246,72788.0
060374044013,1145,89,95313.0
060374044021,1375,192,97386.0
060374044022,1095,87,56198.0
060374044023,1396,57,147073.0
060374044024,758,178,94355.0
060374045011,1270,90,52353.0
060374045012,1451,198,71280.0
060374045031,2988,453,101188.0
060374045041,2797,308,85240.0
060374045042,2047,329,54671.0
060374046001,1352,232,113250.0
060374047011,2801,412,99648.0
060374047012,1557,215,97255.0
060374047013,1379,223,64735.0
060374047021,2022,367,79224.0
060374047022,1414,130,77096.0
060374047023,1356,256,78958.0
060374047031,1923,224,96875.0
060374047032,1286,95,82250.0
060374048041,1996,276,76035.0
060374048042,1191,125,89792.0
060374048043,1036,156,90223.0
060374048051,2008,188,64952.0
060374048052,914,209,66107.0
060374048061,1999,392,66773.0
060374048062,2268,392,72361.0
060374048063,1575,261,90050.0
060374049011,1462,175,111750.0
060374049012,1544,250,93125.0
060374049013,2357,279,114375.0
060374049021,1337,206,59286.0
060374049022,2006,310,87500.0
060374049031,1093,137,78438.0
060374049032,1584,158,84583.0
060374050011,1060,215,
060374050012,1264,176,78364.0
060374050013,1622,196,74327.0
060374050014,1420,164,93125.0
060374050021,1931,323,65121.0
060374050022,1340,162,91146.0
060374051011,1945,110,75331.0
060374051012,1572,504,103173.0
060374051013,1851,150,60188.0
060374051021,2752,540,56280.0
060374051022,2098,388,84524.0
060374052011,1648,201,78333.0
060374052012,1489,225,81094.0
060374052013,2284,125,58924.0
060374052021,1623,95,75125.0
060374052022,1163,231,55298.0
060374052023,1422,181,80750.0
060374052031,1422,248,96818.0
060374052032,1616,238,66667.0
060374053011,1923,215,66106.0
060374053012,1054,145,98750.0
060374053021,2068,185,76382.0
060374053022,1531,295,111944.0
060374053023,2089,258,117667.0
060374054001,1229,182,96310.0
060374054002,954,82,115833.0
060374054003,1408,206,132850.0
060374054004,1436,249,110677.0
060374055001,974,213,93750.0
060374055002,1522,197,143438.0
060374055003,1034,373,127969.0
060374055004,682,157,68036.0
060374055005,1995,100,92500.0
060374056001,2209,525,72278.0
060374056002,914,168,101477.0
060374056003,808,111,
060374056004,1182,120,
060374056005,635,203,82404.0
060374057011,893,133,104028.0
060374057012,1081,102,56583.0
060374057013,1663,227,101114.0
060374057021,2657,329,82619.0
060374057022,2502,368,92917.0
060374058001,1574,258,84063.0
060374058002,1719,251,116935.0
060374058003,2221,208,98490.0
060374059001,2571,277,64475.0
060374059002,1646,196,157344.0
060374060001,1818,54,92330.0
060374060002,1489,312,98281.0
060374060003,660,154,113942.0
060374060004,1268,285,111548.0
060374061011,821,86,118125.0
060374061012,1324,238,62041.0
060374061013,1061,143,99659.0
060374061031,2543,283,73929.0
060374061032,2645,389,130257.0
060374061033,1041,179,56786.0
060374061034,1779,251,90114.0
060374062011,1774,359,53158.0
060374062012,1881,348,58466.0
060374063001,1741,528,123281.0
060374063002,2215,227,100258.0
060374063003,1774,485,102242.0
060374064131,839,286,75667.0
060374064132,1310,149,
060374064133,1174,383,80890.0
060374064134,1091,151,117917.0
060374064135,1119,242,135333.0
060374064136,865,133,
060374065001,1273,384,157222.0
060374065002,2782,335,105250.0
060374065003,1774,81,87102.0
060374065004,2088,226,99074.0
060374066011,1739,376,109336.0
060374066012,1564,212,130417.0
060374066013,1734,356,149659.0
060374066021,2525,454,127563.0
060374066022,1252,207,70457.0
060374066023,899,230,121528.0
060374067011,2060,311,98194.0
060374067012,1138,242,94904.0
060374067021,775,181,82739.0
060374067022,1622,292,137835.0
060374067023,2157,234,112417.0
060374067024,2465,339,77500.0
060374068011,934,298,100543.0
060374068012,2103,376,110781.0
060374068013,1935,305,110903.0
060374069031,446,102,41157.0
060374069032,642,141,101111.0
060374069033,2545,286,81538.0
060374069034,986,165,131071.0
060374069035,789,343,18922.0
060374069036,1899,325,99375.0
060374070011,1182,365,83931.0
060374070012,2125,330,89063.0
060374070013,2627,314,108355.0
060374070021,1729,212,113182.0
060374070022,1643,290,105273.0
060374071011,939,113,54538.0
060374071012,1154,139,81250.0
060374071013,2222,211,82552.0
060374071021,981,80,125417.0
060374071022,2634,399,87125.0
060374071023,1800,303,93264.0
060374072011,1668,230,131429.0
060374072012,1757,97,68942.0
060374072021,1408,231,115625.0
060374072022,1674,504,74500.0
060374073011,1259,276,103264.0
060374073012,968,191,
060374073013,808,103,86750.0
060374073014,717,52,79960.0
060374073021,1567,226,104141.0
060374073022,1325,142,127813.0
060374073023,701,133,68684.0
060374074001,1848,376,126458.0
060374075011,928,190,
060374075012,1249,80,57344.0
060374075013,1325,196,88750.0
060374075014,739,128,90825.0
060374075021,1206,207,110588.0
060374075022,1552,130,108357.0
060374075023,1147,158,127266.0
060374076011,2054,214,102955.0
060374076012,1307,90,63958.0
060374076013,842,76,93463.0
060374076021,945,118,71336.0
060374076022,1038,128,102174.0
060374076023,1479,146,125000.0
060374076024,564,90,104306.0
060374077011,1510,284,49191.0
060374077012,1230,185,86089.0
060374077013,1678,127,103185.0
060374077021,1494,119,148039.0
060374077022,1710,173,103148.0
060374077023,1191,193,139148.0
060374077024,2141,280,80781.0
060374078011,1952,211,104000.0
060374078012,2095,204,145114.0
060374078013,1101,285,77292.0
060374078021,7,2,
060374078022,933,174,111944.0
060374078023,2267,230,140179.0
060374079011,1484,224,89151.0
060374079012,1705,138,149018.0
060374079013,1128,195,92404.0
060374079021,1632,292,85450.0
060374080031,2107,497,91684.0
060374080032,2580,486,106304.0
060374080041,2414,462,91020.0
060374080051,1792,369,166250.0
060374080052,1585,253,91544.0
060374080053,1990,188,127575.0
060374080061,3878,503,91875.0
060374081331,1349,220,121650.0
060374081332,2843,147,67904.0
060374081333,1796,330,142734.0
060374081341,2641,683,111667.0
060374081351,3177,396,86631.0
060374081352,1159,294,91713.0
060374081361,1850,355,123315.0
060374081362,1868,214,116667.0
060374081371,1609,151,95611.0
060374081372,1422,215,78393.0
060374081373,1068,178,97917.0
060374081381,1878,311,56083.0
060374081382,1437,253,95691.0
060374081383,1574,166,125974.0
060374081391,2231,207,113750.0
060374081392,2247,385,101667.0
060374081401,2633,227,74038.0
060374081402,776,130,75813.0
060374081411,839,128,162832.0
060374081412,1159,230,94342.0
060374081413,2077,257,95573.0
060374082121,2857,600,96875.0
060374082122,1893,557,58952.0
060374082131,1768,592,74792.0
060374082132,3062,238,73068.0
060374082133,957,211,76250.0
060374083011,685,161,42226.0
060374083012,2452,182,74844.0
060374083013,1679,284,113448.0
060374083014,1107,143,80000.0
060374083021,3350,571,79412.0
060374083031,2578,585,113205.0
060374083032,1650,167,133125.0
060374084011,2397,614,74583.0
060374084012,1955,331,101103.0
060374084021,1775,536,124844.0
060374084022,1734,445,140385.0
060374084023,2777,717,84792.0
060374085031,1492,395,
060374085032,1111,170,164575.0
060374085033,2247,518,104963.0
060374085034,2073,442,166324.0
060374085041,1931,258,133750.0
060374085042,2225,379,97083.0
060374085043,1262,96,87750.0
060374085051,1203,313,122368.0
060374085052,1170,257,108201.0
060374086231,3117,715,100900.0
060374086241,1780,347,134028.0
060374086242,1274,395,94699.0
060374086251,1167,356,137985.0
060374086252,905,131,167813.0
060374086253,1801,373,107692.0
060374086261,1414,298,104477.0
060374086262,956,248,58233.0
060374086263,1408,469,72043.0
060374086271,1630,515,116000.0
060374086272,996,173,89911.0
060374086281,1602,524,136818.0
060374086282,1676,275,118628.0
060374086283,2313,404,53633.0
060374086291,1115,390,96620.0
060374086292,1954,359,144375.0
060374086311,1715,278,84815.0
060374086312,921,149,70400.0
060374086313,2378,277,125481.0
060374087031,1611,292,227813.0
060374087032,2582,589,98824.0
060374087033,1354,374,131375.0
060374087051,1765,314,
060374087052,2092,302,84120.0
060374087053,1683,514,72328.0
060374087071,2079,495,125102.0
060374087072,1116,211,144375.0
060374087073,3312,777,132250.0
060374087221,1715,386,86944.0
060374087222,2529,642,150000.0
060374087241,1888,133,62714.0
060374087242,2259,95,78241.0
060374087243,1288,77,79893.0
060374087251,927,317,108250.0
060374087252,3116,909,63201.0
060374087253,1811,290,85833.0
060374088001,1286,41,111250.0
060374088002,2031,149,58500.0
060374088003,1442,15,37231.0
060374089001,1814,670,98281.0
060374089002,1038,506,75217.0
060374089003,2677,913,73313.0
060374090001,1098,32,90671.0
060374090002,778,59,76829.0
060374090003,2746,455,82500.0
060374090004,2988,330,72582.0
060374091001,861,135,98750.0
060374091002,1624,234,104000.0
060374091003,1605,111,120323.0
060374091004,1486,248,77083.0
060374300031,1026,222,121000.0
060374300032,3148,767,129167.0
060374300033,674,48,163839.0
060374300041,803,332,87054.0
060374300042,982,47,128375.0
060374300043,1546,340,95948.0
060374300051,1471,278,74500.0
060374300052,2351,557,128731.0
060374301011,2006,746,53393.0
060374301012,1687,343,61715.0
060374301013,1325,284,126875.0
060374301021,1639,388,94375.0
060374301022,1479,161,123105.0
060374301023,1784,194,95833.0
060374302001,1041,406,127730.0
060374303011,657,161,154886.0
060374303012,0,0,
060374303013,1742,374,150145.0
060374303014,2295,340,152000.0
060374303021,554,187,178438.0
060374303022,1964,318,100195.0
060374303023,920,140,61319.0
060374303024,789,227,103375.0
060374303025,632,100,61161.0
060374304001,1299,312,246250.0
060374304002,794,184,250001.0
060374304003,1089,429,175556.0
060374304004,1085,105,143309.0
060374305011,1036,214,222955.0
060374305012,1404,247,141381.0
060374305013,842,209,147188.0
060374305014,1244,258,229968.0
060374305021,448,69,220714.0
060374305022,1777,361,85809.0
060374305023,1554,297,85057.0
060374305024,587,88,121595.0
060374305025,947,282,146210.0
060374305026,1181,396,117222.0
060374306001,500,133,226016.0
060374306002,1934,418,227902.0
060374306003,1857,393,154861.0
060374307011,934,331,
060374307012,2060,462,92417.0
060374307013,1029,177,162679.0
060374307014,1051,384,132841.0
060374307211,850,164,
060374307212,1492,439,72931.0
060374307213,961,121,112038.0
060374307231,2248,173,96250.0
060374307232,2827,384,79500.0
060374307241,2135,256,125938.0
060374307242,2883,297,90924.0
060374308011,684,69,146875.0
060374308012,3412,209,
060374308013,1379,147,71507.0
060374308014,1760,188,
060374308021,1059,114,144783.0
060374308022,948,168,152643.0
060374308023,984,173,122153.0
060374308024,1017,307,185938.0
060374308031,1046,253,132031.0
060374308032,1137,274,121522.0
060374308033,1115,325,106991.0
060374308034,1179,218,152679.0
060374308035,602,287,92563.0
060374309011,2054,214,115714.0
060374309012,531,81,61250.0
060374309013,1584,190,62614.0
060374309021,3525,374,106094.0
060374309022,1097,247,93194.0
060374309023,489,24,115652.0
060374310021,1370,367,39653.0
060374310022,1702,245,113750.0
060374310031,1673,174,81375.0
060374310032,3081,203,88453.0
060374310041,1936,180,92143.0
060374310042,1407,188,96731.0
060374311001,2367,365,94926.0
060374311002,2636,253,112212.0
060374311003,1135,124,65938.0
060374311004,1183,66,115472.0
060374312001,1863,99,93429.0
060374312002,1674,267,81600.0
060374312003,933,12,106908.0
060374312004,1989,328,115238.0
060374313001,757,179,112500.0
060374313002,914,180,109120.0
060374313003,949,141,133074.0
060374314001,1116,296,108750.0
060374314002,914,135,101667.0
060374314003,1087,333,109423.0
060374314004,653,321,46023.0
060374315011,1021,561,45671.0
060374315012,1425,170,79167.0
060374315013,1428,217,76786.0
060374315021,902,155,113875.0
060374315022,1674,244,164393.0
060374315023,1009,222,79659.0
060374315024,946,155,97417.0
060374316001,1488,427,117558.0
060374316002,1902,384,98929.0
060374316003,523,75,
060374317011,926,314,61747.0
060374317012,1006,278,201131.0
060374317013,1209,68,250001.0
060374317014,959,522,115967.0
060374317015,2223,260,
060374318001,1525,240,143864.0
060374318002,2089,625,144306.0
060374318003,1710,648,52059.0
060374319001,825,134,124297.0
060374319002,1532,279,90489.0
060374319003,1331,263,109063.0
060374320011,1533,541,92000.0
060374320012,728,123,112981.0
060374320021,2081,434,91466.0
060374320022,916,98,
060374320023,959,253,52188.0
060374320024,1460,238,120696.0
060374321011,1716,226,123125.0
060374321012,1754,372,137500.0
060374321013,1286,187,117130.0
060374321021,921,178,139929.0
060374321022,1303,289,111890.0
060374321023,988,163,142500.0
060374321024,869,115,85893.0
060374321025,1398,227,108021.0
060374322011,1432,417,118254.0
060374322012,3261,557,115176.0
060374322021,1206,281,74318.0
060374322022,867,202,87849.0
060374322023,1471,326,84318.0
060374323001,1450,165,59934.0
060374323002,1227,304,112008.0
060374323003,1283,232,83272.0
060374324011,3107,441,77933.0
060374324012,1110,213,79755.0
060374324021,2035,268,62733.0
060374324022,1665,277,58654.0
060374324023,1678,198,66638.0
060374325011,2509,486,60081.0
060374325012,1690,440,102552.0
060374325021,2433,229,113813.0
060374325022,1877,381,127656.0
060374326011,1097,122,116734.0
060374326012,2254,244,50500.0
060374326013,1026,239,69688.0
060374326014,2076,345,
060374326021,1654,317,55455.0
060374326022,1325,238,43787.0
060374326023,1482,470,114861.0
060374327001,2288,176,60199.0
060374327002,1082,164,54135.0
060374327003,1222,191,80288.0
060374328011,1685,644,29531.0
060374328012,622,102,57885.0
060374328021,1830,159,54402.0
060374328022,2108,208,60833.0
060374328023,1451,153,54250.0
060374329011,1912,267,90938.0
060374329012,1090,316,56522.0
060374329013,1263,25,42238.0
060374329021,1321,321,84583.0
060374329022,1672,392,66420.0
060374331031,2403,344,65347.0
060374331032,2405,264,77731.0
060374331033,703,319,31400.0
060374331034,1191,218,103500.0
060374332001,1216,214,39643.0
060374332002,694,104,53810.0
060374332003,1778,508,103333.0
060374332004,2401,211,73839.0
060374333021,1837,176,61210.0
060374333041,1981,382,39408.0
060374333042,2018,245,36694.0
060374333051,2395,255,64677.0
060374333052,2175,539,43444.0
060374333061,1990,421,52619.0
060374333062,1066,73,84375.0
060374333071,1163,285,96711.0
060374333072,1575,212,80278.0
060374334021,1543,291,60391.0
060374334022,3073,365,76818.0
060374334031,1787,207,73750.0
060374334032,2143,193,49212.0
060374334033,930,122,38333.0
060374335051,1390,201,51905.0
060374335052,1453,123,60809.0
060374335053,1138,251,
060374335061,1744,213,48357.0
060374335062,1835,219,45817.0
060374336011,1780,445,69044.0
060374336012,3093,631,75898.0
060374336021,2730,614,42465.0
060374338031,1720,266,74728.0
060374338032,1520,390,90402.0
060374338041,3029,126,49700.0
060374338042,352,66,140268.0
060374338043,1200,198,71899.0
060374339011,2897,220,70156.0
060374339012,1161,127,61736.0
060374339013,1343,99,59792.0
060374339031,1661,46,48636.0
060374339032,453,46,79450.0
060374339033,2098,273,67750.0
060374339034,1220,228,45455.0
060374340011,1821,192,
060374340012,2710,332,94583.0
060374340031,881,67,96071.0
060374340032,1665,228,67721.0
060374340033,1158,131,68750.0
060374340041,3136,689,105663.0
060374341001,795,88,92639.0
060374341002,2414,377,67708.0
060374341003,735,133,33043.0
060374341004,806,147,117857.0
060374341005,1169,154,110197.0
060374600011,1853,489,249861.0
060374600021,1182,323,208000.0
060374600022,1566,414,184792.0
060374601011,623,294,134821.0
060374601012,2061,567,248465.0
060374601013,809,197,
060374601014,759,108,110078.0
060374601015,1398,458,207060.0
060374602001,546,156,121364.0
060374602002,830,129,
060374602003,1820,225,183929.0
060374602004,1352,353,69112.0
060374602005,1293,164,240037.0
060374603011,1144,156,153912.0
060374603012,1064,147,144531.0
060374603013,639,134,95694.0
060374603014,1932,349,200500.0
060374603021,1391,166,132560.0
060374603022,848,105,
060374603023,1005,150,107159.0
060374603024,1155,326,
060374604011,1093,149,124167.0
060374605011,1731,363,250001.0
060374605012,1097,139,250001.0
060374605013,2421,604,220494.0
060374605021,1199,214,250001.0
060374605022,2021,171,250001.0
060374605023,1590,305,250001.0
060374606011,1183,211,240962.0
060374606012,1255,357,213056.0
060374606013,1383,318,250001.0
060374606014,1423,209,81538.0
060374607001,582,208,157011.0
060374607002,310,174,250001.0
060374607003,507,129,206406.0
060374607004,1649,333,215081.0
060374607005,1743,241,195464.0
060374608001,1634,603,244659.0
060374608002,1158,354,250001.0
060374609001,1759,181,90288.0
060374609002,1688,156,69337.0
060374609003,1153,94,
060374609004,1053,179,117750.0
060374609005,741,73,225388.0
060374610001,1367,116,192930.0
060374610002,1412,164,122344.0
060374610003,1553,399,123269.0
060374610004,1161,137,103177.0
060374611001,1187,745,90250.0
060374611002,1991,308,140066.0
060374611003,856,108,102115.0
060374611004,1119,185,132132.0
060374612001,645,147,192375.0
060374612002,1217,401,94500.0
060374612003,827,211,129063.0
060374612004,1631,328,204375.0
060374613001,1255,418,105313.0
060374613002,1075,363,165833.0
060374613003,1749,242,82216.0
060374613004,1948,562,71133.0
060374614001,1075,267,78472.0
060374614002,815,98,
060374614003,805,121,141231.0
060374615011,1114,223,111520.0
060374615012,1099,195,80147.0
060374615013,1346,312,115606.0
060374615021,1268,198,94200.0
060374615022,2006,590,70952.0
060374615023,1136,438,
060374615024,1646,205,
060374616001,902,122,22593.0
060374616002,1047,276,95282.0
060374616003,1910,111,100347.0
060374616004,1302,155,128766.0
060374617001,575,165,181429.0
060374617002,769,333,120313.0
060374619011,3047,198,69500.0
060374619012,315,88,84000.0
060374619013,1296,121,49542.0
060374619021,548,43,40398.0
060374619022,1456,235,110507.0
060374620011,2117,251,92419.0
060374620012,2186,187,81875.0
060374620021,1059,66,40221.0
060374620022,2016,187,49531.0
060374620023,502,143,40563.0
060374621001,1181,174,98792.0
060374621002,2115,135,90854.0
060374621003,1414,256,135327.0
060374622011,1031,325,82813.0
060374622012,1193,407,15521.0
060374622013,1391,75,61408.0
060374622021,1914,228,104252.0
060374622022,1292,54,87917.0
060374623011,1946,115,85655.0
060374623012,705,63,84052.0
060374623013,1273,147,98071.0
060374623021,1427,86,86382.0
060374623022,723,157,67375.0
060374623023,1227,84,62000.0
060374624001,1173,253,149531.0
060374624002,1045,158,155417.0
060374624003,1033,128,172348.0
060374624004,619,91,
060374625001,1783,334,136587.0
060374625002,1393,201,
060374625003,2077,362,109555.0
060374625004,1229,375,163135.0
060374626001,1255,267,196136.0
060374626002,1137,220,121944.0
060374627001,648,179,177521.0
060374627002,1355,154,63468.0
060374627003,1261,136,157875.0
060374627004,1214,235,36338.0
060374627005,1277,88,65964.0
060374628001,1118,343,115833.0
060374628002,1801,52,108276.0
060374629001,1590,492,79427.0
060374629002,990,193,160179.0
060374629003,1074,181,123553.0
060374630001,753,176,121486.0
060374630002,1973,297,107841.0
060374631031,1043,196,128920.0
060374631032,999,296,114750.0
060374631033,903,149,
060374631034,634,184,77000.0
060374631035,2028,372,106042.0
060374632001,1351,257,127159.0
060374632002,1425,442,91927.0
060374632003,486,98,60197.0
060374633001,1074,200,97857.0
060374633002,940,185,250001.0
060374634001,1229,247,145229.0
060374634002,1670,196,127222.0
060374634003,747,107,181118.0
060374634004,2223,171,111250.0
060374635001,2627,64,120147.0
060374635002,1617,346,167240.0
060374635003,1929,263,70521.0
060374636011,1638,537,119565.0
060374636012,1913,290,106991.0
060374636013,1113,161,98989.0
060374636014,1581,175,57146.0
060374636021,976,196,62212.0
060374636022,2269,492,113438.0
060374636023,1283,242,120078.0
060374636024,1368,102,141370.0
060374637001,1085,375,207241.0
060374637002,2344,444,152875.0
060374638001,818,183,250001.0
060374638002,1126,225,250001.0
060374638003,1054,262,191964.0
060374638004,995,197,143636.0
060374639001,914,343,130972.0
060374639002,954,203,123281.0
060374639003,1247,517,150086.0
060374640001,969,371,136635.0
060374640002,1000,101,
060374640003,1410,327,146324.0
060374640004,1065,81,215208.0
060374640005,904,129,111950.0
060374641011,907,276,250001.0
060374641012,535,95,182321.0
060374641013,781,213,156958.0
060374641021,780,151,250001.0
060374641022,1325,271,208625.0
060374641023,1287,219,250001.0
060374641024,989,190,149583.0
060374642001,693,180,167292.0
060374642002,679,143,
060374642003,1180,148,188112.0
060374642004,929,177,247596.0
060374642005,642,252,168214.0
060374642006,1552,414,145729.0
060374800021,906,175,136250.0
060374800022,1341,401,160000.0
060374800023,1596,352,167981.0
060374800111,2491,239,73520.0
060374800112,2729,401,102041.0
060374800121,1262,142,93785.0
060374800122,1692,329,133295.0
060374800123,772,126,58636.0
060374800124,1025,328,133571.0
060374801011,1575,298,101284.0
060374801012,1274,258,88536.0
060374801013,1257,298,65156.0
060374801021,1152,237,208125.0
060374801022,889,255,180781.0
060374801023,1221,155,111364.0
060374801024,695,118,97386.0
060374802011,1071,221,175208.0
060374802012,875,184,224625.0
060374802013,1798,353,123438.0
060374802021,807,239,89063.0
060374802022,1036,411,122708.0
060374802023,869,119,159000.0
060374803021,1542,269,153689.0
060374803022,903,258,108257.0
060374803023,1547,386,79375.0
060374803031,1426,284,105521.0
060374803032,3000,282,91563.0
060374803041,1956,554,81384.0
060374803042,1037,92,79688.0
060374803043,1152,235,65417.0
060374804001,1602,399,88315.0
060374804002,2773,250,90849.0
060374804003,1518,302,126500.0
060374805001,1455,213,168393.0
060374805002,1854,332,102813.0
060374805003,941,172,117174.0
060374805004,1051,290,
060374806011,1142,131,134688.0
060374806012,1113,31,120500.0
060374806013,1789,68,121515.0
060374806021,1494,34,114625.0
060374806022,477,94,97019.0
060374806023,1388,289,122292.0
060374806024,943,22,166875.0
060374807021,1758,364,209500.0
060374807022,2743,454,136681.0
060374807031,2340,403,204875.0
060374807032,1734,120,133125.0
060374807041,1017,155,79795.0
060374807042,2015,214,115567.0
060374807043,1043,95,145000.0
060374808021,596,216,
060374808022,2624,491,119157.0
060374808031,597,157,81591.0
060374808032,759,48,44519.0
060374808033,855,133,116667.0
060374808034,816,237,123580.0
060374808041,2336,378,82449.0
060374808042,2339,384,96414.0
060374809011,1838,353,76607.0
060374809012,956,92,57406.0
060374809013,1107,169,73333.0
060374809021,2230,328,62946.0
060374809022,1782,173,70196.0
060374809031,2873,573,86667.0
060374810011,1530,379,93869.0
060374810012,1835,787,56406.0
060374810013,1217,218,71607.0
060374810021,1903,370,88281.0
060374810022,2180,413,85042.0
060374810023,1665,169,71835.0
060374811011,2182,340,70365.0
060374811012,2093,422,107850.0
060374811021,2158,150,84219.0
060374811022,216,57,
060374811023,1229,180,71250.0
060374811031,1378,267,68250.0
060374811032,1870,342,94261.0
060374811033,1168,128,77224.0
060374811034,899,148,57292.0
060374812011,1029,273,83929.0
060374812012,1875,271,81250.0
060374812013,1096,66,107984.0
060374812031,3472,501,77689.0
060374812032,2390,412,108077.0
060374812033,906,211,80700.0
060374813001,1692,399,63125.0
060374813002,1380,316,87109.0
060374814011,2695,408,54375.0
060374814012,1880,363,124712.0
060374814013,858,142,119375.0
060374814031,830,126,
060374814032,2302,420,81230.0
060374814041,1061,289,83750.0
060374814042,2050,427,70822.0
060374814043,756,186,113571.0
060374815001,1970,244,77967.0
060374815002,994,516,90541.0
060374815003,1372,332,81250.0
060374816031,2501,287,81743.0
060374816032,1079,228,88295.0
060374816041,1390,236,134201.0
060374816042,2793,523,58462.0
060374816051,832,130,91188.0
060374816052,1242,264,67115.0
060374816053,737,149,88750.0
060374816061,2020,410,70771.0
060374816062,1836,384,83487.0
060374816063,1060,189,79844.0
060374817111,2303,589,48646.0
060374817112,2094,539,66250.0
060374817121,2976,348,58063.0
060374817122,2206,606,37266.0
060374817131,1730,278,60500.0
060374817132,997,203,72609.0
060374817141,1590,580,37375.0
060374817142,1005,184,44583.0
060374818001,960,253,126538.0
060374818002,1322,406,127500.0
060374819011,818,221,
060374819012,459,116,61250.0
060374819013,1634,314,177083.0
060374819014,2651,428,114750.0
060374819021,2391,491,68922.0
060374819022,928,45,92044.0
060374820011,2184,559,145625.0
060374820012,463,180,73000.0
060374820021,1726,321,
060374820022,1520,488,112292.0
060374820023,2015,590,98700.0
060374820024,1560,97,96636.0
060374821011,1211,252,128924.0
060374821012,1641,461,51196.0
060374821013,1673,331,93000.0
060374821021,1935,562,98750.0
060374821022,1360,382,118036.0
060374822011,1413,276,59844.0
060374822012,1454,323,54643.0
060374822013,990,145,76477.0
060374822021,1290,264,61250.0
060374822022,1347,482,80278.0
060374822023,2804,336,67860.0
060374823011,1149,302,99716.0
060374823012,1028,114,82639.0
060374823013,1732,243,95691.0
060374823014,946,151,
060374823031,1153,245,47065.0
060374823032,1667,388,61579.0
060374823033,1946,439,81397.0
060374823041,1875,137,60268.0
060374823042,1002,257,52014.0
060374824011,1698,317,59896.0
060374824012,1949,330,76250.0
060374824031,3254,574,47125.0
060374824041,811,130,59690.0
060374824042,2618,482,86250.0
060374825021,1415,262,77604.0
060374825022,2105,379,71544.0
060374825031,1709,236,81036.0
060374825032,2298,413,80820.0
060374825211,976,282,83929.0
060374825212,2114,359,77165.0
060374825213,2295,784,83304.0
060374825221,1579,398,83571.0
060374825222,1691,277,107159.0
060374825223,895,385,77397.0
060374826001,1464,410,134519.0
060374826002,1850,680,107880.0
060374826003,1249,199,72131.0
060374826004,1814,198,
060374827011,1082,220,80040.0
060374827012,1107,190,61402.0
060374827013,983,264,70938.0
060374827014,684,121,85455.0
060374827021,1431,298,106827.0
060374827022,961,173,82381.0
060374828011,1141,92,90750.0
060374828012,909,191,111141.0
060374828013,1776,472,85625.0
060375001001,1091,370,171000.0
060375001002,1606,248,250001.0
060375001003,990,259,213897.0
060375002021,729,158,176292.0
060375002022,515,151,
060375002023,1366,262,
060375002024,965,176,
060375002025,1344,285,180781.0
060375002031,878,198,
060375002032,1254,212,196023.0
060375002033,2024,449,129853.0
060375002041,2361,578,158207.0
060375003001,2691,774,120694.0
060375004021,1000,209,75192.0
060375004022,1333,157,66078.0
060375004023,2327,317,
060375004031,2709,467,86505.0
060375004032,1132,139,77045.0
060375004041,1072,291,65370.0
060375004042,890,101,108125.0
060375004043,1270,195,104531.0
060375004044,1169,231,121750.0
060375005001,2820,415,70585.0
060375006001,709,122,88750.0
060375006002,1127,72,67059.0
060375006003,985,116,144191.0
060375006004,967,44,101875.0
060375006005,2069,186,
060375007001,1276,154,138750.0
060375007002,1577,448,
060375007003,751,188,98073.0
060375007004,1190,317,
060375007005,1033,85,90543.0
060375007006,586,81,85707.0
060375008001,842,156,72500.0
060375008002,1757,426,113352.0
060375008003,2118,220,122967.0
060375009001,1096,211,111583.0
060375009002,1147,173,87292.0
060375009003,1875,312,77125.0
060375009004,1138,514,20161.0
060375010011,1651,155,125938.0
060375010012,1364,173,73750.0
060375010021,1626,241,119107.0
060375010022,1667,290,104464.0
060375010023,1305,143,114952.0
060375012001,2499,349,102361.0
060375012002,2483,306,92772.0
060375013011,1661,336,76523.0
060375013012,1317,282,96648.0
060375013021,1442,255,134188.0
060375013022,2110,299,80833.0
060375013023,982,172,94947.0
060375014001,799,88,
060375014002,1469,79,77500.0
060375014003,1175,170,135714.0
060375015011,1963,511,132857.0
060375015031,1125,184,59310.0
060375015032,1083,187,138333.0
060375015033,1173,83,81250.0
060375015034,2037,177,83500.0
060375015041,1724,659,28611.0
060375015042,825,81,89583.0
060375015043,768,89,75521.0
060375016001,3097,310,141140.0
060375016002,1867,87,52179.0
060375016003,1060,68,
060375016004,905,138,171500.0
060375016005,410,109,193897.0
060375017001,1089,247,144464.0
060375017002,837,128,136522.0
060375017003,916,180,
060375017004,951,139,88304.0
060375018021,1227,176,103333.0
060375018022,574,80,80987.0
060375018023,1418,246,90265.0
060375018031,2245,195,65096.0
060375018032,2445,126,61268.0
060375018041,1303,271,64792.0
060375018042,830,23,53500.0
060375019001,1309,220,85455.0
060375019002,678,108,142566.0
060375019003,1158,217,77083.0
060375019004,1185,80,117778.0
060375020031,1481,118,90677.0
060375020032,1194,111,63594.0
060375020041,1471,163,100917.0
060375020042,2224,286,61731.0
060375020051,1507,161,119561.0
060375020052,1606,216,87868.0
060375020053,1279,95,78125.0
060375021001,825,212,126111.0
060375021002,2816,385,87198.0
060375021003,1698,399,85952.0
060375022001,966,163,96094.0
060375022002,2082,168,142452.0
060375022003,1847,223,153750.0
060375022004,2198,450,80179.0
060375023031,1224,307,57123.0
060375023032,2525,214,96406.0
060375023033,519,80,
060375023034,1210,303,89242.0
060375023035,2751,454,61921.0
060375024011,1898,204,110641.0
060375024012,1283,197,77109.0
060375024013,1893,239,64821.0
060375024021,1896,434,74000.0
060375024022,1574,332,105625.0
060375025001,1910,362,76196.0
060375025002,2345,222,113007.0
060375026021,1630,91,76940.0
060375026022,1741,273,75052.0
060375026023,807,112,117550.0
060375026031,2751,502,124662.0
060375026032,578,98,96607.0
060375026041,1455,166,179911.0
060375026042,1000,220,84038.0
060375026043,1227,210,88455.0
060375027001,1675,241,91250.0
060375027002,1347,136,128750.0
060375027003,1224,184,97404.0
060375027004,3323,477,86301.0
060375028011,427,128,89167.0
060375028012,2361,248,101719.0
060375028013,1671,220,164335.0
060375028014,1362,230,73162.0
060375028015,628,126,86250.0
060375029011,1300,226,89306.0
060375029012,2310,367,126507.0
060375029013,1847,183,132917.0
060375030001,1170,68,116071.0
060375030002,1380,23,
060375030003,1973,71,51250.0
060375030004,1071,112,105893.0
060375031031,1629,258,102644.0
060375031032,1362,188,102143.0
060375031033,1703,141,111219.0
060375031034,901,65,109648.0
060375031041,2344,291,83750.0
060375031051,1622,184,128125.0
060375031052,1772,227,119841.0
060375031061,1790,244,89643.0
060375031062,661,87,
060375031063,1510,176,91518.0
060375032011,1231,143,86653.0
060375032012,1634,287,104219.0
060375032013,1013,168,125719.0
060375032021,2450,310,123625.0
060375032022,842,122,
060375032023,925,186,61750.0
060375033011,1116,175,147931.0
060375033012,939,117,99398.0
060375033013,1381,123,139500.0
060375033021,1584,168,115417.0
060375033022,2933,305,77714.0
060375033023,1553,195,92568.0
060375034011,942,259,156667.0
060375034012,2440,479,106019.0
060375034013,1172,161,130536.0
060375034014,1117,81,93831.0
060375034015,1474,227,64801.0
060375034021,1648,208,150638.0
060375034022,1235,220,89392.0
060375034023,962,120,105179.0
060375035011,2540,127,87188.0
060375035012,2860,334,101863.0
060375035013,1513,108,157381.0
060375035021,977,182,124250.0
060375035022,1033,157,91132.0
060375035023,1832,79,76985.0
060375036011,2583,568,112602.0
060375036012,734,135,102375.0
060375036013,823,68,97625.0
060375036021,1482,198,113594.0
060375036022,2304,562,163833.0
060375037011,1852,334,140324.0
060375037012,3044,542,82361.0
060375037021,2091,353,147292.0
060375037022,3074,339,97563.0
060375037041,1887,680,124432.0
060375037042,2478,1381,57368.0
060375037051,1364,346,113866.0
060375037052,1564,374,104231.0
060375038011,1542,218,113092.0
060375038012,455,98,100250.0
060375038013,1721,341,81711.0
060375038021,993,143,134432.0
060375038022,1125,132,111563.0
060375038023,3068,584,102637.0
060375039011,689,118,142321.0
060375039012,1528,262,142566.0
060375039021,1561,336,97460.0
060375039022,1417,134,140786.0
060375039023,2087,337,133000.0
060375039024,0,0,
060375040011,1137,257,128750.0
060375040012,1110,440,
060375040013,2894,164,
060375040021,1056,176,133466.0
060375040022,1017,87,101500.0
060375040023,1024,206,144464.0
060375040024,1139,111,193006.0
060375040025,1095,108,135000.0
060375041011,3346,669,79116.0
060375041012,904,115,156008.0
060375041013,818,121,106250.0
060375042001,4217,1053,66719.0
060375042002,883,117,107875.0
060375042003,2060,237,85000.0
060375300051,1744,683,138134.0
060375300052,1686,478,102708.0
060375300061,3612,578,82396.0
060375300062,1086,89,92539.0
060375300071,1719,243,49652.0
060375300072,2120,373,115179.0
060375300073,1154,428,80441.0
060375300074,1460,342,136944.0
060375301011,1672,314,48672.0
060375301012,1765,515,35575.0
060375301013,973,188,
060375301014,753,100,100433.0
060375301021,1577,411,82424.0
060375301022,1011,206,48896.0
060375301023,1111,135,63906.0
060375301024,1118,385,19375.0
060375302021,1609,324,112750.0
060375302022,1775,322,138189.0
060375302023,749,69,75559.0
060375302031,2042,169,52870.0
060375302032,761,226,42440.0
060375302041,1241,102,64091.0
060375302042,2494,306,70417.0
060375303011,2100,344,64071.0
060375303021,1407,227,63836.0
060375303022,2091,263,69081.0
060375303023,1410,151,128101.0
060375303024,1281,171,60333.0
060375304001,0,0,
060375304002,1701,505,57000.0
060375304003,1875,617,24250.0
060375305001,1589,238,78203.0
060375305002,1109,135,45978.0
060375305003,1303,175,87875.0
060375306031,1402,128,120938.0
060375306032,1194,99,59023.0
060375306033,1843,312,96065.0
060375307001,2070,206,90685.0
060375308011,1370,14,103590.0
060375308012,1583,176,57188.0
060375308013,1639,234,87368.0
060375308014,1322,51,132118.0
060375308021,1468,159,97788.0
060375308022,1756,156,70300.0
060375309011,982,70,48750.0
060375309012,1558,111,45179.0
060375309013,1414,17,101364.0
060375309021,1611,285,57578.0
060375309022,2134,368,36596.0
060375310001,2547,163,84216.0
060375310002,426,31,110263.0
060375310003,1636,244,56023.0
060375311011,648,91,
060375311012,1175,129,61424.0
060375311013,1844,103,101010.0
060375311014,858,87,65034.0
060375311021,1593,278,48790.0
060375311022,835,116,60526.0
060375312011,2151,343,69674.0
060375312012,2029,275,85369.0
060375312021,1732,151,51071.0
060375312022,2761,356,54475.0
060375313011,1656,156,56591.0
060375313012,822,21,93081.0
060375313013,1761,231,57292.0
060375313014,1211,146,78182.0
060375313021,1293,51,47024.0
060375313022,1965,188,66701.0
060375313023,1623,46,74643.0
060375313024,767,85,35357.0
060375315021,927,64,60000.0
060375315022,2282,151,51736.0
060375315031,1316,150,80357.0
060375315032,1129,130,65764.0
060375315041,2337,239,62895.0
060375315042,1653,88,63271.0
060375316021,700,99,
060375316022,875,73,80407.0
060375316023,2172,342,64274.0
060375316031,676,59,62059.0
060375316032,2807,279,68940.0
060375316041,1654,174,67708.0
060375316042,1411,166,55759.0
060375317011,2839,268,83941.0
060375317012,2559,330,67689.0
060375317021,2014,277,85602.0
060375317022,711,109,
060375317023,2107,177,74821.0
060375318001,2065,86,126417.0
060375318002,2005,240,72904.0
060375318003,438,73,65347.0
060375319011,1585,97,62500.0
060375319012,1455,161,89952.0
060375319013,2214,189,60101.0
060375319014,1410,147,70278.0
060375319021,873,37,103889.0
060375319022,1917,224,61364.0
060375319023,1224,251,92566.0
060375320011,1466,410,49500.0
060375320012,1667,289,82625.0
060375320021,964,82,80729.0
060375320022,2384,346,82027.0
060375321011,2573,249,50606.0
060375321012,2103,377,42064.0
060375321013,2584,218,74375.0
060375321021,1935,238,123000.0
060375321022,1720,266,110417.0
060375322001,2275,298,69700.0
060375322002,1592,33,53500.0
060375322003,2578,199,91375.0
060375323021,1591,159,68382.0
060375323022,1124,174,
060375323023,1907,292,67847.0
060375323031,1400,303,80800.0
060375323032,2016,535,71029.0
060375323033,695,47,110459.0
060375323041,2901,543,53688.0
060375323042,1067,255,97321.0
060375325001,638,93,43654.0
060375325002,1706,272,50786.0
060375325003,1392,141,69478.0
060375326051,2840,524,61806.0
060375326052,1591,152,52963.0
060375326061,822,117,59243.0
060375326062,1743,269,39398.0
060375326063,1487,157,57000.0
060375326071,1958,175,55786.0
060375326072,759,119,87292.0
060375326073,629,57,
060375326074,779,229,47617.0
060375326075,1025,81,50341.0
060375327001,1286,124,65556.0
060375327002,1842,155,58125.0
060375328001,2324,168,49839.0
060375328002,1967,187,46613.0
060375329001,1659,122,60893.0
060375329002,2695,161,37819.0
060375329003,1893,270,46783.0
060375330011,2550,400,75139.0
060375330012,1818,199,75337.0
060375330021,1107,99,58786.0
060375330022,1110,121,42308.0
060375331031,1379,149,47589.0
060375331032,1810,199,54511.0
060375331041,2166,121,59315.0
060375331042,2141,400,31618.0
060375331051,2476,111,50658.0
060375331081,1399,198,64453.0
060375331082,2103,123,46218.0
060375331083,1256,167,60110.0
060375332011,802,109,66250.0
060375332012,1355,177,67632.0
060375332041,1080,91,80962.0
060375332042,1809,176,68558.0
060375332043,1210,102,55677.0
060375333001,1142,33,42031.0
060375333002,1919,121,59167.0
060375334011,1662,224,42389.0
060375334012,1180,129,97801.0
060375334013,1692,83,56808.0
060375334021,2745,219,60086.0
060375334022,1243,81,54539.0
060375334031,1714,273,77560.0
060375334032,793,360,68462.0
060375335011,1657,44,60542.0
060375335012,1139,93,98568.0
060375335041,1343,242,59896.0
060375335042,1408,92,63000.0
060375335043,1128,202,62976.0
060375336011,1019,177,83424.0
060375336012,2574,198,66369.0
060375336013,634,59,
060375336021,1130,200,62461.0
060375336022,3175,282,61563.0
060375336023,776,121,32261.0
060375336031,2926,128,64900.0
060375336032,1515,200,50361.0
060375336033,1873,300,29306.0
060375337011,1343,313,66429.0
060375337012,1566,175,56875.0
060375337021,2339,91,71839.0
060375337022,1339,178,46528.0
060375337031,1550,54,58182.0
060375337032,2366,313,61389.0
060375338031,826,83,58707.0
060375338032,1074,103,78152.0
060375338033,974,69,80298.0
060375338034,2849,448,36977.0
060375338041,1034,108,86313.0
060375338042,1440,107,74348.0
060375338043,1192,126,66765.0
060375338051,2779,226,56007.0
060375338052,1104,133,81827.0
060375338061,3307,418,70370.0
060375339011,992,64,40735.0
060375339012,2143,121,54189.0
060375339013,1204,115,62955.0
060375339014,831,50,
060375339021,2213,283,46417.0
060375339022,2126,100,64798.0
060375340011,1757,132,61170.0
060375340012,2538,307,66793.0
060375340013,859,36,88843.0
060375340021,2199,416,59950.0
060375340022,1783,108,86179.0
060375341011,1022,120,58875.0
060375341012,876,38,50324.0
060375341021,1484,138,93182.0
060375341022,1168,38,42436.0
060375341023,2121,210,32453.0
060375341024,1087,108,52563.0
060375342011,2181,284,63462.0
060375342012,1916,152,44750.0
060375342021,2186,205,53295.0
060375342022,1090,90,35341.0
060375342023,1599,205,63621.0
060375342031,1335,37,49688.0
060375342032,1951,306,43854.0
060375343011,1424,224,35000.0
060375343012,2604,175,58203.0
060375343021,2249,69,51875.0
060375343022,1586,219,67614.0
060375344031,3311,446,52139.0
060375344041,1826,177,60000.0
060375344042,1292,92,50990.0
060375344051,1116,71,71736.0
060375344052,1735,118,55114.0
060375344053,1074,177,47604.0
060375344061,2136,159,48333.0
060375344062,1972,52,52995.0
060375345011,1281,216,38640.0
060375345012,932,60,80750.0
060375345013,3228,288,70515.0
060375345021,1830,233,75865.0
060375345022,1357,150,76818.0
060375347001,2120,265,74519.0
060375347002,2045,366,95982.0
060375348021,1739,197,83068.0
060375348022,727,78,42039.0
060375348031,1258,179,67381.0
060375348032,1303,97,77885.0
060375348033,1956,290,82253.0
060375348041,2187,430,76771.0
060375348042,2111,237,73125.0
060375349001,1090,82,110417.0
060375349002,1434,61,76490.0
060375349003,1943,170,91483.0
060375349004,1666,174,76471.0
060375350011,1931,159,63949.0
060375350012,1239,47,60313.0
060375350013,996,115,52614.0
060375350021,1848,151,47770.0
060375350022,747,71,43056.0
060375350023,1070,54,82981.0
060375351011,1602,128,69191.0
060375351012,2608,231,61000.0
060375351013,1446,136,63616.0
060375351014,2325,122,66390.0
060375351021,1015,39,97750.0
060375351022,2521,224,60921.0
060375351023,986,25,45568.0
060375352001,2196,172,72656.0
060375352002,1806,88,77986.0
060375352003,1797,86,63779.0
060375353001,1169,137,108173.0
060375353002,2005,166,37700.0
060375353003,933,136,
060375353004,1711,181,63844.0
060375354001,1784,118,47500.0
060375354002,1604,207,89786.0
060375355011,1617,173,49306.0
060375355012,1349,102,62284.0
060375355021,2481,277,72685.0
060375355022,2522,308,75750.0
060375355031,2495,296,74583.0
060375356031,1169,211,63125.0
060375356032,2585,142,62679.0
060375356041,1949,161,57578.0
060375356042,2293,352,75550.0
060375356051,2628,285,62684.0
060375356052,2030,227,71409.0
060375356061,1899,156,64567.0
060375356071,1378,214,71766.0
060375356072,883,198,55046.0
060375356073,1410,87,99309.0
060375356074,940,85,75117.0
060375357011,2329,237,68934.0
060375357012,1349,263,
060375357013,2079,200,83606.0
060375357021,1030,210,61645.0
060375357022,1423,106,
060375357023,1305,181,72150.0
060375357024,1998,145,101439.0
060375358021,2001,287,76212.0
060375358022,777,156,112902.0
060375358023,1312,143,125714.0
060375358024,2226,202,79898.0
060375358031,966,134,54295.0
060375358032,1195,150,62500.0
060375358033,1388,174,60788.0
060375358041,2102,177,80625.0
060375358042,3939,415,68900.0
060375359011,1196,76,101908.0
060375359012,1274,152,59167.0
060375359013,2018,352,45385.0
060375359014,1563,228,
060375359021,1149,161,95250.0
060375359022,1392,214,122250.0
060375359023,1377,213,84265.0
060375359024,1817,239,79448.0
060375360001,1307,192,49500.0
060375360002,1875,210,44333.0
060375361021,1802,120,88011.0
060375361022,1603,499,
060375361031,626,27,88393.0
060375361032,2608,401,64223.0
060375361033,1928,248,76625.0
060375361041,863,128,87756.0
060375361042,1105,86,54833.0
060375361043,1513,95,88000.0
060375362011,1626,113,72039.0
060375362012,1933,177,113333.0
060375362021,2194,178,90676.0
060375362022,924,96,66103.0
060375362023,1096,417,
060375400001,1790,122,
060375400002,2866,222,55227.0
060375400003,2078,279,60227.0
060375401011,1149,162,56276.0
060375401012,1634,180,106581.0
060375401013,1328,287,88858.0
060375401014,2234,186,88906.0
060375401021,1153,89,91000.0
060375401022,2284,188,
060375401023,1250,206,125142.0
060375401024,965,82,112422.0
060375402011,1316,35,59107.0
060375402012,953,143,45071.0
060375402021,2283,150,50833.0
060375402022,1485,169,45114.0
060375402023,2286,351,68351.0
060375402024,1142,125,75050.0
060375402031,2825,192,48448.0
060375402032,1268,179,76759.0
060375402033,982,35,66094.0
060375403001,1797,52,70150.0
060375403002,949,165,65729.0
060375403003,596,29,94167.0
060375403004,1087,112,71339.0
060375404001,940,40,
060375404002,966,30,83958.0
060375405011,1325,78,71083.0
060375405012,2059,61,55774.0
060375405013,972,148,72095.0
060375405014,1099,120,88512.0
060375405021,3281,34,40972.0
060375405022,2382,144,69271.0
060375405023,1102,208,40000.0
060375406001,3338,359,32166.0
060375406002,1057,194,
060375407001,1242,212,52381.0
060375407002,1963,79,77015.0
060375408001,846,45,70765.0
060375408002,850,75,
060375408003,969,52,128017.0
060375408004,400,59,125234.0
060375408005,2449,133,71131.0
060375409011,1546,276,99443.0
060375409012,1332,161,50433.0
060375409013,2291,231,71950.0
060375409021,1512,125,77727.0
060375409022,1532,188,117599.0
060375409023,1237,130,61492.0
060375409024,0,0,
060375410031,1469,329,62130.0
060375410032,3181,593,91058.0
060375411001,1027,130,
060375411002,1101,122,92340.0
060375411003,980,155,104750.0
060375412001,1439,170,101220.0
060375412002,678,91,69412.0
060375412003,2359,370,122361.0
060375412004,1598,259,58382.0
060375413001,2132,339,86354.0
060375413002,2244,80,127656.0
060375413003,1169,116,110147.0
060375414011,1753,255,66313.0
060375414012,1661,95,67717.0
060375414021,621,27,98537.0
060375414022,1554,156,130000.0
060375414023,1043,51,29222.0
060375415001,1330,71,52614.0
060375415002,2116,71,53967.0
060375415003,1659,143,76591.0
060375416031,1447,184,55547.0
060375416032,1374,58,77955.0
060375416041,2083,153,45192.0
060375416042,1766,228,65811.0
060375416043,1374,299,
060375416051,1064,105,48135.0
060375416052,2299,312,45208.0
060375416053,1697,195,86468.0
060375416061,1401,139,49808.0
060375416062,1382,38,37917.0
060375417001,663,74,114013.0
060375417002,599,111,85982.0
060375417003,1123,56,113036.0
060375417004,1029,201,46974.0
060375417005,2157,386,73462.0
060375418011,1703,123,82286.0
060375418012,1769,117,76429.0
060375418013,2176,190,55958.0
060375418021,2450,197,112728.0
060375418022,1895,59,71545.0
060375418023,769,111,
060375420001,1809,243,102625.0
060375420002,1587,138,102244.0
060375420003,1845,35,85500.0
060375421031,1237,106,75375.0
060375421032,1000,97,89583.0
060375421033,1051,131,48833.0
060375421041,2243,82,74063.0
060375421042,1807,167,70179.0
060375421051,2221,195,73906.0
060375421052,1122,83,61125.0
060375421053,1704,167,34219.0
060375421061,819,200,34594.0
060375421062,1500,122,57672.0
060375421063,0,0,
060375422001,1634,93,107813.0
060375422002,1442,105,108750.0
060375422003,1366,183,69432.0
060375422004,769,174,
060375422005,1668,122,61923.0
060375424011,740,132,77008.0
060375424012,1269,187,50000.0
060375424013,920,157,74911.0
060375424014,1441,83,58867.0
060375424021,1320,92,88750.0
060375424022,2296,276,106194.0
060375424023,407,0,
060375425011,2463,309,104602.0
060375425012,1905,155,74545.0
060375425021,1405,267,58289.0
060375425022,2168,102,73200.0
060375425023,1000,64,46818.0
060375426011,1002,36,38661.0
060375426012,2304,206,76324.0
060375426021,2080,176,62760.0
060375426022,2073,306,57750.0
060375426023,1096,70,90625.0
060375427001,2497,225,74930.0
060375427002,2131,237,86451.0
060375427003,1104,146,61121.0
060375428001,1223,282,76181.0
060375428002,2007,268,68375.0
060375429001,1786,118,71563.0
060375429002,1749,88,82944.0
060375430001,1766,228,90583.0
060375430002,527,60,81576.0
060375430003,1911,189,
060375431001,1285,113,87212.0
060375431002,1964,220,61284.0
060375431003,952,80,
060375431004,1585,324,
060375431005,906,160,136712.0
060375432011,1282,130,100250.0
060375432012,2243,210,84028.0
060375432031,1481,91,43602.0
060375432032,1084,122,
060375432033,931,99,84667.0
060375432034,585,81,76000.0
060375433041,1051,384,111691.0
060375433042,2494,376,88125.0
060375433043,1429,295,120334.0
060375433044,1814,274,155862.0
060375433051,3803,696,94117.0
060375433061,2466,349,90566.0
060375433062,978,243,126522.0
060375433063,3377,706,102241.0
060375433211,359,115,250001.0
060375433212,3838,536,175843.0
060375433213,1592,816,30536.0
060375433221,1181,291,84313.0
060375433222,1250,86,177200.0
060375433223,2407,593,117112.0
060375433224,826,275,130850.0
060375433225,1287,159,88542.0
060375434001,865,234,72266.0
060375434002,2169,294,121806.0
060375434003,565,202,103214.0
060375435011,414,77,106641.0
060375435012,3020,615,137677.0
060375435013,1185,195,95982.0
060375435014,1707,297,96079.0
060375435021,1597,257,84778.0
060375435022,1040,56,140250.0
060375435023,1913,184,129149.0
060375435031,1888,737,90682.0
060375435032,1173,309,92143.0
060375435033,2268,394,105875.0
060375436011,2805,534,99338.0
060375436012,1726,274,131500.0
060375436031,2164,992,52135.0
060375436032,1631,481,130139.0
060375436051,2673,546,105776.0
060375436052,1511,302,90494.0
060375436061,1230,216,47875.0
060375436062,2821,763,106512.0
060375436071,873,210,110379.0
060375436072,1950,491,102500.0
060375436073,2163,414,147619.0
060375437011,1301,152,140284.0
060375437012,1739,268,139609.0
060375437031,1220,226,52917.0
060375437032,2987,336,143056.0
060375437041,752,66,
060375437042,1361,203,78482.0
060375437043,823,123,92361.0
060375437051,1343,241,104556.0
060375437052,1851,190,87222.0
060375438011,2993,591,101786.0
060375438012,913,132,103229.0
060375438013,564,124,91042.0
060375438031,1837,288,85273.0
060375438032,2435,400,101065.0
060375438041,1258,202,125039.0
060375438042,3305,848,121725.0
060375439031,1849,299,113839.0
060375439032,2278,318,140893.0
060375439051,647,103,133080.0
060375439052,1794,76,94345.0
060375439053,2038,196,61020.0
060375440011,0,0,
060375440012,1320,146,127778.0
060375440013,1684,331,97344.0
060375440014,964,47,
060375440021,0,0,
060375440022,2442,229,100750.0
060375440023,1393,196,115063.0
060375501011,1157,74,115694.0
060375501012,1642,585,116046.0
060375501013,1159,88,112026.0
060375502011,1501,226,93839.0
060375502012,1422,92,85976.0
060375502021,1819,332,106563.0
060375502022,1331,178,97596.0
060375502023,557,93,93929.0
060375502024,1388,91,126693.0
060375503011,1330,331,128750.0
060375503012,838,37,80341.0
060375503013,1332,39,127051.0
060375503014,809,133,144821.0
060375505011,2220,287,88603.0
060375505012,1644,85,56496.0
060375505021,1368,185,228113.0
060375505022,686,193,107000.0
060375505023,1227,128,
060375505024,860,204,97545.0
060375506011,2236,265,67560.0
060375506012,1147,57,118428.0
060375506013,942,205,167885.0
060375506014,1668,125,187820.0
060375506021,858,123,108523.0
060375506022,891,126,106250.0
060375506023,1150,282,136554.0
060375506024,931,97,101190.0
060375507001,963,299,
060375507002,1000,126,120341.0
060375507003,1292,178,138004.0
060375507004,997,233,146659.0
060375507005,1920,142,110754.0
060375507006,631,152,215741.0
060375508011,1455,162,150104.0
060375508012,1383,509,169722.0
060375508013,794,268,
060375508014,1141,125,53549.0
060375508021,1143,161,50750.0
060375508022,795,72,124350.0
060375509011,2597,240,83986.0
060375509012,746,90,119107.0
060375509013,1399,72,89839.0
060375509021,1977,156,95134.0
060375509022,1454,73,69821.0
060375509023,1283,218,
060375509024,856,110,157969.0
060375510011,1419,183,79688.0
060375510012,620,122,142792.0
060375510013,1198,212,78917.0
060375510021,1881,460,82424.0
060375510022,1889,438,113295.0
060375510023,576,115,
060375511011,2033,338,50741.0
060375511012,810,104,101607.0
060375511013,1107,33,60583.0
060375511021,1161,66,54461.0
060375511022,2183,51,86442.0
060375511023,2207,109,52604.0
060375512011,1143,172,91587.0
060375512012,2398,474,62255.0
060375512031,1501,278,97875.0
060375512032,2610,325,
060375512041,1804,386,84556.0
060375512042,1661,314,57424.0
060375513001,2233,261,59241.0
060375513002,1583,321,80363.0
060375513003,1854,173,57405.0
060375514011,1940,108,67621.0
060375514012,2071,334,120024.0
060375514021,734,133,
060375514022,2386,346,85577.0
060375514023,1947,150,137842.0
060375515011,1952,203,108090.0
060375515012,1303,139,148450.0
060375515013,1458,154,70841.0
060375515021,1858,329,82567.0
060375515022,1544,130,102500.0
060375515023,1115,288,143487.0
060375517001,2370,611,80568.0
060375517002,1573,282,102935.0
060375517003,1106,98,91042.0
060375517004,1237,188,86630.0
060375518011,1583,162,108993.0
060375518012,1732,138,92981.0
060375518021,1300,132,73219.0
060375518022,1245,139,82238.0
060375518023,1258,392,82621.0
060375519001,800,118,
060375519002,1603,338,90900.0
060375519003,1106,127,149792.0
060375519004,1815,220,
060375520011,1602,215,78947.0
060375520012,1483,101,103295.0
060375520013,768,113,109063.0
060375520021,1879,210,91467.0
060375520022,1512,168,119688.0
060375521001,1104,84,102754.0
060375521002,829,529,23229.0
060375521003,852,141,119688.0
060375521004,1144,128,135427.0
060375521005,1476,149,81734.0
060375522001,2101,66,63750.0
060375522002,1205,32,95625.0
060375522003,1251,129,46857.0
060375522004,1558,185,77591.0
060375523011,1084,68,98571.0
060375523012,2282,270,127542.0
060375523013,1182,196,85781.0
060375523021,1151,210,51856.0
060375523022,769,255,59375.0
060375523023,2104,322,102739.0
060375524001,1334,171,69145.0
060375524002,984,74,79125.0
060375526011,1209,68,117723.0
060375526012,1695,234,123125.0
060375526013,947,107,68029.0
060375526014,1336,218,93864.0
060375526021,1244,188,115313.0
060375526022,937,254,119051.0
060375526023,1339,105,74219.0
060375527001,2140,269,93194.0
060375527002,658,125,113561.0
060375527003,1257,193,87031.0
060375527004,1128,387,118875.0
060375527005,1410,58,161667.0
060375528001,1512,129,121979.0
060375528002,2094,237,113250.0
060375528003,910,84,118365.0
060375528004,1816,186,146066.0
060375529001,494,108,32025.0
060375529002,1771,124,88781.0
060375529003,1037,81,113933.0
060375529004,2000,188,67072.0
060375529005,1263,249,117727.0
060375530001,1279,326,165625.0
060375530002,1612,166,164728.0
060375530003,2216,226,103875.0
060375531001,2826,460,112668.0
060375531002,639,147,
060375531003,804,92,105872.0
060375531004,1986,107,67188.0
060375532011,1389,208,69821.0
060375532012,1225,62,146429.0
060375532013,1094,175,137697.0
060375532021,904,171,69205.0
060375532022,1178,108,105417.0
060375532023,1377,266,122031.0
060375533001,865,58,97039.0
060375533002,1473,123,120729.0
060375533003,1491,110,98333.0
060375534001,1459,207,107985.0
060375534002,1119,124,101518.0
060375534003,894,109,106667.0
060375535021,1999,418,75673.0
060375535022,1630,75,80129.0
060375535031,3013,324,59811.0
060375535041,2184,277,85705.0
060375535042,1086,127,63813.0
060375535043,1356,123,88233.0
060375536011,2930,87,53875.0
060375536012,1588,249,64375.0
060375536021,1312,95,142000.0
060375536022,2818,110,72164.0
060375536023,896,90,72250.0
060375537011,1441,85,76250.0
060375537012,1588,94,80380.0
060375537013,896,86,54792.0
060375537021,2508,219,82688.0
060375537022,2106,120,47207.0
060375538011,921,39,50700.0
060375538012,837,31,87690.0
060375538013,2366,172,65250.0
060375538021,979,151,
060375538022,3096,480,63393.0
060375538023,2579,158,77924.0
060375539011,1935,430,81694.0
060375539012,2264,362,86067.0
060375539013,1354,171,93945.0
060375539014,939,61,94792.0
060375539021,1551,109,65549.0
060375539022,2106,157,79290.0
060375539023,2268,132,71806.0
060375540011,1482,124,90644.0
060375540012,1288,89,63860.0
060375540013,749,86,90278.0
060375540014,823,416,86985.0
060375540021,2336,298,65104.0
060375540022,2295,151,69250.0
060375540023,1108,115,110650.0
060375541011,1284,25,84167.0
060375541012,2256,133,64557.0
060375541051,2997,85,47045.0
060375541052,1283,180,56250.0
060375541061,1004,136,58385.0
060375541062,1549,129,71898.0
060375541063,1390,92,136181.0
060375542011,760,45,97273.0
060375542012,1173,207,111648.0
060375542013,1588,209,82670.0
060375542031,1739,228,83083.0
060375542032,815,131,38424.0
060375542033,1360,108,61776.0
060375542041,2580,147,54007.0
060375542042,2241,555,36356.0
060375543011,861,61,107500.0
060375543012,1640,63,69497.0
060375543013,917,134,123571.0
060375543021,2466,173,98237.0
060375543022,1802,130,60114.0
060375544031,2250,143,76307.0
060375544032,3342,517,74769.0
060375544041,1424,144,59233.0
060375544042,2999,437,87358.0
060375544051,1938,315,57776.0
060375544052,1635,386,39583.0
060375544061,1915,460,73578.0
060375544062,752,72,152604.0
060375544063,2104,423,97292.0
060375545111,2783,472,157979.0
060375545112,963,298,103056.0
060375545121,2423,437,175963.0
060375545122,1771,430,250001.0
060375545123,2234,613,129722.0
060375545131,2473,644,125417.0
060375545141,1233,136,89922.0
060375545142,1106,231,176042.0
060375545143,2225,706,149643.0
060375545151,1061,329,106818.0
060375545152,2267,833,95972.0
060375545161,1874,557,161591.0
060375545162,1758,432,168438.0
060375545171,2778,643,144875.0
060375545172,1996,201,134848.0
060375545181,1343,221,134844.0
060375545182,2152,565,101944.0
060375545183,1547,220,127803.0
060375545191,1342,401,165132.0
060375545192,1901,942,109375.0
060375545211,2649,767,139213.0
060375545212,1628,350,110783.0
060375545213,1848,627,135551.0
060375545221,652,208,164539.0
060375545222,1815,548,143889.0
060375545223,2518,413,118047.0
060375546001,1741,330,78125.0
060375546002,2227,263,97723.0
060375547001,1080,157,110521.0
060375547002,1964,283,127578.0
060375547003,1126,121,96406.0
060375548011,1675,242,84940.0
060375548012,1209,294,132321.0
060375548021,2421,378,101759.0
060375548022,1819,405,118255.0
060375548023,1680,286,
060375549001,1504,404,116500.0
060375549002,1000,127,108326.0
060375549003,1307,57,88995.0
060375549004,2603,315,55492.0
060375549005,826,110,79167.0
060375550011,1454,377,90783.0
060375550012,960,107,130417.0
060375550013,2049,160,83485.0
060375550014,896,146,108125.0
060375550021,1813,411,82870.0
060375550022,1995,176,109286.0
060375551051,1979,207,84250.0
060375551052,1597,251,104107.0
060375551053,1501,118,142917.0
060375551054,1059,139,119674.0
060375551061,1050,196,103068.0
060375551062,1648,396,36364.0
060375551071,825,118,94688.0
060375551072,2072,303,102778.0
060375551073,2525,422,90781.0
060375552021,2090,349,134205.0
060375552022,1599,259,156250.0
060375552111,1779,260,166250.0
060375552112,1486,145,48281.0
060375552113,2244,324,88385.0
060375552121,3458,119,115091.0
060375552122,2151,536,65408.0
060375553001,1579,279,106250.0
060375553002,1275,201,111154.0
060375553003,930,284,
060375553004,1035,148,133500.0
060375700011,1246,178,177778.0
060375700012,791,137,128438.0
060375700013,1151,225,94097.0
060375700014,1558,117,205179.0
060375700021,767,143,105652.0
060375700022,569,95,115929.0
060375700023,1187,104,152857.0
060375700031,1022,145,104464.0
060375700032,719,39,114886.0
060375700033,952,145,130733.0
060375700034,1143,178,113333.0
060375701001,1267,162,102059.0
060375701002,1699,202,109813.0
060375702021,713,85,
060375702022,931,51,99688.0
060375702023,881,16,113458.0
060375702024,1949,210,87679.0
060375702025,2376,172,102014.0
060375702031,2942,208,44556.0
060375702032,984,30,71719.0
060375702041,1565,526,65245.0
060375702042,2992,175,77219.0
060375703031,1108,41,59028.0
060375703032,2944,196,63083.0
060375703041,1584,101,48250.0
060375703042,1951,54,50769.0
060375703043,1346,201,61164.0
060375703051,3660,293,53148.0
060375703052,1236,48,70800.0
060375703061,1901,149,
060375703062,1062,105,122800.0
060375704021,1241,72,82216.0
060375704022,1093,181,111736.0
060375704023,1019,150,81250.0
060375704031,1024,171,67863.0
060375704032,1764,103,64567.0
060375704033,1077,39,83892.0
060375704041,2053,168,78362.0
060375704042,1952,143,69816.0
060375705021,1874,329,130354.0
060375705022,1870,160,78030.0
060375705023,1362,121,80909.0
060375705024,1078,270,
060375705031,2071,223,87877.0
060375705032,1681,331,64028.0
060375705041,1545,169,90617.0
060375705042,1665,212,88315.0
060375706011,2771,291,74899.0
060375706012,1881,181,78073.0
060375706013,1241,59,83542.0
060375706021,2144,191,93188.0
060375706022,1462,236,104063.0
060375706023,654,151,51107.0
060375706024,1379,254,
060375706031,1618,74,57000.0
060375706032,3084,86,40865.0
060375706033,864,66,66271.0
060375707011,612,55,116067.0
060375707012,3031,115,97463.0
060375707013,552,323,94091.0
060375707014,1094,56,172813.0
060375707015,2083,564,
060375707031,1586,213,125417.0
060375707032,1366,279,127679.0
060375708001,1360,107,119899.0
060375708002,1534,200,119554.0
060375708003,1202,129,148750.0
060375708004,822,131,107639.0
060375708005,395,60,100114.0
060375709011,793,128,92000.0
060375709012,1017,110,139375.0
060375709013,2019,306,126042.0
060375709014,896,123,123466.0
060375709015,936,244,130714.0
060375709021,732,71,160625.0
060375709022,1514,226,144375.0
060375709023,1139,272,85000.0
060375710001,849,165,155938.0
060375710002,972,128,88906.0
060375710003,1133,139,143750.0
060375710004,898,112,143750.0
060375710005,675,66,151094.0
060375710006,1071,235,129063.0
060375711011,502,138,101354.0
060375711012,913,147,107670.0
060375711013,1134,81,124868.0
060375711014,1647,217,122750.0
060375711015,838,106,129508.0
060375711021,644,85,76111.0
060375711022,775,54,137240.0
060375711023,855,180,162500.0
060375711024,701,28,156200.0
060375711025,642,140,189688.0
060375712011,1240,129,125671.0
060375712012,547,203,154659.0
060375712013,1196,210,129554.0
060375712014,836,301,195338.0
060375712021,1084,124,91932.0
060375712022,1206,190,117695.0
060375712023,1613,407,58750.0
060375713001,1262,102,129167.0
060375713002,1377,318,133833.0
060375713003,1827,322,157059.0
060375713004,352,49,
060375714001,1142,61,91382.0
060375714002,1240,214,64844.0
060375714003,1387,202,157668.0
060375714004,1218,280,122500.0
060375715021,1597,339,127596.0
060375715022,959,188,70777.0
060375715023,1750,241,115341.0
060375715024,790,173,67708.0
060375715041,1162,207,157045.0
060375715042,1165,83,73850.0
060375715043,1658,214,
060375715044,1060,152,66589.0
060375715051,1862,253,93554.0
060375715052,1027,174,95764.0
060375716001,2182,244,28590.0
060375717011,2567,224,59153.0
060375717012,1792,108,82321.0
060375717013,1880,192,78454.0
060375717031,684,143,
060375717032,1038,152,100766.0
060375717033,1708,328,
060375717041,1516,86,77857.0
060375717042,1153,84,57875.0
060375717043,1148,109,56098.0
060375718001,1465,277,147500.0
060375718002,1112,271,84125.0
060375718003,663,183,94696.0
060375719001,1879,236,152975.0
060375719002,889,235,122772.0
060375719003,1814,196,176136.0
060375719004,1389,139,101905.0
060375720011,2418,110,
060375720012,1467,264,71389.0
060375720013,1326,185,104302.0
060375720014,1043,144,132778.0
060375722011,922,221,64331.0
060375722012,745,64,90787.0
060375722013,2023,754,66392.0
060375722014,1939,294,97926.0
060375722021,930,106,117969.0
060375722022,697,183,107000.0
060375722023,730,153,194453.0
060375722024,1015,100,96618.0
060375723011,2092,220,108750.0
060375723012,1717,128,69028.0
060375725001,1943,645,22556.0
060375725002,1757,288,71653.0
060375726001,1340,129,152574.0
060375726002,1321,269,116042.0
060375726003,1390,128,102750.0
060375726004,954,180,118777.0
060375727001,862,238,103958.0
060375727002,1647,193,89201.0
060375727003,1285,196,105128.0
060375727004,1496,225,70455.0
060375730021,1621,230,75833.0
060375730022,1667,157,58022.0
060375730031,1723,184,107083.0
060375730041,1219,77,63911.0
060375730042,1404,10,43295.0
060375730043,1060,88,48283.0
060375730044,1195,59,73776.0
060375731011,2072,231,72542.0
060375731012,1089,247,
060375731013,1370,73,
060375731021,1810,137,74816.0
060375731022,1081,163,170521.0
060375732011,1528,147,53696.0
060375732012,2316,174,54904.0
060375732021,2501,356,79604.0
060375732022,2275,317,70427.0
060375732023,1902,281,106370.0
060375733001,3233,191,53194.0
060375733002,607,67,40179.0
060375734011,1505,211,75469.0
060375734021,15,15,
060375734022,1776,67,79657.0
060375734023,1279,50,67321.0
060375734024,2135,232,95974.0
060375734025,1795,412,110781.0
060375734031,1363,243,161741.0
060375734032,1695,233,122981.0
060375736011,1780,362,130114.0
060375736012,952,240,140345.0
060375736013,462,208,125500.0
060375736014,0,0,
060375736015,0,0,
060375736016,698,169,96591.0
060375736017,842,181,165147.0
060375736018,1091,80,128457.0
060375736019,528,170,188667.0
060375737001,1469,283,158182.0
060375737002,1067,107,155213.0
060375737003,1094,119,139318.0
060375737004,1793,204,142593.0
060375738001,1137,287,84507.0
060375738002,1248,225,138542.0
060375738003,668,86,134063.0
060375738004,1102,339,116382.0
060375739021,2212,576,166019.0
060375740001,829,271,145714.0
060375740002,596,136,169808.0
060375740003,870,166,140833.0
060375740004,1232,204,138958.0
060375740005,1581,430,135898.0
060375741001,801,204,114732.0
060375741002,1240,260,140000.0
060375741003,791,170,135469.0
060375741004,1146,183,133462.0
060375741005,1173,232,150893.0
060375742011,1204,111,184909.0
060375742012,848,150,113889.0
060375742013,1213,198,124750.0
060375742021,779,90,120387.0
060375742022,1450,367,122708.0
060375743001,1012,350,159137.0
060375743002,1834,67,106259.0
060375743003,1679,175,108750.0
060375743004,767,82,205147.0
060375743005,390,14,101893.0
060375743006,995,227,118000.0
060375744001,775,172,134500.0
060375744002,850,159,165179.0
060375744003,1348,179,84104.0
060375744004,1339,228,177813.0
060375744005,483,87,137750.0
060375744006,760,122,141250.0
060375745001,1360,228,
060375745002,2118,757,116217.0
060375745003,1498,258,209412.0
060375745004,1768,383,123235.0
060375746021,1267,339,141000.0
060375748001,744,234,125455.0
060375748002,1420,143,90321.0
060375748003,1018,185,
060375749011,882,106,155711.0
060375749012,1075,88,122336.0
060375749013,1030,188,163750.0
060375749014,962,163,136250.0
060375749021,874,71,144907.0
060375749022,1918,53,64250.0
060375749023,2715,112,84529.0
060375750011,1494,88,109844.0
060375750012,2731,247,76691.0
060375750021,1989,320,101357.0
060375750022,1607,247,58629.0
060375750023,958,252,106250.0
060375751011,2425,133,55391.0
060375751012,1854,150,71783.0
060375751021,2400,92,66250.0
060375751022,1850,237,42708.0
060375751031,1874,151,53355.0
060375751032,1710,128,61250.0
060375751033,1523,127,81250.0
060375752011,1107,182,
060375752012,1917,205,68917.0
060375752013,1311,201,29653.0
060375752021,1503,183,51406.0
060375752022,1601,247,63421.0
060375752023,1073,134,122552.0
060375753001,646,229,19844.0
060375753002,1256,178,29615.0
060375753003,2162,130,47139.0
060375754011,648,95,
060375754012,1682,130,36825.0
060375754013,1929,56,50202.0
060375754021,2534,135,57875.0
060375754022,1216,89,115833.0
060375758011,1707,90,39617.0
060375758012,534,25,44423.0
060375758021,2034,99,53060.0
060375758022,2416,256,63048.0
060375758031,1233,460,24643.0
060375758032,1294,427,19659.0
060375759011,818,135,82112.0
060375759012,1166,47,31696.0
060375759013,538,54,119773.0
060375759014,1008,50,65577.0
060375759021,1969,104,65466.0
060375759022,1939,178,57967.0
060375759023,961,74,77854.0
060375760011,1659,389,114821.0
060375760012,1456,28,138929.0
060375760013,2890,105,97827.0
060375762001,817,101,37059.0
060375762002,1653,243,42147.0
060375762003,885,182,47555.0
060375762004,370,17,56750.0
060375762005,1465,65,81791.0
060375763011,1649,255,45789.0
060375763012,995,96,99355.0
060375763013,1549,233,36641.0
060375763014,563,94,84330.0
060375763021,637,33,87826.0
060375763022,1177,138,36768.0
060375763023,1172,202,70132.0
060375764011,1115,93,68125.0
060375764012,2818,215,62647.0
060375764021,1878,172,56769.0
060375764022,2378,170,48421.0
060375764031,2486,57,65469.0
060375764032,2328,121,81217.0
060375765011,1699,55,40804.0
060375765012,1106,217,52857.0
060375765021,3367,303,91984.0
060375765022,688,27,85568.0
060375765023,942,60,55300.0
060375765031,2183,273,57431.0
060375765032,1736,44,75466.0
060375766011,1175,391,104545.0
060375766012,1092,63,69028.0
060375766013,1926,108,60234.0
060375766020,0,0,
060375766021,1636,237,131698.0
060375766022,1190,251,59310.0
060375766023,963,18,102661.0
060375766024,812,5,51175.0
060375767001,1336,284,109712.0
060375767002,866,170,94116.0
060375767003,1961,319,93203.0
060375768011,1076,36,35487.0
060375768012,1215,142,81905.0
060375768013,1469,206,70820.0
060375768021,2635,326,99338.0
060375768022,1791,302,94028.0
060375769011,2033,130,58125.0
060375769012,1652,77,73558.0
060375769013,1467,40,65179.0
060375769031,2399,313,75571.0
060375769032,1619,56,70085.0
060375769041,1632,139,74083.0
060375769042,1466,119,53239.0
060375770001,2086,82,77204.0
060375770002,2064,329,60915.0
060375770003,1056,47,87364.0
060375770004,1229,70,100149.0
060375770005,558,124,182153.0
060375771001,1491,165,111915.0
060375771002,928,291,104861.0
060375771003,1104,279,89805.0
060375771004,1863,90,79745.0
060375771005,2066,50,90822.0
060375772001,1676,259,80461.0
060375772002,1037,120,110323.0
060375772003,1289,94,107683.0
060375772004,1891,182,118470.0
060375773001,1159,0,66607.0
060375773002,1143,123,138383.0
060375773003,663,110,132534.0
060375773004,838,168,96833.0
060375773005,1352,210,99640.0
060375773006,780,55,74924.0
060375774001,647,181,207209.0
060375774002,456,80,180625.0
060375774003,991,189,100938.0
060375774004,713,154,104637.0
060375775011,1384,275,107730.0
060375775012,1152,516,154883.0
060375775013,797,314,129286.0
060375775041,612,143,83450.0
060375775042,760,180,109524.0
060375776021,1601,470,117643.0
060375776022,1628,553,100083.0
060375776041,1655,607,108571.0
060375776051,2206,282,115000.0
060375776052,1607,997,198281.0
060375776053,848,145,114389.0
060375776061,1487,281,250001.0
060375776062,2388,248,105192.0
060375777001,1019,317,63900.0
060375777002,1981,138,88125.0
060375777003,1681,171,106729.0
060375778001,1064,214,114449.0
060375778002,1858,311,121382.0
060375778003,1744,143,101375.0
060375779001,873,104,119659.0
060375779002,1077,370,68472.0
060375779003,640,214,108125.0
060375779004,3008,766,74667.0
060375780001,982,101,73628.0
060375780002,2160,156,58894.0
060375780003,1000,204,148563.0
060375780004,1218,301,14881.0
060375781001,2249,52,
060375990001,518,35,72273.0
060375990002,833,194,102868.0
060375990003,977,174,91366.0
060375990004,930,70,143417.0
060375991001,217,0,
060375991002,506,70,
060376001001,2979,410,46618.0
060376001002,1487,103,88776.0
060376001003,2718,155,56455.0
060376002011,2602,115,58646.0
060376002012,1358,168,55469.0
060376002013,1191,122,35703.0
060376002021,1462,116,32300.0
060376002022,3349,539,32877.0
060376002023,2112,443,
060376003021,1202,388,74375.0
060376003022,630,109,79167.0
060376003023,869,90,
060376003031,1040,70,43523.0
060376003032,1536,106,31913.0
060376003033,1602,44,44338.0
060376003041,2008,143,58627.0
060376003042,1011,58,46705.0
060376003043,927,39,46726.0
060376004001,1379,143,23203.0
060376004002,368,37,112917.0
060376004003,901,140,102841.0
060376004004,1560,387,75294.0
060376005011,1248,293,68929.0
060376005012,1262,316,109250.0
060376006011,398,83,61250.0
060376006012,1370,251,135905.0
060376006013,826,111,60357.0
060376006021,2693,232,65129.0
060376007021,976,172,129821.0
060376007022,1061,158,112750.0
060376007023,2601,295,108667.0
060376007031,1623,451,104595.0
060376007041,1212,230,85694.0
060376007042,1815,376,73512.0
060376008011,887,244,
060376008012,947,136,96739.0
060376008013,404,64,175247.0
060376008014,628,107,128110.0
060376008021,542,125,97273.0
060376008022,827,215,78406.0
060376008023,1089,299,47299.0
060376009021,1766,236,
060376009022,1256,135,49885.0
060376009023,1585,218,62250.0
060376009024,1775,371,64056.0
060376009111,1796,259,
060376009112,1746,141,85048.0
060376009121,1996,274,79514.0
060376009122,2108,226,70733.0
060376009123,709,65,97000.0
060376010011,1065,107,122389.0
060376010012,1095,411,45600.0
060376010021,1553,153,90056.0
060376010022,1600,131,32161.0
060376010023,1869,233,77565.0
060376011001,2848,227,59129.0
060376011002,1972,113,64386.0
060376011003,2379,368,61277.0
060376012021,1283,241,66515.0
060376012022,1118,204,90057.0
060376012023,1444,256,88170.0
060376012111,1620,324,50446.0
060376012112,1376,77,43173.0
060376012121,1416,238,77917.0
060376012122,1042,152,85586.0
060376012123,1793,78,55638.0
060376012124,803,80,91359.0
060376013011,808,175,109048.0
060376013012,1080,131,101346.0
060376013021,321,192,
060376013022,2437,179,102861.0
060376013023,1443,16,70871.0
060376013024,2312,212,76138.0
060376013031,1521,240,53490.0
060376013032,1338,50,64708.0
060376013033,2606,255,41506.0
060376014011,1464,154,53454.0
060376014012,2043,175,67604.0
060376014013,3087,652,66898.0
060376014021,1571,151,94537.0
060376014022,1194,91,72011.0
060376014023,852,107,51845.0
060376014024,833,155,47000.0
060376015011,1265,197,68250.0
060376015012,2375,131,53879.0
060376015021,2810,522,63173.0
060376015022,613,83,83897.0
060376016001,1504,157,
060376016002,1439,158,58021.0
060376016003,1124,77,73090.0
060376017001,1535,43,43359.0
060376017002,2144,80,45101.0
060376017003,1584,92,51607.0
060376018011,1286,129,53715.0
060376018012,1763,155,67446.0
060376018021,1281,122,86339.0
060376018022,1174,139,84833.0
060376018023,999,112,77216.0
060376019001,2721,336,64671.0
060376019002,1731,99,65625.0
060376020021,1437,119,64722.0
060376020022,1599,146,83839.0
060376020031,2053,105,58977.0
060376020032,2167,373,95991.0
060376021031,1400,333,23101.0
060376021032,1119,117,64028.0
060376021033,2957,304,37177.0
060376021041,3374,304,73056.0
060376021042,2272,236,69091.0
060376021051,1325,146,42589.0
060376021052,2555,149,59852.0
060376021061,2821,294,75729.0
060376021062,2709,142,91471.0
060376021063,667,100,96354.0
060376022011,1094,111,109670.0
060376022012,1101,81,152039.0
060376022013,1395,413,150804.0
060376022014,904,42,136296.0
060376022021,1737,324,94288.0
060376022022,1145,61,66042.0
060376023011,1344,175,105658.0
060376023012,2050,315,138333.0
060376023013,1476,312,109375.0
060376023014,2008,307,141667.0
060376023015,0,0,
060376023021,477,48,172031.0
060376023022,555,49,175170.0
060376023023,2274,279,174904.0
060376023024,1490,215,160313.0
060376024021,1931,76,
060376024022,1441,221,115972.0
060376024023,1445,88,102120.0
060376024024,1339,180,86016.0
060376024025,1038,159,108935.0
060376024031,1357,97,52500.0
060376024032,1547,244,68309.0
060376024033,1362,104,97188.0
060376024041,993,63,67614.0
060376024042,2343,211,67273.0
060376024043,2596,266,67845.0
060376025041,2718,112,72989.0
060376025042,2131,98,44464.0
060376025051,2553,107,70792.0
060376025052,2151,61,63413.0
060376025061,1662,100,73233.0
060376025062,2350,210,53125.0
060376025071,2785,254,51149.0
060376025072,1893,171,51736.0
060376025101,2058,98,60234.0
060376025102,1946,36,43846.0
060376025111,1826,76,73109.0
060376025112,2403,325,41445.0
060376025121,768,67,68625.0
060376025122,1121,157,80076.0
060376025131,1428,54,65896.0
060376026011,1500,375,104630.0
060376026012,940,135,45392.0
060376026013,1571,157,102449.0
060376026014,978,111,116304.0
060376026021,1665,485,76615.0
060376026022,994,239,66332.0
060376027001,1690,290,118641.0
060376027002,1855,623,118906.0
060376028011,2338,56,56433.0
060376028012,1862,340,63450.0
060376028021,629,163,111750.0
060376028022,1049,139,132188.0
060376028023,1153,199,92112.0
060376028024,1607,154,151154.0
060376029001,1802,229,63850.0
060376029002,1286,184,113644.0
060376029003,1168,183,112875.0
060376030041,1797,225,77765.0
060376030051,2959,211,61825.0
060376030052,2093,185,104479.0
060376030053,1419,82,63958.0
060376030061,1447,209,67885.0
060376030062,523,126,89176.0
060376030071,1175,142,65081.0
060376030072,2296,325,111875.0
060376030081,2136,211,43452.0
060376030082,1697,437,83984.0
060376031011,1681,285,73906.0
060376031012,2054,218,125903.0
060376031013,1143,66,39846.0
060376031021,1270,134,73393.0
060376031022,1227,199,69514.0
060376031023,915,381,50938.0
060376032001,788,161,107255.0
060376032002,1313,441,110569.0
060376032003,1239,397,136170.0
060376033011,943,328,66964.0
060376033012,1267,333,75000.0
060376033013,1231,259,57250.0
060376033021,863,73,120875.0
060376033022,2257,644,71638.0
060376033023,1161,186,64931.0
060376034001,1205,259,89792.0
060376034002,1299,190,59583.0
060376034003,1342,193,116932.0
060376035001,736,62,133750.0
060376035002,1020,151,110294.0
060376035003,1178,177,80385.0
060376036001,1721,371,88750.0
060376036002,772,94,114067.0
060376036003,1694,303,80179.0
060376037021,1115,257,103333.0
060376037022,1198,282,117557.0
060376037023,1168,313,141029.0
060376037024,1295,359,96750.0
060376037031,1682,273,120750.0
060376037032,907,220,123750.0
060376037051,2637,180,75565.0
060376037061,1409,118,76410.0
060376037062,2141,125,57926.0
060376038011,2306,155,69067.0
060376038012,1819,195,97019.0
060376038013,749,113,
060376038021,2810,220,102946.0
060376038022,1210,253,69529.0
060376039011,2305,357,120469.0
060376039012,1502,189,113313.0
060376039021,1692,260,58750.0
060376039022,1794,64,79102.0
060376040011,1752,64,65469.0
060376040012,2278,257,77837.0
060376040013,587,34,111420.0
060376040021,842,65,57917.0
060376040022,1823,149,56292.0
060376040023,567,20,95905.0
060376040024,551,122,140132.0
060376041011,1691,55,69858.0
060376041012,1015,112,78208.0
060376041013,1169,80,72375.0
060376041021,1106,56,87000.0
060376041022,1545,280,92279.0
060376042001,955,111,91181.0
060376042002,1212,122,
060376042003,2532,327,80833.0
060376042004,1138,135,49896.0
060376099001,845,118,70750.0
060376099002,886,319,108750.0
060376200011,1064,83,144696.0
060376200012,1217,152,132841.0
060376200013,1928,210,183000.0
060376200021,1057,83,145417.0
060376200022,1231,131,204375.0
060376200023,1120,224,71667.0
060376201011,1398,174,166333.0
060376201012,1799,494,109792.0
060376201013,2214,234,130109.0
060376201021,1046,165,144125.0
060376201022,721,18,110208.0
060376201023,2068,283,170227.0
060376202011,864,84,152500.0
060376202012,684,73,163403.0
060376203011,1055,138,210393.0
060376203012,1295,229,239345.0
060376203013,880,195,165427.0
060376203014,993,141,250001.0
060376203031,1412,221,250001.0
060376203032,1546,283,129250.0
060376203033,1061,148,189472.0
060376203034,634,94,250001.0
060376203051,502,105,170064.0
060376203052,1560,218,212092.0
060376203053,763,65,245469.0
060376203054,1128,133,
060376203055,361,90,120875.0
060376203056,415,80,
060376203057,1309,182,147330.0
060376204001,1428,474,184444.0
060376204002,767,148,175833.0
060376204003,1254,259,125250.0
060376204004,1769,207,202880.0
060376205011,1441,118,140417.0
060376205012,668,349,223750.0
060376205013,1013,122,
060376205014,855,46,
060376205015,553,104,162917.0
060376205016,1278,86,176777.0
060376205211,1878,106,142315.0
060376205212,870,76,95032.0
060376205213,631,32,68958.0
060376205214,1207,136,187614.0
060376205221,1154,121,164321.0
060376205222,1999,288,163413.0
060376205223,1463,291,114359.0
060376206011,936,156,
060376206012,1369,128,175214.0
060376206013,2087,282,120326.0
060376206014,1773,174,117598.0
060376206021,1404,168,165109.0
060376206022,658,226,97319.0
060376206023,553,78,
060376206024,1608,231,175732.0
060376206025,1623,347,145104.0
060376207011,2260,114,143393.0
060376207012,1855,240,97409.0
060376207013,1197,288,198631.0
060376207014,1813,216,235505.0
060376207031,1049,141,250001.0
060376207032,1310,83,241311.0
060376207033,1278,104,195385.0
060376207041,2609,242,201773.0
060376207042,1208,191,159000.0
060376208011,388,163,
060376208012,1207,225,250001.0
060376208013,944,76,250001.0
060376208014,1192,115,156793.0
060376208015,235,87,86771.0
060376208021,1092,117,
060376208022,1422,210,154842.0
060376208023,965,153,214792.0
060376209011,1363,316,250001.0
060376209012,746,164,
060376209013,568,104,250001.0
060376209041,696,68,229519.0
060376209042,1207,168,205643.0
060376209043,879,133,227500.0
060376210011,1083,150,247500.0
060376210012,1047,174,250001.0
060376210013,2422,379,110333.0
060376210051,484,147,
060376210052,1129,294,135625.0
060376210053,391,152,
060376210054,1132,121,250001.0
060376210055,893,128,151742.0
060376210056,720,130,163563.0
060376211021,987,227,200250.0
060376211022,2403,220,198750.0
060376211041,1611,91,232833.0
060376211042,816,71,119509.0
060376211043,1478,132,114948.0
060376211044,1690,181,107045.0
060376211045,962,132,200795.0
060376212011,2478,571,154896.0
060376212012,1917,294,190978.0
060376212013,2700,333,114688.0
060376212041,305,32,128250.0
060376212042,401,57,182118.0
060376212043,2023,542,95746.0
060376213011,1774,313,148310.0
060376213012,1718,247,117287.0
060376213013,1917,404,99926.0
060376213014,1768,352,189881.0
060376213241,1438,288,128482.0
060376213242,613,82,97966.0
060376213243,1446,206,
060376213261,996,106,97227.0
060376213262,1124,147,123368.0
060376213263,978,294,121964.0
060376214001,1270,164,177622.0
060376214002,1168,269,125486.0
060376214003,908,124,237090.0
060376214004,1272,226,212578.0
060376500011,901,330,55735.0
060376500012,865,238,116625.0
060376500013,2171,481,88750.0
060376500014,1043,143,115114.0
060376500015,1044,157,119889.0
060376500031,2064,435,84500.0
060376500032,968,134,85250.0
060376500041,1091,131,121591.0
060376500042,1171,138,140625.0
060376500043,1032,233,118854.0
060376500044,1092,130,58988.0
060376501011,1432,454,91333.0
060376501012,603,228,145096.0
060376501013,1947,283,97813.0
060376501014,1098,122,133229.0
060376501021,771,116,123611.0
060376501022,1395,168,108472.0
060376502001,1020,224,107538.0
060376502002,1335,176,198672.0
060376502003,1954,252,122016.0
060376502004,1612,208,141667.0
060376503001,1256,130,66693.0
060376503002,1899,331,152798.0
060376503003,1845,170,86397.0
060376503004,1919,293,98914.0
060376503005,975,335,51296.0
060376504011,1100,283,138542.0
060376504012,581,104,124653.0
060376504013,808,89,164643.0
060376504014,1352,152,163561.0
060376504015,632,134,136875.0
060376505011,1244,211,180144.0
060376505012,733,92,223750.0
060376505013,802,200,124219.0
060376505021,2644,612,153125.0
060376505022,1570,358,128854.0
060376506031,2455,481,119115.0
060376506032,1287,409,116026.0
060376506041,1156,111,84763.0
060376506042,907,44,65000.0
060376506043,1668,384,71439.0
060376506044,1662,127,52390.0
060376506051,2762,305,106719.0
060376506061,2082,607,70474.0
060376506062,2135,134,130469.0
060376506071,2680,293,99342.0
060376507011,849,121,177125.0
060376507012,1706,451,139821.0
060376507021,1558,241,153063.0
060376507022,1599,291,159792.0
060376507023,1448,310,143813.0
060376508011,2053,333,134234.0
060376508012,1811,433,147849.0
060376508021,2463,143,134531.0
060376508022,1166,367,
060376509011,1675,297,78090.0
060376509012,1168,273,128390.0
060376509013,825,131,118672.0
060376509014,1295,308,123514.0
060376509031,1529,188,90673.0
060376509032,2237,174,75500.0
060376509033,935,62,87529.0
060376509041,733,73,109145.0
060376509042,1724,202,151821.0
060376510011,937,224,129679.0
060376510012,884,326,205417.0
060376510013,2263,438,81957.0
060376510014,1188,310,134129.0
060376510021,1368,227,112955.0
060376510022,1137,252,184931.0
060376510023,1121,423,96094.0
060376510024,1171,181,154239.0
060376511011,2470,590,172625.0
060376511012,2208,455,111923.0
060376511021,2162,300,121779.0
060376511022,1897,746,62778.0
060376512011,979,245,158750.0
060376512012,2182,233,149853.0
060376512013,604,196,
060376512014,856,296,200598.0
060376512211,2168,285,106094.0
060376512212,1446,172,79412.0
060376512221,3634,196,96453.0
060376512222,901,0,137550.0
060376512223,1686,291,106615.0
060376513021,849,237,101152.0
060376513022,1574,489,158264.0
060376513023,1020,153,188690.0
060376513024,601,59,247569.0
060376513025,931,123,111922.0
060376513026,841,286,227105.0
060376513041,584,130,107303.0
060376513042,828,171,93609.0
060376513043,1522,369,115132.0
060376513044,1081,270,170476.0
060376513045,1000,127,116918.0
060376514011,1280,682,
060376514012,1138,144,101186.0
060376514021,1049,57,86324.0
060376514022,1956,275,170300.0
060376514023,1768,726,106053.0
060376514024,678,36,
060376700011,2015,307,108929.0
060376700012,1464,437,87143.0
060376700021,857,233,
060376700022,2402,366,75195.0
060376700031,724,194,120365.0
060376700032,2088,213,165168.0
060376700033,1834,508,108681.0
060376700034,1362,254,81332.0
060376701011,3061,466,93000.0
060376701012,602,204,
060376701021,2843,288,96202.0
060376701022,1157,214,94663.0
060376702011,1876,469,250001.0
060376702012,1771,539,152656.0
060376702021,2559,512,234750.0
060376703241,1412,216,144512.0
060376703242,1341,409,210132.0
060376703243,985,479,250001.0
060376703244,1747,316,222557.0
060376703261,1103,432,250001.0
060376703262,1600,503,250001.0
060376703263,534,116,
060376703281,635,249,189583.0
060376703282,1266,342,250001.0
060376703283,2424,529,213750.0
060376704051,1577,676,147321.0
060376704052,1134,300,
060376704061,1712,494,217917.0
060376704071,2837,297,119459.0
060376704072,1766,270,176979.0
060376704073,1246,698,190342.0
060376704131,2040,447,220711.0
060376704132,2774,486,166250.0
060376704161,2002,463,179375.0
060376704162,2099,590,152390.0
060376704171,2780,773,163088.0
060376704181,2050,382,227969.0
060376704182,2388,585,186970.0
060376705001,1511,491,250001.0
060376706031,1856,669,199000.0
060376706041,2525,775,186368.0
060376706042,2030,503,147679.0
060376706043,398,158,250001.0
060376707011,2544,646,146875.0
060376707012,1901,569,166776.0
060376707013,1405,309,221421.0
060376707014,636,51,114408.0
060376707021,1328,197,
060376707022,1138,343,250001.0
060376707023,865,266,
060376707024,1061,397,103194.0
060376707025,1499,464,247083.0
060377001011,1468,151,95000.0
060377001012,1278,128,111216.0
060377001013,887,224,106250.0
060377001014,1193,250,64269.0
060377001015,710,135,
060377001021,1109,176,
060377001022,1978,390,86250.0
060377001023,1418,286,44772.0
060377002001,753,162,92734.0
060377002002,1205,21,106358.0
060377002003,1735,291,117699.0
060377002004,974,107,72045.0
060377002005,733,48,106613.0
060377002006,1294,76,38510.0
060377003001,1117,84,137016.0
060377003002,1209,108,74475.0
060377003003,1426,245,106411.0
060377003004,1789,428,
060377004001,1771,375,86220.0
060377004002,509,13,
060377004003,1782,337,103075.0
060377004004,424,169,150955.0
060377005011,1569,389,169125.0
060377005012,1212,145,83281.0
060377005013,1409,384,90588.0
060377005021,1398,197,129198.0
060377005022,1991,192,67566.0
060377005023,749,163,114022.0
060377006001,1280,329,250001.0
060377006002,842,238,227457.0
060377006003,635,227,250001.0
060377006004,1537,345,220469.0
060377006005,823,221,
060377007001,1182,276,250001.0
060377007002,759,299,228355.0
060377007003,1180,366,229464.0
060377008011,998,348,79676.0
060377008012,1706,429,102311.0
060377008013,701,452,28381.0
060377008014,667,142,130689.0
060377008021,1494,411,205208.0
060377008022,1220,394,92083.0
060377008023,1301,216,115541.0
060377009011,757,136,111250.0
060377009012,405,59,
060377009013,1200,220,77344.0
060377009014,1710,225,121667.0
060377009021,1956,568,
060377009022,1608,159,85265.0
060377009023,1732,263,95599.0
060377009024,1187,262,117654.0
060377010001,483,119,137766.0
060377010002,884,260,
060377010003,823,212,
060377010004,1604,416,153869.0
060377010005,1281,359,151109.0
060377012011,671,182,
060377012012,776,177,124476.0
060377012013,846,190,220893.0
060377012014,812,305,250001.0
060377012015,594,238,176250.0
060377012021,1380,300,156607.0
060377012022,1934,332,128125.0
060377013021,1723,261,124766.0
060377013022,1429,181,136154.0
060377013023,1493,373,80345.0
060377013041,2002,424,250001.0
060377013042,1585,415,112734.0
060377013043,1926,368,119940.0
060377013044,417,148,250001.0
060377014021,1301,218,202979.0
060377014022,2754,485,81486.0
060377014023,2131,256,74167.0
060377014024,1185,388,81002.0
060377015011,1580,374,180000.0
060377015012,1109,174,109135.0
060377015013,2153,437,124688.0
060377015021,1150,365,84130.0
060377015022,1505,305,94396.0
060377015023,1133,146,135893.0
060377016011,464,122,
060377016012,1846,286,220214.0
060377016013,730,216,245417.0
060377016014,1072,191,205417.0
060377016021,1562,226,160655.0
060377016022,1598,352,75278.0
060377016023,1347,155,212560.0
060377017011,405,209,
060377017012,1330,245,72344.0
060377017013,1568,176,93060.0
060377017021,959,119,187875.0
060377017022,1078,125,60865.0
060377017023,1065,285,63780.0
060377018011,627,64,175000.0
060377018012,965,246,
060377018013,2388,306,84573.0
060377018014,1991,566,63000.0
060377018021,2314,564,70625.0
060377018022,1001,170,139861.0
060377018023,798,106,79792.0
060377018024,935,124,115395.0
060377019021,2985,355,122190.0
060377019022,944,51,142159.0
060377019023,1555,227,48385.0
060377020021,1389,392,101337.0
060377020022,1664,367,121417.0
060377020023,1417,258,
060377020024,1567,155,79044.0
060377021021,920,420,65156.0
060377021022,490,100,150167.0
060377021023,751,154,
060377021024,1344,150,153487.0
060377021025,450,119,126339.0
060377021026,427,51,108654.0
060377021027,1259,229,105579.0
060377022011,778,101,
060377022012,456,171,177708.0
060377022013,612,139,158523.0
060377022014,1087,134,121520.0
060377022015,1063,207,
060377022021,915,243,108783.0
060377022022,905,251,139028.0
060377022023,579,85,250001.0
060377022024,682,127,125865.0
060377022025,856,81,120568.0
060377023001,1302,71,
060377023002,1237,244,117977.0
060377023003,1025,130,150797.0
060377023004,1019,211,
060377023005,2218,486,134291.0
060377024001,1357,149,243237.0
060377024002,706,143,170948.0
060377024003,864,75,87708.0
060377024004,994,181,192969.0
060377024005,837,36,136250.0
060377025011,940,107,220469.0
060377025012,690,195,
060377025013,638,124,
060377025014,1579,315,183462.0
060377025015,880,63,153658.0
060377025021,1324,267,227569.0
060377025022,1004,323,108199.0
060377025023,1952,409,97946.0
060377026001,598,138,145344.0
060377026002,821,324,125391.0
060377026003,592,121,85488.0
060377026004,1549,266,201250.0
060377026005,777,131,250001.0
060377026006,1716,562,92091.0
060377027001,885,190,183125.0
060377027002,830,119,213854.0
060377027003,648,168,126362.0
060377027004,986,104,170417.0
060377028011,2571,314,120034.0
060377028012,1457,124,99375.0
060377028013,1536,461,91250.0
060377028021,964,153,105231.0
060377028022,1302,195,144531.0
060377028031,775,12,126799.0
060377028032,1236,219,189331.0
060377028033,930,157,
060377029001,2174,111,140556.0
060377029002,2293,170,107438.0
060377029003,3121,45,144412.0
060377029004,1256,218,156510.0
060377030021,744,97,91563.0
060377030022,2125,453,174412.0
060377030023,3094,792,127083.0
060377030024,1471,303,139932.0
060377030031,2533,224,88376.0
060377030032,1561,249,125750.0
060377030033,552,225,
060377030034,1409,269,
060377031001,731,346,208553.0
060377031002,1098,596,
060377031003,1026,188,237602.0
060377031004,1300,228,128710.0
060377031005,709,139,119327.0
060377031006,1205,250,59102.0
060377032001,1507,230,62344.0
060377032002,1086,29,124170.0
060377032003,450,94,159667.0
060377032004,429,148,72177.0
060377032005,1286,320,153125.0
060377032006,917,243,76518.0
060378001011,3761,692,159143.0
060378001012,1954,466,244821.0
060378001031,3114,506,141099.0
060378001032,568,225,123050.0
060378001041,3921,765,144309.0
060378002021,1373,181,134607.0
060378002022,1452,500,249474.0
060378002023,3118,461,248079.0
060378002041,2313,433,216392.0
060378002042,1849,639,106563.0
060378002051,2392,212,83964.0
060378002052,1611,227,127821.0
060378002061,2079,351,250001.0
060378002062,1511,289,250001.0
060378003241,1279,329,108370.0
060378003242,1801,300,206000.0
060378003243,1865,304,234417.0
060378003244,1476,251,96875.0
060378003251,1994,200,127813.0
060378003252,1709,671,221204.0
060378003281,1267,130,250001.0
060378003331,2188,373,112120.0
060378003341,540,312,190040.0
060378003342,1776,214,163095.0
060378003343,1186,268,234500.0
060378003351,909,403,132393.0
060378003352,1883,637,182697.0
060378003353,706,183,67232.0
060378003354,798,151,200745.0
060378003361,2553,428,177264.0
060378003362,1394,152,250001.0
060378003371,1303,62,
060378003372,2116,338,110898.0
060378003381,1014,156,158846.0
060378003382,1307,216,250001.0
060378003383,1520,260,248036.0
060378003384,1688,394,185263.0
060378003385,882,176,211719.0
060378004061,1160,224,210833.0
060378004062,788,275,218036.0
060378004101,3647,324,161875.0
060378004111,1760,376,250001.0
060378004112,715,203,126250.0
060378004121,1052,288,223682.0
060378004122,2636,617,156250.0
060378005041,2024,685,202763.0
060378005061,1254,370,182083.0
060378005062,284,125,189545.0
060378005063,1499,467,250001.0
060379001021,633,171,44946.0
060379001031,2044,359,49866.0
060379001032,2690,325,65910.0
060379001033,1847,188,61882.0
060379001041,2441,231,65417.0
060379001042,2366,225,59161.0
060379001043,2103,106,60625.0
060379003011,4678,342,82165.0
060379005011,2169,210,72969.0
060379005012,3781,555,91419.0
060379005013,2013,363,57852.0
060379005041,1707,46,56806.0
060379005042,2542,513,64688.0
060379005043,2343,229,105017.0
060379005051,2420,256,83243.0
060379005052,1984,309,80130.0
060379005061,2484,306,78780.0
060379005062,2588,200,81583.0
060379005081,1690,153,89350.0
060379005082,2026,184,101786.0
060379005091,2566,190,69022.0
060379005092,1282,45,58482.0
060379005093,679,41,
060379005101,2050,273,62321.0
060379005102,1268,189,46534.0
060379005103,725,60,
060379006021,2738,270,54123.0
060379006022,2711,194,53077.0
060379006061,3220,330,59875.0
060379006062,1456,86,46680.0
060379006071,1884,144,76667.0
060379006072,3069,335,72029.0
060379006081,2401,241,76613.0
060379006082,1529,260,75396.0
060379006091,1353,73,44135.0
060379006092,2182,219,109306.0
060379006093,1628,180,23750.0
060379006101,1369,489,28305.0
060379006102,1944,131,42083.0
060379006111,1962,65,62019.0
060379006112,2473,85,101848.0
060379007011,1544,112,48145.0
060379007012,823,141,51118.0
060379007013,1438,249,95820.0
060379007014,1039,155,58314.0
060379007031,1990,284,67438.0
060379007032,850,216,73393.0
060379007033,2332,475,55772.0
060379007041,2241,99,74046.0
060379007042,1154,86,47192.0
060379007051,1083,349,96189.0
060379007052,2127,409,37324.0
060379007053,801,15,
060379008041,2084,144,44468.0
060379008042,1474,172,60682.0
060379008051,1268,195,104183.0
060379008052,2731,510,87589.0
060379008053,1957,466,101429.0
060379008061,2628,223,45665.0
060379008062,1714,751,20747.0
060379008071,1861,268,103005.0
060379008072,2336,223,72484.0
060379008081,2294,193,55250.0
060379008082,2753,132,69667.0
060379009011,2183,90,41539.0
060379009012,1069,101,113017.0
060379009021,1102,162,79750.0
060379009022,286,214,43750.0
060379010031,3394,137,
060379010071,1280,214,67387.0
060379010072,824,148,118750.0
060379010081,1805,219,102844.0
060379010082,1463,75,77308.0
060379010091,3186,427,104464.0
060379010092,1297,8,54293.0
060379010093,1391,338,103833.0
060379010101,1047,110,111827.0
060379010102,1510,338,40336.0
060379010103,1670,34,59293.0
060379010104,1275,113,103929.0
060379010111,2347,446,117321.0
060379010112,1700,694,80921.0
060379010113,812,92,84974.0
060379010121,1277,44,192750.0
060379010122,5088,304,127180.0
060379010131,1381,352,146250.0
060379010132,1997,146,109271.0
060379010141,1752,362,101364.0
060379010142,3302,259,122333.0
060379011011,2421,393,109315.0
060379011012,3268,431,97250.0
060379011021,1421,241,78841.0
060379011022,1620,259,91972.0
060379011023,2371,370,113750.0
060379012091,951,236,68333.0
060379012101,1637,296,104000.0
060379012141,3017,293,108479.0
060379012142,1910,292,157361.0
060379012151,1692,150,79354.0
060379012152,1904,752,42639.0
060379012161,2602,310,113833.0
060379012171,1536,402,129659.0
060379012181,2404,440,160921.0
060379013001,1862,243,63333.0
060379100021,3194,376,79647.0
060379100022,2203,324,56927.0
060379100023,1800,147,100774.0
060379102101,3921,329,144050.0
060379102102,1130,10,119792.0
060379102103,2115,354,128164.0
060379102111,1751,305,201979.0
060379102121,1770,424,142920.0
060379102122,1552,233,65667.0
060379102131,1464,198,142237.0
060379102141,1380,133,105603.0
060379102142,1667,163,142125.0
060379102143,2546,227,108625.0
060379102151,820,77,133090.0
060379102152,3516,112,139659.0
060379102153,2607,495,60833.0
060379102161,1255,108,103934.0
060379102162,3909,269,113654.0
060379102171,2349,178,141607.0
060379102172,3329,249,118264.0
060379102181,1989,290,105809.0
060379102182,1358,258,45875.0
060379102183,916,202,77344.0
060379103011,1230,253,93404.0
060379103012,3183,562,121029.0
060379103021,866,172,141042.0
060379103022,998,276,56786.0
060379103023,2470,380,148674.0
060379103024,2062,458,69511.0
060379104011,97,0,
060379104012,3936,600,95139.0
060379104013,1962,236,86222.0
060379104041,1090,80,73750.0
060379104042,3315,296,57533.0
060379104051,2273,6,54674.0
060379104052,1699,161,59145.0
060379104053,1879,119,32279.0
060379105011,1237,242,32931.0
060379105012,2669,124,41685.0
060379105013,1813,100,33548.0
060379105021,1712,233,54423.0
060379105022,2589,190,35200.0
060379105041,1536,101,72139.0
060379105042,2010,245,73438.0
060379105043,486,142,33885.0
060379105051,1206,124,74080.0
060379105052,1966,219,62813.0
060379106011,1600,90,80806.0
060379106012,2546,88,65921.0
060379106013,2349,375,93156.0
060379106021,2387,302,59129.0
060379106022,2283,262,43750.0
060379106051,2732,287,77159.0
060379106052,2381,286,42448.0
060379106061,2235,321,78125.0
060379106062,1004,59,81136.0
060379106071,2130,126,76912.0
060379106072,2095,322,55694.0
060379106081,2730,519,64613.0
060379106082,1293,169,90110.0
060379107061,3393,368,116364.0
060379107062,3431,290,101136.0
060379107071,868,120,60813.0
060379107072,4324,491,81411.0
060379107091,1712,385,100781.0
060379107121,3251,494,98977.0
060379107131,2017,228,72500.0
060379107132,1911,246,96439.0
060379107133,3229,279,81351.0
060379107141,2494,172,79861.0
060379107142,1558,56,72188.0
060379107151,2762,323,108333.0
060379107152,1854,142,58542.0
060379107153,2390,160,88929.0
060379107161,3501,317,88750.0
060379107162,2776,221,93861.0
060379107171,2277,219,87969.0
060379107181,3385,374,112826.0
060379107182,422,30,96786.0
060379107183,1729,131,87975.0
060379107191,1263,27,
060379107192,3283,234,97276.0
060379107201,3378,557,48125.0
060379107202,1942,351,96944.0
060379107211,3065,145,40048.0
060379107212,758,71,96563.0
060379108041,3060,619,140726.0
060379108071,2887,481,119327.0
060379108072,3067,369,160500.0
060379108081,2473,407,104507.0
060379108082,1445,260,124018.0
060379108091,2297,514,167083.0
060379108101,2849,350,155139.0
060379108141,1846,482,129107.0
060379108142,1262,364,118846.0
060379108151,2249,265,123454.0
060379108152,2377,605,90563.0
060379108153,526,98,65625.0
060379110011,1004,264,80272.0
060379110012,772,235,
060379110013,1770,583,88750.0
060379111001,3767,257,59259.0
060379111002,1774,124,66563.0
060379111003,1790,310,66250.0
060379200131,1562,423,79188.0
060379200132,2686,553,134028.0
060379200133,3622,276,145893.0
060379200151,2922,456,177909.0
060379200152,3461,222,228583.0
060379200161,1323,154,107083.0
060379200162,3681,520,179286.0
060379200171,1393,185,170506.0
060379200172,1458,181,135927.0
060379200173,1410,140,139375.0
060379200181,1023,123,132917.0
060379200182,1035,155,162500.0
060379200201,1677,209,86389.0
060379200202,2684,718,143324.0
060379200203,1632,216,94743.0
060379200281,2781,325,168315.0
060379200282,1425,30,134261.0
060379200283,4534,247,121797.0
060379200291,1564,455,124531.0
060379200292,1346,285,64778.0
060379200293,831,26,112795.0
060379200301,1001,62,130579.0
060379200302,1700,109,107450.0
060379200303,3053,412,145737.0
060379200311,812,91,72500.0
060379200312,2661,1065,70455.0
060379200313,720,529,29776.0
060379200314,1924,248,110639.0
060379200341,3250,284,165457.0
060379200342,1068,27,118548.0
060379200351,3217,206,80400.0
060379200352,2924,153,113060.0
060379200353,821,65,118707.0
060379200354,824,162,140978.0
060379200355,1194,234,131194.0
060379200381,787,116,59659.0
060379200382,2311,152,71064.0
060379200391,1615,262,135385.0
060379200401,3270,478,118000.0
060379200411,3072,182,121844.0
060379200421,1558,277,116429.0
060379200422,1012,70,188317.0
060379200423,1292,145,143822.0
060379200424,1897,140,81711.0
060379200425,1081,212,137672.0
060379200431,3665,471,146818.0
060379200432,4938,325,182121.0
060379200441,2081,208,116705.0
060379200442,545,71,81000.0
060379200451,631,69,119792.0
060379200452,2795,363,176563.0
060379200453,1015,138,102639.0
060379200461,3605,357,95273.0
060379200471,4414,58,69973.0
060379200472,741,94,
060379200473,1854,139,64688.0
060379200481,2108,299,108611.0
060379200482,1402,310,67250.0
060379200483,1992,257,130128.0
060379200491,908,220,105208.0
060379200492,5225,342,201420.0
060379200501,1024,213,60962.0
060379201021,1204,113,51790.0
060379201022,674,204,110719.0
060379201023,2856,484,121657.0
060379201041,2897,277,122383.0
060379201061,3576,337,109268.0
060379201091,1812,511,95350.0
060379201092,2059,206,118309.0
060379201093,775,53,148083.0
060379201101,975,170,169583.0
060379201102,1916,100,126122.0
060379201111,1483,259,132000.0
060379201112,1582,280,137396.0
060379201121,1222,494,
060379201122,1361,307,145982.0
060379201123,1344,157,140833.0
060379201141,1441,157,117352.0
060379201142,1908,20,149531.0
060379201143,737,98,147125.0
060379201144,1272,82,93409.0
060379201151,885,119,202885.0
060379201152,901,100,116103.0
060379201153,2262,535,75122.0
060379201161,492,42,132813.0
060379201162,2522,395,130417.0
060379201163,1935,140,149000.0
060379201181,1891,275,112417.0
060379201182,1737,207,169259.0
060379201183,2620,240,200682.0
060379201191,1813,231,208289.0
060379201201,3203,180,207143.0
060379201202,842,145,250001.0
060379201211,2753,182,139481.0
060379201212,4149,353,204531.0
060379201213,4065,211,161029.0
060379202001,4186,39,
060379203031,1564,228,138750.0
060379203121,2524,146,153810.0
060379203122,1604,688,54115.0
060379203123,2270,409,107987.0
060379203131,1424,268,126534.0
060379203132,1421,131,133750.0
060379203133,2176,335,224777.0
060379203141,2322,265,137067.0
060379203142,836,95,126974.0
060379203221,1014,228,194583.0
060379203222,1583,337,91719.0
060379203261,3568,224,171875.0
060379203262,1169,374,61587.0
060379203263,2454,463,140969.0
060379203281,1967,266,124274.0
060379203291,2772,214,92670.0
060379203292,1660,407,113577.0
060379203293,1737,181,
060379203301,429,106,159464.0
060379203302,638,272,107396.0
060379203303,962,417,89911.0
060379203304,1425,484,102768.0
060379203311,1327,230,154342.0
060379203312,1854,332,118519.0
060379203313,383,51,118125.0
060379203321,1144,104,83155.0
060379203322,918,156,124531.0
060379203341,550,274,216299.0
060379203342,997,228,127337.0
060379203343,2833,508,70354.0
060379203344,1563,344,164597.0
060379203381,1091,141,201940.0
060379203382,2397,163,205791.0
060379203383,2261,353,140781.0
060379203391,4589,215,142598.0
060379203392,3802,180,164250.0
060379203393,526,51,250001.0
060379203401,732,144,107273.0
060379203402,2098,85,83802.0
060379203411,1950,44,52115.0
060379203412,1054,52,82440.0
060379203421,1980,105,93862.0
060379203422,1151,24,52361.0
060379203431,2588,122,59479.0
060379203432,1499,122,121364.0
060379304001,257,59,175357.0
060379304002,534,70,123977.0
060379304003,518,78,90859.0
060379800011,0,0,
060379800021,0,0,
060379800031,0,0,
060379800041,0,0,
060379800051,0,0,
060379800061,0,0,
060379800071,0,0,
060379800081,73,5,
060379800091,5,0,
060379800101,143,54,
060379800111,101,20,
060379800121,20,14,
060379800131,0,0,
060379800141,40,22,
060379800151,1111,41,62534.0
060379800161,371,70,70833.0
060379800171,1362,561,
060379800181,0,0,
060379800191,75,19,79018.0
060379800201,0,0,
060379800211,16,0,
060379800221,0,0,
060379800231,47,0,
060379800241,205,26,125625.0
060379800251,442,98,79250.0
060379800261,15,0,
060379800281,0,0,
060379800301,0,0,
060379800311,970,93,
060379800331,14,3,
060379800341,0,0,
060379800351,642,100,65750.0
060379800361,606,114,172829.0
060379800371,0,0,
060379800381,0,0,
060379800391,0,0,
060379901000,0,0,
060379902000,0,0,
060379903000,0,0,
