h3,canopy_pct,row_canopy_pct,canopy_m2,row_m2
8929ac48043ffff,0.1345718318180326,0.0,0.0,0.0
8929ac48047ffff,2.4221339722340742,0.0,0.0,0.0
8929ac4804bffff,0.029541127814613,0.0,0.0,0.0
8929ac48053ffff,0.0,0.0,0.0,0.0
8929ac48057ffff,0.0,0.0,0.0,0.0
8929ac4805bffff,0.0,0.0,0.0,0.0
8929ac480c3ffff,0.0,0.0,0.0,0.0
8929ac480cbffff,0.0,0.0,0.0,0.0
8929ac480cfffff,0.0,0.0,0.0,0.0
8929ac480d3ffff,0.0,0.0,0.0,0.0
8929ac480dbffff,0.0065657726272939,0.0,0.0,0.0
8929ac48203ffff,0.0,0.0,0.0,0.0
8929ac4820bffff,0.0,0.0,0.0,0.0
8929ac4820fffff,0.0,0.0,0.0,0.0
8929ac48213ffff,0.0,0.0,0.0,0.0
8929ac4821bffff,0.0,0.0,0.0,0.0
8929ac48223ffff,0.0,0.0,0.0,0.0
8929ac48227ffff,0.0,0.0,0.0,0.0
8929ac4822bffff,0.0,0.0,0.0,0.0
8929ac4822fffff,0.0,0.0,0.0,0.0
8929ac48233ffff,0.0,0.0,0.0,0.0
8929ac48237ffff,0.0,0.0,0.0,0.0
8929ac4823bffff,0.0,0.0,0.0,0.0
8929ac48243ffff,0.0,0.0,0.0,0.0
8929ac48247ffff,0.0,0.0,0.0,0.0
8929ac4824bffff,0.0,0.0,0.0,0.0
8929ac4824fffff,0.0,0.0,0.0,0.0
8929ac48253ffff,0.0,0.0,0.0,0.0
8929ac48257ffff,0.0,0.0,0.0,0.0
8929ac4825bffff,0.0492125984251968,0.0,0.0,0.0
8929ac48263ffff,0.0,0.0,0.0,0.0
8929ac48267ffff,0.0,0.0,0.0,0.0
8929ac4826bffff,0.0,0.0,0.0,0.0
8929ac4826fffff,0.0,0.0,0.0,0.0
8929ac48273ffff,0.0131233595800524,0.0,0.0,0.0
8929ac48277ffff,0.0,0.0,0.0,0.0
8929ac4827bffff,0.0,0.0,0.0,0.0
8929ac48283ffff,0.0,0.0,0.0,0.0
8929ac4828bffff,0.1805172640147039,0.0,0.0,0.0
8929ac48293ffff,0.2067675342151038,0.0,0.0,0.0
8929ac48297ffff,0.0,0.0,0.0,0.0
8929ac4829bffff,0.1378224059854302,0.0,0.0,0.0
8929ac482c3ffff,0.0,0.0,0.0,0.0
8929ac482c7ffff,0.0,0.0,0.0,0.0
8929ac482cbffff,0.0,0.0,0.0,0.0
8929ac482cfffff,0.0,0.0,0.0,0.0
8929ac482d3ffff,0.0,0.0,0.0,0.0
8929ac482d7ffff,0.0,0.0,0.0,0.0
8929ac482dbffff,0.0,0.0,0.0,0.0
8929ac48343ffff,0.2592373826868806,0.0,0.0,0.0
8929ac48347ffff,0.0065623256882239,0.0,0.0,0.0
8929ac4834bffff,0.0,0.0,0.0,0.0
8929ac4834fffff,0.0426523179894353,0.0,0.0,0.0
8929ac48353ffff,0.0,0.0,0.0,0.0
8929ac48357ffff,0.3576936960588061,0.0,0.0,0.0
8929ac4835bffff,0.0,0.0,0.0,0.0
8929ac48363ffff,0.0,0.0,0.0,0.0
8929ac48367ffff,0.0,0.0,0.0,0.0
8929ac4836bffff,0.0,0.0,0.0,0.0
8929ac4836fffff,0.0,0.0,0.0,0.0
8929ac4837bffff,0.0032809475376488,0.0,0.0,0.0
8929ac483c3ffff,0.0,0.0,0.0,0.0
8929ac483cbffff,0.0721855825704629,0.0,0.0,0.0
8929ac483cfffff,0.0,0.0,0.0,0.0
8929ac48603ffff,0.0,0.0,0.0,0.0
8929ac48607ffff,0.0,0.0,0.0,0.0
8929ac4860bffff,0.0,0.0,0.0,0.0
8929ac4860fffff,0.0,0.0,0.0,0.0
8929ac4861bffff,0.0,0.0,0.0,0.0
8929ac48623ffff,0.0,0.0,0.0,0.0
8929ac48627ffff,0.0,0.0,0.0,0.0
8929ac4862bffff,0.0,0.0,0.0,0.0
8929ac4862fffff,0.0,0.0,0.0,0.0
8929ac48633ffff,0.0,0.0,0.0,0.0
8929ac48637ffff,4.361953525009846,0.0,0.0,0.0
8929ac4863bffff,0.0,0.0,0.0,0.0
8929ac48663ffff,0.0,0.0,0.0,0.0
8929ac48667ffff,0.0,0.0,0.0,0.0
8929ac4866fffff,0.0,0.0,0.0,0.0
8929ac48673ffff,0.0,0.0,0.0,0.0
8929ac48677ffff,0.0,0.0,0.0,0.0
8929ac486a7ffff,0.0,0.0,0.0,0.0
8929ac486abffff,0.0,0.0,0.0,0.0
8929ac486afffff,0.1116108065522108,0.0,0.0,0.0
8929ac48827ffff,5.358666404147798,0.0,0.0,0.0
8929ac48867ffff,12.68497555533681,0.0,0.0,0.0
8929ac4886fffff,1.387639727611461,0.0,117.0,516.0
8929ac48923ffff,10.38475573395516,0.8899095737046074,4200.0,2486.0
8929ac48927ffff,7.868894229775981,1.1897404202719406,8227.0,6907.0
8929ac4892bffff,1.1610963945763113,0.0,1277.0,717.0
8929ac4892fffff,7.759393441398371,0.8801504773396742,8975.0,20109.0
8929ac48933ffff,0.0,0.0,0.0,0.0
8929ac48937ffff,12.58803629094264,0.0,1473.0,0.0
8929ac4893bffff,0.0,0.0,0.0,0.0
8929ac48943ffff,15.83645074489729,0.0,0.0,0.0
8929ac48947ffff,9.461455154080928,0.0,0.0,0.0
8929ac4894bffff,0.1575164900075476,0.0,0.0,0.0
8929ac4894fffff,0.0,0.0,0.0,85.0
8929ac48953ffff,28.856439704675964,0.0,0.0,0.0
8929ac48957ffff,15.111242370545384,0.0,0.0,0.0
8929ac4895bffff,3.035175219845124,0.0,0.0,0.0
8929ac48963ffff,0.8169095611095032,0.0021871787581199,945.0,16459.0
8929ac48967ffff,1.6485585616427698,0.1730945018184647,1907.0,18478.0
8929ac4896bffff,3.1853615273304396,0.1039669904805224,3685.0,22138.0
8929ac4896fffff,2.6105305090970203,0.3534376648496571,3020.0,20401.0
8929ac48973ffff,0.0,0.0,0.0,138.0
8929ac48977ffff,0.1376197650680598,0.0,76.0,5239.0
8929ac4897bffff,2.056425946079136,0.0,1442.0,4436.0
8929ac489a3ffff,0.1017427549312415,0.0,0.0,0.0
8929ac489a7ffff,0.0,0.0,0.0,0.0
8929ac489abffff,0.0,0.0,0.0,0.0
8929ac489afffff,0.0,0.0,0.0,0.0
8929ac489b7ffff,0.2100633472281484,0.0,0.0,0.0
8929ac489cbffff,14.477915600183763,0.0,0.0,0.0
8929ac489cfffff,10.156532011945,0.0,0.0,0.0
8929ac48a37ffff,0.7645271190057469,0.0,748.0,2375.0
8929ac48a6fffff,4.416544916918904,3.0787152604426695,4549.0,6290.0
8929ac48aa7ffff,0.1559434579204185,0.0,11.0,0.0
8929ac48aafffff,0.0046502615772137,0.0,2.0,10317.0
8929ac48b03ffff,2.6959075973314746,0.4469314341775371,3119.0,19727.0
8929ac48b07ffff,5.134803769028741,0.4195712863043443,5940.0,21959.0
8929ac48b0bffff,3.0465035226169435,0.0473709142586451,3524.0,6836.0
8929ac48b0fffff,5.6162712539520525,2.6619768143692633,6497.0,16836.0
8929ac48b13ffff,0.0432529989264543,0.0,50.0,3906.0
8929ac48b17ffff,0.5607418471496141,0.0121820485332813,649.0,14774.0
8929ac48b1bffff,1.4726656087619403,0.2244862718010706,1704.0,2080.0
8929ac48b23ffff,7.081551742380392,0.4384537326006624,8192.0,18720.0
8929ac48b27ffff,5.262404416822017,0.699561029331927,6087.0,23046.0
8929ac48b2bffff,2.0387521629258942,0.6399811539292094,2358.0,18221.0
8929ac48b2fffff,8.565835623344734,2.2728334865172215,9909.0,22584.0
8929ac48b33ffff,6.934347458049096,0.4812804297946164,8022.0,19206.0
8929ac48b37ffff,7.1813592764799985,0.1522267807748714,8307.0,19363.0
8929ac48b3bffff,7.601409178332016,1.265620922613007,8793.0,24518.0
8929ac48b47ffff,4.177817054803898,0.158325875955118,4833.0,15664.0
8929ac48b4bffff,8.005090499497484,3.168506095361754,9262.0,19330.0
8929ac48b4fffff,6.2385652233437465,0.4253578732106339,7218.0,17529.0
8929ac48b57ffff,8.960652656863537,0.2092129071170084,10368.0,19060.0
8929ac48b63ffff,0.0382748319641523,0.0,44.0,11722.0
8929ac48b67ffff,0.0,0.0,0.0,8768.0
8929ac48b6bffff,4.908666562937607,0.2440288154573869,5679.0,21486.0
8929ac48b6fffff,0.0,0.0,0.0,496.0
8929ac48b73ffff,0.2181401760680622,0.0,252.0,1280.0
8929ac48b77ffff,2.734099063634864,1.2039506884867708,3163.0,9867.0
8929ac48b7bffff,1.927110237053541,0.118142592973084,2229.0,14000.0
8929ac48b83ffff,3.1287049440312873,3.614457831325301,732.0,3254.0
8929ac48b87ffff,7.806227006740574,8.236458075686372,5691.0,4007.0
8929ac48b8bffff,1.0487655055525718,0.0,1174.0,2911.0
8929ac48b8fffff,1.0657836343153655,0.4220681338558939,1124.0,1189.0
8929ac48b97ffff,0.0032813781788351,0.0,0.0,0.0
8929ac48b9bffff,0.4302950459202532,0.0,163.0,1055.0
8929ac48ba3ffff,5.753743511868457,0.1040582726326743,6656.0,6221.0
8929ac48ba7ffff,5.189502740079853,0.5732633492654605,6003.0,24413.0
8929ac48babffff,0.2346234511429336,0.0,271.0,18693.0
8929ac48bafffff,3.731343283582089,0.0299677270631627,4316.0,15612.0
8929ac48bb3ffff,6.673983307498803,1.4397905759162304,6371.0,4337.0
8929ac48bb7ffff,3.5760187965830053,0.3442964573706623,4137.0,15839.0
8929ac48bbbffff,3.573695806415475,0.099862688802896,4134.0,2881.0
8929ac48bc3ffff,0.6328700376174963,0.1486988847583643,732.0,5318.0
8929ac48bc7ffff,3.4596948176709357,0.0,3799.0,2387.0
8929ac48bcbffff,0.0,0.0,0.0,0.0
8929ac48bcfffff,2.6859754864285423,0.0892281762752193,3108.0,7256.0
8929ac48bd3ffff,3.907344682635127,0.0,2550.0,1584.0
8929ac48bd7ffff,2.2607896008354245,0.0,1044.0,3591.0
8929ac48bdbffff,1.1079099982577096,0.0,1282.0,3888.0
8929ac49183ffff,0.006560818790185,0.0,0.0,0.0
8929ac49187ffff,21.455523837648062,0.0,0.0,0.0
8929ac49193ffff,0.0,0.0,0.0,0.0
8929ac49197ffff,0.0,0.0,0.0,0.0
8929ac491a3ffff,4.169400341162577,0.0,0.0,0.0
8929ac491b3ffff,12.945344793648712,0.0,0.0,0.0
8929ac491b7ffff,0.0820048546873974,0.0,0.0,0.0
8929ac49507ffff,0.0,0.0,0.0,0.0
8929ac49523ffff,0.0,0.0,0.0,0.0
8929ac49527ffff,0.0,0.0,0.0,0.0
8929ac4952bffff,0.0,0.0,0.0,0.0
8929ac4952fffff,0.0,0.0,0.0,0.0
8929ac49533ffff,0.0,0.0,0.0,0.0
8929ac49537ffff,0.0,0.0,0.0,0.0
8929ac4953bffff,0.0,0.0,0.0,0.0
8929ac495a7ffff,0.4069843770513325,0.0,0.0,0.0
8929ac495abffff,0.0,0.0,0.0,0.0
8929ac495afffff,0.1411177841226084,0.0,0.0,0.0
8929ac49803ffff,0.0,0.0,0.0,0.0
8929ac49807ffff,0.0,0.0,0.0,0.0
8929ac4980bffff,0.7967474343421096,0.0,0.0,0.0
8929ac4980fffff,0.0,0.0,0.0,0.0
8929ac49813ffff,0.0,0.0,0.0,0.0
8929ac49817ffff,0.0,0.0,0.0,0.0
8929ac4981bffff,0.0,0.0,0.0,0.0
8929ac49827ffff,0.0,0.0,0.0,0.0
8929ac49833ffff,0.0,0.0,0.0,0.0
8929ac49837ffff,0.0,0.0,0.0,0.0
8929ac49883ffff,0.0,0.0,0.0,0.0
8929ac49887ffff,0.0,0.0,0.0,0.0
8929ac4988bffff,0.0,0.0,0.0,0.0
8929ac4988fffff,0.0,0.0,0.0,0.0
8929ac49893ffff,2.5910134470318136,0.0,0.0,0.0
8929ac49897ffff,0.0,0.0,0.0,0.0
8929ac4989bffff,0.0,0.0,0.0,0.0
8929ac498a3ffff,0.0,0.0,0.0,0.0
8929ac498a7ffff,0.0,0.0,0.0,0.0
8929ac498abffff,0.0,0.0,0.0,0.0
8929ac498afffff,0.0,0.0,0.0,0.0
8929ac498b3ffff,0.0,0.0,0.0,0.0
8929ac498b7ffff,0.0,0.0,0.0,0.0
8929ac498bbffff,0.0,0.0,0.0,0.0
8929ac498c7ffff,0.0,0.0,0.0,0.0
8929ac498d7ffff,0.0,0.0,0.0,0.0
8929ac49923ffff,0.0,0.0,0.0,2130.0
8929ac49927ffff,0.0,0.0,0.0,3549.0
8929ac4992bffff,0.0,0.0,0.0,0.0
8929ac4992fffff,0.0,0.0,0.0,0.0
8929ac49933ffff,0.0,0.0,0.0,4.0
8929ac49937ffff,0.0,0.0,0.0,0.0
8929ac4993bffff,0.0,0.0,0.0,0.0
8929ac4994bffff,0.0,0.0,0.0,0.0
8929ac4994fffff,0.0,0.0,0.0,0.0
8929ac4995bffff,0.0,0.0,0.0,0.0
8929ac49963ffff,0.0,0.0,0.0,0.0
8929ac49967ffff,0.0,0.0,0.0,0.0
8929ac4996bffff,0.0,0.0,0.0,0.0
8929ac4996fffff,0.0,0.0,0.0,0.0
8929ac49973ffff,0.0,0.0,0.0,0.0
8929ac49977ffff,0.0,0.0,0.0,0.0
8929ac4997bffff,0.0,0.0,0.0,0.0
8929ac499a7ffff,0.2187961125527909,0.0,15.0,0.0
8929ac499abffff,0.0,0.0,0.0,0.0
8929ac499afffff,0.0,0.0,0.0,0.0
8929ac499dbffff,0.0065595277140045,0.0,0.0,0.0
8929ac49b03ffff,0.0,0.0,0.0,0.0
8929ac49b07ffff,0.0,0.0,0.0,0.0
8929ac49b0bffff,0.0,0.0,0.0,0.0
8929ac49b0fffff,0.0,0.0,0.0,0.0
8929ac49b13ffff,0.0,0.0,0.0,0.0
8929ac49b17ffff,0.0,0.0,0.0,0.0
8929ac49b1bffff,0.0,0.0,0.0,0.0
8929ac49b23ffff,0.7177974434611603,0.0,0.0,0.0
8929ac49b27ffff,0.0589989839063882,0.0,0.0,0.0
8929ac49b2bffff,0.0,0.0,0.0,0.0
8929ac49b2fffff,0.0,0.0,0.0,0.0
8929ac49b33ffff,0.0,0.0,0.0,0.0
8929ac49b37ffff,0.0,0.0,0.0,0.0
8929ac49b3bffff,0.0,0.0,0.0,0.0
8929ac49b63ffff,0.1901078370316955,0.0,0.0,0.0
8929ac49b67ffff,0.0,0.0,0.0,0.0
8929ac49b6fffff,0.0983123054235621,0.0,0.0,0.0
8929ac49b73ffff,0.0,0.0,0.0,0.0
8929ac49b77ffff,0.0,0.0,0.0,0.0
8929ac49b87ffff,0.0,0.0,0.0,0.0
8929ac49b8bffff,0.0,0.0,0.0,0.0
8929ac49b8fffff,0.0,0.0,0.0,0.0
8929ac49ba3ffff,0.0,0.0,0.0,0.0
8929ac49ba7ffff,0.0,0.0,0.0,0.0
8929ac49babffff,0.0,0.0,0.0,0.0
8929ac49bafffff,0.0,0.0,0.0,0.0
8929ac49bb3ffff,0.0,0.0,0.0,0.0
8929ac49bb7ffff,0.0,0.0,0.0,0.0
8929ac49bbbffff,0.0,0.0,0.0,0.0
8929ac49bc7ffff,0.0,0.0,0.0,0.0
8929ac49c13ffff,0.0,0.0,0.0,0.0
8929ac49c2fffff,1.774235865144956,0.0,0.0,0.0
8929ac49c67ffff,0.0,0.0,0.0,0.0
8929ac49c6fffff,0.0,0.0,0.0,0.0
8929ac49c83ffff,0.0,0.0,0.0,0.0
8929ac49c87ffff,0.0,0.0,0.0,0.0
8929ac49c8bffff,0.0,0.0,0.0,0.0
8929ac49c8fffff,0.0,0.0,0.0,0.0
8929ac49c93ffff,0.0,0.0,0.0,0.0
8929ac49c97ffff,0.0,0.0,0.0,0.0
8929ac49c9bffff,0.0,0.0,0.0,0.0
8929ac49ca3ffff,3.25744652932686,0.0,0.0,0.0
8929ac49ca7ffff,6.590774883537826,0.0,0.0,0.0
8929ac49cb3ffff,0.0,0.0,0.0,0.0
8929ac49cb7ffff,3.316711501869956,0.0,0.0,0.0
8929ac49cbbffff,0.1377771945938853,0.0,0.0,0.0
8929ac49cc7ffff,0.288685496834301,0.0,0.0,0.0
8929ac49cd3ffff,0.0557742782152231,0.0,0.0,0.0
8929ac49cd7ffff,1.3580449401344925,0.0,0.0,0.0
8929ac49d03ffff,1.3713460844460483,0.0,0.0,0.0
8929ac49d07ffff,1.4137173221373045,0.0,0.0,0.0
8929ac49d0bffff,0.2952368455583257,0.0,0.0,0.0
8929ac49d0fffff,0.0,0.0,0.0,0.0
8929ac49d13ffff,0.8890492749819565,0.0,0.0,0.0
8929ac49d17ffff,4.639107611548556,0.0,0.0,0.0
8929ac49d1bffff,0.0,0.0,0.0,0.0
8929ac49d43ffff,0.2296286576564755,0.0,0.0,0.0
8929ac49d4bffff,0.0,0.0,0.0,0.0
8929ac49d4fffff,0.0,0.0,0.0,0.0
8929ac49d53ffff,2.2007937288858277,0.0,0.0,0.0
8929ac49d57ffff,0.02624327516074,0.0,0.0,0.0
8929ac49d5bffff,4.375204985241063,0.0,0.0,0.0
8929ac49d63ffff,0.0065595277140045,0.0,0.0,0.0
8929ac49d67ffff,0.0,0.0,0.0,0.0
8929ac49d6bffff,0.0,0.0,0.0,0.0
8929ac49d6fffff,0.0,0.0,0.0,0.0
8929ac49d73ffff,0.0262406927542887,0.0,0.0,0.0
8929ac49d77ffff,0.0262389714323198,0.0,0.0,0.0
8929ac49d7bffff,0.0131177647328895,0.0,0.0,0.0
8929ac49d83ffff,0.3805649420950756,0.0,0.0,0.0
8929ac49d8bffff,0.075456841967127,0.0,0.0,0.0
8929ac49d8fffff,1.2171117380749297,0.0,0.0,0.0
8929ac49d93ffff,0.0,0.0,0.0,0.0
8929ac49d9bffff,0.0262475803011909,0.0,0.0,0.0
8929ac49dc3ffff,0.0,0.0,0.0,0.0
8929ac49dc7ffff,0.0,0.0,0.0,0.0
8929ac49dcbffff,7.833360669181564,0.0,0.0,0.0
8929ac49dcfffff,0.0,0.0,0.0,0.0
8929ac49dd3ffff,0.0,0.0,0.0,0.0
8929ac49dd7ffff,0.0,0.0,0.0,0.0
8929ac49ddbffff,6.046786311886873,0.0,0.0,0.0
8929ac4c00bffff,0.8601726911586066,0.0,0.0,0.0
8929ac4c01bffff,3.382039074043671,0.0,0.0,0.0
8929ac4c043ffff,0.0,0.0,0.0,0.0
8929ac4c047ffff,0.0,0.0,0.0,0.0
8929ac4c04bffff,0.0,0.0,0.0,0.0
8929ac4c04fffff,0.0,0.0,0.0,0.0
8929ac4c053ffff,0.0,0.0,0.0,0.0
8929ac4c057ffff,0.0,0.0,0.0,0.0
8929ac4c05bffff,0.0,0.0,0.0,0.0
8929ac4c063ffff,0.121458818895053,0.0,0.0,0.0
8929ac4c06bffff,0.0623727923314293,0.0,0.0,0.0
8929ac4c06fffff,0.0,0.0,0.0,0.0
8929ac4c073ffff,0.0,0.0,0.0,0.0
8929ac4c07bffff,0.0,0.0,0.0,0.0
8929ac4c0c3ffff,0.0,0.0,0.0,0.0
8929ac4c0c7ffff,0.0,0.0,0.0,0.0
8929ac4c0cbffff,0.0,0.0,0.0,0.0
8929ac4c0cfffff,0.0,0.0,0.0,0.0
8929ac4c0d3ffff,0.1411872865773575,0.0,0.0,0.0
8929ac4c0d7ffff,0.0,0.0,0.0,0.0
8929ac4c0dbffff,0.0032838565611454,0.0,0.0,0.0
8929ac4c123ffff,21.83334427736555,0.0,0.0,0.0
8929ac4c127ffff,0.0,0.0,0.0,0.0
8929ac4c12bffff,0.8273145108338806,0.0,0.0,0.0
8929ac4c12fffff,0.0,0.0,0.0,0.0
8929ac4c14fffff,27.761546794471982,0.0,0.0,0.0
8929ac4c163ffff,0.0558145643180773,0.0,0.0,0.0
8929ac4c167ffff,0.0098489822718319,0.0,0.0,0.0
8929ac4c16bffff,0.1181761481141056,0.0,0.0,0.0
8929ac4c16fffff,0.026258780279656,0.0,0.0,0.0
8929ac4c173ffff,91.10636900853578,0.0,0.0,0.0
8929ac4c177ffff,36.572554169402494,0.0,0.0,0.0
8929ac4c17bffff,35.108338804990154,0.0,0.0,0.0
8929ac4c203ffff,18.707193515704155,0.0,1662.0,217.0
8929ac4c207ffff,11.258452044902514,0.0,0.0,0.0
8929ac4c20bffff,5.264003134826444,0.8292832752172578,5900.0,19760.0
8929ac4c20fffff,0.5793086077702916,0.2988150437918598,66.0,3483.0
8929ac4c213ffff,13.573407202216067,2.898550724637681,176.0,24.0
8929ac4c217ffff,23.101161951027375,0.0,0.0,0.0
8929ac4c21bffff,5.992174479073527,0.5621037071614735,6031.0,18405.0
8929ac4c223ffff,7.596576437097339,1.5351399136377546,8761.0,20851.0
8929ac4c227ffff,4.730279081793176,2.251893939393939,5467.0,18580.0
8929ac4c22bffff,7.809886334256406,3.779300492089529,9026.0,26186.0
8929ac4c22fffff,4.8607563391688995,1.9186933856613344,5617.0,17814.0
8929ac4c233ffff,0.0,0.0,0.0,356.0
8929ac4c237ffff,9.74794401252906,1.548892395815068,4997.0,12128.0
8929ac4c23bffff,5.195843769263663,1.1935124427386403,3368.0,14365.0
8929ac4c243ffff,0.0,0.0,0.0,22013.0
8929ac4c247ffff,2.3325349537635445,0.6086700636548082,2696.0,23103.0
8929ac4c24bffff,0.2105341837751644,0.0,243.0,13798.0
8929ac4c24fffff,0.0,0.0,0.0,7697.0
8929ac4c253ffff,0.9005230196398553,0.0838296163048603,1005.0,20596.0
8929ac4c257ffff,2.5412802322032526,0.0917372131200309,2938.0,22348.0
8929ac4c25bffff,0.9056481550688892,0.0642378636321923,1047.0,23522.0
8929ac4c263ffff,9.115005933599749,0.9592247630583884,10535.0,21782.0
8929ac4c267ffff,11.663038027515364,1.171632155324949,13480.0,22319.0
8929ac4c26bffff,8.266110194038683,0.6944799931746438,9554.0,20951.0
8929ac4c26fffff,9.519508107872392,0.715555489162098,11002.0,23926.0
8929ac4c273ffff,8.992842211946538,1.931155805282781,10222.0,26892.0
8929ac4c277ffff,5.609997694948198,1.0571085154251547,6484.0,11557.0
8929ac4c27bffff,3.054550211485632,0.5311883442100471,3531.0,7078.0
8929ac4c283ffff,0.9453781512605042,0.0,0.0,0.0
8929ac4c287ffff,0.0,0.0,0.0,0.0
8929ac4c28bffff,0.0,0.0,0.0,0.0
8929ac4c28fffff,0.9912364197328256,0.0,0.0,0.0
8929ac4c293ffff,3.1810124089028955,0.0,0.0,0.0
8929ac4c297ffff,0.013132838663077,0.0,0.0,0.0
8929ac4c29bffff,0.0,0.0,0.0,0.0
8929ac4c2a3ffff,0.0,0.0,0.0,0.0
8929ac4c2a7ffff,0.0459513572061574,0.0,0.0,0.0
8929ac4c2abffff,0.0,0.0,0.0,0.0
8929ac4c2afffff,0.0,0.0,0.0,0.0
8929ac4c2b3ffff,0.0,0.0,0.0,0.0
8929ac4c2b7ffff,0.0,0.0,0.0,0.0
8929ac4c2bbffff,0.0,0.0,0.0,0.0
8929ac4c2c3ffff,0.0,0.0,0.0,0.0
8929ac4c2c7ffff,0.0,0.0,0.0,0.0
8929ac4c2cbffff,0.0262553331145388,0.0,0.0,0.0
8929ac4c2cfffff,3.709842660691826,0.3368369790187087,1603.0,8841.0
8929ac4c2d3ffff,0.7450928904352393,0.0,0.0,0.0
8929ac4c2d7ffff,0.0,0.0,0.0,0.0
8929ac4c2dbffff,0.6007090336134454,0.0,0.0,0.0
8929ac4c303ffff,0.0,0.0,0.0,0.0
8929ac4c307ffff,0.0,0.0,0.0,0.0
8929ac4c30bffff,0.0,0.0,0.0,3163.0
8929ac4c30fffff,0.0,0.0,0.0,0.0
8929ac4c313ffff,0.0,0.0,0.0,0.0
8929ac4c317ffff,0.0,0.0,0.0,0.0
8929ac4c31bffff,0.0,0.0,0.0,9427.0
8929ac4c323ffff,0.0,0.0,0.0,0.0
8929ac4c327ffff,0.0,0.0,0.0,0.0
8929ac4c32bffff,0.0,0.0,0.0,0.0
8929ac4c32fffff,0.0,0.0,0.0,0.0
8929ac4c333ffff,0.0,0.0,0.0,0.0
8929ac4c337ffff,0.0,0.0,0.0,0.0
8929ac4c33bffff,0.0,0.0,0.0,0.0
8929ac4c343ffff,8.816487194594528,1.0553612350741768,2532.0,5907.0
8929ac4c347ffff,0.0,0.0,0.0,0.0
8929ac4c34bffff,0.0,0.0,0.0,0.0
8929ac4c34fffff,0.0,0.0,0.0,0.0
8929ac4c353ffff,5.48461560028286,0.6643234390239414,6338.0,19433.0
8929ac4c357ffff,0.5349611147692691,0.0806118230673832,541.0,17403.0
8929ac4c35bffff,6.1833477374901875,0.3302544902248203,5615.0,20317.0
8929ac4c363ffff,0.0,0.0,0.0,0.0
8929ac4c367ffff,0.0,0.0,0.0,0.0
8929ac4c36bffff,0.0,0.0,0.0,0.0
8929ac4c36fffff,0.0,0.0,0.0,0.0
8929ac4c373ffff,0.0,0.0,0.0,0.0
8929ac4c377ffff,0.0,0.0,0.0,0.0
8929ac4c37bffff,0.0,0.0,0.0,0.0
8929ac4c387ffff,0.0,0.0,0.0,0.0
8929ac4c38bffff,0.0,0.0,0.0,0.0
8929ac4c38fffff,0.0,0.0,0.0,0.0
8929ac4c3a3ffff,0.0,0.0,0.0,0.0
8929ac4c3a7ffff,0.0,0.0,0.0,0.0
8929ac4c3abffff,0.0,0.0,0.0,0.0
8929ac4c3afffff,0.0,0.0,0.0,0.0
8929ac4c3b3ffff,0.0,0.0,0.0,0.0
8929ac4c3b7ffff,0.0,0.0,0.0,0.0
8929ac4c3bbffff,0.0,0.0,0.0,0.0
8929ac4c3c3ffff,55.345528836241634,0.0,21261.0,2539.0
8929ac4c3c7ffff,0.1693594555053749,0.0,77.0,12310.0
8929ac4c3cbffff,15.156199506264972,1.4302076297318729,16377.0,12083.0
8929ac4c3cfffff,43.79987913751534,0.0,50619.0,6564.0
8929ac4c3d3ffff,0.042670517954441,0.0,0.0,0.0
8929ac4c3d7ffff,0.0,0.0,0.0,0.0
8929ac4c3dbffff,0.0,0.0,0.0,0.0
8929ac4c46bffff,0.0,0.0,0.0,0.0
8929ac4c46fffff,0.0,0.0,0.0,0.0
8929ac4c603ffff,0.154305788108605,0.0,0.0,0.0
8929ac4c607ffff,0.0196979645436638,0.0,0.0,0.0
8929ac4c60bffff,0.0820748522652659,0.0,0.0,0.0
8929ac4c60fffff,0.0,0.0,0.0,0.0
8929ac4c617ffff,1.2476196729923172,0.0,0.0,0.0
8929ac4c61bffff,3.5326176171246595,0.0,0.0,0.0
8929ac4c623ffff,0.0,0.0,0.0,0.0
8929ac4c627ffff,0.0,0.0,0.0,0.0
8929ac4c62bffff,0.0032831018746511,0.0,0.0,0.0
8929ac4c62fffff,0.3118639616571466,0.0,0.0,0.0
8929ac4c633ffff,0.0,0.0,0.0,0.0
8929ac4c637ffff,0.0,0.0,0.0,0.0
8929ac4c63bffff,0.1411733806100003,0.0,0.0,0.0
8929ac4c643ffff,1.1523687580025608,0.0,0.0,0.0
8929ac4c647ffff,0.1050627093046161,0.0,0.0,0.0
8929ac4c64bffff,0.0951912030198588,0.0,0.0,0.0
8929ac4c64fffff,1.6215329066141475,0.0,0.0,0.0
8929ac4c653ffff,1.3624872779802355,0.0,0.0,0.0
8929ac4c657ffff,0.531810124089029,0.0,0.0,0.0
8929ac4c65bffff,0.9816796900650075,0.0,0.0,0.0
8929ac4c663ffff,0.0,0.0,0.0,0.0
8929ac4c667ffff,0.0,0.0,0.0,0.0
8929ac4c66bffff,0.2396113700518611,0.0,0.0,0.0
8929ac4c66fffff,0.0,0.0,0.0,0.0
8929ac4c673ffff,0.449799724210388,0.0,0.0,0.0
8929ac4c677ffff,0.0,0.0,0.0,0.0
8929ac4c67bffff,5.764559122841574,0.0,0.0,0.0
8929ac4c6a3ffff,0.0,0.0,0.0,0.0
8929ac4c6a7ffff,0.1280577901822361,0.0,0.0,0.0
8929ac4c6abffff,0.1576044129235618,0.0,0.0,0.0
8929ac4c6afffff,0.0,0.0,0.0,0.0
8929ac4c6cfffff,0.0,0.0,0.0,0.0
8929ac4c803ffff,1.437526666447865,0.0,0.0,0.0
8929ac4c807ffff,5.848951324383759,0.0,0.0,0.0
8929ac4c80bffff,0.8631157494010699,0.0,0.0,0.0
8929ac4c80fffff,0.4464139176103726,0.0,0.0,0.0
8929ac4c813ffff,0.4332983193277311,0.0,0.0,0.0
8929ac4c817ffff,1.4277743131913216,0.0,0.0,0.0
8929ac4c81bffff,0.0262605042016806,0.0,0.0,0.0
8929ac4c823ffff,0.0984639621898385,0.0,0.0,0.0
8929ac4c827ffff,0.7712250992747203,0.0,0.0,0.0
8929ac4c82bffff,0.4069710197249663,0.0,0.0,0.0
8929ac4c82fffff,0.2494256645881194,0.0,0.0,0.0
8929ac4c833ffff,0.843480258623519,0.0,0.0,0.0
8929ac4c837ffff,0.98792175397138,0.0,0.0,0.0
8929ac4c83bffff,0.9254701191296644,0.0,0.0,0.0
8929ac4c843ffff,0.0262544714646713,0.0,0.0,0.0
8929ac4c847ffff,0.1772002362669817,0.0,0.0,0.0
8929ac4c84bffff,0.072195057920126,0.0,0.0,0.0
8929ac4c84fffff,0.4562163581462518,0.0,0.0,0.0
8929ac4c853ffff,0.180487644800315,0.0,0.0,0.0
8929ac4c857ffff,0.0,0.0,0.0,0.0
8929ac4c85bffff,0.0098463962189838,0.0,0.0,0.0
8929ac4c863ffff,3.061626304390628,0.0,0.0,0.0
8929ac4c867ffff,0.4495783152298757,0.0,0.0,0.0
8929ac4c86bffff,0.2362902431820419,0.0,0.0,0.0
8929ac4c86fffff,0.0951724590594335,0.0,0.0,0.0
8929ac4c873ffff,0.1673777486051854,0.0,0.0,0.0
8929ac4c877ffff,0.1476862487692812,0.0,0.0,0.0
8929ac4c87bffff,0.5907256079551049,0.0,0.0,0.0
8929ac4c887ffff,0.4168991891803171,0.0,0.0,0.0
8929ac4c88bffff,0.0,0.0,0.0,0.0
8929ac4c88fffff,1.2244763968222705,0.0,0.0,0.0
8929ac4c897ffff,0.0,0.0,0.0,0.0
8929ac4c89bffff,0.1313154525458783,0.0,0.0,0.0
8929ac4c8a3ffff,0.6302314130969966,0.0,0.0,0.0
8929ac4c8a7ffff,0.5482240168078262,0.0,0.0,0.0
8929ac4c8abffff,0.9289653361344538,0.0,0.0,0.0
8929ac4c8afffff,1.211265756302521,0.0,0.0,0.0
8929ac4c8b3ffff,0.0,0.0,0.0,0.0
8929ac4c8b7ffff,1.0767160161507403,0.0,0.0,0.0
8929ac4c8bbffff,0.5875209242787278,0.0,0.0,0.0
8929ac4c8c3ffff,0.0,0.0,0.0,0.0
8929ac4c8c7ffff,0.0,0.0,0.0,0.0
8929ac4c8cfffff,0.0,0.0,0.0,0.0
8929ac4c8d3ffff,0.0,0.0,0.0,0.0
8929ac4c8d7ffff,0.0,0.0,0.0,0.0
8929ac4c953ffff,0.505448339241171,0.0,0.0,0.0
8929ac4c95bffff,0.3642927469642271,0.0,0.0,0.0
8929ac4c9c3ffff,1.5460364352535698,0.0,0.0,0.0
8929ac4c9cbffff,0.0,0.0,0.0,0.0
8929ac4c9d3ffff,1.884129328737896,0.0,0.0,0.0
8929ac4c9d7ffff,0.4792699340183173,0.0,0.0,0.0
8929ac4c9dbffff,0.9978336506269284,0.0,0.0,0.0
8929ac4ca03ffff,0.0,0.0,0.0,0.0
8929ac4ca07ffff,2.745972901151537,0.0,0.0,0.0
8929ac4ca0bffff,0.8768576756900767,0.0,818.0,10340.0
8929ac4ca0fffff,5.161777252740041,0.0,0.0,0.0
8929ac4ca13ffff,0.1706372645533897,0.0,0.0,0.0
8929ac4ca17ffff,1.4601653760336002,0.0,0.0,0.0
8929ac4ca1bffff,0.0338406005168382,0.0,24.0,286.0
8929ac4ca23ffff,3.0872703412073492,0.0,0.0,0.0
8929ac4ca27ffff,0.0,0.0,0.0,0.0
8929ac4ca2bffff,2.13575670089564,0.0,0.0,0.0
8929ac4ca2fffff,0.7317473338802296,0.0,0.0,0.0
8929ac4ca33ffff,2.4018112018899496,0.0,0.0,0.0
8929ac4ca37ffff,1.187703008628892,0.0,0.0,0.0
8929ac4ca3bffff,4.101049868766404,0.0,0.0,0.0
8929ac4ca43ffff,1.9265594658870249,3.492375119246775,2225.0,25129.0
8929ac4ca47ffff,0.2297195364465473,0.0,265.0,12012.0
8929ac4ca4bffff,1.4534086375423898,1.6247453101946183,1679.0,20163.0
8929ac4ca4fffff,0.5791192898463994,0.0,669.0,218.0
8929ac4ca53ffff,0.2596236859083244,0.1765968429918222,300.0,26454.0
8929ac4ca57ffff,0.0003116886355206,0.0,0.0,18195.0
8929ac4ca5bffff,3.0069189054416254,2.4065864471184293,3473.0,27183.0
8929ac4ca63ffff,5.682295044443596,0.0,4290.0,0.0
8929ac4ca67ffff,4.68847403130024,0.0,0.0,0.0
8929ac4ca6bffff,3.919490534807532,0.0,4527.0,0.0
8929ac4ca6fffff,3.2742834822099267,0.5303576732148161,2746.0,8440.0
8929ac4ca73ffff,4.893046582870557,0.0,3962.0,0.0
8929ac4ca77ffff,1.8797979135227345,0.0,0.0,0.0
8929ac4ca7bffff,4.324312530001808,0.0,4994.0,0.0
8929ac4ca87ffff,0.2461033634126333,0.0,0.0,0.0
8929ac4ca97ffff,0.0,0.0,0.0,0.0
8929ac4caa3ffff,1.04019688269073,0.0,0.0,0.0
8929ac4caa7ffff,0.0721832141216615,0.0,0.0,0.0
8929ac4caabffff,2.2378264864155404,0.0,0.0,0.0
8929ac4caafffff,0.5873281490960397,0.0,0.0,0.0
8929ac4cab3ffff,0.8728179551122194,0.0,0.0,0.0
8929ac4cab7ffff,1.4143668165261052,0.0,0.0,0.0
8929ac4cabbffff,1.7456359102244388,0.0,0.0,0.0
8929ac4cac3ffff,0.0,0.0,0.0,0.0
8929ac4cac7ffff,0.0,0.0,0.0,0.0
8929ac4cacbffff,0.0013872255027536,0.0,1.0,5678.0
8929ac4cacfffff,0.0,0.0,0.0,2290.0
8929ac4cad3ffff,0.0,0.0,0.0,0.0
8929ac4cadbffff,0.0,0.0,0.0,0.0
8929ac4cb03ffff,0.0,0.0,0.0,0.0
8929ac4cb0bffff,0.0,0.0,0.0,0.0
8929ac4cb0fffff,0.0,0.0,0.0,0.0
8929ac4cb43ffff,0.0,0.0,0.0,0.0
8929ac4cb47ffff,0.0,0.0,0.0,0.0
8929ac4cb4bffff,0.0,0.0,0.0,0.0
8929ac4cb4fffff,0.0032807322594403,0.0,0.0,0.0
8929ac4cb57ffff,0.0,0.0,0.0,0.0
8929ac4cb5bffff,0.0,0.0,0.0,0.0
8929ac4cb63ffff,18.58398250124717,0.0,8717.0,0.0
8929ac4cb67ffff,0.6497511122858024,0.0,106.0,2177.0
8929ac4cb6bffff,29.263289786676506,3.5856313970923788,33127.0,5324.0
8929ac4cb73ffff,0.0,0.0,0.0,0.0
8929ac4cb77ffff,0.0,0.0,0.0,0.0
8929ac4cb7bffff,0.0,0.0,0.0,0.0
8929ac4cb93ffff,0.5874245208716198,0.0,0.0,0.0
8929ac4cbc3ffff,0.8530743487105453,0.0,0.0,0.0
8929ac4cbcbffff,0.0,0.0,0.0,0.0
8929ac4cbd3ffff,0.6398687448728466,0.0,0.0,0.0
8929ac4cbd7ffff,0.029532403609516,0.0,0.0,0.0
8929ac4cbdbffff,1.5945405032973523,0.0,0.0,0.0
8929ac4cc03ffff,0.0820856317310218,0.0,0.0,0.0
8929ac4cc0bffff,0.3217334208798424,0.0,0.0,0.0
8929ac4cc0fffff,0.154310854291155,0.0,0.0,0.0
8929ac4cc13ffff,0.0788073816247455,0.0,0.0,0.0
8929ac4cc1bffff,0.679624400814236,0.0,0.0,0.0
8929ac4cc43ffff,0.0,0.0,0.0,0.0
8929ac4cc47ffff,0.0952068286277084,0.0,0.0,0.0
8929ac4cc4bffff,0.0,0.0,0.0,0.0
8929ac4cc4fffff,0.0,0.0,0.0,0.0
8929ac4cc53ffff,0.0,0.0,0.0,0.0
8929ac4cc57ffff,0.1543007222586999,0.0,0.0,0.0
8929ac4cc5bffff,0.0,0.0,0.0,0.0
8929ac4cc63ffff,0.0,0.0,0.0,0.0
8929ac4cc67ffff,0.0,0.0,0.0,0.0
8929ac4cc6bffff,0.0,0.0,0.0,0.0
8929ac4cc6fffff,0.0,0.0,0.0,0.0
8929ac4cc73ffff,0.0,0.0,0.0,0.0
8929ac4cc77ffff,0.0,0.0,0.0,0.0
8929ac4cc7bffff,0.0,0.0,0.0,0.0
8929ac4ccc7ffff,0.1773224312875579,0.0,0.0,0.0
8929ac4cccbffff,0.0098499523918967,0.0,0.0,0.0
8929ac4cccfffff,0.5286141116984601,0.0,0.0,0.0
8929ac4cd03ffff,0.0,0.0,0.0,0.0
8929ac4cd07ffff,0.0,0.0,0.0,0.0
8929ac4cd0bffff,0.4727666699497685,0.0,0.0,0.0
8929ac4cd0fffff,0.0164160483288462,0.0,0.0,0.0
8929ac4cd13ffff,0.0492497619594838,0.0,0.0,0.0
8929ac4cd17ffff,1.1688993958497504,0.0,0.0,0.0
8929ac4cd1bffff,0.722424720060421,0.0,0.0,0.0
8929ac4cd23ffff,1.0540141191922507,0.0,0.0,0.0
8929ac4cd27ffff,1.1885609219555435,0.0,0.0,0.0
8929ac4cd2bffff,2.4655285620485885,0.0,0.0,0.0
8929ac4cd2fffff,1.2278801011195375,0.0,0.0,0.0
8929ac4cd33ffff,0.7552126087670333,0.0,0.0,0.0
8929ac4cd37ffff,0.9424049385959152,0.0,0.0,0.0
8929ac4cd3bffff,0.9915618741176084,0.0,0.0,0.0
8929ac4cd43ffff,0.1740101122857705,0.0,0.0,0.0
8929ac4cd47ffff,0.0361141206211628,0.0,0.0,0.0
8929ac4cd4bffff,0.0032828863136469,0.0,0.0,0.0
8929ac4cd4fffff,0.1477444349596165,0.0,0.0,0.0
8929ac4cd53ffff,0.0393959290873276,0.0,0.0,0.0
8929ac4cd57ffff,0.2856111092872854,0.0,0.0,0.0
8929ac4cd5bffff,0.4169539380806986,0.0,0.0,0.0
8929ac4cd63ffff,1.4936642374105442,0.0,0.0,0.0
8929ac4cd67ffff,1.0964120408364246,0.0,0.0,0.0
8929ac4cd6bffff,1.9205515430072224,0.0,0.0,0.0
8929ac4cd6fffff,0.71238633006139,0.0,0.0,0.0
8929ac4cd73ffff,0.5811090318132572,0.0,0.0,0.0
8929ac4cd77ffff,0.6894740298115437,0.0,0.0,0.0
8929ac4cd7bffff,0.4825842881061029,0.0,0.0,0.0
8929ac4cd8fffff,0.0,0.0,0.0,0.0
8929ac4cda3ffff,1.1395356474335818,0.0,0.0,0.0
8929ac4cda7ffff,0.9884083669917578,0.0,0.0,0.0
8929ac4cdabffff,0.2725690453515484,0.0,0.0,0.0
8929ac4cdafffff,0.6796467150408773,0.0,0.0,0.0
8929ac4cdb3ffff,0.0131358576073035,0.0,0.0,0.0
8929ac4cdb7ffff,1.133116563208198,0.0,0.0,0.0
8929ac4cdbbffff,0.3185445469771107,0.0,0.0,0.0
8929ac4cdcfffff,0.2200039403690812,0.0,0.0,0.0
8929ac4ce03ffff,0.0,0.0,0.0,0.0
8929ac4ce13ffff,0.0,0.0,0.0,0.0
8929ac4ce17ffff,0.0,0.0,0.0,0.0
8929ac4ce1bffff,0.0,0.0,0.0,0.0
8929ac4ce2fffff,0.1903574124520004,0.0,0.0,0.0
8929ac4ce43ffff,0.0,0.0,0.0,0.0
8929ac4ce4bffff,0.0,0.0,0.0,0.0
8929ac4ce4fffff,0.0,0.0,0.0,0.0
8929ac4ce53ffff,0.0,0.0,0.0,0.0
8929ac4ce5bffff,0.0,0.0,0.0,0.0
8929ac4ce83ffff,0.0492449113591595,0.0,0.0,0.0
8929ac4ce87ffff,0.0131306831237895,0.0,0.0,0.0
8929ac4ce8bffff,0.0,0.0,0.0,0.0
8929ac4ce8fffff,0.0590861344537815,0.0,0.0,0.0
8929ac4ce93ffff,0.0393946357637635,0.0,0.0,0.0
8929ac4ce97ffff,0.0,0.0,0.0,0.0
8929ac4ce9bffff,0.0525279054497701,0.0,0.0,0.0
8929ac4cea3ffff,0.1608561486442124,0.0,0.0,0.0
8929ac4cea7ffff,0.0131280974104827,0.0,0.0,0.0
8929ac4ceabffff,0.0,0.0,0.0,0.0
8929ac4ceb3ffff,0.0,0.0,0.0,0.0
8929ac4ceb7ffff,0.0,0.0,0.0,0.0
8929ac4cebbffff,0.0,0.0,0.0,0.0
8929ac4cec3ffff,0.0295430672268907,0.0,0.0,0.0
8929ac4cec7ffff,0.0,0.0,0.0,0.0
8929ac4cecbffff,0.0,0.0,0.0,0.0
8929ac4cecfffff,0.0,0.0,0.0,0.0
8929ac4ced3ffff,0.0328256302521008,0.0,0.0,0.0
8929ac4ced7ffff,0.0,0.0,0.0,0.0
8929ac4cedbffff,0.0,0.0,0.0,0.0
8929ac4d003ffff,3.466117446124479,0.0111969544283954,248.0,3215.0
8929ac4d007ffff,10.399609690649347,1.6359743040685226,2456.0,8268.0
8929ac4d00bffff,3.894342236488934,1.2219291579119913,4372.0,23863.0
8929ac4d00fffff,9.717419594720209,7.19480241698305,9409.0,24992.0
8929ac4d013ffff,4.100188711614342,0.0,344.0,3044.0
8929ac4d017ffff,0.0,0.0,0.0,0.0
8929ac4d01bffff,6.664121044341559,0.580848500849821,7539.0,21690.0
8929ac4d023ffff,13.36509567627322,1.455697101387528,15451.0,24980.0
8929ac4d027ffff,14.466104070002803,2.187813440320963,16724.0,22468.0
8929ac4d02bffff,11.926565511572225,0.4923148812603261,13789.0,21465.0
8929ac4d02fffff,11.828686908947104,0.3689642265119512,13675.0,6708.0
8929ac4d033ffff,9.817074469217827,0.5009964054904736,8298.0,19233.0
8929ac4d037ffff,12.040055674398184,1.0079387581514034,13920.0,25138.0
8929ac4d03bffff,11.93447543607276,0.9909252112235318,13798.0,20503.0
8929ac4d043ffff,5.432542326444454,0.7415226627049287,6282.0,27419.0
8929ac4d047ffff,9.149895387067849,2.3898062227074237,10580.0,20600.0
8929ac4d04bffff,12.344683513958636,4.110796107577963,14274.0,18021.0
8929ac4d04fffff,11.02784825890008,1.3369910482240832,12752.0,24600.0
8929ac4d053ffff,1.0893049493484095,0.0045828114020347,1260.0,23565.0
8929ac4d057ffff,0.9396190464329968,0.0337489453454579,1086.0,19194.0
8929ac4d05bffff,2.893610397696319,0.6910886867538374,3346.0,20124.0
8929ac4d063ffff,6.986244216530603,0.8132257956561025,8078.0,21339.0
8929ac4d067ffff,7.193503084353408,0.6355046408562589,8316.0,25667.0
8929ac4d06bffff,7.541606339420547,0.859106529209622,8720.0,22849.0
8929ac4d06fffff,10.700663517733764,1.4808474904721918,12372.0,21963.0
8929ac4d073ffff,7.497018814936126,6.2894789234583985,8668.0,18639.0
8929ac4d077ffff,9.782388711239252,6.765761148129165,11310.0,22919.0
8929ac4d07bffff,9.10591077789125,2.376150137344167,10529.0,18296.0
8929ac4d083ffff,0.0164079677091195,0.0,0.0,0.0
8929ac4d087ffff,0.0,0.0,0.0,0.0
8929ac4d08bffff,0.0,0.0,0.0,0.0
8929ac4d08fffff,0.0,0.0,0.0,0.0
8929ac4d093ffff,0.7712250992747203,0.0,0.0,0.0
8929ac4d097ffff,0.0,0.0,0.0,0.0
8929ac4d09bffff,2.22805578342904,0.0,0.0,0.0
8929ac4d0a3ffff,0.0,0.0,0.0,0.0
8929ac4d0a7ffff,0.0,0.0,0.0,0.0
8929ac4d0abffff,0.0,0.0,0.0,0.0
8929ac4d0afffff,12.288541334184488,1.0499637943519189,1525.0,2952.0
8929ac4d0b3ffff,0.0,0.0,0.0,0.0
8929ac4d0b7ffff,0.0,0.0,0.0,0.0
8929ac4d0bbffff,0.0,0.0,0.0,0.0
8929ac4d0c3ffff,1.2780332939883592,0.0,113.0,1656.0
8929ac4d0c7ffff,7.573010144079531,2.032035088693335,4706.0,12705.0
8929ac4d0cbffff,1.4550066336022105,0.0512088957167416,1433.0,19674.0
8929ac4d0cfffff,1.172441704803711,0.0276950772000276,1356.0,20792.0
8929ac4d0d3ffff,0.0,0.0,0.0,0.0
8929ac4d0d7ffff,0.0,0.0,0.0,0.0
8929ac4d0dbffff,1.5891367695810672,0.0376833439619688,970.0,12415.0
8929ac4d103ffff,4.428595898410128,0.0,5119.0,8691.0
8929ac4d107ffff,9.655829655767368,1.1066948658109683,11161.0,19527.0
8929ac4d10bffff,6.024839304399821,0.7586171783514077,6965.0,7017.0
8929ac4d10fffff,4.066537105554933,0.4626700411262259,4701.0,9062.0
8929ac4d113ffff,2.2535105995347227,1.425585908344529,2605.0,4755.0
8929ac4d117ffff,8.141465040159204,0.697592746312496,9411.0,22395.0
8929ac4d11bffff,2.1021226767651604,0.0070763896260128,2430.0,10174.0
8929ac4d123ffff,4.763209941912074,0.9530909970178126,5505.0,17696.0
8929ac4d127ffff,6.1293779045862875,0.5736835700502407,7084.0,20589.0
8929ac4d12bffff,11.542402601245184,1.0884432372035675,13342.0,18484.0
8929ac4d12fffff,10.49636332487112,1.5799296226119413,12131.0,24870.0
8929ac4d133ffff,4.764337241319163,0.9029527686244104,5507.0,22086.0
8929ac4d137ffff,7.253071038796004,2.1004170048417343,8383.0,25186.0
8929ac4d13bffff,4.391675128168391,0.2707496965736159,5076.0,23073.0
8929ac4d143ffff,7.518614362720827,1.2197590166367571,8692.0,26355.0
8929ac4d147ffff,3.990370541080916,3.3098094565984475,4613.0,4932.0
8929ac4d14bffff,12.863464658638293,1.609566498448422,14870.0,22600.0
8929ac4d14fffff,6.726774424616151,0.7473725184896847,7776.0,9179.0
8929ac4d153ffff,13.877332403278444,1.2506474118758186,16043.0,23337.0
8929ac4d157ffff,3.6554907102327583,0.0,4226.0,9751.0
8929ac4d15bffff,10.148100170022484,0.5403537866224434,11732.0,25909.0
8929ac4d163ffff,12.901748867051843,1.293696202101832,14912.0,20930.0
8929ac4d167ffff,14.065736239025012,1.948825991738974,16258.0,12733.0
8929ac4d16bffff,11.81054539678387,2.776181247076121,13651.0,26186.0
8929ac4d16fffff,13.050871739929365,1.3576434069638017,15085.0,22652.0
8929ac4d173ffff,1.2771921082545663,0.7201047425080012,1476.0,9827.0
8929ac4d177ffff,5.227699581696823,0.2577434119895125,6042.0,8080.0
8929ac4d17bffff,6.4282955876124275,2.420611728034288,7431.0,14425.0
8929ac4d183ffff,4.095608844596699,2.025633470830878,4734.0,14365.0
8929ac4d187ffff,0.127684886158024,0.0,148.0,8027.0
8929ac4d18bffff,2.214831147152983,1.0376712328767124,2560.0,10403.0
8929ac4d18fffff,7.319777382594856,3.542097323872842,8461.0,18646.0
8929ac4d193ffff,0.1541441418998032,0.0921482050297562,178.0,9368.0
8929ac4d197ffff,1.9458415733661376,0.4396563297086857,2249.0,10679.0
8929ac4d19bffff,0.8332897346504892,0.0,631.0,0.0
8929ac4d1a3ffff,3.134723013818943,0.4891875170855934,3623.0,24899.0
8929ac4d1a7ffff,6.201451396891644,1.4280318438026611,7168.0,24427.0
8929ac4d1abffff,8.434943207477241,1.2187842696317273,9750.0,25618.0
8929ac4d1afffff,7.961776495908851,2.453821386205728,9202.0,20722.0
8929ac4d1b3ffff,0.8891864955774261,1.00119189511323,1028.0,7475.0
8929ac4d1b7ffff,3.060344156349762,1.5809195590930227,3537.0,12954.0
8929ac4d1bbffff,7.154202638561872,1.4955113234632442,8270.0,16551.0
8929ac4d1c3ffff,0.234488857886673,3.0508644953759547,271.0,6944.0
8929ac4d1c7ffff,0.0,0.0,0.0,4588.0
8929ac4d1cbffff,9.89916479300444,1.9951699795652984,11444.0,18992.0
8929ac4d1cfffff,0.9099572114576132,6.258692628650904,1052.0,6066.0
8929ac4d1d3ffff,0.0,0.0,0.0,1589.0
8929ac4d1d7ffff,0.8204724528644631,0.0,780.0,8023.0
8929ac4d1dbffff,2.108387727462501,0.0438404208680403,1491.0,5746.0
8929ac4d203ffff,7.608056064931709,1.384706683957184,8797.0,16152.0
8929ac4d207ffff,7.282254699886044,1.508373692188251,8420.0,19182.0
8929ac4d20bffff,7.0570435010009,0.7225162331569268,8160.0,19044.0
8929ac4d20fffff,4.275920471739821,0.7910770440251572,4944.0,14538.0
8929ac4d213ffff,9.367479538117164,4.016489988221437,10832.0,23469.0
8929ac4d217ffff,6.707470836744924,2.3470310459158044,7756.0,17495.0
8929ac4d21bffff,9.47459194251861,1.8199579519633036,10956.0,16644.0
8929ac4d223ffff,1.5042299656558549,0.0,1739.0,8167.0
8929ac4d227ffff,1.573329679978578,0.2493654539787148,1819.0,8064.0
8929ac4d22bffff,9.019101141086914,3.143371894557178,10428.0,14709.0
8929ac4d22fffff,4.104039583119256,0.3194275857663067,4745.0,5617.0
8929ac4d233ffff,1.4714673574613295,0.0,1701.0,3241.0
8929ac4d237ffff,1.0101198816752297,2.014262479669711,1168.0,2820.0
8929ac4d23bffff,0.9599128201136452,0.2566353751603971,1110.0,10634.0
8929ac4d243ffff,8.179981382953883,0.6116569985399155,9459.0,9067.0
8929ac4d247ffff,6.043672091951733,0.3379681085127134,6989.0,15818.0
8929ac4d24bffff,2.5175500038913534,0.7145510565303848,2911.0,16357.0
8929ac4d24fffff,1.386956075054404,0.0,1604.0,3658.0
8929ac4d253ffff,9.337683198645234,4.128789681595355,10799.0,14503.0
8929ac4d257ffff,5.61985941012023,2.1788562701510266,6499.0,10376.0
8929ac4d25bffff,2.877509727626459,3.9450893203381505,3328.0,13376.0
8929ac4d263ffff,5.768566171319691,2.378649719075251,6670.0,15262.0
8929ac4d267ffff,4.593431638727676,0.5191007128495705,5311.0,9797.0
8929ac4d26bffff,8.463727327633979,1.5821400449123626,9787.0,24297.0
8929ac4d26fffff,8.670241253471833,1.8749310687107092,10024.0,22420.0
8929ac4d273ffff,0.5155794664873347,0.0,596.0,9222.0
8929ac4d277ffff,1.1597388486050444,0.3475842891901286,1341.0,2064.0
8929ac4d27bffff,1.523618578557886,0.6208520659387712,1762.0,3342.0
8929ac4d283ffff,6.973848069738481,1.2739898299524304,8064.0,19500.0
8929ac4d287ffff,8.038591215174977,1.0785639691154063,9296.0,20801.0
8929ac4d28bffff,6.42616540791612,2.7003344122748976,7431.0,19587.0
8929ac4d28fffff,6.204352292892501,2.574134337635745,7174.0,28777.0
8929ac4d293ffff,5.347864932089369,1.2595287278577043,6184.0,19445.0
8929ac4d297ffff,6.290353711763204,0.4455605962410887,7274.0,13272.0
8929ac4d29bffff,8.258857002331569,2.758048977214169,9551.0,15625.0
8929ac4d2a3ffff,10.058657600269004,0.485353932392248,11631.0,20963.0
8929ac4d2a7ffff,8.754374385095334,1.8829225026793304,10122.0,19116.0
8929ac4d2abffff,6.162027192373433,3.8084338689936894,7125.0,21786.0
8929ac4d2afffff,5.547235256204678,0.659139107009801,6414.0,12479.0
8929ac4d2b3ffff,15.55532723723415,1.354713022628503,17986.0,11849.0
8929ac4d2b7ffff,10.272098041230372,1.9587911013801464,11877.0,18055.0
8929ac4d2bbffff,8.235521211479666,0.4479631674728966,9523.0,23041.0
8929ac4d2c3ffff,7.689098912319368,0.4947505342376661,8892.0,15422.0
8929ac4d2c7ffff,9.435025434440163,0.4003802171846645,10911.0,12448.0
8929ac4d2cbffff,5.521657649131765,0.9155280190297064,6385.0,25793.0
8929ac4d2cfffff,9.022706189257674,1.2447541050401336,10434.0,17451.0
8929ac4d2d3ffff,9.692842113126735,1.3128093280765036,11210.0,25411.0
8929ac4d2d7ffff,6.109743152337342,0.5228442728442728,7066.0,17808.0
8929ac4d2dbffff,8.80185020326089,5.224299468934848,10180.0,15805.0
8929ac4d303ffff,3.2172976070356394,2.5291597238752677,3719.0,11793.0
8929ac4d307ffff,7.625471803879069,2.61605927718131,8815.0,23184.0
8929ac4d30bffff,5.082866734346876,2.6361176868447753,5876.0,20729.0
8929ac4d30fffff,12.69441347393598,6.721190957544569,14674.0,18271.0
8929ac4d313ffff,4.305746288874564,0.8833567556715519,4978.0,10664.0
8929ac4d317ffff,3.122576787610592,0.5339435545385203,3610.0,7980.0
8929ac4d31bffff,3.34220810562536,0.5794878350164046,3864.0,8400.0
8929ac4d323ffff,10.762383515224,1.5444404462036705,12440.0,24625.0
8929ac4d327ffff,10.884779622690871,0.515078642922137,12581.0,22042.0
8929ac4d32bffff,9.390348350125356,0.9249119288569884,10854.0,27032.0
8929ac4d32fffff,14.019640515649186,1.7979156601559805,16205.0,20489.0
8929ac4d333ffff,10.86035704942132,1.6874680853590471,12553.0,29804.0
8929ac4d337ffff,15.22085801673176,2.062327362695091,17593.0,20806.0
8929ac4d33bffff,14.776230963281323,1.7542586579104913,17080.0,19496.0
8929ac4d343ffff,6.288242785834172,1.8922474232765223,7270.0,24432.0
8929ac4d347ffff,9.184137424168815,0.8818036542867594,10617.0,18533.0
8929ac4d34bffff,12.04264780066139,1.2145652947455818,13923.0,14991.0
8929ac4d34fffff,9.17181782794862,1.1354381258084607,10603.0,22287.0
8929ac4d353ffff,1.4803558583666263,0.0,1711.0,819.0
8929ac4d357ffff,4.365792366402705,3.5943718466986305,5047.0,11075.0
8929ac4d35bffff,4.093516263833444,2.014691352721337,4733.0,16423.0
8929ac4d363ffff,9.877446782004764,1.2903746118795114,11417.0,17625.0
8929ac4d367ffff,12.106640089697272,0.7736246672582077,13994.0,12883.0
8929ac4d36bffff,9.659517351130322,1.8716231518327997,11166.0,21838.0
8929ac4d36fffff,9.768935371045757,1.9714714106252784,11292.0,17417.0
8929ac4d373ffff,9.261566057948627,1.1811977547146952,10706.0,17619.0
8929ac4d377ffff,8.727133434235851,1.6005367069196856,10088.0,25873.0
8929ac4d37bffff,9.634393198592385,1.5239096163951655,11137.0,23612.0
8929ac4d383ffff,9.93578764457122,1.787033825458823,11486.0,23445.0
8929ac4d387ffff,7.293535127055306,2.0398849092171845,8432.0,17772.0
8929ac4d38bffff,0.1258057484507831,2.67221933020996,145.0,2019.0
8929ac4d38fffff,1.7332922275888056,0.0265298903431199,2004.0,4070.0
8929ac4d393ffff,14.951577242861148,2.5152712899748475,17285.0,24417.0
8929ac4d397ffff,12.247217603059235,1.9125062463089992,14158.0,23319.0
8929ac4d39bffff,6.1946131091390315,5.116712611308332,7162.0,17223.0
8929ac4d3a3ffff,3.93833216538192,1.1769352290679305,4552.0,4504.0
8929ac4d3a7ffff,7.375098880701601,3.5358434000529058,8525.0,15754.0
8929ac4d3abffff,3.6054525579497785,0.536209181829136,4168.0,5943.0
8929ac4d3afffff,6.770603000990365,1.0893326230321287,7826.0,19384.0
8929ac4d3b3ffff,2.191183569237477,1.878382680674944,2533.0,2219.0
8929ac4d3b7ffff,6.950837439037303,1.0715642124681244,8035.0,13128.0
8929ac4d3bbffff,1.7779009619786428,0.0,2055.0,5751.0
8929ac4d3c3ffff,0.1690825016736988,0.0,195.0,3900.0
8929ac4d3c7ffff,5.204745741599975,0.0,6017.0,8511.0
8929ac4d3cbffff,4.507579060121813,0.0,5211.0,4418.0
8929ac4d3cfffff,4.025048343552169,0.0,4653.0,4809.0
8929ac4d3d3ffff,3.4281319187760984,0.2583152360269745,3963.0,15708.0
8929ac4d3d7ffff,2.5505771572165674,0.6814175589991844,2949.0,13590.0
8929ac4d3dbffff,0.1494484418443183,0.0,173.0,15766.0
8929ac4d403ffff,1.2518145333447186,0.5394020343162437,264.0,6970.0
8929ac4d407ffff,0.2592714145060715,0.0,0.0,0.0
8929ac4d40bffff,0.9232167536138054,0.2268849262155219,1068.0,19156.0
8929ac4d40fffff,0.6654194071016645,0.4500281267579223,124.0,3822.0
8929ac4d413ffff,3.945158630797887,0.0422564969364039,930.0,1703.0
8929ac4d417ffff,0.0196947316592811,0.0,0.0,0.0
8929ac4d41bffff,1.4934897170836174,0.0051347881899871,1727.0,21032.0
8929ac4d423ffff,0.0,0.0,0.0,0.0
8929ac4d427ffff,0.0,0.0,0.0,0.0
8929ac4d42bffff,0.150948349412614,0.0,0.0,0.0
8929ac4d42fffff,0.0,0.0,0.0,0.0
8929ac4d433ffff,0.0,0.0,0.0,0.0
8929ac4d437ffff,0.013129390139828,0.0,0.0,0.0
8929ac4d43bffff,0.2953531110527697,0.0,0.0,0.0
8929ac4d443ffff,8.548386594745343,0.8033721066854658,9887.0,24315.0
8929ac4d447ffff,1.7071029678190546,0.2894417908319669,1974.0,25176.0
8929ac4d44bffff,5.739605738671913,1.4434122465288184,6638.0,14208.0
8929ac4d44fffff,5.142499626475422,0.4664565224313051,5948.0,22508.0
8929ac4d453ffff,7.199594126032583,1.47624218589499,8327.0,24170.0
8929ac4d457ffff,3.6290008808707857,0.1556322784923346,4197.0,20093.0
8929ac4d45bffff,6.462305551924406,1.7240523913474897,7475.0,14262.0
8929ac4d463ffff,0.0595787687470366,0.0,69.0,0.0
8929ac4d467ffff,6.075418994413408,0.0,814.0,326.0
8929ac4d46bffff,0.6638684618053499,0.379272527874246,565.0,15697.0
8929ac4d46fffff,0.0,0.0,0.0,2460.0
8929ac4d473ffff,0.0,0.0,0.0,2548.0
8929ac4d477ffff,0.0374416350982292,0.0,6.0,75.0
8929ac4d47bffff,1.2062069072854895,0.371482465257728,1395.0,18634.0
8929ac4d483ffff,0.3938687760527785,0.0,0.0,0.0
8929ac4d487ffff,0.2002429176377901,0.0,0.0,0.0
8929ac4d48bffff,0.0,0.0,0.0,1984.0
8929ac4d48fffff,3.3116712616515684,0.0,0.0,0.0
8929ac4d493ffff,0.1542753979977022,0.0,0.0,0.0
8929ac4d497ffff,0.210070242237248,0.0,0.0,0.0
8929ac4d49bffff,0.0,0.0,0.0,2442.0
8929ac4d4a3ffff,0.0,0.0,0.0,0.0
8929ac4d4a7ffff,0.0,0.0,0.0,0.0
8929ac4d4abffff,0.0,0.0,0.0,0.0
8929ac4d4afffff,0.0853326331681381,0.0,0.0,0.0
8929ac4d4b7ffff,4.296733956999836,0.0,0.0,0.0
8929ac4d4bbffff,1.0601286595772614,0.0,0.0,0.0
8929ac4d4c3ffff,0.0273896709815773,0.0015828795745219,32.0,22743.0
8929ac4d4c7ffff,0.1189027332065452,0.0,138.0,13113.0
8929ac4d4cbffff,3.913970462362077,0.0291932920302312,4527.0,11095.0
8929ac4d4cfffff,2.644127515734038,0.0488932349542181,3058.0,16191.0
8929ac4d4d3ffff,0.0,0.0,0.0,0.0
8929ac4d4d7ffff,0.0078031362365161,0.0,9.0,3635.0
8929ac4d4dbffff,0.1675836949783013,0.0,125.0,6590.0
8929ac4d503ffff,0.0,0.0,0.0,0.0
8929ac4d507ffff,0.0,0.0,0.0,6924.0
8929ac4d50bffff,0.0,0.0,0.0,0.0
8929ac4d50fffff,0.0,0.0,0.0,0.0
8929ac4d513ffff,0.0,0.0,0.0,0.0
8929ac4d51bffff,0.0,0.0,0.0,0.0
8929ac4d523ffff,3.507143835872395,0.1833878306603692,4054.0,20770.0
8929ac4d527ffff,2.514101104255488,0.0285813445481085,1709.0,17629.0
8929ac4d52bffff,0.2784101348763192,0.0,322.0,22779.0
8929ac4d52fffff,4.513408816312295,0.3240147690452867,5218.0,19048.0
8929ac4d533ffff,0.0554277119876439,0.0,64.0,4334.0
8929ac4d537ffff,1.247789078045545,0.1879378096702545,325.0,6309.0
8929ac4d53bffff,0.1784096549473969,0.0,185.0,17797.0
8929ac4d543ffff,0.0,0.0,0.0,0.0
8929ac4d547ffff,0.0,0.0,0.0,0.0
8929ac4d54bffff,0.0,0.0,0.0,0.0
8929ac4d54fffff,0.0,0.0,0.0,0.0
8929ac4d553ffff,0.0,0.0,0.0,0.0
8929ac4d557ffff,0.0,0.0,0.0,0.0
8929ac4d55bffff,0.0,0.0,0.0,0.0
8929ac4d563ffff,0.0,0.0,0.0,0.0
8929ac4d567ffff,0.0,0.0,0.0,5180.0
8929ac4d56bffff,0.0,0.0,0.0,0.0
8929ac4d56fffff,0.0,0.0,0.0,0.0
8929ac4d573ffff,0.0,0.0,0.0,0.0
8929ac4d577ffff,0.099308430448204,0.0,30.0,3131.0
8929ac4d57bffff,0.0,0.0,0.0,0.0
8929ac4d583ffff,0.0,0.0,0.0,0.0
8929ac4d58bffff,0.0,0.0,0.0,0.0
8929ac4d593ffff,0.0,0.0,0.0,0.0
8929ac4d59bffff,0.0,0.0,0.0,0.0
8929ac4d5a3ffff,0.9025863200735198,0.0,0.0,0.0
8929ac4d5a7ffff,1.0141788105553369,0.0,0.0,0.0
8929ac4d5abffff,0.0,0.0,0.0,3046.0
8929ac4d5afffff,0.0,0.0,0.0,3625.0
8929ac4d5b3ffff,0.0,0.0,0.0,0.0
8929ac4d5b7ffff,0.0,0.0,0.0,0.0
8929ac4d5c3ffff,0.1181683899556868,0.0,0.0,0.0
8929ac4d5c7ffff,0.0,0.0,0.0,0.0
8929ac4d5cbffff,0.0065636178661678,0.0,0.0,0.0
8929ac4d5cfffff,0.0,0.0,0.0,0.0
8929ac4d5d3ffff,0.7450928904352393,0.0,0.0,0.0
8929ac4d5d7ffff,0.0,0.0,0.0,0.0
8929ac4d5dbffff,0.0,0.0,0.0,0.0
8929ac4d603ffff,5.143337379774022,0.2002756482039796,5949.0,16683.0
8929ac4d607ffff,4.594820904396223,0.4079566891093968,5314.0,23377.0
8929ac4d60bffff,7.509571388551685,0.1960040465351542,8685.0,22730.0
8929ac4d60fffff,5.10620813307767,0.1874261500224096,5905.0,17638.0
8929ac4d613ffff,7.146814404432133,1.6624701400994253,8266.0,21933.0
8929ac4d617ffff,2.3880225355619884,0.2771327990412703,2762.0,14379.0
8929ac4d61bffff,7.803396245206912,0.3098870470881619,9026.0,19572.0
8929ac4d623ffff,1.8775177291717255,0.1262474449921846,2171.0,17942.0
8929ac4d627ffff,2.3801592169291745,0.3660470980599504,2752.0,17638.0
8929ac4d62bffff,6.860141884593475,1.7116123388231714,7934.0,18606.0
8929ac4d62fffff,0.884096229516362,0.3849392517743293,1022.0,8943.0
8929ac4d633ffff,1.319180725891801,0.2383003158196956,1526.0,25018.0
8929ac4d637ffff,1.3488777511440402,0.1872549593305635,1560.0,24562.0
8929ac4d63bffff,1.8966300808705885,0.0253927410617551,2193.0,21261.0
8929ac4d643ffff,5.982004189270364,0.2667500643879466,6919.0,19517.0
8929ac4d647ffff,7.026756144326303,0.944720010442501,8127.0,21855.0
8929ac4d64bffff,4.761978861930312,0.8476648463607467,5508.0,17518.0
8929ac4d64fffff,6.620370658581985,0.7731073973881878,7657.0,26014.0
8929ac4d653ffff,3.263085489478386,0.0641125879593432,3774.0,23007.0
8929ac4d657ffff,6.065774280992558,0.0650218545677852,7016.0,9959.0
8929ac4d65bffff,4.656142622379363,1.0097390277836331,5386.0,16905.0
8929ac4d663ffff,6.975093620717026,1.053329272880354,8067.0,19885.0
8929ac4d667ffff,7.091185277876348,0.4569119306804529,8201.0,19686.0
8929ac4d66bffff,5.763699525606066,0.8368610370225364,6666.0,14589.0
8929ac4d66fffff,7.348230877697573,0.4021832806664752,8499.0,24962.0
8929ac4d673ffff,7.488949760318745,0.2543845789224205,8661.0,22726.0
8929ac4d677ffff,5.652830306143096,0.7650022246781394,6538.0,24890.0
8929ac4d67bffff,7.775678477048971,0.2250869654184571,8993.0,15798.0
8929ac4d683ffff,5.916975588195929,0.3484995159728944,6844.0,20382.0
8929ac4d687ffff,2.953205634995238,0.0,3416.0,4033.0
8929ac4d68bffff,6.955536604647398,0.456428352255293,8045.0,18686.0
8929ac4d68fffff,6.155110272834227,4.034948753030412,7119.0,14393.0
8929ac4d693ffff,2.1446578071021754,0.2575388649559842,2481.0,7668.0
8929ac4d697ffff,5.4329556772908365,0.7343145340353994,6284.0,22532.0
8929ac4d69bffff,7.830089729504293,0.7471025829315795,9057.0,22383.0
8929ac4d6a3ffff,7.1054376348202855,1.9060748302419908,8218.0,30996.0
8929ac4d6a7ffff,5.30837407513922,0.4858771702513604,3655.0,16590.0
8929ac4d6abffff,1.8469985495427632,0.3510909935004642,2136.0,24727.0
8929ac4d6afffff,2.875357590888008,0.4539359966399043,3325.0,22184.0
8929ac4d6b3ffff,4.660304773287518,2.1724890829694323,5390.0,12904.0
8929ac4d6b7ffff,5.687559339444972,1.394295766618344,6578.0,21793.0
8929ac4d6bbffff,4.710914105349661,0.9507264687302588,5448.0,11289.0
8929ac4d6c3ffff,12.434875165729864,1.056092457905749,14383.0,17876.0
8929ac4d6c7ffff,10.450274360163464,0.3966453217701137,12087.0,21335.0
8929ac4d6cbffff,8.879247831540159,0.2797340880668729,10271.0,10908.0
8929ac4d6cfffff,10.599175868636946,0.4791824560545681,12260.0,14655.0
8929ac4d6d3ffff,7.549459885908484,0.6705636876224456,8733.0,22450.0
8929ac4d6d7ffff,7.976158981621251,0.2731339769248881,9226.0,22871.0
8929ac4d6dbffff,11.12656770298447,0.9401341682999508,12871.0,22380.0
8929ac4d803ffff,10.749753052951055,6.451674458544032,12419.0,17649.0
8929ac4d807ffff,12.201908904794696,4.328111555743728,14097.0,25218.0
8929ac4d80bffff,16.05056365324576,3.707715133531157,18545.0,23364.0
8929ac4d80fffff,14.9982083041209,1.9854491907204272,17328.0,28275.0
8929ac4d813ffff,13.266946670488675,2.3155186527891476,15329.0,12028.0
8929ac4d817ffff,12.690380636637837,3.9883521397743222,14662.0,13294.0
8929ac4d81bffff,13.720407056814713,1.8079013783731317,15852.0,14567.0
8929ac4d823ffff,11.636204989170912,0.511191266751069,13442.0,14994.0
8929ac4d827ffff,13.027760810760276,1.8341390851617705,15049.0,23757.0
8929ac4d82bffff,14.588527124052654,4.420001077063924,16853.0,25557.0
8929ac4d82fffff,14.981644571592405,1.0457017843164802,17307.0,17749.0
8929ac4d833ffff,14.13261951430806,7.041749824071617,16327.0,29008.0
8929ac4d837ffff,6.358233792783219,0.4770939635640209,7345.0,19450.0
8929ac4d83bffff,7.740248732498824,0.9792045225116092,8942.0,14125.0
8929ac4d843ffff,13.974457637627472,3.44709419149831,16147.0,22315.0
8929ac4d847ffff,17.26403953473155,2.170352876277819,19946.0,20430.0
8929ac4d84bffff,9.868173023296391,7.015323117921386,11402.0,10049.0
8929ac4d84fffff,9.329955691824487,2.2606422481656416,10779.0,23689.0
8929ac4d853ffff,18.45679300836566,24.915858844394283,21326.0,13412.0
8929ac4d857ffff,8.329724222379395,6.811509101585438,9624.0,3999.0
8929ac4d85bffff,16.77851512602424,5.822003633857528,19387.0,21646.0
8929ac4d863ffff,15.206396789140914,1.7912464186718224,17568.0,15178.0
8929ac4d867ffff,7.375240730699474,1.4779488148078197,8520.0,15023.0
8929ac4d86bffff,15.844283724452117,3.175878320479862,18305.0,19525.0
8929ac4d86fffff,8.482857908546428,1.30067801300678,9800.0,2568.0
8929ac4d873ffff,19.592543889716374,1.4584959883054536,22635.0,21356.0
8929ac4d877ffff,13.44601184744775,1.6028558425304356,15534.0,24907.0
8929ac4d87bffff,13.97162612291192,1.2350591004791034,16142.0,21447.0
8929ac4d883ffff,12.4936906846464,8.628049537140447,14436.0,26508.0
8929ac4d887ffff,11.759647291592016,18.593106560613755,13587.0,5195.0
8929ac4d88bffff,18.586905381362932,6.461803175115269,21475.0,25050.0
8929ac4d88fffff,16.62392616435411,10.925205436432472,19206.0,18380.0
8929ac4d893ffff,8.091687723354072,3.138755760898298,9350.0,30340.0
8929ac4d897ffff,15.547045883679916,13.56930943494251,17963.0,22758.0
8929ac4d89bffff,8.894988721195428,12.971411192214113,10278.0,6181.0
8929ac4d8a3ffff,10.518377713030336,8.152454780361756,12151.0,10237.0
8929ac4d8a7ffff,18.153630414459332,10.99691257718557,20972.0,15774.0
8929ac4d8abffff,10.67500109062128,5.746762068653202,12333.0,14985.0
8929ac4d8afffff,17.577383679078594,15.241952332738698,20306.0,18986.0
8929ac4d8b3ffff,9.044056473550224,10.10678608336204,10449.0,9395.0
8929ac4d8b7ffff,14.516440644164131,14.542064156960247,16771.0,11384.0
8929ac4d8bbffff,11.352050355228718,10.892167193537055,13115.0,9133.0
8929ac4d8c3ffff,16.530153814519068,3.0310880829015545,19101.0,5390.0
8929ac4d8c7ffff,12.948423158170227,1.1214700716119443,14961.0,5269.0
8929ac4d8cbffff,18.37515500084121,19.55904574385274,21232.0,12649.0
8929ac4d8cfffff,8.589392872498863,0.0,9924.0,218.0
8929ac4d8d3ffff,18.035136255019797,3.740367335749749,20840.0,22754.0
8929ac4d8d7ffff,15.971162054547833,4.211364711153148,18454.0,13855.0
8929ac4d8dbffff,14.191671054312302,0.5561440677966102,16399.0,14870.0
8929ac4d903ffff,12.688839643312418,2.1720947252862146,14656.0,13474.0
8929ac4d907ffff,13.546368102136997,1.2125610705940664,15646.0,20091.0
8929ac4d90bffff,15.790687599153475,1.3415566712105595,18239.0,21365.0
8929ac4d90fffff,15.966548950057197,1.9568427961929769,18441.0,17207.0
8929ac4d913ffff,5.044101605111423,0.0,5826.0,0.0
8929ac4d917ffff,3.550991148235881,0.3067484662576687,4101.0,1170.0
8929ac4d91bffff,4.295086565582585,1.916359860285094,4961.0,3740.0
8929ac4d923ffff,13.779581556569662,1.553536187984763,15914.0,15444.0
8929ac4d927ffff,11.305597466239384,1.6052379649890591,13056.0,20721.0
8929ac4d92bffff,15.739369776844022,1.6418872637898383,18177.0,17576.0
8929ac4d92fffff,10.635651471839743,0.681650383750279,12282.0,20824.0
8929ac4d933ffff,15.294003964938968,0.6621092910271292,17663.0,16636.0
8929ac4d937ffff,13.677638161975803,4.7272727272727275,15796.0,21788.0
8929ac4d93bffff,13.4607172357901,1.0962615134549394,15546.0,19715.0
8929ac4d943ffff,3.5527062152879507,0.0,4104.0,0.0
8929ac4d947ffff,6.801705491107883,2.5030902348578494,7856.0,6815.0
8929ac4d94bffff,3.6835265114800486,0.0,4255.0,0.0
8929ac4d94fffff,3.9386496948691896,0.0,4549.0,0.0
8929ac4d953ffff,8.64952800640752,4.927936480538535,9991.0,3966.0
8929ac4d957ffff,3.0636605601231697,0.0,3539.0,6443.0
8929ac4d95bffff,6.066357505266963,4.323175053153792,7007.0,3402.0
8929ac4d963ffff,18.695471929830028,2.6176736424946117,21592.0,10085.0
8929ac4d967ffff,19.386120219941898,1.6437091735302474,22389.0,9974.0
8929ac4d96bffff,14.271910630684545,8.980060720439813,16484.0,19967.0
8929ac4d96fffff,5.467688241088239,4.319895116355293,6315.0,5255.0
8929ac4d973ffff,11.615388691312926,0.792489636673982,13416.0,17576.0
8929ac4d977ffff,16.520944962392893,0.89946594209688,19081.0,7615.0
8929ac4d97bffff,5.28218730616863,0.2412351238340302,6101.0,2233.0
8929ac4d983ffff,1.6540027052465576,0.6736333016668106,1911.0,16561.0
8929ac4d987ffff,0.3986447947088397,0.675603217158177,460.0,3334.0
8929ac4d98bffff,0.3129100321324943,4.692556634304207,361.0,424.0
8929ac4d98fffff,2.2683850457385963,0.0,2620.0,0.0
8929ac4d993ffff,0.7766729541678637,1.903248762888304,895.0,21338.0
8929ac4d997ffff,1.4043551840528083,1.0688963689751485,1622.0,19892.0
8929ac4d99bffff,4.174938525931305,5.540320942514727,4823.0,26785.0
8929ac4d9a3ffff,6.394823297654151,0.0,7386.0,0.0
8929ac4d9a7ffff,8.321358100504673,10.14601585314977,9610.0,11631.0
8929ac4d9abffff,10.631440487248382,0.5661895729148704,12279.0,12455.0
8929ac4d9afffff,13.457144549282912,2.0963716644269534,15542.0,18359.0
8929ac4d9b3ffff,2.4299246025190677,0.0,2807.0,0.0
8929ac4d9b7ffff,1.2094197590511664,0.0,1397.0,0.0
8929ac4d9bbffff,2.253197146178853,0.0,2602.0,0.0
8929ac4d9c3ffff,12.85485001947799,3.4651494542679893,14849.0,20951.0
8929ac4d9c7ffff,1.2189344686368255,10.827569759122346,1408.0,4038.0
8929ac4d9cbffff,14.852154726436382,0.7630467366126176,17157.0,15731.0
8929ac4d9cfffff,12.108481422151304,1.960035637011582,13987.0,13865.0
8929ac4d9d3ffff,7.59689729214257,3.9751503166137314,8776.0,17306.0
8929ac4d9d7ffff,2.503451478292305,0.7316081831730118,2892.0,21102.0
8929ac4d9dbffff,11.154359153349455,4.87978304725998,12885.0,20708.0
8929ac4da03ffff,19.476424456374417,3.5982876316093946,22503.0,3000.0
8929ac4da07ffff,15.315228296701584,0.0,17695.0,0.0
8929ac4da0bffff,7.336565364507064,2.491307015749642,8477.0,8581.0
8929ac4da0fffff,16.797584587725392,7.556427870461237,19408.0,4409.0
8929ac4da13ffff,8.59792934344048,10.458510854128626,9935.0,3178.0
8929ac4da17ffff,16.86238709335693,13.423895099287767,19483.0,6608.0
8929ac4da1bffff,2.5401523530603027,0.0,2935.0,0.0
8929ac4da23ffff,5.466279022663463,0.0,6315.0,0.0
8929ac4da27ffff,3.0984440781170632,0.0,3579.0,0.0
8929ac4da2bffff,1.239888319684902,0.0,1432.0,0.0
8929ac4da2fffff,0.8887365419672489,0.0,1027.0,0.0
8929ac4da33ffff,1.1289136504138,0.0688982029052075,1304.0,6266.0
8929ac4da37ffff,8.22818929977034,0.0,9506.0,0.0
8929ac4da3bffff,9.051307778117074,4.793589468412391,10457.0,4791.0
8929ac4da43ffff,26.767048941811307,13.11457523560138,30929.0,22935.0
8929ac4da47ffff,11.736719115126968,15.930169121658484,13561.0,555.0
8929ac4da4bffff,16.59449051948133,10.446280991735538,19175.0,18530.0
8929ac4da4fffff,7.485621350814115,1.4296437832673674,8649.0,10400.0
8929ac4da53ffff,21.18338328483572,7.205302480024904,24478.0,25755.0
8929ac4da57ffff,14.855328707756824,12.951395885105336,17165.0,13998.0
8929ac4da5bffff,19.123071554968472,7.057800536218932,22098.0,13852.0
8929ac4da63ffff,1.4086964650162803,0.0,1628.0,0.0
8929ac4da67ffff,1.0445003256273389,0.0,1207.0,0.0
8929ac4da6bffff,0.6063476434700783,0.0,701.0,0.0
8929ac4da6fffff,1.2900290723943126,0.0,1490.0,2967.0
8929ac4da73ffff,6.235277988957712,0.0,7204.0,0.0
8929ac4da77ffff,1.5377137141628574,0.0,1777.0,0.0
8929ac4da7bffff,0.7013640924018371,0.0,810.0,0.0
8929ac4da83ffff,9.50100633711982,1.63036274466487,10978.0,8015.0
8929ac4da87ffff,4.67582076903184,0.0061572563265808,5403.0,5846.0
8929ac4da8bffff,9.64292724264809,1.0330732069862505,11142.0,9588.0
8929ac4da8fffff,1.6606585928956217,0.0,1919.0,839.0
8929ac4da93ffff,17.689630785814646,6.8698391078573255,20441.0,23630.0
8929ac4da97ffff,14.019154557463672,9.782584206376027,16199.0,14415.0
8929ac4da9bffff,14.266443187199362,4.676034348165495,16485.0,17584.0
8929ac4daa3ffff,15.459038051674495,2.1440662027459094,17861.0,7492.0
8929ac4daa7ffff,11.070844304566627,2.0876456325034005,12790.0,23841.0
8929ac4daabffff,9.126770218268495,4.726287262872629,10545.0,6328.0
8929ac4daafffff,12.399547555020986,2.0388412155622944,14325.0,5466.0
8929ac4dab3ffff,12.71861086098328,0.0,14695.0,7619.0
8929ac4dab7ffff,12.389890661855665,3.382484725050917,14315.0,21348.0
8929ac4dabbffff,3.875717797642601,4.128943758573389,4478.0,2516.0
8929ac4dac3ffff,12.219345713742753,1.1553492916463115,14120.0,14568.0
8929ac4dac7ffff,7.870254978689465,0.0,9094.0,0.0
8929ac4dacbffff,18.61068621434113,8.02101162722068,21506.0,22441.0
8929ac4dacfffff,12.100904740541347,4.926598130050345,13983.0,16180.0
8929ac4dad3ffff,13.897854152128405,10.718778340110582,16060.0,10987.0
8929ac4dad7ffff,8.37523599454175,0.2249611862741992,9678.0,11336.0
8929ac4dadbffff,25.59143670677076,10.196773863520104,29573.0,18960.0
8929ac4db03ffff,9.203050542135069,5.4132407377076035,10630.0,20790.0
8929ac4db07ffff,10.453055067260102,12.914411155736277,12074.0,12568.0
8929ac4db0bffff,11.421073791618229,0.8127428588378371,13193.0,12038.0
8929ac4db0fffff,10.972728689418732,0.6566327283458757,12674.0,19390.0
8929ac4db13ffff,18.66694507467152,7.096276712932364,21563.0,15181.0
8929ac4db17ffff,20.078601504087462,15.201378883158505,23193.0,22671.0
8929ac4db1bffff,17.37183282949481,12.043307086614172,20067.0,16086.0
8929ac4db23ffff,13.480102611736765,0.2542985791941768,15569.0,15391.0
8929ac4db27ffff,18.59979427075216,5.460279363130207,21481.0,24390.0
8929ac4db2bffff,13.73419319446306,6.844668073364714,15863.0,20661.0
8929ac4db2fffff,19.315121440327164,6.755064341400795,22308.0,21443.0
8929ac4db33ffff,9.373324689249335,1.304102158435981,10826.0,15720.0
8929ac4db37ffff,16.25356116475803,6.0691259876872365,18772.0,20927.0
8929ac4db3bffff,11.345013199849143,0.0,13104.0,0.0
8929ac4db43ffff,3.5533643522947904,0.4896985689637674,4105.0,14119.0
8929ac4db47ffff,11.782873740899571,1.8329452504627144,13611.0,17757.0
8929ac4db4bffff,11.188329557247435,2.3940323480200782,12924.0,25201.0
8929ac4db4fffff,12.296295372878028,1.8527306113185749,14204.0,17126.0
8929ac4db53ffff,14.090542212416132,3.935344827586207,16277.0,16047.0
8929ac4db57ffff,12.705882352941176,13.921224685058204,14677.0,7773.0
8929ac4db5bffff,9.838854938281225,7.081884287069238,11366.0,1058.0
8929ac4db63ffff,10.52324820316542,1.4178958069521483,12155.0,19899.0
8929ac4db67ffff,7.113491071512061,0.4940014114326041,8216.0,14720.0
8929ac4db6bffff,9.62174999844162,0.075658573491987,11114.0,5230.0
8929ac4db6fffff,12.917975763016155,1.5647541893241592,14920.0,9580.0
8929ac4db73ffff,14.616221337763246,1.3321820648822007,16883.0,20157.0
8929ac4db77ffff,10.335616908010795,0.7495526863001112,11938.0,7389.0
8929ac4db7bffff,14.677254976516018,1.6746243010661823,16953.0,25132.0
8929ac4db83ffff,6.727230229840281,0.0,7771.0,0.0
8929ac4db87ffff,6.43568830699324,0.0,7434.0,0.0
8929ac4db8bffff,14.795919957367106,0.0,17092.0,0.0
8929ac4db8fffff,7.258549599050061,21.206449755254823,8384.0,1970.0
8929ac4db93ffff,10.378387474757549,3.7978686399139865,11989.0,10952.0
8929ac4db97ffff,7.442796861073194,6.966259453170448,8598.0,4606.0
8929ac4db9bffff,12.48804111053286,2.255786582973715,14426.0,3588.0
8929ac4dba3ffff,16.28720231138206,18.91466020460541,18813.0,24453.0
8929ac4dba7ffff,7.942138121701944,8.814146239799927,9173.0,20476.0
8929ac4dbabffff,13.103104351078418,27.70876999448428,15134.0,11796.0
8929ac4dbafffff,7.449567364037603,15.301068728820924,8604.0,7019.0
8929ac4dbb3ffff,6.423350839190263,12.222575950518465,7419.0,13896.0
8929ac4dbb7ffff,10.005766203811929,16.403744361294358,11557.0,23083.0
8929ac4dbbbffff,12.344128381179155,21.430678466076696,14259.0,15342.0
8929ac4dbc3ffff,6.536365251155356,0.0,7551.0,0.0
8929ac4dbc7ffff,4.2186847501573785,19.25729442970822,4873.0,548.0
8929ac4dbcbffff,5.022140922844883,0.0882799533881846,5802.0,10186.0
8929ac4dbcfffff,7.866968331432346,9.387095561985644,9088.0,8681.0
8929ac4dbd3ffff,9.80290117012823,3.285006423196917,11325.0,5692.0
8929ac4dbd7ffff,9.660631369004957,0.0,11160.0,0.0
8929ac4dbdbffff,8.42162337338585,1.4516447275699749,9729.0,12586.0
8929ac4dc03ffff,9.085783176067812,2.087984654570611,10500.0,11209.0
8929ac4dc07ffff,3.733691385562437,2.094375736160188,4315.0,19151.0
8929ac4dc0bffff,9.722330393497677,1.6729155168147996,11235.0,18599.0
8929ac4dc0fffff,10.27827452348759,1.1755427585078049,11877.0,23909.0
8929ac4dc13ffff,8.319860442658443,2.1178479931682324,9615.0,4126.0
8929ac4dc17ffff,8.667321967860591,2.048085485307213,7015.0,10296.0
8929ac4dc1bffff,9.736988844688533,0.2976764697775695,11253.0,13022.0
8929ac4dc23ffff,0.2532939112879356,0.2478050030975625,293.0,16810.0
8929ac4dc27ffff,1.6288227617105182,2.9314410084338443,1038.0,15413.0
8929ac4dc2bffff,2.9292913557553004,0.861644856134827,3385.0,25391.0
8929ac4dc2fffff,2.436478634076428,0.9930220075147612,2815.0,22577.0
8929ac4dc33ffff,1.006639270459141,2.0052334774638627,1163.0,25211.0
8929ac4dc37ffff,0.4243238292936076,0.7451791471500699,250.0,11748.0
8929ac4dc3bffff,2.1456299185613967,1.3681840587240053,2479.0,26653.0
8929ac4dc43ffff,12.121797367806249,0.1670077773229635,14009.0,21950.0
8929ac4dc47ffff,11.62998613771942,0.6315883111684384,13440.0,24128.0
8929ac4dc4bffff,9.107843167793764,0.2189271019330797,10526.0,23135.0
8929ac4dc4fffff,12.829227112582824,0.442619943124484,14826.0,15628.0
8929ac4dc53ffff,9.876177867767309,0.6922405953640295,11414.0,19264.0
8929ac4dc57ffff,10.223885014002548,1.0791763021693646,11815.0,19403.0
8929ac4dc5bffff,8.065189356890548,1.2065727699530515,9321.0,15151.0
8929ac4dc63ffff,9.798741354601532,0.3185385942064693,11323.0,20391.0
8929ac4dc67ffff,8.946463286974728,1.2998384931213638,10338.0,18260.0
8929ac4dc6bffff,12.011476885788786,1.6341301684705034,13880.0,31508.0
8929ac4dc6fffff,8.654729896033574,2.187836535736553,10000.0,12425.0
8929ac4dc73ffff,12.168657809068396,3.2844787248494365,14062.0,23067.0
8929ac4dc77ffff,9.877654785233831,0.7824849826114447,11414.0,22595.0
8929ac4dc7bffff,12.03282273666109,1.248603302413848,13905.0,20044.0
8929ac4dc83ffff,9.429798846592544,0.3424391003190909,3185.0,4610.0
8929ac4dc87ffff,0.0,0.0,0.0,0.0
8929ac4dc8bffff,9.9922745765035,0.7523962732086601,11548.0,21322.0
8929ac4dc8fffff,9.40778180431051,0.5941329372447085,2841.0,5782.0
8929ac4dc93ffff,6.812323505931789,1.590974345116452,6175.0,20976.0
8929ac4dc97ffff,8.51543942992874,1.5004055150040552,1549.0,1749.0
8929ac4dc9bffff,5.594856507396575,0.9040711813006036,6466.0,12469.0
8929ac4dca3ffff,0.0,0.0,0.0,1788.0
8929ac4dca7ffff,0.0,0.0,0.0,0.0
8929ac4dcabffff,0.6332539335310227,0.0,703.0,10659.0
8929ac4dcafffff,0.0,0.0,0.0,0.0
8929ac4dcb3ffff,0.0,0.0,0.0,0.0
8929ac4dcb7ffff,0.0,0.0,0.0,0.0
8929ac4dcbbffff,0.0,0.0,0.0,37.0
8929ac4dcc3ffff,9.38042181528216,1.809181914506666,10841.0,22352.0
8929ac4dcc7ffff,9.162866327751196,1.4752941176470589,10589.0,15074.0
8929ac4dccbffff,6.885670764946469,1.8364815874833047,7958.0,14817.0
8929ac4dccfffff,9.602098220126216,1.8235923862749723,11097.0,19478.0
8929ac4dcd3ffff,10.634745609608713,3.6668216111846106,12291.0,19398.0
8929ac4dcd7ffff,10.680667086139335,3.5053194760469837,12344.0,16946.0
8929ac4dcdbffff,8.458679989907894,1.7404190791287566,9776.0,20528.0
8929ac4dd03ffff,0.0,0.0,0.0,0.0
8929ac4dd07ffff,0.0,0.0,0.0,0.0
8929ac4dd0bffff,13.216320529314466,3.60454213980623,2589.0,6662.0
8929ac4dd0fffff,0.0,0.0,0.0,0.0
8929ac4dd13ffff,0.0951568447302795,0.0,0.0,0.0
8929ac4dd17ffff,0.0,0.0,0.0,0.0
8929ac4dd1bffff,0.0,0.0,0.0,0.0
8929ac4dd23ffff,0.0,0.0,0.0,0.0
8929ac4dd27ffff,0.0309377923998671,0.0,30.0,17177.0
8929ac4dd2bffff,0.0,0.0,0.0,0.0
8929ac4dd2fffff,0.0299906402836916,0.0,33.0,13435.0
8929ac4dd33ffff,0.0,0.0,0.0,0.0
8929ac4dd37ffff,0.0,0.0,0.0,0.0
8929ac4dd3bffff,0.0,0.0,0.0,0.0
8929ac4dd43ffff,16.80854511236025,16.40822570099799,19420.0,24394.0
8929ac4dd47ffff,11.793936559894007,11.89234907517817,13620.0,22876.0
8929ac4dd4bffff,14.204965053922592,17.03568029592918,16411.0,16633.0
8929ac4dd4fffff,13.376979094282945,11.186032118310042,15454.0,9815.0
8929ac4dd53ffff,27.294803302574067,25.281194155366343,1416.0,2559.0
8929ac4dd57ffff,13.711221754117195,11.996531343419822,8248.0,13883.0
8929ac4dd5bffff,12.60039462088208,8.107335084115553,12713.0,25446.0
8929ac4dd63ffff,10.313561377971858,7.756337495270525,1224.0,3511.0
8929ac4dd67ffff,0.5622750513616633,0.0,131.0,2319.0
8929ac4dd6bffff,14.386074491878576,7.131765329697383,16417.0,17654.0
8929ac4dd6fffff,5.412402999294541,6.806489908982984,2679.0,5087.0
8929ac4dd73ffff,12.524910784631786,6.5979381443298974,1946.0,4729.0
8929ac4dd77ffff,0.0,0.0,0.0,0.0
8929ac4dd7bffff,10.764921285718756,10.195777061076395,12382.0,25662.0
8929ac4dd83ffff,0.0,0.0,0.0,0.0
8929ac4dd87ffff,0.0,0.0,0.0,0.0
8929ac4dd8bffff,0.0886059333158309,0.0,0.0,0.0
8929ac4dd8fffff,0.0,0.0,0.0,0.0
8929ac4dd93ffff,0.0,0.0,0.0,0.0
8929ac4dd97ffff,0.0,0.0,0.0,0.0
8929ac4dd9bffff,0.0,0.0,0.0,0.0
8929ac4dda3ffff,0.0,0.0,0.0,0.0
8929ac4dda7ffff,0.0,0.0,0.0,0.0
8929ac4ddabffff,0.0,0.0,0.0,0.0
8929ac4ddafffff,0.0,0.0,0.0,0.0
8929ac4ddb3ffff,0.0,0.0,0.0,0.0
8929ac4ddb7ffff,0.0,0.0,0.0,0.0
8929ac4ddbbffff,0.0,0.0,0.0,0.0
8929ac4ddc3ffff,0.0,0.0,0.0,0.0
8929ac4ddc7ffff,0.0,0.0,0.0,0.0
8929ac4ddcbffff,0.1903074449584932,0.0,0.0,0.0
8929ac4ddcfffff,0.0,0.0,0.0,0.0
8929ac4ddd3ffff,0.0,0.0,0.0,0.0
8929ac4ddd7ffff,0.072192688849511,0.0,0.0,0.0
8929ac4dddbffff,0.0,0.0,0.0,0.0
8929ac4de03ffff,13.750447798389484,0.7396526397649702,15891.0,20677.0
8929ac4de07ffff,13.760996336631196,0.4571577847439916,15903.0,13718.0
8929ac4de0bffff,10.157812431856554,0.5343725206515144,11739.0,15345.0
8929ac4de0fffff,15.637197334770406,1.938546271468947,18072.0,9743.0
8929ac4de13ffff,14.370173782757536,1.0269351418607504,16608.0,20332.0
8929ac4de17ffff,11.88665667726872,2.8324756517671075,13737.0,24675.0
8929ac4de1bffff,12.371079428466407,1.5489253650131496,14297.0,19541.0
8929ac4de23ffff,14.220869446019451,1.4119555399900463,16433.0,19255.0
8929ac4de27ffff,13.55258402602096,8.204493338772984,15660.0,23490.0
8929ac4de2bffff,15.4326160709557,1.948308771688477,17833.0,20527.0
8929ac4de2fffff,14.398227910411029,1.946062485815871,16637.0,18665.0
8929ac4de33ffff,12.153961182591358,1.2429419298973536,14045.0,19708.0
8929ac4de37ffff,14.605043849401062,12.735276259866424,16877.0,20696.0
8929ac4de3bffff,22.409281228192604,2.4511610762992997,25896.0,19055.0
8929ac4de43ffff,14.162012652274264,5.788617391701005,16368.0,22306.0
8929ac4de47ffff,16.0665001152569,4.853185595567867,18568.0,12365.0
8929ac4de4bffff,12.162477846336897,1.8634978201319496,14057.0,18314.0
8929ac4de4fffff,13.898822503270823,8.615082396595001,16062.0,15072.0
8929ac4de53ffff,11.150460670167634,5.8938190042555725,12888.0,22768.0
8929ac4de57ffff,10.600892726428876,4.986093830051965,12252.0,18694.0
8929ac4de5bffff,14.26057379934154,2.2013372019679576,16482.0,22327.0
8929ac4de63ffff,15.693671690519064,3.4184366731030535,18136.0,14585.0
8929ac4de67ffff,20.21589457615502,3.3906003159557665,23361.0,17612.0
8929ac4de6bffff,11.85020887394979,18.060320753211524,13694.0,14788.0
8929ac4de6fffff,17.251509355198476,6.905095978744365,19936.0,22452.0
8929ac4de73ffff,13.992231037844876,1.0390233865989986,16170.0,10389.0
8929ac4de77ffff,19.683739302992823,4.362130951083996,22747.0,15801.0
8929ac4de7bffff,16.90673029598849,3.1264297697117582,19539.0,6860.0
8929ac4de83ffff,8.639706454938777,0.8540768159744626,9985.0,21021.0
8929ac4de87ffff,10.43214433676918,5.297035053378646,12056.0,28390.0
8929ac4de8bffff,10.768861783046669,2.5455126157777066,12446.0,21969.0
8929ac4de8fffff,13.142574127893395,2.4582659382915737,15189.0,23012.0
8929ac4de93ffff,13.006818316321286,2.9608989864968307,15033.0,22818.0
8929ac4de97ffff,11.068540599808122,2.3369992144540457,12792.0,25064.0
8929ac4de9bffff,13.308684736766692,0.8886967382427823,15382.0,22283.0
8929ac4dea3ffff,7.923077641986423,2.187735903838337,9156.0,24256.0
8929ac4dea7ffff,13.629538246820813,2.382458359687961,15750.0,16668.0
8929ac4deabffff,13.81974275665926,8.556382530543463,15971.0,23442.0
8929ac4deafffff,12.920149414150728,10.077711748187816,14930.0,24786.0
8929ac4deb3ffff,10.66010404660291,1.0294517444494788,12319.0,19659.0
8929ac4deb7ffff,11.328008174658558,1.1782304382352398,13090.0,19264.0
8929ac4debbffff,11.76831585702448,3.438740588637919,13600.0,25394.0
8929ac4dec3ffff,9.36211300068523,3.62858404519361,10821.0,22784.0
8929ac4dec7ffff,10.445329753335225,2.3259211641293867,12072.0,12034.0
8929ac4decbffff,10.744231535931426,4.129297752367789,12418.0,21974.0
8929ac4decfffff,10.396446681534457,3.5245235299430946,12016.0,19225.0
8929ac4ded3ffff,8.333956246573978,1.6852030318026725,9633.0,27177.0
8929ac4ded7ffff,6.643554857840572,2.364041604754829,7678.0,23655.0
8929ac4dedbffff,8.86518306261972,2.3568080377985696,10247.0,18823.0
8929ac4f20fffff,5.407091267235719,0.0,0.0,0.0
8929ac4f223ffff,0.0,0.0,0.0,0.0
8929ac4f227ffff,0.0,0.0,0.0,0.0
8929ac4f22bffff,0.072225869993434,0.0,0.0,0.0
8929ac4f22fffff,0.0,0.0,0.0,0.0
8929ac4f23bffff,0.0,0.0,0.0,0.0
8929ac4f247ffff,0.1477298841141131,0.0,0.0,0.0
8929ac4f24fffff,0.7452641255458157,0.0,0.0,0.0
8929ac4f263ffff,29.11728982700325,0.0,0.0,0.0
8929ac4f267ffff,1.1194642329536129,0.0,0.0,0.0
8929ac4f26bffff,0.0,0.0,0.0,0.0
8929ac4f26fffff,0.0,0.0,0.0,1420.0
8929ac4f277ffff,15.198266806722687,0.0,0.0,0.0
8929ac4f27bffff,0.042670517954441,0.0,0.0,0.0
8929ac4f327ffff,5.456515315670245,0.0,0.0,0.0
8929ac4f34fffff,0.0,0.0,0.0,0.0
8929ac4f363ffff,0.0,0.0,0.0,0.0
8929ac4f367ffff,2.6326155462184873,0.0,0.0,0.0
8929ac4f36bffff,0.7778653012997243,0.0,0.0,0.0
8929ac4f36fffff,2.533972296986805,0.0,0.0,0.0
8929ac4f37bffff,0.1247251124167131,0.0,0.0,0.0
8929ac7b0c3ffff,1.7903485430833417,0.0,0.0,0.0
8929ac7b0cbffff,0.0229885057471264,0.0,0.0,0.0
8929ac7b0cfffff,1.0446780551905388,0.0,0.0,0.0
8929ac7b0dbffff,0.1707941929974381,0.0,0.0,0.0
8929ac7b29bffff,0.0,0.0,0.0,0.0
8929ac7b2c3ffff,3.559817411579259,0.0,0.0,0.0
8929ac7b2c7ffff,0.3579756313836251,0.0,0.0,0.0
8929ac7b2d3ffff,3.740066986274381,0.0,0.0,0.0
8929ac7b2d7ffff,0.6140610120513579,0.0,0.0,0.0
8929ac7b2dbffff,3.881136102446233,0.0,0.0,0.0
8929ac7b623ffff,2.9888002102013336,0.0,0.0,0.0
8929ac7b62bffff,3.347019214977829,0.0,0.0,0.0
8929ac7b62fffff,0.0,0.0,0.0,0.0
8929ac7b633ffff,1.2056108537827273,0.0,0.0,0.0
8929ac7b637ffff,2.3126704116159127,0.0,0.0,0.0
8929ac7b63bffff,1.0576449334866151,0.0,0.0,0.0
8929ac7b663ffff,6.383607526352083,0.0,0.0,0.0
8929ac7b667ffff,1.2906827810437125,0.0,0.0,0.0
8929ac7b66bffff,0.0098512461826421,0.0,0.0,0.0
8929ac7b66fffff,0.955570879716284,0.0,0.0,0.0
8929ac7b677ffff,2.0920914345769837,0.0,0.0,0.0
8929ac7b67bffff,5.5668681029952705,0.0,0.0,0.0
8929ac7b6afffff,0.0,0.0,0.0,0.0
8929aeb0003ffff,5.649615492387683,1.3886292626912704,6533.0,13294.0
8929aeb0007ffff,7.74324917570357,4.371946067085491,8953.0,18741.0
8929aeb000bffff,4.685938448605987,1.4925373134328357,5418.0,10787.0
8929aeb000fffff,1.164452442703647,0.0234228607120549,1346.0,13829.0
8929aeb0013ffff,4.696450809464507,1.0151710416242736,5431.0,15761.0
8929aeb0017ffff,6.420498770198326,1.6989151976635026,7424.0,27141.0
8929aeb001bffff,6.716685086312905,1.1674857946759725,7767.0,19474.0
8929aeb0023ffff,6.935064530692945,1.435544071202986,8018.0,25953.0
8929aeb0027ffff,5.393101687368247,0.548341989612465,6235.0,35846.0
8929aeb002bffff,0.2870950465206073,0.0,332.0,13461.0
8929aeb002fffff,3.1462423515857325,3.3047027290448345,3637.0,11429.0
8929aeb0033ffff,6.455891693963209,0.2916526449048924,7464.0,22400.0
8929aeb0037ffff,8.351704467610755,0.6098966367037214,9656.0,20181.0
8929aeb003bffff,7.968514528402934,0.6307357532561733,9213.0,22686.0
8929aeb0063ffff,4.70332558059886,0.4063423505342123,5438.0,12618.0
8929aeb0067ffff,7.417348038086223,3.0949992835649804,8576.0,21912.0
8929aeb006fffff,7.08285331755768,0.6793313069908814,8189.0,23527.0
8929aeb0073ffff,2.227349006348287,0.1067489028584984,2575.0,9096.0
8929aeb0077ffff,1.8534662590057975,0.051403310373188,2143.0,14000.0
8929aeb0083ffff,2.631562562263399,0.925887823546356,3043.0,8667.0
8929aeb0087ffff,5.779337227113663,1.1061376956269724,6683.0,22112.0
8929aeb008bffff,1.6586917877945435,3.816143203724346,1918.0,5281.0
8929aeb008fffff,5.8764741777606195,1.6307862884597617,6795.0,22996.0
8929aeb0093ffff,1.193544771937689,0.0,1380.0,8191.0
8929aeb0097ffff,6.565711599351181,1.5419128566463396,7592.0,22436.0
8929aeb009bffff,0.0,0.0,0.0,0.0
8929aeb00a3ffff,10.929618512660198,0.985603305429426,12637.0,16564.0
8929aeb00a7ffff,10.272473370717597,0.3911539040168497,11877.0,16685.0
8929aeb00abffff,10.773474642497984,4.531964881909237,12457.0,22235.0
8929aeb00afffff,8.14253642344926,2.484976037731065,9414.0,13845.0
8929aeb00b3ffff,9.716397510500048,1.93365233538066,11235.0,19773.0
8929aeb00b7ffff,16.237346925431318,0.5423299056205099,18774.0,5084.0
8929aeb00bbffff,6.283858674670287,1.3075272858238989,7266.0,22689.0
8929aeb00c3ffff,3.1017887272206552,1.358313817330211,3587.0,10614.0
8929aeb00c7ffff,8.608226240286909,2.165638535240846,9954.0,16101.0
8929aeb00d3ffff,0.3035142278131099,0.0,351.0,5104.0
8929aeb00d7ffff,0.1310587429567599,0.0,152.0,5098.0
8929aeb0103ffff,1.881656804733728,0.6326034063260341,2175.0,17643.0
8929aeb0107ffff,9.816025439380583,1.7762175473527024,11346.0,13497.0
8929aeb010bffff,0.9931145304894567,0.0707791147166113,1148.0,13215.0
8929aeb010fffff,2.0711155682487083,0.4160887656033287,2394.0,10339.0
8929aeb0113ffff,6.361762159536104,4.048734770384255,7354.0,23957.0
8929aeb0117ffff,9.247471224276246,2.2234914936151116,10690.0,17256.0
8929aeb011bffff,2.8952244522990207,0.288401034747955,3347.0,20537.0
8929aeb0123ffff,5.0961167104787775,1.0017000566685557,5890.0,21383.0
8929aeb0127ffff,4.560788185932638,0.6626101239360908,5271.0,19160.0
8929aeb012bffff,9.678012134501104,2.361255862428348,11186.0,21585.0
8929aeb012fffff,6.347490780424598,1.4933937334843337,7336.0,23485.0
8929aeb0133ffff,4.534214493042493,1.1232671317297551,5241.0,28013.0
8929aeb0137ffff,5.3547123150285145,1.4144783422754377,6189.0,22557.0
8929aeb013bffff,5.219736583937787,0.3712954836967528,6034.0,10626.0
8929aeb0143ffff,4.0206529084414715,2.1476979859365555,4648.0,22143.0
8929aeb0147ffff,5.708760117470095,3.7738706404373574,6599.0,22875.0
8929aeb014bffff,6.328747329675326,1.674229869747704,7316.0,22855.0
8929aeb014fffff,13.297852462692145,3.87448985000265,15372.0,19587.0
8929aeb0153ffff,1.904302197032216,0.5614080371690838,2201.0,22190.0
8929aeb0157ffff,2.2097107695373808,1.1543169193107994,2555.0,18897.0
8929aeb015bffff,3.054704431656827,1.3689584232849925,3532.0,27960.0
8929aeb0163ffff,9.896229118134366,6.039583758416649,11439.0,18236.0
8929aeb0167ffff,0.8724035793152208,0.0,1008.0,4396.0
8929aeb016bffff,18.269161893906126,9.057511854077376,21118.0,22992.0
8929aeb016fffff,6.294928177208567,3.3342202754978816,7276.0,17002.0
8929aeb0173ffff,5.998847693050343,0.8717595778848359,6934.0,23333.0
8929aeb0177ffff,4.711407598421641,0.1119093173531641,5446.0,9961.0
8929aeb017bffff,15.262798932423133,5.318035138042309,17643.0,23766.0
8929aeb0183ffff,3.953400017439181,1.5956061646267845,4570.0,14964.0
8929aeb0187ffff,5.4321795051462916,2.4295398413004254,6279.0,20053.0
8929aeb018bffff,0.516916561570679,0.2830522467272084,598.0,3044.0
8929aeb018fffff,4.8621059056540314,2.8023388476896747,5621.0,14721.0
8929aeb0193ffff,12.469637896887184,2.299053425316862,14415.0,21923.0
8929aeb0197ffff,9.928779852826228,1.0491962841561342,11478.0,24887.0
8929aeb019bffff,7.548997016895953,2.0641151455675497,8727.0,10778.0
8929aeb01a3ffff,3.4946044005668107,1.3026855542514495,4040.0,30576.0
8929aeb01a7ffff,3.979817485283583,5.381638420860865,4600.0,34590.0
8929aeb01abffff,2.575234275001012,1.1255631346297787,2977.0,25204.0
8929aeb01afffff,3.20270842677032,0.4709779261444505,3702.0,27692.0
8929aeb01b3ffff,7.487029043730653,4.965174311255736,8655.0,18715.0
8929aeb01b7ffff,6.9181919827084135,4.023408924652524,7997.0,28339.0
8929aeb01bbffff,5.017363003566034,3.246858234732123,5800.0,23697.0
8929aeb01c3ffff,2.4499607657528615,0.070014528014563,2832.0,20553.0
8929aeb01c7ffff,2.561347782760339,1.3179978280185605,2961.0,21590.0
8929aeb01cbffff,4.258022327058714,0.6622820083873776,4923.0,31211.0
8929aeb01cfffff,4.94992775646455,0.4387568555758683,5723.0,22546.0
8929aeb01d3ffff,6.600280863015448,0.7991636247652124,7631.0,20154.0
8929aeb01d7ffff,5.654930586264239,3.1099605031697037,6537.0,10509.0
8929aeb01dbffff,5.101074893818426,0.262387215817717,5898.0,21210.0
8929aeb0223ffff,10.911638333644683,4.043138390272148,12617.0,23863.0
8929aeb0227ffff,13.955363759208405,4.002248922391354,16136.0,16596.0
8929aeb022bffff,10.07254499034809,2.743939953242279,11646.0,19918.0
8929aeb022fffff,7.728809759560596,2.634150881928608,8936.0,7532.0
8929aeb0237ffff,8.957277944010785,4.713746256347932,10356.0,23709.0
8929aeb0267ffff,9.29452752117912,3.435593078659199,10747.0,20794.0
8929aeb026fffff,9.07101068881022,9.71138240067744,10488.0,23031.0
8929aeb02afffff,8.07356530835907,6.7232821820499975,9335.0,14749.0
8929aeb0307ffff,9.331917424707193,1.2951023639859744,10788.0,25132.0
8929aeb030bffff,15.821842731337894,4.586014093137255,18291.0,17938.0
8929aeb0317ffff,14.844479876430947,3.32409972299169,17160.0,16961.0
8929aeb032bffff,5.492886685270082,1.105670263863764,6349.0,22829.0
8929aeb033bffff,8.76277262011168,1.7970818545434055,10129.0,25102.0
8929aeb0343ffff,7.283739179174193,1.5423617926071311,8421.0,21671.0
8929aeb0347ffff,10.156011584093669,2.6313642297650133,11741.0,8592.0
8929aeb034bffff,6.600465834641158,1.5677491601343785,7631.0,15189.0
8929aeb034fffff,5.585207421201119,0.4844834359041508,6457.0,8208.0
8929aeb0353ffff,16.021211734336415,3.4186022180372464,18522.0,13293.0
8929aeb0357ffff,10.46133246142588,4.714010282776349,12094.0,21350.0
8929aeb035bffff,9.06755675396289,0.7381446528566393,10484.0,18251.0
8929aeb0363ffff,7.883549933198172,2.232170233641994,9113.0,28697.0
8929aeb0367ffff,8.679552023121387,2.3765855165357066,10033.0,18204.0
8929aeb036bffff,10.396663998779209,3.2132193804205302,12018.0,22056.0
8929aeb036fffff,8.536646132956294,2.1476404317340267,9868.0,22357.0
8929aeb0373ffff,7.897539707256307,3.686524796378411,9129.0,18688.0
8929aeb0377ffff,7.772151425688553,2.357777741668156,8985.0,21632.0
8929aeb037bffff,3.828128162728923,1.161031251818658,4425.0,12228.0
8929aeb0383ffff,8.523822423998979,1.0438287153652392,9855.0,17679.0
8929aeb0387ffff,8.932069067526118,4.994411583719499,10326.0,27235.0
8929aeb038bffff,8.278269425986013,1.3054484443528684,9571.0,24141.0
8929aeb038fffff,9.710077229696063,1.136467575230952,11225.0,15565.0
8929aeb0393ffff,9.99738443239069,2.8672875600580503,11559.0,24818.0
8929aeb0397ffff,9.209469180321744,4.305063235744607,10647.0,31489.0
8929aeb039bffff,8.858110801115982,1.961959436015519,10241.0,22378.0
8929aeb03a3ffff,12.922102391459386,3.2230493092355745,14937.0,22419.0
8929aeb03a7ffff,16.87543211645188,4.910359175182035,19507.0,22378.0
8929aeb03abffff,12.420161001510362,2.3069662758195086,14358.0,19376.0
8929aeb03afffff,8.960955237267708,0.9029217985073574,10358.0,25287.0
8929aeb03b3ffff,12.777791618914744,5.865663113510531,14771.0,17199.0
8929aeb03b7ffff,13.848204470216722,4.541004699037816,16008.0,24573.0
8929aeb03bbffff,12.370925351568824,1.5248820120676263,14302.0,23737.0
8929aeb03c3ffff,7.954552531121366,1.798127281383907,9197.0,22276.0
8929aeb03cbffff,8.562042659193523,4.400370070544698,9899.0,5952.0
8929aeb03cfffff,9.870623219317777,2.3947268588770867,11412.0,22230.0
8929aeb03d7ffff,8.313119833102396,0.5113854046940849,9611.0,21501.0
8929aeb03dbffff,6.658861772416756,3.648424543946932,7699.0,10040.0
8929aeb0403ffff,0.8015399665499069,0.7110208227526663,91.0,704.0
8929aeb0407ffff,1.6710826375702672,0.175384297946972,1923.0,3483.0
8929aeb040bffff,8.807981131563967,3.0099876864140103,1170.0,2552.0
8929aeb040fffff,0.0638115553610822,0.0,50.0,982.0
8929aeb0413ffff,0.181205225453013,0.0,15.0,509.0
8929aeb0417ffff,4.89398880905369,1.2753867199831632,5586.0,16887.0
8929aeb041bffff,0.0,0.0,0.0,0.0
8929aeb0423ffff,6.898462477158182,0.8770208462269989,7978.0,23640.0
8929aeb0427ffff,8.068914846454634,1.2782615642725892,9330.0,8897.0
8929aeb042bffff,5.168259502537123,1.349002974875556,5977.0,12057.0
8929aeb042fffff,1.95350806464166,0.0235915825233556,2259.0,15256.0
8929aeb0433ffff,8.12795537251313,0.7594122063713397,9400.0,16654.0
8929aeb0437ffff,9.74046390870008,2.2778813687446458,11264.0,20942.0
8929aeb043bffff,6.161436931888931,0.0,7125.0,1081.0
8929aeb0443ffff,5.829864287181019,3.125599232981783,1124.0,3637.0
8929aeb0447ffff,1.7446708709021732,0.0770447264912209,1446.0,8871.0
8929aeb044bffff,6.889248695300189,0.0531663516068052,6862.0,6091.0
8929aeb044fffff,3.4705470391409228,0.4034113025938639,4014.0,10132.0
8929aeb0453ffff,0.0,0.0,0.0,0.0
8929aeb0457ffff,0.0,0.0,0.0,0.0
8929aeb045bffff,1.0613555213417631,0.0,0.0,0.0
8929aeb0463ffff,2.2964496396718914,0.2005488705932024,2656.0,6808.0
8929aeb0467ffff,1.6022538017339332,0.0,1853.0,5395.0
8929aeb046bffff,1.177880499914398,0.0,1362.0,8167.0
8929aeb046fffff,0.0382892488147454,0.0,44.0,8200.0
8929aeb0473ffff,0.47657735899567,0.5395008444361044,551.0,7632.0
8929aeb0477ffff,3.914097787074824,1.3827086004474949,4527.0,14122.0
8929aeb047bffff,2.324220513028023,0.0,2688.0,6936.0
8929aeb0483ffff,3.004390275866588,0.0,0.0,0.0
8929aeb0487ffff,12.90189271840648,0.8860884119326572,11239.0,3624.0
8929aeb048bffff,1.3562653562653562,0.0,0.0,0.0
8929aeb048fffff,0.598343050015342,0.0,168.0,0.0
8929aeb0493ffff,2.474030868040764,0.0,0.0,0.0
8929aeb0497ffff,9.130494002673045,0.6770582571015888,7722.0,11883.0
8929aeb049bffff,3.77129750982962,0.0,0.0,0.0
8929aeb04a3ffff,11.531134436517126,4.3631659414324355,13336.0,8783.0
8929aeb04a7ffff,17.720273711606595,5.307145842039281,20491.0,10605.0
8929aeb04abffff,4.658438263630563,0.95600156538268,5387.0,12756.0
8929aeb04afffff,2.860816157541006,0.8085008085008085,3308.0,4638.0
8929aeb04b3ffff,13.430930954300532,0.3972632972853674,15533.0,8123.0
8929aeb04b7ffff,15.038335943020616,3.760273474434504,17391.0,9527.0
8929aeb04bbffff,8.47704208359946,3.0600995202765113,9460.0,11712.0
8929aeb04c3ffff,0.0,0.0,0.0,0.0
8929aeb04c7ffff,0.1998361998361998,0.0,0.0,0.0
8929aeb04cbffff,0.0,0.0,0.0,0.0
8929aeb04cfffff,0.0,0.0,0.0,0.0
8929aeb04d3ffff,0.0,0.0,0.0,0.0
8929aeb04d7ffff,0.2555282555282555,0.0,0.0,0.0
8929aeb04dbffff,0.0,0.0,0.0,0.0
8929aeb0503ffff,2.153892137266257,0.8390770152831885,2490.0,15486.0
8929aeb0507ffff,6.619524467859857,3.379301059758044,7653.0,18085.0
8929aeb050bffff,10.342197273256556,3.3896180636381543,11958.0,19423.0
8929aeb050fffff,3.704960705433983,1.4705882352941175,4284.0,17415.0
8929aeb0513ffff,2.2327947765492717,0.8054522924411399,2582.0,5764.0
8929aeb0517ffff,6.042849180971003,4.278061904646484,6987.0,14217.0
8929aeb051bffff,6.736283648726905,2.9817201078813307,7789.0,16317.0
8929aeb0523ffff,12.931874729470088,1.0007167668302366,14950.0,12928.0
8929aeb0527ffff,10.761886374110937,2.612340017666184,12441.0,18655.0
8929aeb052bffff,11.079764840694518,2.024195648571226,12810.0,14898.0
8929aeb052fffff,10.347909491215066,1.8722070059103355,11962.0,19605.0
8929aeb0533ffff,4.583727766429177,1.1443946188340806,5299.0,9920.0
8929aeb0537ffff,11.842863237084575,1.279831618970024,13692.0,20938.0
8929aeb053bffff,6.324399896622482,4.17631109053634,7312.0,10432.0
8929aeb0543ffff,8.87350868016638,1.8088313530767863,10260.0,21927.0
8929aeb0547ffff,7.567983261826628,2.5650243560476698,8751.0,19514.0
8929aeb054bffff,7.525646414172075,1.9169427064163904,8702.0,23025.0
8929aeb054fffff,9.314113141754104,1.9225167491989512,10770.0,23030.0
8929aeb0553ffff,5.664677258165448,0.7101731747205233,6550.0,15955.0
8929aeb0557ffff,7.814664794468089,1.0838647863708493,9036.0,11893.0
8929aeb055bffff,8.710379417377794,1.2088616131642838,10072.0,21094.0
8929aeb0563ffff,9.565785991188056,2.5284939692375787,11060.0,19026.0
8929aeb0567ffff,10.220737285575945,2.768220617202889,11817.0,13328.0
8929aeb056bffff,11.001855749710428,1.840575317554349,12720.0,12825.0
8929aeb056fffff,5.699418941389682,1.2551488842350529,6589.0,25631.0
8929aeb0573ffff,6.01043723027295,1.824584486194687,6949.0,18266.0
8929aeb0577ffff,5.7722546916305735,1.3368442373911282,6674.0,12275.0
8929aeb057bffff,12.85940253706898,1.645332689288733,14868.0,11728.0
8929aeb0583ffff,2.651930261519303,1.2739104713074345,3066.0,9012.0
8929aeb0587ffff,4.427831729317221,0.8178438661710037,5120.0,12486.0
8929aeb058bffff,4.96212557558851,0.0723541406301387,5738.0,5469.0
8929aeb058fffff,6.135945425051297,1.5482349360925136,7095.0,9317.0
8929aeb0593ffff,8.142691689809338,2.600283990060348,9415.0,7902.0
8929aeb0597ffff,1.913826438638932,1.1881471584673378,2213.0,7455.0
8929aeb059bffff,4.332178293342798,0.7551899222315058,5009.0,11118.0
8929aeb05a3ffff,6.1624449253475735,1.3063711680126882,7125.0,17025.0
8929aeb05a7ffff,5.219056515646893,0.8047642040882023,6034.0,24405.0
8929aeb05abffff,5.011645575926664,0.063981475839376,5794.0,11808.0
8929aeb05afffff,7.275150397947364,1.0166322595723132,8411.0,18297.0
8929aeb05b3ffff,6.689479731349697,1.267720828789531,7734.0,15645.0
8929aeb05b7ffff,7.843515788228188,1.7264458984399431,9068.0,28279.0
8929aeb05bbffff,4.267535160616373,1.354101597920487,4934.0,17624.0
8929aeb05c3ffff,2.4961318983739966,2.0744408400204883,2886.0,4130.0
8929aeb05c7ffff,2.8461928823384732,1.885223177155531,3291.0,10192.0
8929aeb05cbffff,8.268319562659162,1.7334601907502376,9561.0,15245.0
8929aeb05cfffff,8.174346201743463,2.6827745220482275,9452.0,14587.0
8929aeb05d3ffff,15.894693260032438,3.4470963818789904,18381.0,9146.0
8929aeb05d7ffff,19.719493781230053,6.73835392171454,22802.0,9023.0
8929aeb05dbffff,3.605384572278917,1.1500826026178677,4169.0,11201.0
8929aeb0603ffff,1.268352200396535,0.0,1467.0,1144.0
8929aeb0607ffff,3.671977862925692,0.8105301939243729,4247.0,10661.0
8929aeb060bffff,9.9108296114163,3.1114459671343337,11463.0,17129.0
8929aeb060fffff,4.341736258742456,0.7505905661815134,5022.0,18755.0
8929aeb0613ffff,1.8617601302723217,0.0,1844.0,4290.0
8929aeb0617ffff,1.657790463502775,0.0,1917.0,8285.0
8929aeb061bffff,3.984774259410267,0.1527743827914935,4609.0,11764.0
8929aeb0633ffff,6.034788671892024,1.5083420550390938,6979.0,11519.0
8929aeb0643ffff,6.345120789786556,0.7607125662012518,7339.0,25971.0
8929aeb0647ffff,9.38177924822514,1.1772699744457082,10851.0,24085.0
8929aeb064bffff,7.404825336752732,1.0645445451423623,8565.0,23855.0
8929aeb064fffff,11.551318443265854,1.4933596241953255,13361.0,24459.0
8929aeb0653ffff,8.751252668729032,0.7206229176805301,10123.0,19095.0
8929aeb0657ffff,9.23430783931078,0.8971483498878564,10681.0,27837.0
8929aeb065bffff,9.8989779531676,1.9555093367093184,11451.0,15613.0
8929aeb0683ffff,0.0483340252948065,0.0,28.0,0.0
8929aeb0687ffff,0.8014541334802406,0.0,927.0,0.0
8929aeb068bffff,0.0,0.0,0.0,472.0
8929aeb068fffff,0.3997122477101402,0.0,284.0,0.0
8929aeb0693ffff,0.0792509123844535,0.0,43.0,0.0
8929aeb0697ffff,8.677733833790967,0.0400320256204963,6201.0,3596.0
8929aeb069bffff,0.0,0.0,0.0,24.0
8929aeb06a3ffff,1.3409365389643535,0.0,1551.0,9763.0
8929aeb06a7ffff,0.8840577003293427,0.0226193168966297,1022.0,4774.0
8929aeb06abffff,2.299326419064457,0.0,2659.0,801.0
8929aeb06afffff,0.6580319428751078,0.0,761.0,6371.0
8929aeb06b3ffff,2.5566722796838866,0.0,2957.0,4358.0
8929aeb06b7ffff,1.7042483253231069,0.2926082650580714,1971.0,7974.0
8929aeb06bbffff,1.093113880554276,0.0,1264.0,3533.0
8929aeb06c3ffff,1.8439848746557117,1.0403587443946187,2133.0,13903.0
8929aeb06c7ffff,1.38568362750614,0.3229851426834366,1481.0,9444.0
8929aeb06cbffff,4.531492644610353,1.2120434796549844,5242.0,11091.0
8929aeb06cfffff,2.7643516285149623,0.0127329060735961,3198.0,16962.0
8929aeb06d3ffff,7.324436493268174,2.0674960478383393,8018.0,25647.0
8929aeb06d7ffff,5.766493354710139,2.8858961077401215,5542.0,16536.0
8929aeb06dbffff,7.338250396788348,0.4230023152493585,8489.0,28644.0
8929aeb0893ffff,8.461933915969528,0.0,9777.0,0.0
8929aeb0897ffff,12.142596764092833,0.0,14030.0,0.0
8929aeb089bffff,15.742197601562816,8.643153993036055,18189.0,11712.0
8929aeb08c3ffff,9.548317953255363,0.9598346131128176,11033.0,7244.0
8929aeb08cbffff,6.002648181322533,1.6567776467066924,6936.0,20108.0
8929aeb08d3ffff,6.037372579318595,0.0,6976.0,0.0
8929aeb08d7ffff,14.440688527143855,5.704552044070745,16686.0,4683.0
8929aeb08dbffff,2.055878522783209,0.0,2376.0,9918.0
8929aeb0983ffff,3.3160363392704095,0.0799868256992965,3830.0,15290.0
8929aeb0993ffff,1.241624333842366,0.0,1434.0,5816.0
8929aeb099bffff,0.9420908620614432,0.0,1088.0,9353.0
8929aeb0ad3ffff,5.25557955363571,0.0,0.0,0.0
8929aeb0c03ffff,16.51137507048089,7.466827699890649,19081.0,20411.0
8929aeb0c07ffff,6.282787753423634,2.4962586052080216,7260.0,5864.0
8929aeb0c0bffff,8.587110922820045,6.964307921900262,9924.0,10773.0
8929aeb0c0fffff,10.24062605141497,7.0591143442333495,11834.0,18950.0
8929aeb0c13ffff,20.824974768556014,10.956205278351645,24067.0,23430.0
8929aeb0c17ffff,16.02988040982764,3.860539381876244,18525.0,15823.0
8929aeb0c1bffff,10.315836035648758,5.407108887063812,11922.0,17829.0
8929aeb0c23ffff,6.116211761993625,0.084436938938761,7068.0,8094.0
8929aeb0c27ffff,1.2231863287274314,0.012250022968793,1413.0,11754.0
8929aeb0c2bffff,5.9065617386644735,6.626074498567336,6825.0,939.0
8929aeb0c2fffff,7.575951122091955,0.4154357459379616,8754.0,3883.0
8929aeb0c33ffff,9.137867114457777,0.6887854093907644,10559.0,7371.0
8929aeb0c37ffff,1.3303672686033323,0.0,1537.0,4800.0
8929aeb0c3bffff,4.1138994033989125,0.0,4754.0,0.0
8929aeb0c43ffff,4.655371666557642,0.896608643457383,5380.0,19020.0
8929aeb0c47ffff,8.342055422647528,2.7117611212675197,9641.0,5747.0
8929aeb0c4bffff,5.687346984544271,0.782739118207668,6573.0,22862.0
8929aeb0c4fffff,16.059847111376932,1.892392379696101,18560.0,13923.0
8929aeb0c53ffff,5.26553496340134,3.098163098163098,6086.0,29816.0
8929aeb0c57ffff,6.525267187699553,0.6383342515720881,7541.0,18828.0
8929aeb0c5bffff,2.9286708843016136,1.9183079540097965,3385.0,17229.0
8929aeb0c63ffff,3.829511505979621,0.6856730422230242,4425.0,1981.0
8929aeb0c67ffff,6.326503272758993,0.0,7311.0,127.0
8929aeb0c6bffff,6.145985856257204,0.0,7102.0,0.0
8929aeb0c6fffff,9.733112770524336,47.01030927835051,11247.0,185.0
8929aeb0c73ffff,7.049602661591035,16.925132136841494,8147.0,10298.0
8929aeb0c77ffff,8.46295955910987,22.586466165413537,9779.0,927.0
8929aeb0c7bffff,6.090050124766744,1.1084984884111522,7038.0,5299.0
8929aeb0c83ffff,29.962152480336425,7.874833390161495,34627.0,21399.0
8929aeb0c87ffff,15.53694756221788,4.481245491704737,17955.0,11441.0
8929aeb0c8bffff,21.55755399044946,9.346073454762616,24914.0,13116.0
8929aeb0c8fffff,22.637630325553,8.675530454563281,26162.0,16765.0
8929aeb0c93ffff,26.860910979662904,10.045808032385214,31044.0,24319.0
8929aeb0c97ffff,30.13755809462103,7.735627204653753,34830.0,21469.0
8929aeb0c9bffff,28.07926269003517,14.079361033222874,32454.0,25482.0
8929aeb0ca3ffff,8.97283724465795,2.532149012329312,10369.0,5293.0
8929aeb0ca7ffff,2.638760810507689,0.7212017372594334,3049.0,8970.0
8929aeb0cabffff,5.00824010642043,1.2711539934145035,5787.0,4641.0
8929aeb0cafffff,4.138498252260224,4.137891178085359,4782.0,11943.0
8929aeb0cb3ffff,3.2313433765715924,0.0,3734.0,4023.0
8929aeb0cb7ffff,5.169319916508303,0.1478803812027604,5973.0,6563.0
8929aeb0cbbffff,9.806823031703953,3.115095535633433,11333.0,7703.0
8929aeb0cc3ffff,2.5996679551832944,0.451286076129999,3005.0,20091.0
8929aeb0cc7ffff,12.850592471684712,5.820162134355098,14851.0,19113.0
8929aeb0ccbffff,7.883966060726879,5.2272074524543894,9112.0,27322.0
8929aeb0ccfffff,1.512853178175294,0.0514207358878647,1749.0,18893.0
8929aeb0cd3ffff,5.249747698134835,3.0582233674292705,6067.0,26817.0
8929aeb0cd7ffff,12.821047910346415,5.9391771019677995,14819.0,21768.0
8929aeb0cdbffff,4.49632781207368,5.324919916938976,5197.0,21173.0
8929aeb0d07ffff,0.0,0.0,0.0,0.0
8929aeb0d0fffff,0.1196615820881569,0.0,138.0,0.0
8929aeb0d17ffff,0.0,0.0,0.0,0.0
8929aeb0d23ffff,6.724069157224237,1.6700276053801124,7768.0,18081.0
8929aeb0d27ffff,10.42622419467438,0.6572370520046794,12043.0,16814.0
8929aeb0d2bffff,0.8710448486812785,0.1455321626079363,1006.0,14820.0
8929aeb0d2fffff,8.633649543137084,1.6796249035551072,9973.0,11928.0
8929aeb0d33ffff,0.0215021595647215,3.6839295248264814,25.0,649.0
8929aeb0d37ffff,10.26387386910086,3.085612451675026,11856.0,24276.0
8929aeb0d3bffff,0.0,0.0,0.0,0.0
8929aeb0d43ffff,5.981143010263536,0.1044932079414838,6911.0,12390.0
8929aeb0d47ffff,0.1797995095243882,0.0,208.0,9786.0
8929aeb0d4bffff,4.520159531376581,0.0,5223.0,6922.0
8929aeb0d4fffff,9.29735456330041,3.1719230537297234,10742.0,5781.0
8929aeb0d53ffff,3.196739699394302,0.0,3694.0,6687.0
8929aeb0d57ffff,1.1450988212492952,0.0,1323.0,5101.0
8929aeb0d5bffff,6.027891499822407,1.6875811337083515,6965.0,6543.0
8929aeb0d63ffff,0.0,0.0,0.0,0.0
8929aeb0d67ffff,0.0,0.0,0.0,942.0
8929aeb0d6bffff,1.4362282259823629,0.50227957653968,1659.0,4635.0
8929aeb0d73ffff,1.6546025058970533,3.3158497618616987,1912.0,5773.0
8929aeb0d77ffff,0.0,0.0,0.0,0.0
8929aeb0d7bffff,6.793408826040621,4.96758153366158,7848.0,7018.0
8929aeb0da3ffff,3.7909242189106815,0.278997981716728,4379.0,12095.0
8929aeb0da7ffff,8.496522237734345,0.780527662502419,9815.0,16612.0
8929aeb0dabffff,0.0,0.0,0.0,0.0
8929aeb0dafffff,1.260876068908778,0.0,1457.0,10291.0
8929aeb0db3ffff,0.951977339511578,0.6876633200385092,1100.0,10398.0
8929aeb0db7ffff,8.54767439686388,1.390132703736872,9875.0,17442.0
8929aeb0dbbffff,0.0442490285468556,0.0,51.0,0.0
8929aeb0dcbffff,2.478705440316038,0.5858875300619147,2864.0,13989.0
8929aeb0ddbffff,2.3407901296111664,0.1056553411555357,2705.0,12934.0
8929aeb0e03ffff,4.366503021148036,2.507475213764885,4329.0,6691.0
8929aeb0e07ffff,1.6422703952102522,0.2685044303231003,1898.0,8023.0
8929aeb0e0bffff,13.336284142318204,2.127093858016485,9328.0,6626.0
8929aeb0e0fffff,25.857854082932235,6.694524244798468,28140.0,3858.0
8929aeb0e13ffff,8.501141563178436,1.4345662145018054,9825.0,10908.0
8929aeb0e17ffff,5.47870103574488,3.3583422650946764,6332.0,21424.0
8929aeb0e1bffff,5.555884359356942,1.0085122131754256,6421.0,3852.0
8929aeb0e23ffff,23.345742278157665,0.0,26979.0,0.0
8929aeb0e27ffff,5.470745840862358,3.320190910977381,6322.0,8386.0
8929aeb0e2bffff,9.050599430585525,0.0,5482.0,0.0
8929aeb0e2fffff,4.201149162513526,2.0810852474179127,3969.0,9147.0
8929aeb0e33ffff,2.2622277741261203,0.0,2614.0,0.0
8929aeb0e37ffff,6.164093361745611,0.0,7123.0,0.0
8929aeb0e3bffff,12.301251059163636,0.0,14216.0,63.0
8929aeb0e47ffff,26.587651391401344,10.638351155743658,22911.0,12846.0
8929aeb0e4bffff,19.579761786105852,6.555249828028266,22630.0,21518.0
8929aeb0e4fffff,25.19248095667131,4.2762031576945025,22145.0,9058.0
8929aeb0e57ffff,19.30977558362274,6.357610457838249,22318.0,16427.0
8929aeb0e63ffff,24.90800659814744,2.7380465876583573,14840.0,6854.0
8929aeb0e67ffff,14.434050933178176,0.0,1161.0,0.0
8929aeb0e6bffff,14.878575636577862,0.0,0.0,0.0
8929aeb0e6fffff,4.081565854935847,0.0,0.0,0.0
8929aeb0e73ffff,26.880116147204543,3.0441825392392334,28927.0,6249.0
8929aeb0e77ffff,13.168084582771304,5.073669934036126,15218.0,5543.0
8929aeb0e7bffff,22.399104899497488,3.692981217342183,12324.0,4910.0
8929aeb0e83ffff,8.938994686252157,4.7440133991218145,10332.0,15151.0
8929aeb0e87ffff,8.51291156589727,2.425660792951542,9838.0,12758.0
8929aeb0e8bffff,5.552925346357021,0.0,6418.0,14.0
8929aeb0e8fffff,12.76296854656342,5.726489708746978,14751.0,14461.0
8929aeb0e93ffff,8.545781304993787,3.752265628012803,9877.0,17970.0
8929aeb0e97ffff,5.379736978177038,3.4600668815714157,6218.0,23072.0
8929aeb0e9bffff,4.914923239364237,3.7703513281919454,5681.0,9298.0
8929aeb0ea3ffff,2.0319732849871346,0.3079829172141918,2348.0,17479.0
8929aeb0ea7ffff,4.664942833110066,0.0,5391.0,9961.0
8929aeb0eabffff,1.4214377610875573,0.5815385603975454,1643.0,33419.0
8929aeb0eafffff,2.11521867124393,0.5469604625722769,2444.0,2291.0
8929aeb0eb3ffff,6.582373903508771,2.143571369052579,7607.0,16911.0
8929aeb0eb7ffff,6.195445624746893,2.3957721667645333,7160.0,14960.0
8929aeb0ebbffff,5.9796711118587265,1.4830355205092962,6911.0,14707.0
8929aeb0ec3ffff,13.397598617102457,5.787470053493485,15485.0,20669.0
8929aeb0ec7ffff,11.326337690815029,4.293285033876702,13091.0,15408.0
8929aeb0ecfffff,13.94149307285956,3.241729904958373,16114.0,18912.0
8929aeb0ed3ffff,8.509538269874641,3.605932136609352,9836.0,22019.0
8929aeb0ed7ffff,10.47716937644054,5.210205856770078,12110.0,11769.0
8929aeb0edbffff,8.819004073903347,3.1259677252864466,10193.0,20271.0
8929aeb1003ffff,4.153482789826005,0.7907346890397737,4659.0,21093.0
8929aeb1007ffff,5.954686725823161,2.0821027761370345,1904.0,7161.0
8929aeb100bffff,2.7716396237136185,0.0,158.0,244.0
8929aeb100fffff,1.8339368856699432,0.0,255.0,3272.0
8929aeb1013ffff,4.522931224653691,2.1913971576178493,4886.0,18607.0
8929aeb1017ffff,5.14105186542347,1.9169329073482428,5899.0,31940.0
8929aeb101bffff,5.692356891589383,0.0,320.0,413.0
8929aeb1023ffff,0.0,0.0,0.0,0.0
8929aeb1027ffff,0.0,0.0,0.0,0.0
8929aeb102bffff,0.0,0.0,0.0,0.0
8929aeb102fffff,0.0,0.0,0.0,0.0
8929aeb1033ffff,5.353269031805894,4.400274160383825,577.0,2511.0
8929aeb1037ffff,0.0,0.0,0.0,0.0
8929aeb103bffff,0.0,0.0,0.0,0.0
8929aeb1043ffff,0.0,0.0,0.0,0.0
8929aeb1047ffff,0.0,0.0,0.0,0.0
8929aeb104bffff,0.0,0.0,0.0,0.0
8929aeb104fffff,0.0,0.0,0.0,0.0
8929aeb1053ffff,0.0,0.0,0.0,0.0
8929aeb105bffff,0.0,0.0,0.0,0.0
8929aeb1063ffff,0.0,0.0,0.0,0.0
8929aeb1067ffff,0.0,0.0,0.0,0.0
8929aeb106bffff,0.0,0.0,0.0,0.0
8929aeb106fffff,0.0,0.0,0.0,0.0
8929aeb1073ffff,0.0,0.0,0.0,0.0
8929aeb1077ffff,0.0,0.0,0.0,0.0
8929aeb107bffff,0.0,0.0,0.0,0.0
8929aeb10a3ffff,4.677733316894015,0.2581241169438104,4507.0,13215.0
8929aeb10a7ffff,0.0,0.0,0.0,0.0
8929aeb10abffff,8.426304781465571,2.2290960868070897,5642.0,14337.0
8929aeb10afffff,12.047854305918822,2.1700174288730145,8955.0,14347.0
8929aeb10b3ffff,5.620721116923864,0.5165114309906859,6165.0,8459.0
8929aeb10b7ffff,0.0,0.0,0.0,1453.0
8929aeb10cbffff,0.0,0.0,0.0,0.0
8929aeb10dbffff,0.0,0.0,0.0,0.0
8929aeb1103ffff,24.715082198902355,2.297640570290867,28581.0,15369.0
8929aeb110bffff,10.53686720583749,1.314557868076203,12185.0,25809.0
8929aeb110fffff,13.570456717821305,2.6660893232710627,15691.0,5665.0
8929aeb1113ffff,15.155241220014815,4.642148634213338,17527.0,11248.0
8929aeb111bffff,12.763659229006874,0.9966276423655854,14761.0,25999.0
8929aeb1123ffff,6.286173283063043,0.6139918433200376,7269.0,15967.0
8929aeb1127ffff,13.561300928433992,1.718967636214666,15681.0,21591.0
8929aeb112bffff,3.6083886474302296,2.0827698133621855,4172.0,6516.0
8929aeb112fffff,7.078764329703039,0.2416173570019724,8185.0,14566.0
8929aeb1133ffff,17.096824408468244,0.0,19769.0,0.0
8929aeb1137ffff,15.200470743538173,0.4892899858649559,17576.0,6589.0
8929aeb113bffff,9.93365731559629,0.1233045622688039,11487.0,9331.0
8929aeb1143ffff,0.0098167539267015,0.0,0.0,0.0
8929aeb1147ffff,5.174127131228995,0.474166121648136,3336.0,4383.0
8929aeb114bffff,4.653561069932324,0.0,780.0,0.0
8929aeb114fffff,9.663690871609372,0.0,8117.0,4238.0
8929aeb1153ffff,0.0948859732356116,0.0,0.0,0.0
8929aeb1157ffff,5.517344684250602,0.0051109066748441,3182.0,7043.0
8929aeb115bffff,0.0229042601923957,0.0,0.0,0.0
8929aeb1163ffff,9.688094415336575,1.4717771571365574,11203.0,19304.0
8929aeb1167ffff,6.855230386052304,1.2883150119234572,7927.0,12219.0
8929aeb116bffff,10.105396236483998,0.8798021788990825,11453.0,19914.0
8929aeb116fffff,11.183131127279292,1.4765051123989517,12932.0,19218.0
8929aeb1173ffff,7.047998306073247,0.9564152629314624,6830.0,10774.0
8929aeb1177ffff,5.797124008829088,1.3913224864413851,6704.0,17018.0
8929aeb117bffff,6.620821905867777,0.2694955533233701,7656.0,14655.0
8929aeb1183ffff,9.7454909944404,0.911896312297485,11271.0,23119.0
8929aeb1187ffff,19.553354356102464,4.113540403829272,22613.0,16515.0
8929aeb118bffff,5.7904032484360295,0.5733241986081563,6314.0,9927.0
8929aeb118fffff,15.70175383983215,1.972110539976589,18158.0,13868.0
8929aeb1193ffff,9.93052399599081,2.123836328209569,11485.0,16275.0
8929aeb1197ffff,9.32921191972582,1.263709633990917,10789.0,19802.0
8929aeb119bffff,7.717331075402038,0.9009648127128264,8925.0,25144.0
8929aeb11a7ffff,20.658136421655616,3.697178667606272,23888.0,13775.0
8929aeb11c3ffff,8.688219618884812,0.0,2488.0,0.0
8929aeb11c7ffff,5.896925999577839,0.4236472174080493,3822.0,14892.0
8929aeb11cbffff,0.0,0.0,0.0,0.0
8929aeb11cfffff,4.086418553428562,0.01071524243236,2271.0,6719.0
8929aeb11d3ffff,7.970270748540082,1.1028478142572102,4054.0,9814.0
8929aeb11d7ffff,9.594885067555712,1.606779921003183,6299.0,9237.0
8929aeb11dbffff,0.0,0.0,0.0,0.0
8929aeb1203ffff,4.934855480361774,0.394231985495636,5618.0,17009.0
8929aeb1207ffff,0.0457467930564459,0.0,53.0,0.0
8929aeb120bffff,3.64975221034954,0.2281438218653039,3192.0,3936.0
8929aeb120fffff,0.0588326249533298,0.0,56.0,2613.0
8929aeb1213ffff,7.1801061189169495,1.2483675193977106,6810.0,18510.0
8929aeb1217ffff,2.25529280855987,0.1976216066289914,2204.0,10363.0
8929aeb121bffff,11.298601467962706,1.4358758842894166,3281.0,5066.0
8929aeb1223ffff,2.278501072148407,1.4544364058927166,1656.0,18928.0
8929aeb1227ffff,9.466095645967169,5.753725873442463,4774.0,11110.0
8929aeb122bffff,6.609754137875623,4.589422773630533,5923.0,19601.0
8929aeb122fffff,9.536970466577651,6.323684102676193,11031.0,24686.0
8929aeb1233ffff,3.1374660818010236,0.0,2160.0,1717.0
8929aeb1237ffff,0.0,0.0,0.0,0.0
8929aeb123bffff,0.2312791763477074,0.0,78.0,0.0
8929aeb1243ffff,0.0,0.0,0.0,0.0
8929aeb1247ffff,0.0,0.0,0.0,0.0
8929aeb124bffff,5.51394839258266,0.0,0.0,0.0
8929aeb124fffff,0.0,0.0,0.0,0.0
8929aeb1253ffff,0.0,0.0,0.0,0.0
8929aeb1257ffff,0.0,0.0,0.0,0.0
8929aeb125bffff,0.0,0.0,0.0,0.0
8929aeb1263ffff,0.0,0.0,0.0,0.0
8929aeb1267ffff,0.4243398869118638,0.4287993617869964,294.0,3595.0
8929aeb126bffff,0.0,0.0,0.0,0.0
8929aeb126fffff,0.0295704224090037,0.0,12.0,7141.0
8929aeb1273ffff,0.5332094069879784,0.0,157.0,1027.0
8929aeb1277ffff,0.0,0.0,0.0,0.0
8929aeb127bffff,0.0,0.0,0.0,0.0
8929aeb1283ffff,0.0,0.0,0.0,0.0
8929aeb1287ffff,0.0065438602231456,0.0,0.0,0.0
8929aeb128bffff,8.540419161676645,0.3418272218769422,5340.0,11545.0
8929aeb128fffff,9.349755812882025,0.1343265355965319,1096.0,2944.0
8929aeb1293ffff,0.0,0.0,0.0,0.0
8929aeb1297ffff,0.0,0.0,0.0,0.0
8929aeb129bffff,0.0,0.0,0.0,0.0
8929aeb12a3ffff,0.9156089864421452,0.0,944.0,2186.0
8929aeb12a7ffff,0.4404707119847479,0.0,24.0,479.0
8929aeb12abffff,0.4711725786273131,0.0,545.0,7182.0
8929aeb12afffff,0.0,0.0,0.0,3394.0
8929aeb12b3ffff,0.347111870332115,0.1414827391058291,252.0,1270.0
8929aeb12b7ffff,2.5800672550257713,0.0,633.0,1644.0
8929aeb12bbffff,0.0315120711562897,0.0,22.0,3347.0
8929aeb12c3ffff,0.0,0.0,0.0,0.0
8929aeb12c7ffff,8.684189738931238,0.7863695937090431,3166.0,6813.0
8929aeb12cbffff,0.0,0.0,0.0,0.0
8929aeb12cfffff,0.0,0.0,0.0,0.0
8929aeb12d3ffff,0.0,0.0,0.0,0.0
8929aeb12d7ffff,8.352879854052645,2.6194144838212634,231.0,228.0
8929aeb12dbffff,0.0,0.0,0.0,0.0
8929aeb1303ffff,0.0,0.0,0.0,0.0
8929aeb1307ffff,0.0,0.0,0.0,0.0
8929aeb130bffff,0.0,0.0,0.0,0.0
8929aeb130fffff,0.0,0.0,0.0,0.0
8929aeb1313ffff,0.0228982662741249,0.0,0.0,0.0
8929aeb1317ffff,0.0,0.0,0.0,0.0
8929aeb131bffff,0.0,0.0,0.0,0.0
8929aeb1323ffff,0.0,0.0,0.0,0.0
8929aeb1327ffff,0.0,0.0,0.0,0.0
8929aeb132bffff,0.0,0.0,0.0,0.0
8929aeb132fffff,0.0,0.0,0.0,0.0
8929aeb1333ffff,4.068091950941626,0.0,437.0,1714.0
8929aeb1337ffff,8.901353493476405,0.0,263.0,0.0
8929aeb133bffff,0.0,0.0,0.0,0.0
8929aeb1343ffff,4.77326968973747,2.4341679526108813,1303.0,7056.0
8929aeb1347ffff,1.7727152717534795,2.0033112582781456,169.0,2131.0
8929aeb134bffff,2.566345238021128,0.9532455742169768,2968.0,28279.0
8929aeb134fffff,2.684742993590549,1.0229139223626222,2461.0,21910.0
8929aeb1353ffff,12.38970409008921,4.370790328051558,3660.0,7105.0
8929aeb1357ffff,0.0,0.0,0.0,0.0
8929aeb135bffff,9.88530432482064,7.1847619047619045,11434.0,21928.0
8929aeb1363ffff,0.0,0.0,0.0,0.0
8929aeb1367ffff,0.0130817280962815,0.0,0.0,0.0
8929aeb136bffff,1.0398953564421192,0.0,0.0,0.0
8929aeb136fffff,0.0,0.0,0.0,0.0
8929aeb1373ffff,0.0,0.0,0.0,0.0
8929aeb1377ffff,0.0,0.0,0.0,0.0
8929aeb137bffff,5.388536106324782,0.9934990038796268,3220.0,13597.0
8929aeb1383ffff,0.0,0.0,0.0,0.0
8929aeb1387ffff,0.063132361981027,0.0,41.0,4342.0
8929aeb138bffff,0.0,0.0,0.0,0.0
8929aeb138fffff,0.0,0.0,0.0,0.0
8929aeb1393ffff,0.0,0.0,0.0,0.0
8929aeb1397ffff,0.0,0.0,0.0,0.0
8929aeb139bffff,0.0,0.0,0.0,0.0
8929aeb13a3ffff,13.687700623753852,0.6134320465362242,15397.0,16915.0
8929aeb13a7ffff,8.167883598819015,0.0,1663.0,2456.0
8929aeb13abffff,5.0115981562416,0.0,3624.0,6049.0
8929aeb13afffff,9.806147560879973,1.381040689429475,9453.0,16273.0
8929aeb13b3ffff,7.608018926659195,2.0871488302982137,8798.0,10201.0
8929aeb13b7ffff,7.724505804832131,0.0,4431.0,863.0
8929aeb13bbffff,8.68431628654677,0.2868991419107483,6223.0,13763.0
8929aeb13c3ffff,0.0,0.0,0.0,0.0
8929aeb13c7ffff,0.0,0.0,0.0,0.0
8929aeb13cbffff,0.0,0.0,0.0,0.0
8929aeb13cfffff,0.0,0.0,0.0,0.0
8929aeb13d3ffff,0.0,0.0,0.0,0.0
8929aeb13d7ffff,0.0,0.0,0.0,0.0
8929aeb13dbffff,0.0,0.0,0.0,0.0
8929aeb152fffff,12.205842069875738,2.8330107337673764,14116.0,15903.0
8929aeb1567ffff,7.822270640417088,1.064350924070363,9047.0,23993.0
8929aeb156bffff,11.369758785909642,3.60812743174487,5971.0,10435.0
8929aeb157bffff,6.88423058599333,2.978761497661303,6346.0,15607.0
8929aeb1603ffff,0.0,0.0,0.0,0.0
8929aeb1607ffff,0.0,0.0,0.0,0.0
8929aeb160bffff,0.0,0.0,0.0,0.0
8929aeb160fffff,0.0,0.0,0.0,0.0
8929aeb1613ffff,0.0,0.0,0.0,0.0
8929aeb1617ffff,0.0,0.0,0.0,0.0
8929aeb161bffff,0.0,0.0,0.0,0.0
8929aeb1623ffff,0.0,0.0,0.0,0.0
8929aeb1627ffff,0.0,0.0,0.0,0.0
8929aeb162bffff,0.0,0.0,0.0,0.0
8929aeb162fffff,0.0,0.0,0.0,0.0
8929aeb1633ffff,0.0,0.0,0.0,0.0
8929aeb1637ffff,0.0,0.0,0.0,0.0
8929aeb163bffff,0.0,0.0,0.0,0.0
8929aeb1663ffff,0.0,0.0,0.0,0.0
8929aeb1667ffff,0.0,0.0,0.0,0.0
8929aeb166fffff,0.0,0.0,0.0,0.0
8929aeb1673ffff,0.0,0.0,0.0,0.0
8929aeb1677ffff,0.0,0.0,0.0,0.0
8929aeb16a3ffff,4.793198529411765,0.0,375.0,0.0
8929aeb16a7ffff,0.0,0.0,0.0,238.0
8929aeb16abffff,0.0,0.0,0.0,0.0
8929aeb16afffff,0.0,0.0,0.0,0.0
8929aeb16b3ffff,17.554263123883377,0.0,1662.0,0.0
8929aeb16b7ffff,11.060714798335008,0.0,6935.0,1992.0
8929aeb16bbffff,0.0,0.0,0.0,0.0
8929aeb1803ffff,15.229621876226611,0.0,0.0,0.0
8929aeb1807ffff,0.5202028463929331,0.0,0.0,0.0
8929aeb1817ffff,3.650518465212129,0.0,0.0,0.0
8929aeb1833ffff,1.262799751365852,0.0,0.0,0.0
8929aeb1853ffff,0.0,0.0,0.0,0.0
8929aeb185bffff,0.0261660234185909,0.0,0.0,0.0
8929aeb1883ffff,0.1570423687223949,0.0,0.0,0.0
8929aeb188bffff,0.8767625216737005,0.0,0.0,0.0
8929aeb1893ffff,19.749385454763473,6.817920073707244,11858.0,11651.0
8929aeb1897ffff,8.326101383429476,1.4454099630043875,2936.0,4124.0
8929aeb189bffff,5.385200769953892,0.0,433.0,0.0
8929aeb18a3ffff,0.1570372309101616,0.0,0.0,0.0
8929aeb18a7ffff,4.845411418288893,0.0,0.0,0.0
8929aeb18abffff,4.864405116294285,0.0,0.0,0.0
8929aeb18afffff,3.2782594470799933,0.0,0.0,0.0
8929aeb18c3ffff,0.323846908734053,0.0,0.0,0.0
8929aeb18c7ffff,0.2551938491738917,0.0,0.0,0.0
8929aeb18cbffff,0.0,0.0,0.0,0.0
8929aeb18cfffff,0.0098151480451496,0.0,0.0,0.0
8929aeb18d3ffff,0.0588966690661606,0.0,0.0,0.0
8929aeb18d7ffff,0.0457950345098295,0.0,0.0,0.0
8929aeb18dbffff,0.0228990153423402,0.0,0.0,0.0
8929aeb19d3ffff,0.9587068909102808,0.0,0.0,0.0
8929aeb19dbffff,2.5322253484263557,0.0,0.0,0.0
8929aeb1a03ffff,2.4071166928309786,0.0,0.0,0.0
8929aeb1a0bffff,0.0588600765180994,0.0,0.0,0.0
8929aeb1a0fffff,2.242929540624489,0.0,0.0,0.0
8929aeb1a13ffff,9.528169244351435,0.0,0.0,0.0
8929aeb1a1bffff,0.019621308741293,0.0,0.0,0.0
8929aeb1a2bffff,12.600948177211052,0.0,0.0,0.0
8929aeb1a3bffff,16.881418012950487,0.0,0.0,0.0
8929aeb1a43ffff,0.0,0.0,0.0,0.0
8929aeb1a47ffff,0.0,0.0,0.0,0.0
8929aeb1a4bffff,0.0425072752836543,0.0,0.0,0.0
8929aeb1a4fffff,0.0,0.0,0.0,0.0
8929aeb1a53ffff,0.0,0.0,0.0,0.0
8929aeb1a57ffff,0.0163505559189012,0.0,0.0,0.0
8929aeb1a5bffff,0.0,0.0,0.0,0.0
8929aeb1a63ffff,0.0,0.0,0.0,0.0
8929aeb1a67ffff,5.041027820458335,0.0,0.0,0.0
8929aeb1a6bffff,7.823073653927883,0.0,0.0,0.0
8929aeb1a73ffff,0.0,0.0,0.0,0.0
8929aeb1a77ffff,0.1242723526718555,0.0,0.0,0.0
8929aeb1a7bffff,0.0,0.0,0.0,0.0
8929aeb1a8bffff,6.535178098322049,0.0,0.0,0.0
8929aeb1a93ffff,1.6156991005723629,0.0,0.0,0.0
8929aeb1a97ffff,14.933281004709576,0.0,0.0,0.0
8929aeb1a9bffff,0.1209980705713071,0.0,0.0,0.0
8929aeb1ac3ffff,0.0,0.0,0.0,0.0
8929aeb1ac7ffff,0.0,0.0,0.0,0.0
8929aeb1acbffff,0.1013833927461817,0.0,0.0,0.0
8929aeb1acfffff,0.0,0.0,0.0,0.0
8929aeb1ad3ffff,0.0,0.0,0.0,0.0
8929aeb1ad7ffff,0.0098106543706465,0.0,0.0,0.0
8929aeb1adbffff,0.1373311970702678,0.0,0.0,0.0
8929aeb1c03ffff,9.278311992426884,1.2065277477347562,10727.0,14798.0
8929aeb1c07ffff,10.619719801076826,1.2067312460739907,12277.0,21515.0
8929aeb1c0bffff,10.44207720548167,2.7799007927587707,12072.0,23355.0
8929aeb1c0fffff,10.943163558910356,3.041469958903644,12651.0,20554.0
8929aeb1c13ffff,10.9171869404786,3.38540916034935,12622.0,24133.0
8929aeb1c17ffff,9.709040181351668,2.3545409003077364,11225.0,19647.0
8929aeb1c1bffff,7.893548718555491,2.502519991936026,9126.0,26115.0
8929aeb1c23ffff,10.97695798000056,3.017090238287622,12689.0,22901.0
8929aeb1c27ffff,8.93227528387326,3.703267762296409,10325.0,23562.0
8929aeb1c2bffff,14.063940307431674,10.274309310785569,16258.0,19712.0
8929aeb1c2fffff,6.103508629871627,3.5176130126733858,7055.0,20884.0
8929aeb1c33ffff,8.68159792722879,2.287416683498283,10036.0,20899.0
8929aeb1c37ffff,4.691893979265478,1.872225958305313,5424.0,13132.0
8929aeb1c3bffff,11.715210154427773,2.744147184586903,13543.0,21371.0
8929aeb1c43ffff,13.256984857967549,1.5292919865948331,15327.0,16713.0
8929aeb1c47ffff,9.033955566626709,3.272837846488702,10445.0,21758.0
8929aeb1c4bffff,11.114639963632062,1.18801418975017,12851.0,23565.0
8929aeb1c4fffff,8.842651986000224,1.418157720344599,10223.0,21421.0
8929aeb1c53ffff,11.77001731159628,2.177506288178225,13609.0,19601.0
8929aeb1c57ffff,9.242491234843907,4.082684205740612,10686.0,22785.0
8929aeb1c5bffff,11.968241612827898,0.5115544143788268,13838.0,18134.0
8929aeb1c63ffff,14.359754601226992,4.400994311072555,15799.0,20629.0
8929aeb1c67ffff,19.889252493380923,10.05214748041194,18336.0,12357.0
8929aeb1c6bffff,14.14134122572728,9.315580471852371,4937.0,6988.0
8929aeb1c6fffff,2.1070174394381285,0.0,127.0,0.0
8929aeb1c73ffff,9.385460943217028,1.2642907378027837,10850.0,21732.0
8929aeb1c77ffff,11.492481074230124,1.3171332981158654,13286.0,20175.0
8929aeb1c7bffff,9.474936321004416,1.890128459889534,10954.0,22573.0
8929aeb1c83ffff,3.21794201165745,2.977573628748987,3721.0,6463.0
8929aeb1c87ffff,3.661342907588303,1.147227533460803,4233.0,558.0
8929aeb1c8bffff,8.48769612559511,1.9119608714984435,9813.0,3971.0
8929aeb1c8fffff,10.48614851926005,2.73131941743377,12124.0,16205.0
8929aeb1c93ffff,6.097507815321767,8.220166355457478,7050.0,7786.0
8929aeb1c97ffff,4.484508796512533,2.00632536074323,5185.0,7139.0
8929aeb1c9bffff,5.446302915571718,5.93996735183396,6297.0,10164.0
8929aeb1ca3ffff,11.953214771725827,5.5010320261002725,13819.0,25547.0
8929aeb1ca7ffff,10.983217014067312,5.587324279247081,12696.0,22824.0
8929aeb1cabffff,10.131600254107449,2.997640422769222,11713.0,25011.0
8929aeb1cafffff,9.46053258510244,2.8918258275676347,10936.0,25314.0
8929aeb1cb3ffff,3.861963304809237,1.09761583445794,4465.0,19787.0
8929aeb1cb7ffff,8.53097245923693,3.158002068433089,9862.0,23934.0
8929aeb1cbbffff,9.018524688686208,2.027424397189463,10426.0,22789.0
8929aeb1cc3ffff,11.18023058505587,2.8731870327626003,12927.0,10149.0
8929aeb1cc7ffff,9.503244448319238,2.8607277289836888,10988.0,12542.0
8929aeb1ccbffff,8.734490542539113,0.4482782041703457,10099.0,15830.0
8929aeb1ccfffff,8.345502495586409,1.848084096303832,9649.0,22924.0
8929aeb1cd3ffff,8.914204941715651,1.934607457373056,10307.0,22610.0
8929aeb1cd7ffff,6.373121362986764,2.759315206445116,7369.0,5214.0
8929aeb1cdbffff,19.771293719138978,18.08183776022972,22862.0,10270.0
8929aeb1d03ffff,18.298150875470466,0.0,0.0,0.0
8929aeb1d07ffff,4.123441437313873,0.0,0.0,0.0
8929aeb1d0bffff,26.57962762998593,0.0,0.0,0.0
8929aeb1d0fffff,9.64955335231177,0.0,0.0,0.0
8929aeb1d13ffff,22.10207428230684,9.77712269418018,14945.0,7272.0
8929aeb1d17ffff,2.8536832804267434,0.0,0.0,0.0
8929aeb1d1bffff,5.2524283487228685,0.0,946.0,629.0
8929aeb1d47ffff,8.647711284886956,0.0,0.0,0.0
8929aeb1d53ffff,9.06281775324521,6.765886615098404,7412.0,3428.0
8929aeb1d57ffff,1.8000327278677792,0.0,0.0,0.0
8929aeb1d5bffff,7.219329496665754,2.2009718577034016,5690.0,13549.0
8929aeb1d63ffff,2.3167539267015704,0.0,0.0,0.0
8929aeb1d6bffff,4.419654540696153,0.0,0.0,0.0
8929aeb1d6fffff,0.0,0.0,0.0,0.0
8929aeb1d73ffff,9.87892670157068,0.0,0.0,0.0
8929aeb1d7bffff,14.62696335078534,0.0,0.0,0.0
8929aeb1d83ffff,11.294969182231275,4.103291436396537,13056.0,21177.0
8929aeb1d87ffff,11.800158851287163,1.8718884832392968,13639.0,5322.0
8929aeb1d8bffff,12.105781149751774,3.521631991016563,13993.0,22270.0
8929aeb1d8fffff,10.04636281591388,3.629988656285449,11101.0,10093.0
8929aeb1d93ffff,11.867188643576352,3.385471499473605,13717.0,23126.0
8929aeb1d9bffff,11.701481566841805,2.341425966797812,13526.0,18319.0
8929aeb1da3ffff,5.600104736032469,0.0,0.0,0.0
8929aeb1da7ffff,8.884669525649,0.0,0.0,0.0
8929aeb1dabffff,10.540443222364072,0.0,0.0,0.0
8929aeb1dafffff,4.794632629684177,0.0,0.0,0.0
8929aeb1db3ffff,16.653687700964632,7.787240753883763,14320.0,8419.0
8929aeb1db7ffff,5.586647029946,0.0,0.0,0.0
8929aeb1dbbffff,10.747161762854455,0.0,5224.0,0.0
8929aeb1dc3ffff,2.992986259047477,0.0992063492063492,3460.0,3263.0
8929aeb1dc7ffff,15.684711144055788,4.554751415984897,18130.0,17472.0
8929aeb1dcbffff,6.627612925729378,11.679373146971622,7661.0,3003.0
8929aeb1dcfffff,10.790063796130513,3.5819694123960293,11173.0,5175.0
8929aeb1dd3ffff,9.746154636703093,2.906316866685273,11266.0,18786.0
8929aeb1dd7ffff,7.063238706261582,0.9738914214670534,8164.0,20645.0
8929aeb1ddbffff,9.526908978794834,2.4596007604562735,11013.0,11821.0
8929aeb1e03ffff,0.0,0.0,0.0,0.0
8929aeb1e07ffff,0.0,0.0,0.0,0.0
8929aeb1e0bffff,0.0,0.0,0.0,0.0
8929aeb1e0fffff,0.0,0.0,0.0,0.0
8929aeb1e13ffff,12.757410209207515,4.9504950495049505,6162.0,10472.0
8929aeb1e17ffff,11.222780569514237,0.0,169.0,749.0
8929aeb1e1bffff,10.631120783460284,1.0078023407022108,352.0,1096.0
8929aeb1e23ffff,0.0,0.0,0.0,0.0
8929aeb1e27ffff,0.0,0.0,0.0,0.0
8929aeb1e2bffff,0.0,0.0,0.0,0.0
8929aeb1e2fffff,0.0,0.0,0.0,0.0
8929aeb1e33ffff,0.0,0.0,0.0,0.0
8929aeb1e37ffff,0.0,0.0,0.0,0.0
8929aeb1e3bffff,0.0,0.0,0.0,0.0
8929aeb1e43ffff,0.0196219504218719,0.0,0.0,0.0
8929aeb1e47ffff,0.2551521099116781,0.0,0.0,0.0
8929aeb1e4bffff,0.1668083992935173,0.0,0.0,0.0
8929aeb1e4fffff,0.0556082561905073,0.0,0.0,0.0
8929aeb1e53ffff,0.0523440311446985,0.0,0.0,0.0
8929aeb1e57ffff,0.0,0.0,0.0,0.0
8929aeb1e5bffff,0.0556082561905073,0.0,0.0,0.0
8929aeb1e63ffff,0.0,0.0,0.0,0.0
8929aeb1e67ffff,0.0,0.0,0.0,0.0
8929aeb1e6bffff,0.0,0.0,0.0,0.0
8929aeb1e6fffff,0.0,0.0,0.0,0.0
8929aeb1e73ffff,0.0785032055475598,0.0,0.0,0.0
8929aeb1e77ffff,0.0,0.0,0.0,0.0
8929aeb1e7bffff,0.0,0.0,0.0,0.0
8929aeb1e83ffff,10.43087285190537,2.235475664178171,6289.0,8439.0
8929aeb1e87ffff,12.834883720930232,1.242201885288702,11921.0,12937.0
8929aeb1e8bffff,8.890197968546385,0.3972327605445213,8964.0,16068.0
8929aeb1e8fffff,18.51243085293001,2.329569353220953,13867.0,10867.0
8929aeb1e93ffff,10.293804589922251,2.1525734159241043,11663.0,17117.0
8929aeb1e97ffff,10.50376735786786,0.2051620230440915,12145.0,19612.0
8929aeb1e9bffff,12.989898143102655,2.214022140221402,10041.0,10112.0
8929aeb1ea3ffff,14.23500391071536,2.234980520811974,2555.0,1716.0
8929aeb1ea7ffff,0.0,0.0,0.0,0.0
8929aeb1eabffff,0.0327096689781499,0.0,0.0,0.0
8929aeb1eafffff,0.0817955764952231,0.0,0.0,0.0
8929aeb1eb3ffff,13.12189015003928,0.6750202101859337,14791.0,17693.0
8929aeb1eb7ffff,6.658309875674408,5.563633845727738,3270.0,9820.0
8929aeb1ebbffff,18.455765038987888,2.267954640907182,5913.0,2513.0
8929aeb1ec3ffff,0.0,0.0,0.0,0.0
8929aeb1ec7ffff,9.964073026347927,3.4855880769873235,8077.0,18720.0
8929aeb1ecbffff,0.0556046184541916,0.0,0.0,0.0
8929aeb1ecfffff,0.0,0.0,0.0,0.0
8929aeb1ed3ffff,10.26215984275946,3.119077272973412,6673.0,12882.0
8929aeb1ed7ffff,10.157839559612652,2.7087088570088147,10011.0,14185.0
8929aeb1edbffff,8.709593552300893,0.0,362.0,695.0
8929aeb2003ffff,7.050314484982214,1.065356590858909,8155.0,6452.0
8929aeb2007ffff,11.383194265920132,4.955364758059931,13167.0,12035.0
8929aeb200bffff,12.961475976172244,1.4495062121694806,14993.0,11137.0
8929aeb200fffff,2.908798914413587,0.5973715651135006,3365.0,3894.0
8929aeb2013ffff,3.793473694038561,3.886107634543179,4388.0,5529.0
8929aeb2017ffff,4.247015324859636,0.0,4913.0,0.0
8929aeb2023ffff,9.400288837429349,2.293524621946491,10873.0,18143.0
8929aeb2027ffff,6.795847535446919,0.988586934289649,7860.0,26140.0
8929aeb202bffff,8.2060076753328,1.9495649141715936,9491.0,22270.0
8929aeb202fffff,6.477518559444695,0.663961087404136,7492.0,23968.0
8929aeb2033ffff,7.846237646875729,1.989898027256266,9075.0,18512.0
8929aeb2037ffff,6.9744062199452825,1.4392365119679829,8067.0,23051.0
8929aeb203bffff,8.57420300590412,4.5746052477353025,9918.0,20516.0
8929aeb2043ffff,9.14983599547358,0.4063415933919531,6317.0,5382.0
8929aeb2047ffff,0.1926022429182584,0.0,197.0,3188.0
8929aeb204bffff,0.2917937116815842,0.0,0.0,0.0
8929aeb204fffff,0.0393300776769034,0.0,0.0,0.0
8929aeb2053ffff,9.44587426839465,3.347704134635362,10412.0,13397.0
8929aeb205bffff,2.350983358547655,0.0,280.0,1024.0
8929aeb2063ffff,3.1320658326684683,0.0,3576.0,4077.0
8929aeb2067ffff,5.26636869560887,0.0226250742385248,6091.0,12726.0
8929aeb206bffff,0.4746131213788594,0.1347028119211988,434.0,2135.0
8929aeb206fffff,2.092534665483916,0.0,2420.0,385.0
8929aeb2073ffff,0.9922036694106844,0.0,1148.0,0.0
8929aeb2077ffff,5.174141741106165,0.0,5985.0,0.0
8929aeb207bffff,0.2289992090790369,0.0,90.0,0.0
8929aeb2083ffff,2.5936518705477045,0.5071633907495268,3000.0,15325.0
8929aeb2087ffff,4.883271449513074,1.2189095700873005,5648.0,23748.0
8929aeb208bffff,0.5642104476961666,0.0,653.0,3548.0
8929aeb208fffff,4.009485339424531,2.555740037950664,4638.0,11832.0
8929aeb2093ffff,8.565275841465843,0.4125534109326654,9909.0,24332.0
8929aeb2097ffff,8.283828485540642,1.0136006781909992,9583.0,19336.0
8929aeb209bffff,2.1159459980953685,0.5105609176108546,2448.0,5121.0
8929aeb20a3ffff,7.72888973268057,1.4686372628883977,8940.0,15240.0
8929aeb20a7ffff,5.4466447945913306,1.5083330747028336,6299.0,11425.0
8929aeb20abffff,7.684167608163165,0.305793846237112,8888.0,13262.0
8929aeb20afffff,8.73653445716082,3.417147480252933,10105.0,16331.0
8929aeb20b3ffff,9.522105164874496,1.0202567948443244,11014.0,21619.0
8929aeb20b7ffff,9.057804115882126,1.9000505095522475,10477.0,23773.0
8929aeb20bbffff,3.6535379156875862,0.0,4226.0,3541.0
8929aeb20cbffff,10.753715934929602,2.314511181162333,10369.0,16622.0
8929aeb20d3ffff,3.1879539216967565,1.9431401265230328,3688.0,23381.0
8929aeb20d7ffff,7.496359177983296,1.8602994793874748,8672.0,20834.0
8929aeb20dbffff,7.927638741579979,2.4648085321737176,8126.0,18733.0
8929aeb2103ffff,4.274004501573683,1.5001490214259694,4942.0,10708.0
8929aeb2107ffff,6.6346638773184905,1.7498147395596777,7672.0,14796.0
8929aeb210bffff,4.765032766215774,2.400243788764206,5510.0,19601.0
8929aeb210fffff,8.597802060957006,1.933846183657256,9942.0,18219.0
8929aeb2113ffff,3.3525291828793775,0.9949056038357806,3877.0,5947.0
8929aeb2117ffff,2.6209043505331153,0.0615552971752958,3031.0,15781.0
8929aeb211bffff,2.034304569792056,0.841715193223928,2353.0,13486.0
8929aeb2123ffff,7.348170196337279,0.5193788797780189,8496.0,20134.0
8929aeb2127ffff,3.8514948283484967,1.262335320342634,4453.0,21288.0
8929aeb212bffff,8.234660423003994,0.6129262661329169,9521.0,21540.0
8929aeb212fffff,7.274250094964101,1.3327122111275391,8411.0,17537.0
8929aeb2133ffff,7.547222680585695,2.619322976901197,8727.0,11216.0
8929aeb2137ffff,9.852520415819574,0.2335337110236561,11393.0,8305.0
8929aeb213bffff,6.655625324936103,1.4006360376209486,7696.0,15738.0
8929aeb2143ffff,7.128893482172319,1.5811223573096964,8244.0,23664.0
8929aeb2147ffff,6.710208046023529,7.171881349045103,7760.0,16448.0
8929aeb214bffff,2.769459679879472,0.0331950207468879,3203.0,4337.0
8929aeb214fffff,8.085660117737522,1.0829511955453652,9350.0,17395.0
8929aeb2153ffff,6.900941957253942,0.5633032540333607,7981.0,19637.0
8929aeb2157ffff,4.517380286776288,2.395200599925009,5224.0,23428.0
8929aeb215bffff,7.181144127150141,2.1483230987246102,8305.0,18644.0
8929aeb2163ffff,6.334989539748954,1.5858569770881208,7326.0,15571.0
8929aeb2167ffff,8.818712794839225,2.1605432589128415,10197.0,21992.0
8929aeb216bffff,9.286477028974904,7.243081173042262,10738.0,19824.0
8929aeb216fffff,7.591192697111972,2.771960762702524,8778.0,12703.0
8929aeb2173ffff,5.052146570779241,0.761000756909355,5842.0,17464.0
8929aeb2177ffff,5.4101004314880425,0.408873882191564,6256.0,13591.0
8929aeb217bffff,7.877278458353438,4.452813469206912,9109.0,18632.0
8929aeb2183ffff,5.972114567476957,1.2587458855054006,6907.0,21491.0
8929aeb2187ffff,0.5155361295564708,1.0362941738299905,596.0,7460.0
8929aeb218bffff,7.032699515608851,0.5942374604167481,8133.0,18307.0
8929aeb218fffff,2.1595589356926497,0.0,2497.0,5453.0
8929aeb2193ffff,8.133229571984437,2.2057884203205065,9406.0,24803.0
8929aeb2197ffff,3.134358093174701,1.0038393856982883,3625.0,8911.0
8929aeb219bffff,8.185811094751456,2.344954550684616,9467.0,15277.0
8929aeb21a3ffff,2.485539415599374,0.8173587120955542,2874.0,15814.0
8929aeb21a7ffff,5.549397860443105,2.261401231207337,6417.0,25206.0
8929aeb21abffff,3.989115781805049,0.1859436640952835,4613.0,14300.0
8929aeb21afffff,3.977198433404108,1.1640857974347,4599.0,9903.0
8929aeb21b3ffff,0.989972635662052,0.5392326304873833,1145.0,10359.0
8929aeb21b7ffff,2.538940276528112,2.8225219189653665,2936.0,12010.0
8929aeb21bbffff,3.3678167718395975,0.0,3894.0,0.0
8929aeb21c3ffff,4.880857885480381,6.312810303887943,5645.0,14062.0
8929aeb21c7ffff,7.3691747346138285,0.7009612096804833,8522.0,18818.0
8929aeb21cbffff,6.687791030653154,0.910437009764687,7735.0,17828.0
8929aeb21cfffff,4.841963057269326,6.434684825388892,5600.0,16175.0
8929aeb21d3ffff,5.261224921722783,1.0351894952582763,6085.0,20512.0
8929aeb21d7ffff,7.448785513950325,1.217104248295437,8614.0,23053.0
8929aeb21dbffff,6.307932693804119,0.6401593285439932,7296.0,15087.0
8929aeb2203ffff,0.0,0.0,0.0,0.0
8929aeb2207ffff,9.999084112239636,3.0933114821263956,7467.0,13624.0
8929aeb220bffff,0.0,0.0,0.0,0.0
8929aeb220fffff,0.0458760690762525,0.0,0.0,0.0
8929aeb2213ffff,0.0,0.0,0.0,0.0
8929aeb2217ffff,0.0,0.0,0.0,0.0
8929aeb221bffff,0.0,0.0,0.0,0.0
8929aeb2223ffff,5.935742499445744,1.6827758848480634,4723.0,5090.0
8929aeb2227ffff,5.436639971613811,0.8342122926455078,6288.0,7446.0
8929aeb222bffff,0.6421807935519807,0.0,0.0,0.0
8929aeb222fffff,7.265238446152226,2.1051701801907905,5963.0,11970.0
8929aeb2233ffff,4.470833090194706,1.1201292739358772,4965.0,19385.0
8929aeb2237ffff,4.4288964484794535,2.635299853729888,5123.0,14378.0
8929aeb223bffff,5.4286134392001175,1.1609330067099797,1329.0,3341.0
8929aeb2243ffff,0.0,0.0,0.0,0.0
8929aeb2247ffff,0.0819349764027267,0.0,0.0,0.0
8929aeb224bffff,0.0,0.0,0.0,0.0
8929aeb224fffff,0.7404980340760158,0.0,0.0,0.0
8929aeb2253ffff,0.0,0.0,0.0,0.0
8929aeb2257ffff,0.0,0.0,0.0,0.0
8929aeb225bffff,0.0,0.0,0.0,0.0
8929aeb2263ffff,0.0,0.0,0.0,0.0
8929aeb2267ffff,0.9272608125819136,0.0,0.0,0.0
8929aeb226bffff,0.0,0.0,0.0,0.0
8929aeb226fffff,0.950227726989744,0.0,0.0,0.0
8929aeb2273ffff,0.2228266212275125,0.0,0.0,0.0
8929aeb2277ffff,0.0,0.0,0.0,0.0
8929aeb227bffff,0.0425936240621211,0.0,0.0,0.0
8929aeb2283ffff,0.0458896027271535,0.0,0.0,0.0
8929aeb2287ffff,0.3802156740633911,0.0,0.0,0.0
8929aeb228bffff,0.2130518863286243,0.0,0.0,0.0
8929aeb228fffff,0.0,0.0,0.0,0.0
8929aeb2293ffff,0.0,0.0,0.0,0.0
8929aeb2297ffff,1.065259431643122,0.0,0.0,0.0
8929aeb229bffff,0.0,0.0,0.0,0.0
8929aeb22a3ffff,2.903680398518664,0.0,0.0,0.0
8929aeb22a7ffff,2.397729685901272,0.9969237780562836,894.0,6256.0
8929aeb22abffff,5.292538344985247,1.4303300310686442,1434.0,6053.0
8929aeb22afffff,7.84368283309743,1.2960286155278438,7002.0,14504.0
8929aeb22b3ffff,0.2130379207498934,0.0,0.0,0.0
8929aeb22b7ffff,0.0,0.0,0.0,1181.0
8929aeb22bbffff,0.2261331235866679,0.0,0.0,0.0
8929aeb22c3ffff,0.0,0.0,0.0,0.0
8929aeb22c7ffff,0.0262209111766633,0.0,0.0,0.0
8929aeb22cbffff,0.0,0.0,0.0,0.0
8929aeb22cfffff,0.0,0.0,0.0,0.0
8929aeb22d3ffff,0.0,0.0,0.0,0.0
8929aeb22d7ffff,0.0,0.0,0.0,0.0
8929aeb22dbffff,0.0327696945864464,0.0,0.0,0.0
8929aeb2303ffff,2.535735631038948,0.0,2933.0,5820.0
8929aeb2307ffff,5.159639379373894,1.5659793254521426,5967.0,19574.0
8929aeb230bffff,1.892313391253459,2.265773267748557,2188.0,9084.0
8929aeb230fffff,3.11543741575587,1.5631784628745111,3603.0,8977.0
8929aeb2313ffff,1.9380001805396891,0.0,2241.0,0.0
8929aeb2317ffff,3.010322885925262,1.8412995407382209,3481.0,8310.0
8929aeb231bffff,0.0806208113753163,0.0,93.0,0.0
8929aeb2327ffff,10.49547796578509,4.21178322342533,12136.0,12707.0
8929aeb232bffff,2.986831045110675,0.8558083471447943,3454.0,11844.0
8929aeb232fffff,6.741055305794593,2.621483375959079,7795.0,14804.0
8929aeb2333ffff,6.122169438339363,1.6243944143630662,7080.0,9942.0
8929aeb2343ffff,7.107793545896849,0.1372861860413342,8220.0,9689.0
8929aeb2347ffff,0.0,0.0,0.0,0.0
8929aeb234bffff,16.330767530822314,4.016205056289198,18888.0,8870.0
8929aeb234fffff,5.333623869632212,0.3938104140976172,6168.0,9014.0
8929aeb2353ffff,2.752436355939853,1.1139896373056994,3183.0,8245.0
8929aeb2357ffff,0.262410000840459,0.0,303.0,4875.0
8929aeb235bffff,9.30264406990678,1.6727053140096615,10760.0,17586.0
8929aeb2363ffff,7.30340576551896,1.7783149171270718,8446.0,6144.0
8929aeb2367ffff,3.2364414087672824,0.0,3743.0,289.0
8929aeb2373ffff,0.7352849618349127,0.0,850.0,0.0
8929aeb2377ffff,0.9005896013497948,0.4891644388828849,1041.0,6298.0
8929aeb237bffff,8.38083083005183,0.4969870162142014,9692.0,5766.0
8929aeb2383ffff,6.070840479740519,7.272989869395671,7021.0,16179.0
8929aeb2387ffff,3.536520071720291,2.80069706237997,4090.0,19678.0
8929aeb238bffff,6.062945312718862,0.0,7012.0,5610.0
8929aeb238fffff,6.973609667116985,0.8597007846004862,8065.0,18059.0
8929aeb2393ffff,4.573426007489051,0.6428811847862673,5289.0,10627.0
8929aeb2397ffff,5.950943161302372,1.9147202607278653,6882.0,20802.0
8929aeb239bffff,4.431392323111592,0.0,5125.0,0.0
8929aeb23a3ffff,8.271926629495765,3.3158675546857737,9566.0,22054.0
8929aeb23a7ffff,5.895959875841758,1.375105403126419,6818.0,21895.0
8929aeb23abffff,7.582011866738888,1.096092925026399,8768.0,16859.0
8929aeb23afffff,4.638254156030135,0.6076414187042811,5364.0,24555.0
8929aeb23b3ffff,13.802281132098964,10.235315578256111,15962.0,17715.0
8929aeb23b7ffff,8.872423883942469,2.948546608753759,10260.0,20914.0
8929aeb23bbffff,7.640250773550488,6.767804124130638,8836.0,16505.0
8929aeb23c3ffff,0.4503663311484185,7.366863905325443,521.0,2254.0
8929aeb23c7ffff,0.5363023462838573,3.094119552891625,620.0,2154.0
8929aeb23cbffff,0.6088128460755537,0.0,704.0,5010.0
8929aeb23cfffff,0.0,0.0,0.0,31.0
8929aeb23d3ffff,0.0,0.0,0.0,481.0
8929aeb23d7ffff,1.662744805089705,0.0,1923.0,5863.0
8929aeb23dbffff,4.98551157673262,0.782481866918953,5766.0,18122.0
8929aeb2403ffff,6.196014736265651,2.1251193887297037,7169.0,11805.0
8929aeb2407ffff,5.894159675371555,0.7122914239233187,6819.0,16259.0
8929aeb240bffff,1.2632509108785817,0.0993035150723691,1462.0,26438.0
8929aeb240fffff,2.918022789079662,1.6428495064324151,3376.0,9936.0
8929aeb2413ffff,1.7756965727531542,0.0,2055.0,5963.0
8929aeb2417ffff,7.696663648611228,4.245472103786305,8905.0,18919.0
8929aeb241bffff,0.0949023439323175,0.0,110.0,15382.0
8929aeb2423ffff,6.3241783204814634,0.2487086282762579,7316.0,18770.0
8929aeb2427ffff,6.532617964310389,1.0497667185069983,7557.0,16492.0
8929aeb242bffff,6.916424719387834,0.7323351339593227,8001.0,19714.0
8929aeb242fffff,8.085164647087014,0.901834313482277,9354.0,24447.0
8929aeb2433ffff,7.054836722119531,0.4064547439941762,8162.0,17730.0
8929aeb2437ffff,6.377900318661621,0.1570141149147053,7378.0,21976.0
8929aeb243bffff,4.10653273837307,0.646507631245141,4751.0,8741.0
8929aeb2443ffff,0.0,0.0,0.0,793.0
8929aeb2447ffff,2.073631013306039,0.4518029224214349,2334.0,25065.0
8929aeb244bffff,0.0,0.0,0.0,426.0
8929aeb244fffff,0.042117806586814,0.1369410209189214,44.0,7613.0
8929aeb2453ffff,2.5728572544730057,0.0,1185.0,0.0
8929aeb2457ffff,0.0300606806297363,0.0,31.0,18901.0
8929aeb2463ffff,7.639433429172423,1.2402917139037886,8838.0,21012.0
8929aeb2467ffff,5.415834251324085,0.8,6265.0,16874.0
8929aeb246bffff,3.1091307378273427,0.2612787611830045,3597.0,26248.0
8929aeb246fffff,2.2903162565776576,0.3632807042056727,2650.0,25672.0
8929aeb2473ffff,2.364659864263109,0.4502611514678513,2736.0,5970.0
8929aeb2477ffff,2.7074374404898967,1.7652349898808186,3132.0,9436.0
8929aeb247bffff,2.270598595384122,0.1419294630011276,2627.0,18490.0
8929aeb2483ffff,5.949376934924314,0.6208926339555698,6884.0,8874.0
8929aeb2487ffff,2.839370950979233,0.0,3285.0,0.0
8929aeb248bffff,4.0167764979682765,2.5279318382766656,4648.0,8731.0
8929aeb248fffff,2.759144254583017,2.1105574880135376,3192.0,7497.0
8929aeb249bffff,4.8158807697692865,1.4152994662976874,5572.0,8977.0
8929aeb24a3ffff,3.690369877122507,0.4181579786668557,4270.0,10116.0
8929aeb24a7ffff,5.803568650149057,0.357438646963951,6714.0,24688.0
8929aeb24abffff,5.35020787174189,1.062215477996965,6189.0,7276.0
8929aeb24afffff,7.405459569806812,1.3926643083224726,8567.0,19066.0
8929aeb24b3ffff,5.171496404534238,0.8232171487853842,5983.0,26500.0
8929aeb24b7ffff,4.966843109248143,0.7406447966464922,5746.0,30347.0
8929aeb24bbffff,5.559980833016995,2.7043231303250237,6433.0,11100.0
8929aeb24c3ffff,0.3789481544167061,0.0,438.0,0.0
8929aeb24c7ffff,2.988659521179783,2.2506666666666666,3458.0,13196.0
8929aeb24cbffff,1.343491894253231,3.776253447422389,1306.0,4899.0
8929aeb24cfffff,0.8437532084089092,0.1595179014533853,976.0,4056.0
8929aeb24d3ffff,0.0,0.0,0.0,0.0
8929aeb24d7ffff,1.0696019015144915,1.2608695652173914,1238.0,10628.0
8929aeb24dbffff,0.0,0.0,0.0,0.0
8929aeb2503ffff,4.005738934500209,0.0269932026207945,4634.0,14666.0
8929aeb2507ffff,5.112642476080204,0.7732409642769672,5913.0,10210.0
8929aeb250bffff,9.122515422588256,0.9025603241849328,10551.0,17431.0
8929aeb250fffff,5.201155328141827,0.8148521505376344,6016.0,8501.0
8929aeb2513ffff,1.0544859225506855,0.0,1220.0,5509.0
8929aeb2517ffff,5.37386741036551,0.0,6215.0,0.0
8929aeb251bffff,9.012398700377188,1.619776054198648,10425.0,26348.0
8929aeb2523ffff,1.0766711904080084,0.681901953556948,1245.0,7760.0
8929aeb2527ffff,3.2110348777845568,1.2281884220774355,3713.0,14244.0
8929aeb252bffff,6.718626953568794,1.1251141552511417,7771.0,19488.0
8929aeb252fffff,2.525510362903979,5.461901550910317,2921.0,5047.0
8929aeb2533ffff,8.918383037267835,3.225326254155709,10315.0,14042.0
8929aeb2537ffff,4.405640115790456,4.119323508456144,5095.0,18409.0
8929aeb253bffff,6.441411295970616,1.0721341492796224,7450.0,14782.0
8929aeb2543ffff,5.997472782615732,2.034701273459802,6937.0,17420.0
8929aeb2547ffff,7.494957920422289,1.749477914811458,8669.0,17953.0
8929aeb254bffff,9.12044615681466,0.3158211349508723,10550.0,21476.0
8929aeb254fffff,7.922705614704483,1.6869341087832923,9165.0,21421.0
8929aeb2553ffff,5.262568267749615,0.2797372901970323,6088.0,23613.0
8929aeb2557ffff,6.999760356788283,1.0784329842673726,8097.0,21662.0
8929aeb255bffff,6.992132061847969,1.2682317608052454,8088.0,23906.0
8929aeb2563ffff,6.505879350376913,1.246071303850916,7525.0,22397.0
8929aeb2567ffff,6.733385214007782,0.8927878270320627,7787.0,22979.0
8929aeb256bffff,4.929441570648689,0.4997468242960615,5702.0,16271.0
8929aeb256fffff,7.35403061637397,2.5838987972971057,8505.0,24756.0
8929aeb2573ffff,7.464721224532989,0.6572505020663558,8634.0,21548.0
8929aeb2577ffff,9.707601611085863,1.5897124341838802,11228.0,20993.0
8929aeb257bffff,5.291105750525251,0.9419039401783146,6120.0,19839.0
8929aeb2583ffff,5.782966049738114,0.3369940812207054,6690.0,20974.0
8929aeb2587ffff,6.103444197526253,1.1578434900408523,7060.0,16811.0
8929aeb258bffff,0.394315875960114,0.0,456.0,5139.0
8929aeb258fffff,5.7993252328071305,1.6776884346584504,6708.0,18841.0
8929aeb2593ffff,8.308125132265252,3.0760359998997218,9611.0,13918.0
8929aeb2597ffff,6.802407733630461,1.0809161286177764,7868.0,22172.0
8929aeb259bffff,0.8546104146696709,0.0,989.0,1560.0
8929aeb25a3ffff,1.7953354893129607,0.1140590131415819,2076.0,7251.0
8929aeb25a7ffff,4.206561663450166,1.188444661140907,4865.0,11673.0
8929aeb25abffff,6.523464613986323,1.577201817958482,7545.0,14423.0
8929aeb25afffff,6.746640686523215,1.2220657564440092,7803.0,29040.0
8929aeb25b3ffff,6.543559928165258,0.2554941631008267,7569.0,17287.0
8929aeb25b7ffff,2.6594784384279695,0.6646005509641872,3076.0,10385.0
8929aeb25bbffff,4.9827093014931325,0.1991833482720844,5763.0,3608.0
8929aeb25c3ffff,0.4527914358623265,0.0034591902035733,524.0,20813.0
8929aeb25c7ffff,0.2934896951815403,0.0,339.0,602.0
8929aeb25cbffff,2.5166020426580693,0.5032470535995115,2911.0,19360.0
8929aeb25cfffff,3.679324264181831,0.6225179778898787,4256.0,16666.0
8929aeb25d3ffff,4.015385620792995,0.1047998323202682,4645.0,17158.0
8929aeb25d7ffff,0.0,0.0,0.0,4744.0
8929aeb25dbffff,4.375007779727897,0.3930965357388962,5061.0,22896.0
8929aeb2603ffff,0.0,0.0,0.0,0.0
8929aeb2607ffff,0.0622787465582798,0.0,0.0,0.0
8929aeb260bffff,0.0753875905470516,0.0,0.0,0.0
8929aeb260fffff,0.0,0.0,0.0,0.0
8929aeb2613ffff,0.0,0.0,0.0,0.0
8929aeb2617ffff,1.3769137461888994,0.0,0.0,0.0
8929aeb261bffff,0.0,0.0,0.0,0.0
8929aeb2623ffff,1.5834508081172345,0.0,0.0,0.0
8929aeb2627ffff,0.0,0.0,0.0,0.0
8929aeb262fffff,0.0,0.0,0.0,0.0
8929aeb2633ffff,2.799541058842813,0.0,0.0,0.0
8929aeb2637ffff,0.0,0.0,0.0,0.0
8929aeb2643ffff,0.0,0.0,0.0,0.0
8929aeb2647ffff,0.0,0.0,0.0,0.0
8929aeb264bffff,0.0,0.0,0.0,0.0
8929aeb264fffff,0.0,0.0,0.0,0.0
8929aeb2653ffff,1.0982166273275635,0.0,0.0,0.0
8929aeb2657ffff,0.0,0.0,0.0,0.0
8929aeb265bffff,0.0,0.0,0.0,0.0
8929aeb2663ffff,0.0,0.0,0.0,0.0
8929aeb2667ffff,0.0,0.0,0.0,0.0
8929aeb266bffff,0.0,0.0,0.0,0.0
8929aeb266fffff,0.0557157839538542,0.0,0.0,0.0
8929aeb2673ffff,0.0,0.0,0.0,0.0
8929aeb2677ffff,0.0163912929451875,0.0,0.0,0.0
8929aeb267bffff,0.0,0.0,0.0,0.0
8929aeb2683ffff,11.696443206031798,0.0,0.0,0.0
8929aeb2687ffff,0.3442622950819672,0.0,0.0,0.0
8929aeb268bffff,4.376331748893624,0.0,0.0,0.0
8929aeb268fffff,8.669989506820567,0.0,0.0,0.0
8929aeb2693ffff,0.0,0.0,0.0,0.0
8929aeb2697ffff,1.0262295081967214,0.0,0.0,0.0
8929aeb269bffff,1.272006032193555,0.0,0.0,0.0
8929aeb26a3ffff,0.0,0.0,0.0,251.0
8929aeb26a7ffff,0.033167495854063,0.0,36.0,30215.0
8929aeb26abffff,0.0,0.0,0.0,0.0
8929aeb26afffff,0.0,0.0,0.0,0.0
8929aeb26b3ffff,0.0,0.0,0.0,0.0
8929aeb26b7ffff,0.0,0.0,0.0,20214.0
8929aeb26bbffff,1.9276792446644593,0.0,0.0,0.0
8929aeb26c3ffff,0.0,0.0,0.0,0.0
8929aeb26c7ffff,0.0,0.0,0.0,0.0
8929aeb26cbffff,0.1376688081814606,0.0,0.0,0.0
8929aeb26cfffff,0.177020160629405,0.0,0.0,0.0
8929aeb26d3ffff,0.0,0.0,0.0,0.0
8929aeb26d7ffff,0.0,0.0,0.0,0.0
8929aeb26dbffff,0.0,0.0,0.0,0.0
8929aeb2803ffff,10.37692949780109,1.7130157447361205,11994.0,24518.0
8929aeb2807ffff,11.000121476027171,4.887146958210853,12714.0,19919.0
8929aeb280bffff,7.042806283113897,3.245486823023454,8140.0,27861.0
8929aeb280fffff,9.426810314486564,3.5526336583592775,10896.0,21970.0
8929aeb2813ffff,11.586127419681372,4.014733557446397,13392.0,21483.0
8929aeb2817ffff,9.965209753727414,4.6635789089415685,11518.0,15043.0
8929aeb2823ffff,11.116406566364514,1.7181057103586157,12847.0,5663.0
8929aeb2827ffff,15.488039276157368,6.212593135458654,17898.0,22114.0
8929aeb282bffff,12.434040432358346,4.235190397070292,14370.0,10167.0
8929aeb282fffff,16.432100380664014,5.856639457602926,18990.0,7598.0
8929aeb2833ffff,7.534833301664336,5.641445973827761,8708.0,12019.0
8929aeb2837ffff,10.984540530101269,6.1252653927813165,12695.0,6367.0
8929aeb283bffff,9.717632033890386,3.935294937944499,11231.0,12400.0
8929aeb2843ffff,8.777388460640037,2.5418533364772458,10146.0,22319.0
8929aeb2847ffff,11.92133631094209,6.205658603299427,13779.0,11851.0
8929aeb284bffff,6.539349148361659,4.0711995166612445,7559.0,14862.0
8929aeb284fffff,10.806231585242031,3.4458402704202613,12491.0,20669.0
8929aeb2853ffff,5.25283103486938,0.5425764479679722,6072.0,13594.0
8929aeb2857ffff,5.398570471993398,2.981659839846489,6240.0,9465.0
8929aeb285bffff,0.771374741136353,0.048176518764754,892.0,14938.0
8929aeb2863ffff,10.277343433651252,4.509339770783041,11878.0,14667.0
8929aeb2867ffff,11.907758250110582,2.262001239452734,13762.0,14762.0
8929aeb286bffff,13.39714259906996,3.9277032502025753,15485.0,15366.0
8929aeb286fffff,10.683391946572138,1.6404968361846732,12347.0,18131.0
8929aeb2873ffff,4.891981461178112,2.800751879699248,5654.0,16754.0
8929aeb2877ffff,9.376314076307535,3.219743980709904,10837.0,19651.0
8929aeb287bffff,21.023238719363107,4.729044043028212,24299.0,8449.0
8929aeb2883ffff,2.333715382027931,11.226783390512244,2697.0,5403.0
8929aeb2887ffff,11.688894149012375,5.626000699339309,13511.0,18461.0
8929aeb288bffff,5.847618098465218,3.2378391273231983,6759.0,16062.0
8929aeb288fffff,14.826627132316528,3.2747813237362062,17137.0,14610.0
8929aeb2893ffff,10.778564332229804,4.7196478220574605,12459.0,29609.0
8929aeb2897ffff,12.288373136001796,4.422820581178352,14204.0,12906.0
8929aeb289bffff,11.817723158950338,5.963383247543285,13661.0,11575.0
8929aeb28a3ffff,13.71475917406188,1.348337914224965,15851.0,13697.0
8929aeb28a7ffff,12.4555714423667,2.586166580928775,14395.0,14998.0
8929aeb28abffff,11.061239873041186,6.9443204741417786,12784.0,18766.0
8929aeb28afffff,7.666045740843421,0.6791241356601909,8860.0,8687.0
8929aeb28b3ffff,14.85709480084223,4.675997323013356,17172.0,11794.0
8929aeb28b7ffff,10.066158743606834,3.212032993692383,11634.0,10772.0
8929aeb28bbffff,12.723710685163612,7.843029738078265,14706.0,18151.0
8929aeb28c3ffff,10.231016935428618,3.0027054833669933,11827.0,18328.0
8929aeb28c7ffff,7.836554183471667,2.8900933082868843,9058.0,22705.0
8929aeb28cbffff,8.673702962033278,1.1550023732925478,10026.0,13494.0
8929aeb28d7ffff,9.221033224122682,2.0766400430763707,10659.0,19641.0
8929aeb2903ffff,6.19830204844614,7.5018615040953085,7162.0,7155.0
8929aeb2907ffff,1.5151467944503816,0.0,1751.0,0.0
8929aeb290bffff,1.552165148876378,0.0,1794.0,0.0
8929aeb290fffff,0.3115643333613741,0.0,360.0,0.0
8929aeb2913ffff,15.831482271867708,2.78235100428054,18294.0,10629.0
8929aeb2917ffff,11.673546959948904,5.662036677788986,13488.0,13130.0
8929aeb291bffff,7.591462369812356,2.2429181218471093,8772.0,13604.0
8929aeb2923ffff,0.0,0.0,0.0,0.0
8929aeb2927ffff,0.0442475118564635,0.0,51.0,3333.0
8929aeb292fffff,0.0,0.0,0.0,0.0
8929aeb2933ffff,0.6857787374318038,0.0,792.0,0.0
8929aeb2937ffff,0.2100159537341709,0.0,243.0,933.0
8929aeb293bffff,0.0190062533689363,0.0,22.0,0.0
8929aeb2943ffff,13.1584358293768,1.4869498285634315,15205.0,10137.0
8929aeb2947ffff,1.0140787149395136,0.0,1172.0,0.0
8929aeb294bffff,10.721762536137971,9.952404024282496,12390.0,11374.0
8929aeb294fffff,0.6361925650835587,0.0,735.0,0.0
8929aeb2953ffff,13.466187337229444,2.795575896262395,15562.0,18351.0
8929aeb2957ffff,9.940092151542244,2.292426712204714,11487.0,13595.0
8929aeb295bffff,16.074143302180683,23.057314586240206,18575.0,10323.0
8929aeb2963ffff,0.0,0.0,0.0,636.0
8929aeb296bffff,0.0,0.0,0.0,5123.0
8929aeb2973ffff,0.0,0.0,0.0,0.0
8929aeb2977ffff,0.0,0.0,0.0,0.0
8929aeb297bffff,0.1507938486079609,0.0,174.0,0.0
8929aeb2983ffff,19.52503637150966,5.747867298578199,22563.0,8949.0
8929aeb2987ffff,13.670492497881462,4.780808710939715,15796.0,12089.0
8929aeb298bffff,17.22919717125144,8.78472898553291,19909.0,18544.0
8929aeb298fffff,12.6744283858345,1.6136537065644254,14646.0,19030.0
8929aeb2993ffff,19.38741814692743,4.675404047263344,22404.0,10107.0
8929aeb2997ffff,22.71457011206341,7.136050820539968,26247.0,15788.0
8929aeb299bffff,34.286800164483935,11.114548688993734,39622.0,4137.0
8929aeb29a3ffff,15.618505790459215,5.766181346403345,18046.0,18827.0
8929aeb29a7ffff,2.977870839487246,0.9657284183252856,3441.0,15136.0
8929aeb29abffff,8.02954958996984,7.392034786046052,9278.0,10121.0
8929aeb29afffff,1.0528250858399857,0.9397180845746276,1216.0,7134.0
8929aeb29b3ffff,18.00629361914257,2.2232734153263953,20805.0,19347.0
8929aeb29b7ffff,6.453693433204133,3.793097114307232,7457.0,18855.0
8929aeb29bbffff,14.569365170359664,4.741013646169135,16835.0,14148.0
8929aeb29c3ffff,14.598033076954229,1.9062417099329216,16870.0,18636.0
8929aeb29c7ffff,15.020576772702206,3.2702265372168284,17357.0,21520.0
8929aeb29cbffff,10.955767595301069,2.2078272604588394,12661.0,19565.0
8929aeb29cfffff,14.321362259965856,1.9531515604814036,16550.0,20764.0
8929aeb29d3ffff,9.227999239929847,1.124978027772895,10665.0,10125.0
8929aeb29d7ffff,21.106213298858272,10.563267911281317,24391.0,16142.0
8929aeb29dbffff,11.061894526991246,2.826863264600852,12784.0,15184.0
8929aeb2a03ffff,13.587352605908846,3.649214172788989,15705.0,18649.0
8929aeb2a07ffff,20.723636057843542,8.438917337234821,23954.0,22530.0
8929aeb2a0bffff,24.072118873430693,3.4444535676163888,27825.0,16934.0
8929aeb2a0fffff,9.851464949901736,6.7858903679799205,11387.0,14974.0
8929aeb2a13ffff,14.73262948083092,3.765651626287323,17030.0,18704.0
8929aeb2a17ffff,14.75149959823848,4.736659134364679,17051.0,19730.0
8929aeb2a1bffff,28.276807125727988,7.993610223642173,32686.0,15551.0
8929aeb2a23ffff,0.9101669573884872,1.8030794165316044,1052.0,3490.0
8929aeb2a27ffff,3.1333129824255375,0.3528114663726571,3621.0,17895.0
8929aeb2a2bffff,9.840426360331794,2.5072547881601857,11373.0,21165.0
8929aeb2a2fffff,20.57146061045923,4.893358646758,23775.0,20018.0
8929aeb2a33ffff,13.47693783540507,5.3205969568810465,15577.0,14023.0
8929aeb2a37ffff,4.029467192050711,0.8727920439364703,4657.0,12021.0
8929aeb2a3bffff,1.6535489477274214,3.8624338624338623,1911.0,1962.0
8929aeb2a43ffff,6.021319863348583,2.2821273256819117,6961.0,26452.0
8929aeb2a47ffff,7.005462847034054,3.082471662580393,8097.0,19638.0
8929aeb2a4bffff,6.9369832297846505,2.6830291588000836,8019.0,16701.0
8929aeb2a4fffff,2.6842021669194427,1.3134382866608407,3103.0,27238.0
8929aeb2a53ffff,6.338015010432561,1.3827671468501397,7327.0,26419.0
8929aeb2a57ffff,10.518022086164692,3.749492488834754,12159.0,17069.0
8929aeb2a5bffff,9.066109448522198,2.828553419476836,10481.0,26639.0
8929aeb2a63ffff,10.55221602765752,8.277199835253166,12197.0,24853.0
8929aeb2a67ffff,14.053569148058047,7.938939961411871,16242.0,23361.0
8929aeb2a6bffff,5.128836037338001,2.8208904497564293,5928.0,30881.0
8929aeb2a6fffff,10.844930912896675,4.743401345164754,12534.0,24269.0
8929aeb2a73ffff,2.0014015416958655,0.2697679995204124,2313.0,5989.0
8929aeb2a77ffff,3.210554839191942,2.658166947317777,3711.0,5827.0
8929aeb2a7bffff,4.54382648182812,1.4894941634241246,5252.0,22785.0
8929aeb2a83ffff,19.145033508557763,5.946687652602054,22132.0,16780.0
8929aeb2a87ffff,16.88670460101968,9.055545503889997,19519.0,18095.0
8929aeb2a8bffff,15.270537087903532,4.160290547020057,17652.0,16910.0
8929aeb2a8fffff,19.2045493474016,8.386796689548984,22200.0,20563.0
8929aeb2a93ffff,5.584361793896814,2.021852820321255,6456.0,15108.0
8929aeb2a97ffff,5.377737220594052,1.9117757854290665,6216.0,18748.0
8929aeb2a9bffff,10.818748053565868,3.4815502355475383,12506.0,19841.0
8929aeb2aa3ffff,5.051813874967684,0.0462137717039677,5839.0,10901.0
8929aeb2aa7ffff,11.688505850949516,2.9894927729478904,13510.0,13096.0
8929aeb2aabffff,14.714960708401206,7.107438016528926,17008.0,21244.0
8929aeb2aafffff,7.001052743049716,2.5875689372484723,8092.0,11764.0
8929aeb2ab3ffff,6.941057385346102,3.827299302900832,8023.0,15396.0
8929aeb2ab7ffff,11.572544097080543,4.696724211780919,13375.0,18423.0
8929aeb2abbffff,15.367173922522534,5.011674077599156,17762.0,22994.0
8929aeb2ac3ffff,11.133117216767408,2.5070134033931515,12870.0,23646.0
8929aeb2ac7ffff,14.230814746532298,7.623736029803087,16451.0,19996.0
8929aeb2acbffff,7.817351200022421,5.597189012655275,9037.0,23310.0
8929aeb2acfffff,10.58260046338972,5.4934760789561725,12234.0,25423.0
8929aeb2ad3ffff,8.707742706957973,2.2757401679186917,10067.0,22292.0
8929aeb2ad7ffff,16.58870937605102,6.608032378580324,19177.0,21598.0
8929aeb2adbffff,4.575830992582258,0.7079409603953783,5290.0,16056.0
8929aeb2b03ffff,1.043977269895073,0.0,1206.0,0.0
8929aeb2b07ffff,0.0,0.0,0.0,0.0
8929aeb2b0bffff,5.598806219372767,0.0,6470.0,2081.0
8929aeb2b0fffff,0.4311687664336361,0.0,498.0,4742.0
8929aeb2b13ffff,1.3311692357537164,0.0,1538.0,10151.0
8929aeb2b17ffff,0.1626193554416735,0.0,188.0,0.0
8929aeb2b1bffff,5.569815834724749,0.0700857519788918,6437.0,8726.0
8929aeb2b23ffff,0.084124728931429,0.0883782589482987,97.0,1628.0
8929aeb2b27ffff,0.7671024589653153,0.0,886.0,5808.0
8929aeb2b2bffff,0.4439847082319438,0.0,513.0,4127.0
8929aeb2b2fffff,1.6164461241747183,0.0,1868.0,1444.0
8929aeb2b33ffff,0.1576510614963765,0.0,182.0,0.0
8929aeb2b37ffff,0.3068975616443478,0.0,355.0,2400.0
8929aeb2b3bffff,0.2461373571079172,0.0,284.0,0.0
8929aeb2b43ffff,7.765323796588204,7.785340314136126,8974.0,6341.0
8929aeb2b47ffff,8.625260514830265,0.0,9967.0,574.0
8929aeb2b4bffff,9.615911781197434,0.9318391774109333,11113.0,8879.0
8929aeb2b4fffff,3.797219920373335,0.0,4388.0,0.0
8929aeb2b53ffff,8.856832248799952,1.1924257932446265,10236.0,13901.0
8929aeb2b57ffff,9.80629162798522,0.5407255304585901,11332.0,5231.0
8929aeb2b5bffff,5.791101683036006,0.1373074346952444,6693.0,10735.0
8929aeb2b63ffff,1.9207103356959263,0.0,2219.0,3134.0
8929aeb2b6bffff,6.910410792454005,0.1099303774276291,7985.0,4907.0
8929aeb2b6fffff,1.704779113963487,0.0,1970.0,3568.0
8929aeb2b73ffff,5.443086087433328,1.927215809039327,6290.0,10827.0
8929aeb2b77ffff,0.5922487382391426,0.975975975975976,684.0,5698.0
8929aeb2b7bffff,9.057319721236553,4.203254888186395,10466.0,5891.0
8929aeb2b83ffff,3.9046364052672407,0.9841639080254092,4512.0,3984.0
8929aeb2b87ffff,9.242794302732744,2.954000958313369,10681.0,14583.0
8929aeb2b8bffff,4.346769671671547,4.934583905848617,5023.0,5729.0
8929aeb2b8fffff,2.0373831775700935,0.0595983074080696,2354.0,12074.0
8929aeb2b93ffff,15.655234713266672,6.150978564771668,18093.0,8700.0
8929aeb2b97ffff,13.406021713057427,4.621882868978962,15492.0,8454.0
8929aeb2b9bffff,5.717605427597765,0.9736363948027014,6608.0,10399.0
8929aeb2ba3ffff,0.0,0.0,0.0,0.0
8929aeb2ba7ffff,0.0,0.0,0.0,5187.0
8929aeb2babffff,0.0,0.0,0.0,0.0
8929aeb2bafffff,0.0,0.0,0.0,127.0
8929aeb2bb3ffff,0.4049932553046328,0.0,468.0,0.0
8929aeb2bb7ffff,0.0,0.0,0.0,1444.0
8929aeb2bbbffff,0.0591942724868137,0.0,68.0,0.0
8929aeb2bc3ffff,5.244467703349282,1.675417990880199,6061.0,10247.0
8929aeb2bc7ffff,4.102936320534307,2.0894454382826475,4742.0,4926.0
8929aeb2bcbffff,3.9933962558016383,0.0,4615.0,0.0
8929aeb2bcfffff,1.9454586235685536,1.2523034109285098,2248.0,9453.0
8929aeb2bd3ffff,7.702418998137316,5.502213354947316,8902.0,10913.0
8929aeb2bd7ffff,9.974892217210355,2.504339201586908,11528.0,2831.0
8929aeb2bdbffff,6.152212036543847,2.6934689337358972,7110.0,4409.0
8929aeb2c03ffff,8.94548693068937,1.5066509064877551,10342.0,21298.0
8929aeb2c07ffff,6.795442301643898,2.2850540338476177,7856.0,25878.0
8929aeb2c0bffff,5.947050141062609,0.6329383684255392,6875.0,16786.0
8929aeb2c0fffff,8.468094779881852,1.0310089721391469,9789.0,13581.0
8929aeb2c13ffff,9.11522556859228,1.9343125160028865,10538.0,15167.0
8929aeb2c17ffff,11.025340814966588,5.1140174379611,12747.0,20372.0
8929aeb2c1bffff,6.5519507007825215,0.6486899007886033,7575.0,16872.0
8929aeb2c23ffff,8.18195124837666,2.4981621840857815,9458.0,27694.0
8929aeb2c27ffff,10.129310344827584,4.225191275550988,11709.0,15097.0
8929aeb2c2bffff,5.228342925480231,0.6523015372572895,6044.0,16449.0
8929aeb2c2fffff,11.72817590083777,1.619356396371538,13557.0,20537.0
8929aeb2c33ffff,7.52398837719913,0.8552994895141629,8697.0,26499.0
8929aeb2c37ffff,12.018175193165929,2.483974358974359,13892.0,11829.0
8929aeb2c3bffff,6.841333262744194,1.7483959292064593,7908.0,21444.0
8929aeb2c43ffff,6.083658478104497,2.1078553193412106,7033.0,15599.0
8929aeb2c47ffff,3.4686130841354315,1.4484537543581166,4010.0,12516.0
8929aeb2c4bffff,2.8208353832836157,0.7242327380021012,3261.0,15989.0
8929aeb2c4fffff,7.719829237078348,4.43514401139303,8925.0,11837.0
8929aeb2c53ffff,8.837742240821003,1.6107462331718625,10218.0,23837.0
8929aeb2c57ffff,10.737550756047131,2.819266460450729,12414.0,15834.0
8929aeb2c5bffff,4.801803400680634,0.8234624550919504,5552.0,20075.0
8929aeb2c63ffff,4.490519150102298,2.403035413153457,5191.0,10834.0
8929aeb2c67ffff,5.988533060103333,1.4155317299333527,6922.0,24495.0
8929aeb2c6bffff,2.3204392360083834,1.619563124451766,2682.0,16554.0
8929aeb2c6fffff,4.21525976351446,0.6627661382340803,4873.0,14730.0
8929aeb2c73ffff,7.816076205186014,1.234811814679443,9036.0,21596.0
8929aeb2c77ffff,5.260896102440179,1.0079423840613853,6082.0,21178.0
8929aeb2c7bffff,8.477278601434314,1.751291219705999,9800.0,22256.0
8929aeb2c83ffff,6.035373980195553,3.3005603972638258,6978.0,17456.0
8929aeb2c87ffff,5.48829475178895,2.573786181742932,6345.0,13559.0
8929aeb2c8bffff,9.660684982266687,2.0570411964196365,11169.0,19026.0
8929aeb2c8fffff,4.517613648748377,0.5419654543108374,5223.0,19423.0
8929aeb2c93ffff,4.939263438801025,1.5259961850095376,5710.0,20258.0
8929aeb2c97ffff,7.014167834345321,1.7344180623277508,8109.0,26699.0
8929aeb2c9bffff,8.185517642919637,1.419382438770989,9464.0,23228.0
8929aeb2ca3ffff,9.421587465704151,2.1201962952723252,10891.0,20392.0
8929aeb2ca7ffff,12.058736511001417,1.1972815040650406,13939.0,11200.0
8929aeb2cabffff,9.484898215937294,1.3259761240375134,10965.0,16931.0
8929aeb2cafffff,9.554802625842376,1.4161521211562682,11046.0,23106.0
8929aeb2cb3ffff,10.480523403367494,1.8005540166204987,12116.0,19143.0
8929aeb2cb7ffff,8.861366559435464,2.0693130947792833,10244.0,23784.0
8929aeb2cbbffff,8.10764521422855,1.62986888799167,9373.0,16665.0
8929aeb2cc3ffff,17.6236156387288,12.856779680602742,20377.0,13574.0
8929aeb2cc7ffff,9.818275799791994,3.848570530945649,11351.0,22036.0
8929aeb2ccbffff,7.254039276495443,0.5419314593161526,8387.0,18367.0
8929aeb2ccfffff,9.11270460539221,1.8912627816111065,10536.0,16994.0
8929aeb2cd3ffff,5.472751445482653,2.7222938144329896,6328.0,10870.0
8929aeb2cd7ffff,9.27557079118368,2.836865528260827,10725.0,17842.0
8929aeb2cdbffff,10.93204639215381,1.910645022266916,12640.0,14748.0
8929aeb2d03ffff,11.036005868592133,2.1990642998294123,12754.0,20846.0
8929aeb2d07ffff,17.650210414505672,2.5731752176426284,20399.0,20023.0
8929aeb2d0bffff,11.08432383942588,2.1642024757289553,12811.0,21368.0
8929aeb2d0fffff,17.96006728133566,6.168772070333831,20757.0,18558.0
8929aeb2d13ffff,11.205210305990231,3.2173201079151177,12951.0,25958.0
8929aeb2d17ffff,11.964403633146858,2.858151023288638,13828.0,14866.0
8929aeb2d1bffff,12.334531455375664,2.2210275192365847,14256.0,10476.0
8929aeb2d23ffff,16.49309828134589,1.6749493833977545,19060.0,7692.0
8929aeb2d27ffff,19.89301914066394,4.225324027916251,22988.0,17291.0
8929aeb2d2bffff,14.414147801788724,0.0,16658.0,0.0
8929aeb2d2fffff,20.6795142588335,3.7037037037037033,23897.0,19038.0
8929aeb2d33ffff,21.514815460911603,7.182077182077181,24864.0,12901.0
8929aeb2d37ffff,17.31262285940367,2.393414299507089,20006.0,6915.0
8929aeb2d3bffff,23.41411750046726,18.52348671760845,27059.0,12245.0
8929aeb2d43ffff,12.293187651060226,4.659298719885506,14209.0,17267.0
8929aeb2d47ffff,11.648413944332312,4.425064599483204,13463.0,15979.0
8929aeb2d4bffff,13.44317951752815,7.814872845606846,15538.0,13767.0
8929aeb2d4fffff,11.835080702934707,7.492620246570585,13679.0,11507.0
8929aeb2d53ffff,13.066891746685313,4.811983060000569,15103.0,12056.0
8929aeb2d57ffff,12.717798252007452,1.6412524735187988,14699.0,3042.0
8929aeb2d5bffff,19.24134687559372,13.55477223427332,22240.0,11477.0
8929aeb2d63ffff,20.505144587358306,5.649391617845876,23697.0,18843.0
8929aeb2d6bffff,9.755436560225032,1.1460072740581468,11274.0,15558.0
8929aeb2d6fffff,23.77513893388491,5.99133941557583,27476.0,20476.0
8929aeb2d73ffff,20.580164275012695,5.566609968227478,23786.0,21186.0
8929aeb2d7bffff,9.918670823975754,4.727590348291298,11463.0,9424.0
8929aeb2d83ffff,13.947679072563435,3.078516455063302,16121.0,19540.0
8929aeb2d87ffff,18.697611831510617,6.944790961257439,21610.0,18798.0
8929aeb2d8bffff,18.196145364844828,8.371450259843899,21032.0,16947.0
8929aeb2d8fffff,14.312368398101194,3.802501730605148,16542.0,21512.0
8929aeb2d93ffff,12.229185094746285,1.84080547112462,14135.0,18602.0
8929aeb2d97ffff,18.810191241512488,3.3456497362083866,21741.0,18928.0
8929aeb2d9bffff,14.60855428103364,3.821086013346563,16886.0,17797.0
8929aeb2da3ffff,13.998735316747084,2.6769897990348785,16178.0,22943.0
8929aeb2da7ffff,16.456961997713446,6.38316547078314,19018.0,30718.0
8929aeb2dabffff,16.59346341706539,2.9719125843355823,19177.0,19052.0
8929aeb2dafffff,17.70360863280666,5.359909119074667,20459.0,19794.0
8929aeb2db3ffff,15.141462563738362,2.3202081078024266,17500.0,21764.0
8929aeb2db7ffff,13.339189593301434,4.423446416793324,15416.0,23997.0
8929aeb2dbbffff,14.433625506943018,3.594050357671824,16682.0,22027.0
8929aeb2dc3ffff,13.286366991506815,2.776744343355768,15358.0,20697.0
8929aeb2dc7ffff,13.215016554589653,8.177654084768365,15274.0,28506.0
8929aeb2dcbffff,12.666585690215244,3.705050137841195,14641.0,22886.0
8929aeb2dcfffff,11.103636222066497,2.0516259952879667,12834.0,20504.0
8929aeb2dd3ffff,9.110982385330244,2.0149295616545997,10532.0,18855.0
8929aeb2dd7ffff,8.697994854768682,2.409953181250117,10054.0,18835.0
8929aeb2ddbffff,8.5513448194242,1.4287720988100254,9885.0,17684.0
8929aeb2e03ffff,14.449007806150885,4.943248775041866,16705.0,16552.0
8929aeb2e13ffff,8.093086688068054,2.6153083154240373,9357.0,21207.0
8929aeb2e17ffff,5.5943903525023275,2.5832280818816575,6468.0,14716.0
8929aeb2e1bffff,7.373307760327799,2.2638328617014873,8525.0,17532.0
8929aeb2e27ffff,2.462988222251288,1.045822611487523,2847.0,15090.0
8929aeb2e2fffff,6.555692240614149,2.6765745617199337,7578.0,14569.0
8929aeb2e33ffff,12.479369725656277,2.6614322458372817,14427.0,12943.0
8929aeb2e43ffff,10.728141132221165,3.701958534786528,12404.0,16922.0
8929aeb2e47ffff,9.395034858123234,2.8764943490146475,10862.0,25708.0
8929aeb2e4bffff,3.961179075060638,1.6480543119988194,4580.0,7197.0
8929aeb2e4fffff,9.497269324897404,0.7120651991261973,10981.0,17017.0
8929aeb2e53ffff,6.860058908144394,1.5473572766511932,7932.0,21760.0
8929aeb2e57ffff,7.0621240238631975,1.9864957432234072,8165.0,25240.0
8929aeb2e5bffff,7.639688895254344,1.5855623590074122,8833.0,5497.0
8929aeb2e63ffff,20.285991878627836,5.839496229040052,23452.0,18518.0
8929aeb2e67ffff,9.444267982038204,3.168388079918727,10918.0,16470.0
8929aeb2e6bffff,8.153561597768007,1.8604651162790695,9427.0,19294.0
8929aeb2e6fffff,10.290568587701516,3.2095878398129205,11897.0,17880.0
8929aeb2e7bffff,8.21597048154318,3.0487272727272727,9499.0,23995.0
8929aeb2e83ffff,9.438438737639176,2.572505577352104,10913.0,22796.0
8929aeb2e87ffff,6.476242670710556,2.0903614457831328,7487.0,17553.0
8929aeb2e8bffff,11.851150742253662,4.1168086446352214,13703.0,20827.0
8929aeb2e8fffff,4.59168104226738,5.92396974439228,5309.0,10388.0
8929aeb2e93ffff,7.648981879320008,1.312150387822579,8844.0,17085.0
8929aeb2e97ffff,6.000560450851574,0.5611863864291048,6938.0,16777.0
8929aeb2e9bffff,12.46672623513772,2.6318233316617445,14415.0,18873.0
8929aeb2ea3ffff,0.9836984445793826,0.0411175312168625,1137.0,16628.0
8929aeb2ea7ffff,6.944068160798198,2.230496453900709,8028.0,19851.0
8929aeb2eabffff,6.709348745383547,1.380991064175467,7757.0,10926.0
8929aeb2eafffff,2.6353648966780012,0.0423513467728273,3047.0,8497.0
8929aeb2eb3ffff,2.56849368385327,3.082183868210069,2970.0,15101.0
8929aeb2eb7ffff,6.700608778239681,1.921853914284385,7746.0,22763.0
8929aeb2ebbffff,1.6210190686146295,1.7531432619089782,1874.0,9986.0
8929aeb2ec3ffff,8.408369138800673,4.815571187252603,9722.0,27182.0
8929aeb2ec7ffff,8.682101513802316,1.1073281452658883,10039.0,21959.0
8929aeb2ecfffff,5.590151071699899,2.02910122103988,6463.0,25621.0
8929aeb2ed3ffff,4.126246840093147,2.8146810082929634,4771.0,21305.0
8929aeb2ed7ffff,6.388761757096289,2.345993094675632,7387.0,19346.0
8929aeb3023ffff,2.5120361575999737,0.0,0.0,0.0
8929aeb3027ffff,0.0,0.0,0.0,0.0
8929aeb302bffff,4.048211712301848,0.0,0.0,0.0
8929aeb302fffff,0.0687848018342613,0.0,0.0,0.0
8929aeb3033ffff,4.448812448812449,0.0,0.0,0.0
8929aeb3037ffff,0.1375696036685227,0.0,0.0,0.0
8929aeb3063ffff,7.237833235082203,0.0,0.0,0.0
8929aeb3067ffff,1.9027345668904536,0.0,0.0,0.0
8929aeb306bffff,1.4016702145079418,0.0,0.0,0.0
8929aeb306fffff,0.0,0.0,0.0,0.0
8929aeb30afffff,6.559633027522936,0.0,0.0,0.0
8929aeb3103ffff,0.0,0.0,0.0,0.0
8929aeb3107ffff,0.0,0.0,0.0,0.0
8929aeb310bffff,0.0,0.0,0.0,0.0
8929aeb310fffff,0.0,0.0,0.0,0.0
8929aeb3113ffff,0.0,0.0,0.0,0.0
8929aeb3117ffff,0.0,0.0,0.0,0.0
8929aeb311bffff,0.0,0.0,0.0,0.0
8929aeb3123ffff,0.0,0.0,0.0,0.0
8929aeb3127ffff,0.0,0.0,0.0,0.0
8929aeb312bffff,0.0,0.0,0.0,0.0
8929aeb312fffff,0.0,0.0,0.0,0.0
8929aeb3133ffff,0.0,0.0,0.0,0.0
8929aeb3137ffff,0.0,0.0,0.0,0.0
8929aeb313bffff,0.0,0.0,0.0,0.0
8929aeb3143ffff,0.0,0.0,0.0,0.0
8929aeb3147ffff,0.0,0.0,0.0,0.0
8929aeb314bffff,0.0,0.0,0.0,0.0
8929aeb314fffff,2.6285625473549237,3.978279508430981,487.0,6048.0
8929aeb3153ffff,0.0,0.0,0.0,0.0
8929aeb3157ffff,0.0,0.0,0.0,0.0
8929aeb315bffff,0.0,0.0,0.0,0.0
8929aeb3163ffff,6.05930012066885,0.1174168297455968,253.0,919.0
8929aeb3167ffff,0.0,0.0,0.0,0.0
8929aeb316bffff,4.358420393224619,1.1588135500465166,4771.0,26008.0
8929aeb316fffff,16.767651786818348,0.0,488.0,711.0
8929aeb3173ffff,0.0,0.0,0.0,0.0
8929aeb3177ffff,0.0,0.0,0.0,0.0
8929aeb317bffff,0.4125534109326654,2.294151997997831,312.0,12649.0
8929aeb3183ffff,0.0,0.0,0.0,0.0
8929aeb3187ffff,0.0,0.0,0.0,0.0
8929aeb318bffff,0.0,0.0,0.0,0.0
8929aeb318fffff,0.0,0.0,0.0,0.0
8929aeb3193ffff,0.0,0.0,0.0,0.0
8929aeb3197ffff,0.0,0.0,0.0,0.0
8929aeb319bffff,0.0,0.0,0.0,0.0
8929aeb31a3ffff,0.0,0.0,0.0,0.0
8929aeb31a7ffff,0.0,0.0,0.0,0.0
8929aeb31abffff,0.0,0.0,0.0,0.0
8929aeb31afffff,0.0,0.0,0.0,0.0
8929aeb31b3ffff,0.0,0.0,0.0,0.0
8929aeb31b7ffff,0.0,0.0,0.0,0.0
8929aeb31bbffff,0.0,0.0,0.0,0.0
8929aeb31c3ffff,0.0,0.0,0.0,0.0
8929aeb31c7ffff,0.0,0.0,0.0,0.0
8929aeb31cbffff,0.0,0.0,0.0,0.0
8929aeb31cfffff,0.0,0.0,0.0,0.0
8929aeb31d3ffff,0.078634382883916,0.0,0.0,0.0
8929aeb31d7ffff,0.0,0.0,0.0,0.0
8929aeb31dbffff,0.0,0.0,0.0,0.0
8929aeb3327ffff,6.681169297991728,0.0,7728.0,9826.0
8929aeb3337ffff,6.930418843768381,0.926534759997609,8017.0,17900.0
8929aeb3383ffff,2.698631034256894,0.0,0.0,0.0
8929aeb3387ffff,0.3471312549122347,0.0,0.0,0.0
8929aeb338bffff,13.731744956338453,9.802768720936449,5253.0,6075.0
8929aeb338fffff,10.300120048019208,7.7341216860576,1699.0,3483.0
8929aeb3393ffff,0.9695699171279768,0.0,0.0,0.0
8929aeb3397ffff,0.0,0.0,0.0,0.0
8929aeb339bffff,0.5306082342537094,0.0,0.0,0.0
8929aeb33a3ffff,5.0765357406113285,3.8142175005273553,5727.0,18057.0
8929aeb33a7ffff,6.425392873813599,0.6024760801830865,7433.0,25955.0
8929aeb33afffff,9.0202680624753,0.8281292424653814,10435.0,21038.0
8929aeb33b3ffff,2.475603492552645,2.139275058718974,1128.0,11100.0
8929aeb33b7ffff,2.4546291916652145,0.6861480075901328,2840.0,23552.0
8929aeb33c3ffff,7.480473317431365,0.0,2879.0,2377.0
8929aeb33c7ffff,14.84060839010034,3.723521450379277,16847.0,11012.0
8929aeb33d3ffff,2.0532468808330875,0.0,0.0,0.0
8929aeb33d7ffff,2.7372729598362753,0.0,231.0,0.0
8929aeb3503ffff,0.0,0.0,0.0,0.0
8929aeb3507ffff,0.0,0.0,0.0,0.0
8929aeb350bffff,0.0,0.0,0.0,0.0
8929aeb350fffff,0.0819188675535749,0.0,0.0,0.0
8929aeb3513ffff,0.0,0.0,0.0,0.0
8929aeb3517ffff,0.0,0.0,0.0,0.0
8929aeb351bffff,0.5439234575182673,0.0,0.0,0.0
8929aeb3523ffff,0.0,0.0,0.0,0.0
8929aeb3527ffff,0.0,0.0,0.0,0.0
8929aeb352bffff,0.0,0.0,0.0,0.0
8929aeb352fffff,0.0,0.0,0.0,0.0
8929aeb3533ffff,0.0032769694586446,0.0,0.0,0.0
8929aeb3537ffff,0.0294917586918766,0.0,0.0,0.0
8929aeb353bffff,0.0,0.0,0.0,0.0
8929aeb3563ffff,0.0,0.0,0.0,0.0
8929aeb3567ffff,0.0,0.0,0.0,0.0
8929aeb356fffff,0.0,0.0,0.0,0.0
8929aeb3573ffff,0.0,0.0,0.0,0.0
8929aeb3577ffff,0.0,0.0,0.0,0.0
8929aeb3583ffff,0.0,0.0,0.0,0.0
8929aeb3587ffff,0.0,0.0,0.0,0.0
8929aeb358bffff,0.0,0.0,0.0,0.0
8929aeb358fffff,0.0,0.0,0.0,0.0
8929aeb3593ffff,0.0,0.0,0.0,0.0
8929aeb3597ffff,0.0,0.0,0.0,0.0
8929aeb359bffff,0.0,0.0,0.0,0.0
8929aeb35a3ffff,0.0,0.0,0.0,0.0
8929aeb35a7ffff,0.0,0.0,0.0,0.0
8929aeb35abffff,0.0,0.0,0.0,0.0
8929aeb35afffff,0.0,0.0,0.0,0.0
8929aeb35b3ffff,0.0,0.0,0.0,0.0
8929aeb35b7ffff,0.0,0.0,0.0,0.0
8929aeb35bbffff,0.0,0.0,0.0,0.0
8929aeb35c7ffff,0.0524263573511582,0.0,0.0,0.0
8929aeb35d7ffff,0.072109869218919,0.0,0.0,0.0
8929aeb4003ffff,0.0,0.0,0.0,0.0
8929aeb4007ffff,0.0,0.0,0.0,0.0
8929aeb400fffff,0.0,0.0,0.0,0.0
8929aeb4013ffff,0.0,0.0,0.0,0.0
8929aeb4017ffff,0.0,0.0,0.0,0.0
8929aeb4033ffff,0.0,0.0,0.0,0.0
8929aeb4043ffff,0.0,0.0,0.0,0.0
8929aeb4053ffff,0.0,0.0,0.0,0.0
8929aeb4057ffff,2.024105856150924,0.0,0.0,0.0
8929aeb405bffff,0.0,0.0,0.0,0.0
8929aeb4083ffff,0.0,0.0,0.0,0.0
8929aeb4087ffff,0.0,0.0,0.0,0.0
8929aeb408bffff,0.0,0.0,0.0,0.0
8929aeb408fffff,0.0,0.0,0.0,0.0
8929aeb4093ffff,0.0,0.0,0.0,0.0
8929aeb4097ffff,0.0,0.0,0.0,0.0
8929aeb409bffff,0.0,0.0,0.0,0.0
8929aeb40a3ffff,0.0,0.0,0.0,0.0
8929aeb40a7ffff,0.0,0.0,0.0,0.0
8929aeb40abffff,0.0,0.0,0.0,0.0
8929aeb40afffff,0.0,0.0,0.0,0.0
8929aeb40b3ffff,1.6838105221778157,0.0,0.0,0.0
8929aeb40b7ffff,0.0425810678021618,0.0,0.0,0.0
8929aeb40bbffff,0.0,0.0,0.0,0.0
8929aeb40c3ffff,0.0,0.0,0.0,0.0
8929aeb40cbffff,0.0,0.0,0.0,0.0
8929aeb40cfffff,0.0,0.0,0.0,0.0
8929aeb40d3ffff,0.0,0.0,0.0,0.0
8929aeb40d7ffff,0.0786137770644305,0.0,0.0,0.0
8929aeb40dbffff,0.029479200786112,0.0,0.0,0.0
8929aeb4183ffff,25.124492202856768,0.0,0.0,0.0
8929aeb4187ffff,1.503636244512874,0.0,0.0,0.0
8929aeb4193ffff,73.91332831078647,0.0,0.0,0.0
8929aeb4197ffff,65.4982637751425,0.0,0.0,0.0
8929aeb419bffff,63.935392982341185,0.0,0.0,0.0
8929aeb41d3ffff,7.213286598748649,0.0,0.0,0.0
8929aeb41d7ffff,16.130511694948567,0.0,0.0,0.0
8929aeb41dbffff,0.0,0.0,0.0,0.0
8929aeb4293ffff,44.516129032258064,0.0,0.0,0.0
8929aeb4297ffff,9.04833638983495,0.0,0.0,0.0
8929aeb429bffff,6.509495743287491,0.0,0.0,0.0
8929aeb42d3ffff,0.0,0.0,0.0,0.0
8929aeb4403ffff,6.357592745703013,0.8053932584269664,6810.0,19864.0
8929aeb4407ffff,0.7707836300238576,0.0,15.0,1476.0
8929aeb440bffff,2.619887969938015,4.822088275325685,2686.0,3524.0
8929aeb440fffff,1.3443080010299848,0.0,545.0,7665.0
8929aeb4413ffff,16.371148616909366,15.353481862541136,17816.0,16112.0
8929aeb4417ffff,10.900543558101951,0.0898741761533852,267.0,1201.0
8929aeb441bffff,9.023799202223048,9.597431331282715,10416.0,12062.0
8929aeb4423ffff,0.0,0.0,0.0,0.0
8929aeb4427ffff,1.8412344789175377,0.0,0.0,0.0
8929aeb442bffff,0.1081222764653845,0.0,0.0,0.0
8929aeb442fffff,0.0,0.0,0.0,0.0
8929aeb4433ffff,0.0,0.0,0.0,0.0
8929aeb4437ffff,11.006258396408796,0.0,0.0,0.0
8929aeb443bffff,0.2654171308735828,0.0,0.0,0.0
8929aeb4443ffff,8.291412621434919,2.079422767149913,9571.0,26480.0
8929aeb4447ffff,8.331569743481214,2.996615000890789,5386.0,9801.0
8929aeb444bffff,7.503461696792785,1.6316068369748729,8662.0,28736.0
8929aeb444fffff,6.920061253832263,0.4592929177358984,7988.0,21924.0
8929aeb4453ffff,8.424007110445807,2.014758812056381,9724.0,17543.0
8929aeb4457ffff,7.6031599005747825,2.3097286565188617,8776.0,5314.0
8929aeb445bffff,6.865924854049199,0.3526902887139108,7926.0,13121.0
8929aeb4463ffff,0.003275681341719,0.0,0.0,0.0
8929aeb4467ffff,0.6486486486486486,0.0,0.0,0.0
8929aeb446bffff,4.98364684411196,0.3108679432976871,993.0,2886.0
8929aeb446fffff,0.2195137933294017,0.0,0.0,0.0
8929aeb4473ffff,0.0,0.0,0.0,0.0
8929aeb4477ffff,0.1769099724806709,0.0,0.0,0.0
8929aeb447bffff,8.251390587060222,0.735356990166738,3450.0,4179.0
8929aeb4483ffff,2.2854772871144484,0.2361507428908786,377.0,3650.0
8929aeb4487ffff,0.0,0.0,0.0,4290.0
8929aeb448bffff,2.4703255303356353,0.1015901975825679,2852.0,17346.0
8929aeb448fffff,2.179575051405072,0.6974248927038627,687.0,5997.0
8929aeb4493ffff,0.0,0.0,0.0,5206.0
8929aeb4497ffff,0.0,0.0,0.0,4995.0
8929aeb449bffff,6.159084382819871,0.5943849591096872,2703.0,8489.0
8929aeb44a3ffff,0.0,0.0,0.0,0.0
8929aeb44a7ffff,0.0,0.0,0.0,0.0
8929aeb44abffff,0.0,0.0,0.0,0.0
8929aeb44afffff,0.0,0.0,0.0,0.0
8929aeb44b3ffff,0.0,0.0,0.0,3055.0
8929aeb44b7ffff,0.0,0.0,0.0,0.0
8929aeb44bbffff,0.0,0.0,0.0,0.0
8929aeb44c3ffff,2.624898646541508,0.333032018649793,3030.0,7542.0
8929aeb44c7ffff,8.516218770174055,4.391359436323743,9831.0,22275.0
8929aeb44cbffff,6.967642546184839,2.0468128485478423,8043.0,17642.0
8929aeb44cfffff,11.544123150619995,6.7881625146296605,13326.0,14049.0
8929aeb44d3ffff,8.883559785574622,0.440076279888514,10255.0,17103.0
8929aeb44d7ffff,7.130917482691948,1.058790749512399,8232.0,20454.0
8929aeb44dbffff,5.922488742531402,1.724378017081322,6837.0,15244.0
8929aeb4503ffff,75.9256832033554,0.0,0.0,0.0
8929aeb4507ffff,62.865755758707685,0.0,0.0,0.0
8929aeb450bffff,78.85837866177337,0.0,0.0,0.0
8929aeb450fffff,70.30471821756225,0.0,0.0,0.0
8929aeb4513ffff,73.62867815715316,0.0,0.0,0.0
8929aeb4517ffff,37.876802096985585,0.0,0.0,0.0
8929aeb451bffff,75.6840001310659,0.0,0.0,0.0
8929aeb4523ffff,66.28006028438503,0.0,0.0,0.0
8929aeb4527ffff,52.44242046980965,0.0,0.0,0.0
8929aeb452bffff,68.48053990302712,0.0,0.0,0.0
8929aeb452fffff,74.413499344692,0.0,0.0,0.0
8929aeb4533ffff,72.85236878317279,0.0,0.0,0.0
8929aeb4537ffff,63.3572528588748,0.0,0.0,0.0
8929aeb453bffff,82.13782481895338,0.0,0.0,0.0
8929aeb4543ffff,0.3145478374836173,0.0,0.0,0.0
8929aeb4547ffff,8.494398217912599,0.0,0.0,0.0
8929aeb454bffff,5.041769041769042,0.0,0.0,0.0
8929aeb454fffff,5.265054714632068,0.0,0.0,0.0
8929aeb4553ffff,10.021622329969858,0.0,0.0,0.0
8929aeb4557ffff,5.621989974773122,0.0,0.0,0.0
8929aeb455bffff,2.168998394548016,0.0,0.0,0.0
8929aeb4563ffff,74.7911274204646,0.0,0.0,0.0
8929aeb4567ffff,71.59519051207286,0.0,0.0,0.0
8929aeb456bffff,8.70020964360587,0.0,0.0,0.0
8929aeb456fffff,69.03623140929044,0.0,0.0,0.0
8929aeb4573ffff,82.72777905186253,0.0,0.0,0.0
8929aeb4577ffff,64.04350817416375,0.0,0.0,0.0
8929aeb457bffff,8.07994757536042,0.0,0.0,0.0
8929aeb4583ffff,9.758815047843754,0.0,0.0,0.0
8929aeb4587ffff,1.127129750982962,0.0,0.0,0.0
8929aeb458bffff,77.26617290424068,0.0,0.0,0.0
8929aeb458fffff,57.41717731100698,0.0,0.0,0.0
8929aeb4593ffff,0.0,0.0,0.0,0.0
8929aeb4597ffff,0.0,0.0,0.0,0.0
8929aeb459bffff,0.0196618167518678,0.0,0.0,0.0
8929aeb45a3ffff,0.4128440366972477,0.0,0.0,0.0
8929aeb45a7ffff,0.3309630697643936,0.0,0.0,0.0
8929aeb45abffff,46.823290409253254,0.0,0.0,0.0
8929aeb45afffff,87.15512156759945,0.0,0.0,0.0
8929aeb45b3ffff,0.0131083073898082,0.0,0.0,0.0
8929aeb45b7ffff,0.0,0.0,0.0,0.0
8929aeb45bbffff,1.4484205007209332,0.0,0.0,0.0
8929aeb45c3ffff,5.832050063890437,0.0,0.0,0.0
8929aeb45c7ffff,73.79579264696244,0.0,0.0,0.0
8929aeb45cbffff,3.5882815572158866,0.0,0.0,0.0
8929aeb45cfffff,4.879247632467149,0.0,0.0,0.0
8929aeb45d3ffff,0.0,0.0,0.0,0.0
8929aeb45d7ffff,15.200078654999508,0.0,0.0,0.0
8929aeb45dbffff,9.027755021791132,0.0,0.0,0.0
8929aeb4603ffff,16.907405587763257,0.0,0.0,0.0
8929aeb4607ffff,3.4814790554482036,0.0,0.0,0.0
8929aeb460bffff,17.87305122494432,0.0,0.0,0.0
8929aeb460fffff,25.722240419259744,0.0,0.0,0.0
8929aeb4613ffff,8.770028026016604,6.2886971413516,8359.0,20487.0
8929aeb4617ffff,6.629706142754753,0.0213538330130258,2264.0,5057.0
8929aeb461bffff,2.534244476450219,0.0,595.0,4129.0
8929aeb4623ffff,0.0,0.0,0.0,0.0
8929aeb4627ffff,0.0,0.0,0.0,0.0
8929aeb462bffff,1.5785164565252987,0.0,0.0,0.0
8929aeb462fffff,16.872441460618962,0.0,0.0,0.0
8929aeb4633ffff,0.0,0.0,0.0,5.0
8929aeb4637ffff,0.0,0.0,0.0,0.0
8929aeb463bffff,0.0,0.0,0.0,0.0
8929aeb4643ffff,2.8887114781296193,3.8934927319657655,3335.0,12734.0
8929aeb4647ffff,4.338259370020301,0.2263540824575586,3577.0,11108.0
8929aeb464bffff,7.231801214343853,0.8369582103464347,8348.0,18383.0
8929aeb464fffff,8.880205328435057,1.16166337730688,10251.0,20553.0
8929aeb4653ffff,4.0167893750448265,2.9561745321595225,4637.0,14524.0
8929aeb4657ffff,5.1586534235738775,0.458387903321824,2113.0,6020.0
8929aeb465bffff,1.0303138028994727,0.0,1189.0,0.0
8929aeb4663ffff,57.5999737988406,0.0,0.0,0.0
8929aeb4667ffff,58.66631730643259,0.0,0.0,0.0
8929aeb466bffff,0.3962047753101866,0.0,14.0,0.0
8929aeb466fffff,30.398192416006285,0.0,0.0,0.0
8929aeb4673ffff,41.209798912687496,0.0,0.0,0.0
8929aeb4677ffff,40.54886036154048,0.0,0.0,0.0
8929aeb467bffff,4.991886125686796,0.4164409534127844,4363.0,10589.0
8929aeb4683ffff,7.9058323094099086,0.5920043317390127,9126.0,19828.0
8929aeb4687ffff,6.125994074536099,0.3524248124364878,7071.0,16592.0
8929aeb468bffff,8.385776923988498,2.6457719930656833,9680.0,25473.0
8929aeb468fffff,8.437443474898176,0.853915849571801,9740.0,14379.0
8929aeb4693ffff,9.490635349295546,1.021335983590958,10956.0,16851.0
8929aeb4697ffff,6.358740227218153,0.5347154793977271,7340.0,26184.0
8929aeb469bffff,8.555337613860676,1.105422082184587,9877.0,27118.0
8929aeb46a3ffff,7.765409650466118,0.5042016806722689,8963.0,12574.0
8929aeb46a7ffff,1.7767764990511283,0.0,1153.0,0.0
8929aeb46abffff,10.937822155459338,0.1351473105685197,2674.0,3990.0
8929aeb46afffff,5.492479785495831,1.4934605867797808,3304.0,4013.0
8929aeb46b3ffff,8.300663990743425,0.7705588949993606,9581.0,22345.0
8929aeb46b7ffff,6.7753103362235665,0.8543001510652706,7820.0,20556.0
8929aeb46bbffff,8.04190935488801,0.8789908508884993,8524.0,16888.0
8929aeb46c3ffff,8.949280446544117,5.950774371827004,10332.0,10537.0
8929aeb46c7ffff,8.855521252377834,4.274034978785057,10223.0,19980.0
8929aeb46cbffff,14.040881238598624,2.2930487453129507,16210.0,24390.0
8929aeb46cfffff,6.001807530890849,0.8169498921238272,5905.0,14729.0
8929aeb46d3ffff,8.401909638310014,3.9879886207986512,9700.0,19683.0
8929aeb46d7ffff,11.278462776208206,4.976081816682246,13020.0,12443.0
8929aeb46dbffff,7.987963641466191,1.836560891620691,9222.0,9544.0
8929aeb5403ffff,57.51555738461347,0.0,66413.0,0.0
8929aeb5407ffff,53.18802670017179,0.0,61416.0,0.0
8929aeb540bffff,14.978566863591729,0.6285832700145058,17297.0,5179.0
8929aeb540fffff,29.18901055047016,0.0,33704.0,4807.0
8929aeb5413ffff,24.491691866446363,0.0,28282.0,4012.0
8929aeb5417ffff,10.112142364997366,0.0,11677.0,0.0
8929aeb541bffff,59.50401371677967,11.969066032123736,68715.0,2664.0
8929aeb5423ffff,56.89114906009235,0.0,65687.0,0.0
8929aeb5427ffff,42.4805278222965,0.0,49047.0,2449.0
8929aeb542bffff,4.255047158780887,0.0691669228404549,4913.0,4681.0
8929aeb542fffff,9.410935668138393,0.0,10866.0,5368.0
8929aeb5433ffff,22.38597957172967,0.0,25848.0,0.0
8929aeb5437ffff,1.5783582205897484,0.0,1822.0,2026.0
8929aeb543bffff,49.65735059363464,0.0,57337.0,1983.0
8929aeb5457ffff,0.8972272622410106,1.0118897040222614,1036.0,4226.0
8929aeb548fffff,6.572474295583641,1.2521487378992129,7590.0,19646.0
8929aeb54a3ffff,0.0,0.0,0.0,1090.0
8929aeb54a7ffff,0.3049341336035545,0.0,352.0,7524.0
8929aeb54abffff,0.0,0.0,0.0,0.0
8929aeb54afffff,0.0,0.0,0.0,1724.0
8929aeb54b3ffff,9.729414588977674,1.4028019073670204,11235.0,19205.0
8929aeb54b7ffff,0.0583035839556019,0.0,67.0,11301.0
8929aeb54bbffff,2.4009053667296434,0.5068594985470027,2772.0,5300.0
8929aeb54c7ffff,24.151593937240083,0.4933874405161591,27890.0,12270.0
8929aeb54cfffff,2.380707447621007,1.684437621872796,2749.0,8531.0
8929aeb5503ffff,0.0,0.0,0.0,0.0
8929aeb5513ffff,6.303480104777348,0.0,7277.0,0.0
8929aeb5517ffff,0.0006720068813504,0.0,1.0,186.0
8929aeb551bffff,26.8487486398259,0.0,26648.0,0.0
8929aeb5553ffff,31.428606405856595,0.0,27726.0,2251.0
8929aeb5557ffff,17.645402192807826,11.993905093600349,13082.0,1455.0
8929aeb555bffff,0.4370822633037977,0.0,463.0,4895.0
8929aeb5583ffff,7.0882641844800975,0.7862488691504235,8183.0,21714.0
8929aeb5587ffff,9.641627582077636,1.1420235183165837,11130.0,24151.0
8929aeb558bffff,16.18592642023662,3.3951091971701013,18686.0,9045.0
8929aeb558fffff,18.40285898719256,6.61640928053868,21245.0,9186.0
8929aeb5593ffff,3.6586506679306,0.1135240048339253,4224.0,9819.0
8929aeb5597ffff,3.211592792860217,0.2175038839979285,3708.0,10405.0
8929aeb559bffff,1.282523012447926,0.0081796245552329,1481.0,17603.0
8929aeb55a3ffff,0.0,0.0,0.0,0.0
8929aeb55a7ffff,0.35554480590156,0.0,106.0,3865.0
8929aeb55abffff,1.3857450781432938,0.843767930068514,831.0,10576.0
8929aeb55afffff,1.1531875367282332,0.0172394878304888,1314.0,22967.0
8929aeb55b3ffff,6.200597904432039,1.082769590463962,6922.0,18582.0
8929aeb55b7ffff,7.070149581360344,0.5113273205028052,4058.0,10086.0
8929aeb55bbffff,6.343485559628627,0.9230769230769232,3333.0,8346.0
8929aeb55c3ffff,66.56678255717871,0.0,76854.0,3836.0
8929aeb55c7ffff,37.48670822328314,6.970185334407736,43277.0,3325.0
8929aeb55cbffff,66.69306659016925,0.0,77000.0,2873.0
8929aeb55cfffff,70.19383084080675,0.0,81038.0,0.0
8929aeb55d3ffff,0.0,0.0,0.0,21101.0
8929aeb55d7ffff,13.814511426602516,0.2887750349324639,15949.0,19267.0
8929aeb55dbffff,26.043303649380128,0.5519345444459853,30069.0,12908.0
8929aeb60c3ffff,3.6796253336326674,1.734181452962839,4248.0,5283.0
8929aeb60c7ffff,11.058309946990958,0.5434249504639711,12767.0,18251.0
8929aeb60d3ffff,1.6995868734897497,0.0,1962.0,698.0
8929aeb60d7ffff,5.340421883038929,0.2350754428165318,6166.0,13139.0
8929aeb60dbffff,12.725736449577212,0.805603508145326,14693.0,17997.0
8929aeb6223ffff,9.218429374232056,0.1575230852797392,10642.0,19851.0
8929aeb6227ffff,4.046855702897918,0.0507704414489884,4671.0,14174.0
8929aeb622bffff,3.971097743141639,0.6117283082548165,4584.0,10177.0
8929aeb622fffff,0.0,0.0,0.0,27.0
8929aeb6247ffff,3.1988799710638403,0.0,3693.0,6940.0
8929aeb624bffff,10.84143504804904,1.637277534914943,12517.0,21628.0
8929aeb624fffff,6.279875400287489,0.0965878158860615,7250.0,20480.0
8929aeb625bffff,9.233028506932644,0.0699545295557887,10661.0,19542.0
8929aeb626bffff,0.9860327617336964,0.0,1138.0,3641.0
8929aeb626fffff,3.567976915323973,0.6915416769117285,3721.0,11632.0
8929aeb627bffff,1.1490704534540714,0.0,1327.0,10056.0
8929aeb6283ffff,1.0464217116914865,1.8148435844926207,1208.0,5005.0
8929aeb628bffff,7.260651980730555,0.0417935399128306,8383.0,6027.0
8929aeb6293ffff,2.2636073670130674,0.1696952556034787,2614.0,5083.0
8929aeb629bffff,4.681566196691256,1.2629533678756475,5405.0,2195.0
8929aeb62c3ffff,9.770150780090542,3.2625714597822526,11281.0,9564.0
8929aeb62d7ffff,4.314492116495653,1.0601536551816688,4982.0,10617.0
8929aeb6327ffff,0.0,0.0,0.0,0.0
8929aeb632bffff,0.2720152066332382,0.0,0.0,0.0
8929aeb632fffff,0.0,0.0,0.0,0.0
8929aeb634bffff,1.679022737700563,0.0345015434901035,1752.0,19818.0
8929aeb635bffff,1.7474535145553551,0.2921428937522423,2017.0,14007.0
8929aeb6363ffff,0.0,0.0,0.0,0.0
8929aeb6367ffff,0.0,0.0,0.0,0.0
8929aeb636bffff,0.0,0.0,0.0,0.0
8929aeb636fffff,0.0,0.0,0.0,0.0
8929aeb637bffff,0.0,0.0,0.0,0.0
8929aeb6403ffff,16.07477451356348,2.300670149332489,18562.0,6665.0
8929aeb640bffff,7.865242102178311,0.3921190499148266,9082.0,11157.0
8929aeb6413ffff,2.577636169211152,0.0,2976.0,0.0
8929aeb6417ffff,22.990054600941654,2.5420736730610805,25981.0,11925.0
8929aeb641bffff,0.0,0.0,0.0,0.0
8929aeb6443ffff,12.273903419895875,1.4943987397164362,14174.0,16208.0
8929aeb6447ffff,13.720116727150286,3.1201848998459165,15843.0,15392.0
8929aeb644bffff,10.255634878573431,12.85422517232576,11843.0,7373.0
8929aeb644fffff,12.420148837267304,2.813873495127078,14342.0,7323.0
8929aeb6453ffff,9.058941258257294,1.2631028775516129,10461.0,24483.0
8929aeb6457ffff,5.163034159389701,0.5379791933874876,5962.0,10050.0
8929aeb645bffff,8.777666936841449,0.6648730556328664,10137.0,11564.0
8929aeb646bffff,0.0,0.0,0.0,0.0
8929aeb646fffff,7.769106289306215,1.6124274899223283,8970.0,10808.0
8929aeb647bffff,5.144273488285086,3.0322173089071383,5940.0,553.0
8929aeb6483ffff,0.0009674735395986,0.0,0.0,7097.0
8929aeb6487ffff,0.0,0.0,0.0,1320.0
8929aeb648bffff,0.0492575515255811,0.0,57.0,21242.0
8929aeb648fffff,2.2392844396577587,0.0,2552.0,728.0
8929aeb6493ffff,1.7452923036546155,0.0,0.0,0.0
8929aeb6497ffff,0.0,0.0,0.0,0.0
8929aeb649bffff,0.461782341994624,0.0,24.0,1709.0
8929aeb64abffff,11.723799816795468,7.224875520780409,3271.0,3287.0
8929aeb64b3ffff,0.6954239790060686,0.0,0.0,0.0
8929aeb64b7ffff,16.434535300816673,1.315578373175036,9715.0,4429.0
8929aeb64bbffff,8.967802642883443,0.0,789.0,2377.0
8929aeb64c3ffff,3.3745343454338577,1.9783985875999583,3897.0,20387.0
8929aeb64c7ffff,1.024101456188098,0.0919798666291933,1183.0,14077.0
8929aeb64cbffff,12.013803810076034,9.469714750661096,13874.0,20829.0
8929aeb64cfffff,2.1999638379190594,0.2339300244100895,2541.0,10594.0
8929aeb64d3ffff,1.8145601226955617,1.4868609305105311,2096.0,19583.0
8929aeb64d7ffff,1.6401286139206834,0.0270573228711684,1765.0,18622.0
8929aeb64dbffff,19.01278054862843,16.260891390870952,21957.0,25222.0
8929aeb6603ffff,15.411713725453518,10.050672724095753,17797.0,18532.0
8929aeb6607ffff,11.54619569453321,1.4398601278732923,13333.0,20700.0
8929aeb660bffff,12.88586837921252,1.896103896103896,14880.0,13597.0
8929aeb660fffff,11.123616172889928,1.6902535380307049,12845.0,14154.0
8929aeb6613ffff,16.67783738960468,8.708846790509472,19260.0,14295.0
8929aeb6617ffff,15.574641871775288,3.331031108808886,17985.0,24186.0
8929aeb661bffff,12.055302699669555,6.388771115524514,13922.0,15102.0
8929aeb662bffff,9.382541295902524,0.7613774009344177,10833.0,14452.0
8929aeb663bffff,13.067389982696534,0.3676399450475029,15089.0,18537.0
8929aeb6643ffff,17.698770204342473,2.7233486681433523,20439.0,12332.0
8929aeb6647ffff,14.595322563549416,4.0966622562847945,16854.0,13830.0
8929aeb664bffff,17.710742719626925,1.1764968522569983,20453.0,15936.0
8929aeb6653ffff,22.9253299584162,8.664638172058444,26476.0,22909.0
8929aeb6657ffff,20.56554308283638,2.8370464110185702,23750.0,11885.0
8929aeb665bffff,19.955548351298948,1.9234108228031253,23046.0,18302.0
8929aeb6663ffff,12.556859101665166,1.9242277770105416,14499.0,15340.0
8929aeb6667ffff,9.494977208812177,1.1111739425469351,10963.0,12591.0
8929aeb666bffff,8.773160488977432,10.723694405702776,10130.0,2074.0
8929aeb666fffff,8.126284151812856,5.350295484278432,9383.0,7553.0
8929aeb6673ffff,15.396078651440186,1.589268016423616,17778.0,20018.0
8929aeb6677ffff,12.806666936869243,0.639603858255532,14788.0,20804.0
8929aeb667bffff,18.331514792530474,1.1260268483269886,21169.0,17765.0
8929aeb6687ffff,7.151207559286843,17.788845846399802,8258.0,4813.0
8929aeb668fffff,7.513077743208614,2.973225404732254,8676.0,11219.0
8929aeb6693ffff,16.08685893839075,1.4016872160934457,18578.0,8205.0
8929aeb6697ffff,11.335665120454886,2.519866164784609,13091.0,6713.0
8929aeb66a3ffff,9.78241553364157,0.1407221862598857,11296.0,12773.0
8929aeb66a7ffff,7.676142847343905,3.106389060936681,8863.0,7321.0
8929aeb66abffff,12.613522639056466,0.9258080357954857,14565.0,19609.0
8929aeb66afffff,10.673887558615183,1.0651629072681703,12325.0,7958.0
8929aeb66b3ffff,9.357833631585184,1.057628247834777,10806.0,12831.0
8929aeb66b7ffff,0.0134062884846217,0.0,15.0,954.0
8929aeb66bbffff,16.801970320488838,2.211678651740925,19402.0,14246.0
8929aeb66c3ffff,13.239818581381211,9.371189287439892,15291.0,14180.0
8929aeb66cbffff,17.844173251663783,1.9496819734631865,20608.0,18702.0
8929aeb66cfffff,19.49169713802982,6.12154027001033,22510.0,18975.0
8929aeb66d3ffff,1.2764524907188344,10.606060606060606,1474.0,446.0
8929aeb66d7ffff,0.4644594969498415,0.0,536.0,0.0
8929aeb66dbffff,12.52828706618706,12.432946876622252,14469.0,14574.0
8929aeb6843ffff,25.576897862855645,0.0,0.0,0.0
8929aeb684bffff,91.220998820291,0.0,0.0,0.0
8929aeb684fffff,53.95909805977976,0.0,0.0,0.0
8929aeb685bffff,33.93424891015766,0.0,0.0,0.0
8929aeb6a03ffff,84.48004717908394,0.0,0.0,0.0
8929aeb6a07ffff,86.42723727758299,0.0,0.0,0.0
8929aeb6a0bffff,82.26292679729995,0.0,0.0,0.0
8929aeb6a0fffff,44.47757281871498,0.0,0.0,0.0
8929aeb6a13ffff,39.6126875942067,0.0,0.0,0.0
8929aeb6a17ffff,81.17238441626527,0.0,0.0,0.0
8929aeb6a1bffff,95.09829619921362,0.0,0.0,0.0
8929aeb6a33ffff,65.67169069462648,0.0,0.0,0.0
8929aeb6a37ffff,26.47617799331542,0.0,0.0,0.0
8929aeb6a3bffff,14.53473132372215,0.0,0.0,0.0
8929aeb6a43ffff,98.53220627743924,0.0,0.0,0.0
8929aeb6a47ffff,8.688814625516022,0.0,0.0,0.0
8929aeb6a4bffff,39.25962325962326,0.0,0.0,0.0
8929aeb6a4fffff,3.7967634147939457,0.0,0.0,0.0
8929aeb6a53ffff,78.80406290956749,0.0,0.0,0.0
8929aeb6a57ffff,68.86282475510271,0.0,0.0,0.0
8929aeb6a5bffff,72.82199141574654,0.0,0.0,0.0
8929aeb6a73ffff,0.6290544525260469,0.0,0.0,0.0
8929aeb6a83ffff,1.1337942785988138,0.0,0.0,0.0
8929aeb6a87ffff,85.48487529905286,0.0,0.0,0.0
8929aeb6a8bffff,0.0,0.0,0.0,0.0
8929aeb6a8fffff,1.785948354961332,0.0,0.0,0.0
8929aeb6a93ffff,84.18379051551797,0.0,0.0,0.0
8929aeb6a97ffff,80.7111256758971,0.0,0.0,0.0
8929aeb6a9bffff,21.549351160047188,0.0,0.0,0.0
8929aeb6aa3ffff,78.025759512339,0.0,0.0,0.0
8929aeb6aa7ffff,43.02988596146284,0.0,0.0,0.0
8929aeb6aabffff,80.84534731323723,0.0,0.0,0.0
8929aeb6aafffff,81.70587849793564,0.0,0.0,0.0
8929aeb6ab3ffff,89.45436670489923,0.0,0.0,0.0
8929aeb6ab7ffff,47.86170735703752,0.0,0.0,0.0
8929aeb6abbffff,78.69572341471408,0.0,0.0,0.0
8929aeb6ac3ffff,0.0,0.0,0.0,0.0
8929aeb6ac7ffff,0.4062909567496723,0.0,0.0,0.0
8929aeb6acbffff,7.430949182530061,0.0,0.0,0.0
8929aeb6acfffff,56.37614678899082,0.0,0.0,0.0
8929aeb6ad3ffff,0.0,0.0,0.0,0.0
8929aeb6ad7ffff,0.0,0.0,0.0,0.0
8929aeb6adbffff,2.7850589777195283,0.0,0.0,0.0
8929aeb6bdbffff,37.09613998296087,0.0,0.0,0.0
8929aeb6e0bffff,0.1016027006653338,0.0,0.0,0.0
8929aeb6e1bffff,13.198518567074167,0.0,0.0,0.0
8929aeb6e23ffff,84.04785316289741,0.0,0.0,0.0
8929aeb6e27ffff,38.53162897410685,0.0,0.0,0.0
8929aeb6e2bffff,98.40062926061876,0.0,0.0,0.0
8929aeb6e2fffff,99.34454167076328,0.0,0.0,0.0
8929aeb6e37ffff,8.775035237814272,0.0,0.0,0.0
8929aeb6e3bffff,30.32776138970829,0.0,0.0,0.0
8929aeb6e43ffff,0.0,0.0,0.0,0.0
8929aeb6e47ffff,0.0,0.0,0.0,0.0
8929aeb6e4bffff,0.0,0.0,0.0,0.0
8929aeb6e4fffff,0.0,0.0,0.0,0.0
8929aeb6e53ffff,10.902415838987771,0.0,0.0,0.0
8929aeb6e57ffff,0.0,0.0,0.0,0.0
8929aeb6e5bffff,0.0,0.0,0.0,0.0
8929aeb6e63ffff,37.08461689716196,0.0,0.0,0.0
8929aeb6e67ffff,96.31644491053288,0.0,0.0,0.0
8929aeb6e6bffff,0.0,0.0,0.0,0.0
8929aeb6e6fffff,31.775578423018946,0.0,0.0,0.0
8929aeb6e73ffff,14.437416013896629,0.0,0.0,0.0
8929aeb6e77ffff,87.33940744625066,0.0,0.0,0.0
8929aeb6e7bffff,0.0,0.0,0.0,0.0
8929aeb6ecfffff,69.28548017043592,0.0,0.0,0.0
8929aeb7003ffff,10.892462493259227,1.1549531824971764,12580.0,19534.0
8929aeb7007ffff,12.656136511706926,3.1408322028736744,14616.0,25190.0
8929aeb700bffff,4.875174948333743,1.9948242398102225,5630.0,6544.0
8929aeb700fffff,6.514630565366068,2.8820184790334045,7524.0,9838.0
8929aeb7013ffff,11.853486567108352,1.3974180041870203,13690.0,20347.0
8929aeb7017ffff,10.72535145413173,1.0163579504450324,12387.0,17776.0
8929aeb701bffff,6.885147792694369,1.416082652987501,7952.0,4912.0
8929aeb7023ffff,5.910153692676996,2.172142275319034,6825.0,12971.0
8929aeb7027ffff,11.474070794804806,0.3810337462622811,13249.0,20989.0
8929aeb702bffff,10.725965090578072,1.730326995344663,12386.0,12615.0
8929aeb702fffff,13.01575920066092,3.1011045029736617,15030.0,17244.0
8929aeb7033ffff,7.862636112262806,1.151255582399883,9080.0,19443.0
8929aeb7037ffff,8.344348563447726,0.3299604047514298,9636.0,17943.0
8929aeb703bffff,9.43732659995636,2.467716493329412,10899.0,13133.0
8929aeb7043ffff,9.34762958576193,2.290815229081523,10796.0,19624.0
8929aeb7047ffff,13.17561249298672,2.582025468559957,15217.0,23932.0
8929aeb704bffff,9.179061677908413,1.7460905232574702,10602.0,12418.0
8929aeb704fffff,8.373880599341062,1.3380789331411065,9671.0,23651.0
8929aeb7053ffff,7.376285301973887,1.237944775873046,8520.0,15078.0
8929aeb7057ffff,11.131059805562568,1.7964964591874768,12856.0,9485.0
8929aeb705bffff,13.72663915520702,5.306052661575287,15854.0,5981.0
8929aeb7063ffff,10.11153644729295,2.422318743735383,11677.0,16822.0
8929aeb7067ffff,7.423756394549552,8.504807931841961,8573.0,6611.0
8929aeb706bffff,7.752254541033738,1.0510144362075693,8953.0,14608.0
8929aeb706fffff,14.331896215798318,2.143812276236898,16551.0,16334.0
8929aeb7073ffff,8.859019398197649,5.2298511377795265,10231.0,20810.0
8929aeb7077ffff,6.784315925981346,0.5961251862891207,7835.0,240.0
8929aeb707bffff,10.559194017475008,1.226340993741607,12195.0,28068.0
8929aeb7083ffff,8.509517531145876,0.7004264693422204,9828.0,12657.0
8929aeb7087ffff,7.1718239087811835,1.40507137555452,8283.0,20563.0
8929aeb708bffff,9.264125125845856,0.6856009219144312,10700.0,24510.0
8929aeb708fffff,9.455546308331542,6.637691105265164,10921.0,17631.0
8929aeb7093ffff,4.76227581864765,3.915560095335376,5500.0,1016.0
8929aeb7097ffff,2.540964955754419,0.4835015692594792,2935.0,12671.0
8929aeb709bffff,3.827129325740788,0.9124418393860656,4420.0,5903.0
8929aeb70a3ffff,8.48556073717549,0.7742726108026812,9800.0,19238.0
8929aeb70abffff,9.952835629206373,1.1640582906261356,11494.0,28396.0
8929aeb70afffff,8.779958600394044,0.9498554242138224,10139.0,23801.0
8929aeb70b3ffff,5.013403990024937,0.4786470244109982,5790.0,13473.0
8929aeb70bbffff,9.331583557510372,0.8516059813585463,10777.0,26615.0
8929aeb70c3ffff,4.541714456689772,1.3943691221408017,5246.0,11965.0
8929aeb70c7ffff,10.514323829828353,1.109450635132062,12144.0,21916.0
8929aeb70cbffff,4.2107428485940295,0.3438235658530541,4864.0,11582.0
8929aeb70cfffff,1.708032427681346,0.0,1973.0,228.0
8929aeb70d3ffff,3.4626017197692427,0.5335977711668319,4000.0,7583.0
8929aeb70d7ffff,8.195546135984666,0.4924600375334407,9466.0,26915.0
8929aeb70dbffff,3.9906000860204327,3.833589338640937,4609.0,16002.0
8929aeb7103ffff,10.290907957096532,4.245219225879744,11882.0,25489.0
8929aeb7107ffff,8.977181308504468,1.1018916758649564,10364.0,18708.0
8929aeb710bffff,10.362868777321168,1.1028103877623625,11965.0,20016.0
8929aeb710fffff,10.919414787467572,3.1171679197994986,12607.0,24493.0
8929aeb7113ffff,8.502611271338374,0.8003550089544669,9817.0,22533.0
8929aeb7117ffff,6.072719222482406,2.614464099895942,7011.0,13477.0
8929aeb711bffff,8.834249475413824,0.3929745769508381,10200.0,22356.0
8929aeb7123ffff,8.193735889536116,0.5349417977865418,9459.0,26239.0
8929aeb7127ffff,2.7109119429189783,0.6188511583624245,3129.0,2255.0
8929aeb712bffff,10.931701810516335,0.5032197535076123,12620.0,16798.0
8929aeb712fffff,8.07847393090028,0.4299528222973199,9326.0,21426.0
8929aeb7133ffff,5.466338208238486,0.8756921831594827,6311.0,19397.0
8929aeb7137ffff,7.985293613199575,2.183795347178893,9219.0,23704.0
8929aeb713bffff,8.889103699453688,2.314223969234434,10263.0,20667.0
8929aeb7143ffff,11.322707772124115,1.1038565334726211,13074.0,20448.0
8929aeb7147ffff,13.16934915596685,0.6463346390598769,15205.0,12783.0
8929aeb714bffff,12.08046367629957,0.9392023041763196,13949.0,11391.0
8929aeb714fffff,10.650968751753856,1.4009795767489142,12298.0,19205.0
8929aeb7153ffff,10.865952703861325,0.5800920877256756,12547.0,23631.0
8929aeb7157ffff,9.254368871498276,1.43722072847554,10686.0,18343.0
8929aeb715bffff,10.326734216679656,1.3301226923517946,11924.0,21685.0
8929aeb7163ffff,6.918948920950799,1.682043766445725,7988.0,21253.0
8929aeb7167ffff,7.855946764290414,1.8223543949701932,9069.0,26028.0
8929aeb716bffff,9.299599004683476,4.274023848491933,10737.0,22109.0
8929aeb716fffff,8.237836421976295,1.5009948957522277,9510.0,24593.0
8929aeb7173ffff,14.642732420364688,0.4477944926058134,16906.0,22490.0
8929aeb7177ffff,10.12734801806072,1.8446297930484783,11692.0,24826.0
8929aeb717bffff,11.052457626061688,3.741545806358277,12761.0,19162.0
8929aeb7183ffff,8.37079947869574,0.6488648681659261,9665.0,23427.0
8929aeb7187ffff,4.498302262714322,0.0266343109111893,5194.0,24323.0
8929aeb718bffff,8.650701353445346,1.8215923301375572,9989.0,25437.0
8929aeb718fffff,8.142674523742711,1.5247081346255746,9402.0,20740.0
8929aeb7193ffff,6.292167059498423,0.2217596825335071,7266.0,18465.0
8929aeb7197ffff,6.027131601674913,0.1482163959380696,6959.0,17947.0
8929aeb719bffff,5.587564068988739,0.0944311832751882,6452.0,13711.0
8929aeb71a3ffff,7.56765015871828,0.3176105910916337,8737.0,23501.0
8929aeb71a7ffff,7.020640320815259,0.1993578208249532,8105.0,20365.0
8929aeb71abffff,3.4864250501245713,1.1038818627092624,4025.0,19480.0
8929aeb71afffff,8.814688236688163,1.8445926143024616,10176.0,19291.0
8929aeb71b3ffff,7.454328324701525,0.2785197732751319,8607.0,22041.0
8929aeb71b7ffff,7.704516752677779,0.512763759775712,8895.0,19418.0
8929aeb71bbffff,3.3980854978017527,0.0,3923.0,2467.0
8929aeb71c3ffff,8.345700104753828,1.5865959993161225,9637.0,10361.0
8929aeb71c7ffff,8.318549857985104,0.247361806539129,9605.0,18002.0
8929aeb71cbffff,10.328379427417016,1.5027922955437245,11926.0,21779.0
8929aeb71cfffff,12.214725762601953,2.212302822286639,14104.0,19795.0
8929aeb71d3ffff,10.959702711634026,3.268225408127265,12656.0,21715.0
8929aeb71d7ffff,6.598223555196678,1.4173663997917074,7619.0,21809.0
8929aeb71dbffff,7.763219014306245,0.5449517771632832,8965.0,26543.0
8929aeb7207ffff,12.70000093513003,1.5145930957019251,14667.0,20202.0
8929aeb720bffff,14.839091744977948,6.105247285886611,17139.0,22418.0
8929aeb720fffff,12.836329858859909,4.376279220079716,14825.0,25565.0
8929aeb7213ffff,11.392416899125744,1.2775485790531111,13159.0,23173.0
8929aeb7217ffff,9.2329846522124,0.9608082092583762,10664.0,20187.0
8929aeb721bffff,8.872480878676997,0.3402087563677817,10248.0,20142.0
8929aeb7233ffff,8.269352460575002,0.5820032062452081,9550.0,20539.0
8929aeb7243ffff,16.343094017360407,4.3956998588337495,18877.0,15848.0
8929aeb7247ffff,10.403134311610916,2.0978201993880745,12016.0,24075.0
8929aeb7253ffff,13.954285643049037,1.4631937659366585,16119.0,14886.0
8929aeb7257ffff,9.704434879364673,0.7527818093855829,11209.0,18463.0
8929aeb725bffff,12.07532233584013,2.4782358738501973,13948.0,17099.0
8929aeb7273ffff,12.725515865594414,2.269306622379074,14697.0,27116.0
8929aeb7283ffff,15.130340468502611,1.833757654992087,17477.0,20544.0
8929aeb7287ffff,13.250383373436897,6.942830583313967,15304.0,23064.0
8929aeb728bffff,12.478416705625682,2.1310052457449085,14413.0,28008.0
8929aeb728fffff,15.0656879704521,0.9319649064724383,17401.0,21545.0
8929aeb7293ffff,3.0191301962886543,0.1890148988214365,3487.0,6463.0
8929aeb7297ffff,12.07335583627087,0.7616998858547721,13945.0,16275.0
8929aeb729bffff,9.994452374570685,1.164770367909642,11544.0,17137.0
8929aeb72a3ffff,12.794416528472214,1.9383314942433012,14776.0,16956.0
8929aeb72a7ffff,9.787718204488778,1.668512366186785,11304.0,23974.0
8929aeb72abffff,11.025391659964964,1.8731450360673785,12734.0,17973.0
8929aeb72afffff,8.754309511786087,0.8454581203303186,10110.0,18155.0
8929aeb72b3ffff,12.25979596098759,2.369288167506407,14160.0,20160.0
8929aeb72b7ffff,13.259498011246745,2.716681282101759,15313.0,19569.0
8929aeb72bbffff,11.745344034909998,1.703180726399301,13566.0,19447.0
8929aeb72c3ffff,12.033758851102023,3.160697414755647,13900.0,16236.0
8929aeb72c7ffff,18.817944945893384,0.4621999283410964,21736.0,10001.0
8929aeb72cbffff,13.140130643995112,4.664989245566333,15179.0,16914.0
8929aeb72cfffff,7.233797198111297,0.8477536116843943,8356.0,11242.0
8929aeb72d3ffff,5.392442539929879,0.0134743650205484,6229.0,5343.0
8929aeb72d7ffff,21.802803030539135,5.002800357234761,25185.0,22593.0
8929aeb72dbffff,7.053639321374702,5.622937763112982,8148.0,14931.0
8929aeb7303ffff,11.61637104543598,0.6651106470350806,13413.0,20377.0
8929aeb7307ffff,10.586393866358195,0.9170605583161636,12223.0,17659.0
8929aeb730bffff,13.852653239383924,0.2005520144556303,15995.0,18094.0
8929aeb7313ffff,12.40985829864846,1.5944747612551162,14329.0,8310.0
8929aeb7317ffff,8.077384756886525,0.5806614491290077,9327.0,11341.0
8929aeb731bffff,12.348831336457252,0.3866497571839525,14259.0,11593.0
8929aeb7323ffff,10.532617812964803,1.3741530168732323,12160.0,18707.0
8929aeb7327ffff,8.053310382677244,0.69399776566573,9297.0,21120.0
8929aeb732fffff,1.1016869874333468,0.0,1272.0,20545.0
8929aeb7333ffff,11.994325091203892,0.72231781984073,13848.0,17862.0
8929aeb7337ffff,11.263868187515982,2.534514343991388,13004.0,18579.0
8929aeb7343ffff,12.368006734111706,0.8015333681826102,14282.0,8198.0
8929aeb7353ffff,8.445540449119438,0.8932981167729606,9752.0,16615.0
8929aeb7357ffff,13.101547593809626,2.381220174494272,15129.0,21872.0
8929aeb7363ffff,5.421222807362162,2.0465596483048025,6259.0,21176.0
8929aeb736bffff,0.0,0.0,0.0,23398.0
8929aeb736fffff,3.07535444683843,2.1637472027162588,3551.0,22821.0
8929aeb737bffff,2.6058977220999333,0.4404660414890594,3009.0,7568.0
8929aeb7383ffff,3.480258891604729,6.644347154262169,4019.0,5220.0
8929aeb7387ffff,2.692826922657222,1.011094499960658,3109.0,18116.0
8929aeb738bffff,11.40783509268554,9.31168271303348,13173.0,13632.0
8929aeb738fffff,12.753393651050986,6.149229139696363,14726.0,22967.0
8929aeb7393ffff,6.828030402224675,1.5224963194369636,7885.0,9873.0
8929aeb7397ffff,10.30696421556707,0.8366075563589644,11902.0,23896.0
8929aeb739bffff,10.150078250188612,29.862579281183933,11721.0,3344.0
8929aeb73a3ffff,6.679990895456771,3.0551278102864186,7713.0,11332.0
8929aeb73a7ffff,10.07215331175594,5.607967987849403,11629.0,11634.0
8929aeb73abffff,11.84518631458495,4.196734887022359,13676.0,23323.0
8929aeb73afffff,12.150814908126009,2.2785284406247808,14029.0,15023.0
8929aeb73b3ffff,7.883602667672708,3.4685690201526667,9103.0,22262.0
8929aeb73b7ffff,8.357549981915465,2.2015530335352844,9649.0,28882.0
8929aeb73bbffff,10.422999816046367,6.375643540083353,12035.0,21997.0
8929aeb73c3ffff,13.67331924259145,4.8346055979643765,15790.0,26793.0
8929aeb73c7ffff,14.628473802679904,3.46125103247545,16892.0,26508.0
8929aeb73cbffff,10.63882186434232,1.655218770348898,12286.0,16855.0
8929aeb73cfffff,12.265639126341322,1.7268569626241916,14164.0,17947.0
8929aeb73d3ffff,10.473747050186574,0.8001861730693495,12095.0,19949.0
8929aeb73d7ffff,11.053056541894374,3.625192012288786,12764.0,16940.0
8929aeb73dbffff,8.772000922745042,1.150255612358302,10130.0,25616.0
8929aeb7403ffff,0.3322124539156504,0.0,384.0,0.0
8929aeb7407ffff,4.669506870405056,2.293453110112971,5394.0,10337.0
8929aeb740bffff,0.0,0.0,0.0,0.0
8929aeb740fffff,1.2241794133413118,0.9814850058454094,1414.0,13111.0
8929aeb7413ffff,3.790395462619589,1.6541052491162542,4379.0,5308.0
8929aeb7417ffff,7.44555529238709,1.182501874108287,8601.0,14711.0
8929aeb741bffff,0.0,0.0,0.0,0.0
8929aeb742bffff,7.219862179017675,2.801511927071753,8339.0,11016.0
8929aeb742fffff,6.086674645920606,1.1561117493217314,7030.0,14558.0
8929aeb7433ffff,4.924935407362159,0.6868926218987573,5689.0,25348.0
8929aeb743bffff,7.91556152582679,0.5798927089894229,9143.0,16479.0
8929aeb7443ffff,0.3752052877768463,0.0,433.0,14889.0
8929aeb7447ffff,0.3343866669159764,0.0,386.0,3571.0
8929aeb744bffff,0.0,0.0,0.0,0.0
8929aeb744fffff,0.0900614536978173,0.5311336887637058,104.0,17799.0
8929aeb7453ffff,1.1685664961078943,0.7607900512070226,1350.0,12209.0
8929aeb7457ffff,0.0,0.0,0.0,0.0
8929aeb745bffff,0.0,0.0,0.0,0.0
8929aeb7463ffff,1.1494037935311754,0.0390421655387818,1328.0,2765.0
8929aeb7467ffff,2.902290790088826,0.0,3352.0,2207.0
8929aeb746bffff,1.084243102325248,4.183248496066636,1252.0,3727.0
8929aeb746fffff,3.300306374649757,2.0225550009243856,3812.0,9539.0
8929aeb7473ffff,0.0009349609965437,0.0,1.0,717.0
8929aeb7477ffff,1.2107933579335797,0.2875555213227553,1399.0,13981.0
8929aeb747bffff,0.0,0.0,0.0,0.0
8929aeb7483ffff,11.30234529352006,1.216828205019681,13057.0,16804.0
8929aeb7487ffff,10.462873223284207,1.1627660701048397,12087.0,16800.0
8929aeb748bffff,12.649308963991338,2.672091671510421,14613.0,21098.0
8929aeb748fffff,16.089102739896784,3.2497417112801728,18586.0,25959.0
8929aeb7493ffff,4.4756957536513235,2.112676056338028,5171.0,751.0
8929aeb7497ffff,6.2469226598191305,0.8145611030606421,7217.0,16263.0
8929aeb749bffff,10.990897787860185,0.5426190984832301,12698.0,16760.0
8929aeb74a3ffff,7.4371768460486,0.5812235247758842,8591.0,3633.0
8929aeb74abffff,6.579714210026023,1.1172447886627668,7600.0,21603.0
8929aeb74b3ffff,9.850156450627672,2.0143125962251243,11378.0,24745.0
8929aeb74b7ffff,6.880302189753723,1.0044836814848284,7947.0,10254.0
8929aeb74bbffff,9.099153567110037,2.340837930520352,10511.0,18864.0
8929aeb74c3ffff,5.194784960644152,9.47672649832674,6002.0,6427.0
8929aeb74c7ffff,7.614186306680254,2.689414714408838,8796.0,17884.0
8929aeb74cbffff,0.9385370413648048,0.7496280840047141,1084.0,18494.0
8929aeb74cfffff,0.6949183704631646,0.1640618254036784,803.0,4162.0
8929aeb74d3ffff,1.6112748733352862,16.01685985247629,1862.0,1722.0
8929aeb74d7ffff,13.037869368906172,3.446096123651638,15063.0,17046.0
8929aeb74dbffff,0.9500602940855708,2.551974868518584,1098.0,9939.0
8929aeb7523ffff,10.304502218217756,3.912621139901055,11899.0,15313.0
8929aeb7527ffff,6.007357984660473,1.9942346770001416,6936.0,7466.0
8929aeb752bffff,8.81363541416604,0.8557117016835954,10177.0,20521.0
8929aeb752fffff,6.5059331915769265,1.264269406392694,7512.0,24910.0
8929aeb753bffff,6.757055876493713,1.5287867288300987,7803.0,19617.0
8929aeb7543ffff,3.2521212196779365,0.0,3756.0,1595.0
8929aeb7547ffff,8.391989875122352,1.791806945793886,9692.0,15647.0
8929aeb754bffff,1.7798530608173608,8.185053380782918,2056.0,3529.0
8929aeb7553ffff,9.087423671438858,1.7067759003242873,10495.0,6220.0
8929aeb7557ffff,8.403287999177065,4.248798270800401,9705.0,10685.0
8929aeb755bffff,3.407206533258525,0.1087902523933855,3935.0,3306.0
8929aeb7567ffff,10.520671282801104,0.5233644859813085,12149.0,18201.0
8929aeb7577ffff,4.387879165757396,0.5858014829380197,5067.0,17473.0
8929aeb7583ffff,16.727554970917,2.0471350294339317,19319.0,17312.0
8929aeb7587ffff,17.72587136172773,1.853934389358352,20471.0,10997.0
8929aeb758bffff,11.59852622129124,1.1768233265872123,13395.0,14239.0
8929aeb7593ffff,12.609447812602278,1.4681183760931256,14563.0,12250.0
8929aeb7597ffff,21.630408693185537,2.6842173183636597,24981.0,13574.0
8929aeb759bffff,13.928812999311132,0.5693592615075461,16087.0,17100.0
8929aeb75d7ffff,14.34186451719484,0.8277718901268869,16564.0,12465.0
8929aeb7613ffff,0.2302790458532633,0.0,266.0,827.0
8929aeb7617ffff,2.5515975531089414,0.1874584265586261,2948.0,5942.0
8929aeb761bffff,0.4904740833992908,0.0,567.0,5110.0
8929aeb7623ffff,1.3423216211330726,0.0840100812097451,1551.0,3853.0
8929aeb7627ffff,4.062671420735052,1.015141087405368,4693.0,6213.0
8929aeb762bffff,2.1089997911881397,0.1562045916884626,2436.0,9895.0
8929aeb762fffff,5.122499290965814,0.3091898081878041,5917.0,6268.0
8929aeb7637ffff,2.1401724105690296,1.034798534798535,2472.0,7781.0
8929aeb764fffff,4.08965837454465,3.711356282406144,4725.0,8892.0
8929aeb766bffff,6.533676560415862,0.4892367906066536,7547.0,12082.0
8929aeb766fffff,7.80646669263732,3.548707753479125,9018.0,13972.0
8929aeb767bffff,0.5727801652274448,0.8928571428571428,662.0,360.0
8929aeb7687ffff,0.0,0.0,0.0,0.0
8929aeb768fffff,1.3171835269481975,0.8995789205052954,1522.0,5592.0
8929aeb7697ffff,0.0,0.0,0.0,0.0
8929aeb76a3ffff,1.1144179378905217,0.0,1287.0,3182.0
8929aeb76a7ffff,3.072291409551591,3.317974939596561,3549.0,12389.0
8929aeb76abffff,1.163964772536041,4.092339979013642,1345.0,3290.0
8929aeb76b3ffff,0.3530815951933534,0.0,408.0,0.0
8929aeb76b7ffff,1.1281475941161805,1.6942033043965274,1303.0,10110.0
8929aeb76bbffff,1.233756115802923,0.0,1425.0,2872.0
8929aeb76c3ffff,0.0,0.0,0.0,0.0
8929aeb76cbffff,0.0710404307293484,0.0,82.0,0.0
8929aeb76cfffff,0.7039159414057753,0.0,813.0,0.0
8929aeb76d3ffff,0.0,0.0,0.0,0.0
8929aeb76d7ffff,0.7219507939277613,0.0,834.0,4325.0
8929aeb76dbffff,0.0,0.0,0.0,2724.0
8929aeb8403ffff,0.0,0.0,0.0,0.0
8929aeb8407ffff,2.811100578563724,0.0,0.0,0.0
8929aeb840bffff,0.0,0.0,0.0,0.0
8929aeb840fffff,0.3202928391672386,0.0,0.0,0.0
8929aeb8413ffff,0.0,0.0,0.0,0.0
8929aeb8417ffff,0.0,0.0,0.0,0.0
8929aeb841bffff,0.0,0.0,0.0,0.0
8929aeb8423ffff,11.456120281091682,0.0,0.0,0.0
8929aeb8427ffff,2.166454269189295,0.0,0.0,0.0
8929aeb842fffff,0.0620854164624383,0.0,0.0,0.0
8929aeb8433ffff,12.394209718001504,0.0,0.0,0.0
8929aeb8437ffff,19.788193763483036,0.0,0.0,0.0
8929aeb843bffff,0.5391628271738065,0.0,0.0,0.0
8929aeb8443ffff,0.0,0.0,0.0,0.0
8929aeb8447ffff,0.8266623100800523,0.0,0.0,0.0
8929aeb844bffff,0.0,0.0,0.0,0.0
8929aeb844fffff,0.0,0.0,0.0,0.0
8929aeb8453ffff,0.0,0.0,0.0,0.0
8929aeb8457ffff,0.0,0.0,0.0,0.0
8929aeb845bffff,0.0,0.0,0.0,0.0
8929aeb8463ffff,0.1045512464468912,0.0,0.0,0.0
8929aeb8473ffff,0.7419512992319006,0.0,0.0,0.0
8929aeb8477ffff,0.1372324783532102,0.0,0.0,0.0
8929aeb847bffff,1.137329237205046,0.0,0.0,0.0
8929aeb8483ffff,0.0,0.0,0.0,0.0
8929aeb8487ffff,1.8762462001111364,0.0,0.0,0.0
8929aeb848bffff,0.0,0.0,0.0,0.0
8929aeb848fffff,0.0,0.0,0.0,0.0
8929aeb8493ffff,1.588650627615063,0.0,0.0,0.0
8929aeb8497ffff,8.691530742326677,0.0,0.0,0.0
8929aeb849bffff,0.0,0.0,0.0,0.0
8929aeb84a3ffff,2.141082635983264,0.0,0.0,0.0
8929aeb84a7ffff,13.785665261300128,0.0,0.0,0.0
8929aeb84abffff,5.635460251046025,0.0,0.0,0.0
8929aeb84afffff,16.422105297558744,0.0,0.0,0.0
8929aeb84b3ffff,0.2255123051279537,0.0,0.0,0.0
8929aeb84b7ffff,8.571428571428571,0.0,0.0,0.0
8929aeb84bbffff,1.6342005490913845,0.0,0.0,0.0
8929aeb84c7ffff,0.0,0.0,0.0,0.0
8929aeb84cbffff,0.0,0.0,0.0,0.0
8929aeb84cfffff,0.0,0.0,0.0,0.0
8929aeb84d7ffff,0.0,0.0,0.0,0.0
8929aeb850bffff,0.0,0.0,0.0,0.0
8929aeb851bffff,0.0,0.0,0.0,0.0
8929aeb8553ffff,0.2222658037523697,0.0,0.0,0.0
8929aeb8557ffff,0.0,0.0,0.0,0.0
8929aeb855bffff,0.0,0.0,0.0,0.0
8929aeb85c3ffff,3.617056036595328,0.0,0.0,0.0
8929aeb85c7ffff,0.2647145331546782,0.0,0.0,0.0
8929aeb85cbffff,2.8464052287581696,0.0,0.0,0.0
8929aeb85cfffff,0.1143865612131511,0.0,0.0,0.0
8929aeb85d3ffff,3.088739990194476,0.0,0.0,0.0
8929aeb85d7ffff,0.4607090344714916,0.0,0.0,0.0
8929aeb85dbffff,0.9447223039456047,0.0,0.0,0.0
8929aeb8617ffff,0.0,0.0,0.0,0.0
8929aeb8683ffff,0.0359430139850999,0.0,0.0,0.0
8929aeb8687ffff,0.0130697598431628,0.0,0.0,0.0
8929aeb868fffff,0.0,0.0,0.0,0.0
8929aeb8693ffff,0.0,0.0,0.0,0.0
8929aeb8697ffff,0.0,0.0,0.0,0.0
8929aeb869bffff,0.4639461561080798,0.0,0.0,0.0
8929aeb86a3ffff,2.0683570775062083,0.0,0.0,0.0
8929aeb86abffff,0.5751446031175451,0.0,0.0,0.0
8929aeb86b3ffff,0.0,0.0,0.0,0.0
8929aeb86b7ffff,0.0784288095160288,0.0,0.0,0.0
8929aeb86bbffff,0.7449276309341,0.0,0.0,0.0
8929aeb86d3ffff,0.0,0.0,0.0,0.0
8929aeb86d7ffff,0.0,0.0,0.0,0.0
8929aeb86dbffff,0.0,0.0,0.0,0.0
8929aeba003ffff,0.0,0.0,0.0,0.0
8929aeba007ffff,4.516023544800523,0.0,0.0,0.0
8929aeba00bffff,0.0,0.0,0.0,0.0
8929aeba00fffff,3.9826047150377657,0.0,0.0,0.0
8929aeba013ffff,0.0,0.0,0.0,0.0
8929aeba017ffff,0.0,0.0,0.0,0.0
8929aeba01bffff,0.0,0.0,0.0,0.0
8929aeba023ffff,7.443016449197161,0.0,0.0,0.0
8929aeba027ffff,8.7717003955929,0.0,0.0,0.0
8929aeba02bffff,9.321867643212135,0.0,0.0,0.0
8929aeba02fffff,12.11467425059658,0.0,0.0,0.0
8929aeba033ffff,8.379376859450092,0.0,0.0,0.0
8929aeba037ffff,9.268101249264175,0.0,0.0,0.0
8929aeba03bffff,8.294373426619153,0.0,0.0,0.0
8929aeba043ffff,0.8634222919937204,0.0,0.0,0.0
8929aeba047ffff,0.0,0.0,0.0,0.0
8929aeba04bffff,0.0,0.0,0.0,0.0
8929aeba04fffff,0.0,0.0,0.0,0.0
8929aeba053ffff,4.9115463850103005,0.0,0.0,0.0
8929aeba057ffff,1.5305621872649378,0.0,0.0,0.0
8929aeba063ffff,3.4128800261523375,0.0,0.0,0.0
8929aeba067ffff,9.11884910904038,0.0,0.0,0.0
8929aeba06bffff,0.0,0.0,0.0,0.0
8929aeba06fffff,0.0392336363041914,0.0,0.0,0.0
8929aeba073ffff,3.842003727561063,0.0,0.0,0.0
8929aeba077ffff,14.06106970053616,0.0,0.0,0.0
8929aeba07bffff,0.0,0.0,0.0,0.0
8929aeba083ffff,0.0,0.0,0.0,0.0
8929aeba087ffff,0.0,0.0,0.0,0.0
8929aeba08bffff,0.0,0.0,0.0,0.0
8929aeba08fffff,0.0,0.0,0.0,0.0
8929aeba093ffff,0.0,0.0,0.0,0.0
8929aeba097ffff,0.0,0.0,0.0,0.0
8929aeba09bffff,0.0,0.0,0.0,0.0
8929aeba0a3ffff,0.0,0.0,0.0,0.0
8929aeba0abffff,0.0,0.0,0.0,0.0
8929aeba0afffff,1.36986301369863,0.0,0.0,0.0
8929aeba0b3ffff,0.0,0.0,0.0,0.0
8929aeba0bbffff,0.0,0.0,0.0,0.0
8929aeba0c3ffff,0.0,0.0,0.0,0.0
8929aeba0c7ffff,0.0,0.0,0.0,0.0
8929aeba0cbffff,1.8218093805193951,0.0,0.0,0.0
8929aeba0cfffff,0.0,0.0,0.0,0.0
8929aeba0d3ffff,0.0,0.0,0.0,0.0
8929aeba0d7ffff,0.0,0.0,0.0,0.0
8929aeba103ffff,0.7456097321691357,0.0,0.0,0.0
8929aeba107ffff,2.547166726612824,0.0,0.0,0.0
8929aeba10bffff,4.359485888085817,0.0,0.0,0.0
8929aeba10fffff,1.637950763396214,0.0,0.0,0.0
8929aeba117ffff,3.2928942807625647,0.0,0.0,0.0
8929aeba11bffff,1.909307875894988,0.0,0.0,0.0
8929aeba123ffff,0.0,0.0,0.0,0.0
8929aeba127ffff,0.0,0.0,0.0,0.0
8929aeba12bffff,0.0196155355041192,0.0,0.0,0.0
8929aeba12fffff,0.0032696834946377,0.0,0.0,0.0
8929aeba133ffff,2.9495438344069846,0.0,0.0,0.0
8929aeba137ffff,0.0,0.0,0.0,0.0
8929aeba13bffff,0.062130080769105,0.0,0.0,0.0
8929aeba143ffff,8.264408774396024,0.0,0.0,0.0
8929aeba147ffff,3.0898509024326444,0.0,0.0,0.0
8929aeba14bffff,7.452928870292887,0.0,0.0,0.0
8929aeba14fffff,1.5598430346631786,0.0,0.0,0.0
8929aeba153ffff,2.1484630477436233,0.0,0.0,0.0
8929aeba157ffff,5.397365065873353,0.0,0.0,0.0
8929aeba15bffff,8.086720512736667,0.0,0.0,0.0
8929aeba163ffff,4.048132888627297,0.0,0.0,0.0
8929aeba167ffff,3.723317315550325,0.0,0.0,0.0
8929aeba16bffff,5.417688409350989,0.0,0.0,0.0
8929aeba16fffff,2.634589612002746,0.0,0.0,0.0
8929aeba173ffff,2.1837915590571777,0.0,0.0,0.0
8929aeba177ffff,3.711454824891272,0.0,0.0,0.0
8929aeba17bffff,0.0849923180020267,0.0,0.0,0.0
8929aeba183ffff,1.802125919869174,0.0,0.0,0.0
8929aeba187ffff,6.6642686635492625,0.0,0.0,0.0
8929aeba18fffff,2.4132631372420783,0.0,0.0,0.0
8929aeba193ffff,0.0,0.0,0.0,0.0
8929aeba197ffff,0.0,0.0,0.0,0.0
8929aeba1a3ffff,6.785924520897376,0.0,0.0,0.0
8929aeba1a7ffff,2.2956180510137347,0.0,0.0,0.0
8929aeba1abffff,8.917010005885816,0.0,0.0,0.0
8929aeba1afffff,6.504676564850547,0.0,0.0,0.0
8929aeba1b3ffff,3.1134512869150015,0.0,0.0,0.0
8929aeba1b7ffff,0.0,0.0,0.0,0.0
8929aeba1bbffff,13.434056051538636,0.0,0.0,0.0
8929aeba1cbffff,0.1830903027528934,0.0,0.0,0.0
8929aeba1dbffff,0.0,0.0,0.0,0.0
8929aeba203ffff,0.0,0.0,0.0,0.0
8929aeba207ffff,0.3204289824744964,0.0,0.0,0.0
8929aeba20bffff,0.0,0.0,0.0,0.0
8929aeba20fffff,0.0,0.0,0.0,0.0
8929aeba213ffff,0.0,0.0,0.0,0.0
8929aeba217ffff,1.5822164105916965,0.0,0.0,0.0
8929aeba21bffff,0.0,0.0,0.0,0.0
8929aeba223ffff,0.0,0.0,0.0,0.0
8929aeba227ffff,0.0,0.0,0.0,0.0
8929aeba22bffff,0.2124807950050668,0.0,0.0,0.0
8929aeba22fffff,0.1569088947729724,0.0,0.0,0.0
8929aeba233ffff,0.0,0.0,0.0,0.0
8929aeba237ffff,0.0,0.0,0.0,0.0
8929aeba23bffff,1.0983263598326358,0.0,0.0,0.0
8929aeba263ffff,0.0,0.0,0.0,0.0
8929aeba267ffff,0.0163457452025237,0.0,0.0,0.0
8929aeba26fffff,0.0,0.0,0.0,0.0
8929aeba273ffff,0.0,0.0,0.0,0.0
8929aeba277ffff,0.0,0.0,0.0,0.0
8929aeba283ffff,3.5307963907414677,0.0,0.0,0.0
8929aeba287ffff,0.0,0.0,0.0,0.0
8929aeba28bffff,0.0,0.0,0.0,0.0
8929aeba28fffff,2.3511330564729738,0.0,0.0,0.0
8929aeba297ffff,0.0,0.0,0.0,0.0
8929aeba29bffff,0.2616174498839073,0.0,0.0,0.0
8929aeba2a3ffff,0.0,0.0,0.0,0.0
8929aeba2a7ffff,0.0,0.0,0.0,0.0
8929aeba2abffff,0.0,0.0,0.0,0.0
8929aeba2afffff,0.0,0.0,0.0,0.0
8929aeba2b3ffff,0.0,0.0,0.0,0.0
8929aeba2b7ffff,0.0,0.0,0.0,0.0
8929aeba2bbffff,0.0130774512047601,0.0,0.0,0.0
8929aeba2c7ffff,0.0,0.0,0.0,0.0
8929aeba2d7ffff,0.0,0.0,0.0,0.0
8929aeba303ffff,6.256537656903766,0.0,0.0,0.0
8929aeba307ffff,12.544943452964633,0.0,0.0,0.0
8929aeba30bffff,30.43762460371932,0.0,0.0,0.0
8929aeba30fffff,4.379657471564911,0.0,0.0,0.0
8929aeba313ffff,1.761783356213637,0.0,0.0,0.0
8929aeba317ffff,8.251332178234005,0.0,0.0,0.0
8929aeba31bffff,30.552740823064106,0.0,0.0,0.0
8929aeba323ffff,2.444764021440711,0.0,0.0,0.0
8929aeba327ffff,0.2026474914201667,0.0,0.0,0.0
8929aeba32bffff,2.1474798980192196,0.0,0.0,0.0
8929aeba32fffff,0.467366081641991,0.0,0.0,0.0
8929aeba333ffff,1.2094269931029975,0.0,0.0,0.0
8929aeba337ffff,0.0,0.0,0.0,0.0
8929aeba33bffff,5.81178701010035,0.0,0.0,0.0
8929aeba343ffff,14.959136972866949,0.0,0.0,0.0
8929aeba347ffff,42.71051255230125,0.0,0.0,0.0
8929aeba34bffff,4.04380516508663,0.0,0.0,0.0
8929aeba34fffff,11.378419899977118,0.0,0.0,0.0
8929aeba353ffff,21.214895216922223,0.0,0.0,0.0
8929aeba357ffff,31.146415612435028,0.0,0.0,0.0
8929aeba35bffff,12.401935146443517,0.0,0.0,0.0
8929aeba363ffff,2.7419196705774698,0.0,0.0,0.0
8929aeba36bffff,2.9019607843137254,0.0,0.0,0.0
8929aeba36fffff,0.9837887305530134,0.0,0.0,0.0
8929aeba373ffff,6.092897067956722,0.0,0.0,0.0
8929aeba377ffff,2.31714491143212,0.0,0.0,0.0
8929aeba37bffff,14.829705170948552,0.0,0.0,0.0
8929aeba383ffff,16.121227972668127,0.0,0.0,0.0
8929aeba387ffff,3.922594142259414,0.0,0.0,0.0
8929aeba38bffff,1.628036222171369,0.0,0.0,0.0
8929aeba38fffff,2.386400784570121,0.0,0.0,0.0
8929aeba393ffff,17.731284733573062,0.0,0.0,0.0
8929aeba397ffff,13.310011116196954,0.0,0.0,0.0
8929aeba39bffff,14.997384937238497,0.0,0.0,0.0
8929aeba3a3ffff,1.330413179916318,0.0,0.0,0.0
8929aeba3a7ffff,3.884003007813777,0.0,0.0,0.0
8929aeba3abffff,3.7098777538079366,0.0,0.0,0.0
8929aeba3afffff,0.0,0.0,0.0,0.0
8929aeba3b3ffff,3.874321585038907,0.0,0.0,0.0
8929aeba3b7ffff,1.840350418410042,0.0,0.0,0.0
8929aeba3bbffff,1.4220798326195692,0.0,0.0,0.0
8929aeba3c3ffff,0.0,0.0,0.0,0.0
8929aeba3c7ffff,0.5949267782426778,0.0,0.0,0.0
8929aeba3cbffff,0.0,0.0,0.0,0.0
8929aeba3cfffff,7.179520711413345,0.0,0.0,0.0
8929aeba3d3ffff,0.0,0.0,0.0,0.0
8929aeba3d7ffff,0.0,0.0,0.0,0.0
8929aeba3dbffff,0.0,0.0,0.0,0.0
8929aeba42fffff,0.0,0.0,0.0,0.0
8929aeba467ffff,0.2289077828646173,0.0,0.0,0.0
8929aeba46bffff,0.0,0.0,0.0,0.0
8929aeba46fffff,0.0,0.0,0.0,0.0
8929aeba507ffff,0.0,0.0,0.0,0.0
8929aeba523ffff,0.0,0.0,0.0,0.0
8929aeba527ffff,0.0,0.0,0.0,0.0
8929aeba52bffff,0.0,0.0,0.0,0.0
8929aeba52fffff,0.0,0.0,0.0,0.0
8929aeba533ffff,0.0,0.0,0.0,0.0
8929aeba537ffff,0.0,0.0,0.0,0.0
8929aeba53bffff,0.0,0.0,0.0,0.0
8929aeba54bffff,0.0,0.0,0.0,0.0
8929aeba55bffff,0.0,0.0,0.0,0.0
8929aeba5a7ffff,0.0,0.0,0.0,0.0
8929aeba5abffff,0.0,0.0,0.0,0.0
8929aeba5afffff,0.0,0.0,0.0,0.0
8929aeba883ffff,6.508450197770586,0.0,0.0,0.0
8929aeba887ffff,0.0588504544562871,0.0,0.0,0.0
8929aeba88bffff,5.366890014708286,0.0,0.0,0.0
8929aeba893ffff,0.0,0.0,0.0,0.0
8929aeba897ffff,0.0,0.0,0.0,0.0
8929aeba89bffff,0.0,0.0,0.0,0.0
8929aeba8b3ffff,6.689553702795488,0.0,0.0,0.0
8929aeba8b7ffff,13.183185146443517,0.0,0.0,0.0
8929aeba8c3ffff,7.005328364551666,0.0,0.0,0.0
8929aeba8cbffff,0.0522927084354675,0.0,0.0,0.0
8929aeba8d3ffff,1.7423994769532527,0.0,0.0,0.0
8929aeba8d7ffff,0.2321323481331328,0.0,0.0,0.0
8929aeba8dbffff,20.14710689767898,0.0,0.0,0.0
8929aeba983ffff,0.0,0.0,0.0,0.0
8929aeba993ffff,0.0,0.0,0.0,0.0
8929aeba997ffff,0.0,0.0,0.0,0.0
8929aeba99bffff,0.0,0.0,0.0,0.0
8929aeba9d3ffff,9.603504069558396,0.0,0.0,0.0
8929aeba9d7ffff,1.1149256171325812,0.0,0.0,0.0
8929aebac03ffff,1.2589928057553956,0.0,0.0,0.0
8929aebac07ffff,0.0,0.0,0.0,0.0
8929aebac0bffff,0.0,0.0,0.0,0.0
8929aebac0fffff,0.0,0.0,0.0,0.0
8929aebac13ffff,0.0,0.0,0.0,1472.0
8929aebac17ffff,3.175992847030773,1.577578249559453,614.0,4222.0
8929aebac1bffff,1.7199097537847825,0.0,0.0,0.0
8929aebac23ffff,0.0,0.0,0.0,0.0
8929aebac27ffff,0.0,0.0,0.0,0.0
8929aebac2bffff,0.0,0.0,0.0,0.0
8929aebac2fffff,0.0,0.0,0.0,0.0
8929aebac33ffff,0.0,0.0,0.0,0.0
8929aebac37ffff,0.0817608006017594,0.0,0.0,0.0
8929aebac3bffff,0.0,0.0,0.0,0.0
8929aebac43ffff,0.0,0.0,0.0,0.0
8929aebac47ffff,0.0,0.0,0.0,0.0
8929aebac4bffff,0.0,0.0,0.0,0.0
8929aebac4fffff,0.0,0.0,0.0,0.0
8929aebac53ffff,0.0,0.0,0.0,0.0
8929aebac57ffff,0.0,0.0,0.0,0.0
8929aebac5bffff,0.0,0.0,0.0,0.0
8929aebac63ffff,0.0,0.0,0.0,0.0
8929aebac67ffff,0.0,0.0,0.0,0.0
8929aebac6bffff,0.0,0.0,0.0,0.0
8929aebac6fffff,0.0,0.0,0.0,0.0
8929aebac73ffff,0.0,0.0,0.0,0.0
8929aebac77ffff,0.0,0.0,0.0,0.0
8929aebac7bffff,0.0,0.0,0.0,0.0
8929aebac83ffff,9.34276625810026,6.881478573626304,10806.0,31596.0
8929aebac87ffff,12.118674929423152,4.23009443211724,14017.0,26725.0
8929aebac8bffff,1.542809301051675,5.312306261624303,1785.0,8797.0
8929aebac8fffff,12.876709230977973,4.717940206228345,12299.0,16533.0
8929aebac93ffff,3.2673717234467694,4.338735905362663,3779.0,19272.0
8929aebac97ffff,9.108084385874267,10.335195530726256,10535.0,25885.0
8929aebac9bffff,2.064749858386918,0.0,2388.0,17653.0
8929aebaca3ffff,7.221425155428025,0.1746724890829694,163.0,823.0
8929aebaca7ffff,3.0934240214512276,0.0,0.0,0.0
8929aebacabffff,1.2669913304077918,0.7221182134260498,682.0,9354.0
8929aebacafffff,0.0065402223675604,0.0,0.0,0.0
8929aebacb3ffff,4.370266222021253,0.642276934701845,4454.0,22722.0
8929aebacb7ffff,3.8584298584298584,1.457291508814467,1619.0,14046.0
8929aebacbbffff,5.7815803317088665,0.4298910090452903,6291.0,22430.0
8929aebacc3ffff,0.0,0.0,0.0,0.0
8929aebacc7ffff,0.0,0.0,0.0,3118.0
8929aebaccbffff,0.0,0.0,0.0,0.0
8929aebaccfffff,0.0,0.0,0.0,0.0
8929aebacd3ffff,0.0,0.0,0.0,0.0
8929aebacd7ffff,5.839678613576474,2.0634472930243604,5202.0,23750.0
8929aebacdbffff,1.062820890153373,0.0,0.0,0.0
8929aebad03ffff,0.0,0.0,0.0,0.0
8929aebad07ffff,0.0,0.0,0.0,0.0
8929aebad0bffff,0.0,0.0,0.0,0.0
8929aebad0fffff,0.0,0.0,0.0,0.0
8929aebad13ffff,0.0,0.0,0.0,0.0
8929aebad17ffff,0.0,0.0,0.0,0.0
8929aebad1bffff,0.0,0.0,0.0,0.0
8929aebad23ffff,0.0,0.0,0.0,0.0
8929aebad27ffff,0.0,0.0,0.0,0.0
8929aebad2bffff,0.0,0.0,0.0,0.0
8929aebad2fffff,0.0,0.0,0.0,0.0
8929aebad33ffff,0.0,0.0,0.0,0.0
8929aebad37ffff,0.0,0.0,0.0,0.0
8929aebad3bffff,0.0,0.0,0.0,0.0
8929aebad43ffff,0.0,0.0,0.0,0.0
8929aebad47ffff,0.0,0.0,0.0,0.0
8929aebad4bffff,0.0817340700297512,0.0,0.0,0.0
8929aebad4fffff,2.275922958699846,0.0,0.0,0.0
8929aebad53ffff,0.0,0.0,0.0,0.0
8929aebad57ffff,0.0,0.0,0.0,0.0
8929aebad5bffff,0.0,0.0,0.0,0.0
8929aebad63ffff,0.0,0.0,0.0,0.0
8929aebad67ffff,0.0,0.0,0.0,0.0
8929aebad6bffff,4.296785585821262,0.0,0.0,0.0
8929aebad6fffff,0.0,0.0,0.0,0.0
8929aebad73ffff,0.0,0.0,0.0,0.0
8929aebad77ffff,0.0,0.0,0.0,0.0
8929aebad7bffff,2.085785275271348,0.0,0.0,0.0
8929aebad83ffff,0.0,0.0,0.0,0.0
8929aebad87ffff,0.0,0.0,0.0,0.0
8929aebad8bffff,0.0,0.0,0.0,0.0
8929aebad8fffff,0.0,0.0,0.0,0.0
8929aebad93ffff,0.0,0.0,0.0,0.0
8929aebad97ffff,0.0,0.0,0.0,0.0
8929aebad9bffff,0.0,0.0,0.0,0.0
8929aebada3ffff,0.0,0.0,0.0,0.0
8929aebada7ffff,0.0425183973834832,0.0,0.0,0.0
8929aebadabffff,0.0,0.0,0.0,0.0
8929aebadafffff,0.0,0.0,0.0,0.0
8929aebadb3ffff,0.0130821559392987,0.0,0.0,0.0
8929aebadb7ffff,0.0,0.0,0.0,0.0
8929aebadbbffff,0.0,0.0,0.0,0.0
8929aebadc3ffff,0.0130791616257397,0.0,0.0,0.0
8929aebadc7ffff,0.0,0.0,0.0,0.0
8929aebadcbffff,0.0,0.0,0.0,0.0
8929aebadcfffff,0.0130804447351209,0.0,0.0,0.0
8929aebadd3ffff,0.327075292732387,0.0,0.0,0.0
8929aebadd7ffff,0.0,0.0,0.0,0.0
8929aebaddbffff,0.7194715154686375,0.0,0.0,0.0
8929aebae03ffff,0.5229612681810754,0.0,0.0,0.0
8929aebae07ffff,20.17457826598666,0.0,0.0,0.0
8929aebae0bffff,0.0,0.0,0.0,0.0
8929aebae0fffff,3.4815299117358616,0.0,0.0,0.0
8929aebae13ffff,0.0,0.0,0.0,0.0
8929aebae17ffff,0.2647491420166694,0.0,0.0,0.0
8929aebae1bffff,0.0,0.0,0.0,0.0
8929aebae23ffff,3.730099055215927,0.0,0.0,0.0
8929aebae33ffff,15.537470993888288,0.0,0.0,0.0
8929aebae37ffff,0.0653872560238009,0.0,0.0,0.0
8929aebae3bffff,4.1409288492335845,0.0,0.0,0.0
8929aebae47ffff,0.9445370461156324,0.0,0.0,0.0
8929aebae53ffff,0.6079226042619951,0.0,0.0,0.0
8929aebae57ffff,3.680460220958358,0.0,0.0,0.0
8929aebae73ffff,8.236639973851936,0.0,0.0,0.0
8929aebae83ffff,0.0,0.0,0.0,0.0
8929aebae87ffff,0.0,0.0,0.0,0.0
8929aebae8bffff,0.179779688163959,0.0,0.0,0.0
8929aebae8fffff,0.0,0.0,0.0,0.0
8929aebae93ffff,0.0,0.0,0.0,0.0
8929aebae97ffff,0.0,0.0,0.0,0.0
8929aebae9bffff,0.1438660737640596,0.0,0.0,0.0
8929aebaea3ffff,0.0,0.0,0.0,0.0
8929aebaea7ffff,0.3334423014056881,0.0,0.0,0.0
8929aebaeabffff,3.7759905845429578,0.0,0.0,0.0
8929aebaeafffff,11.479750269669532,0.0,0.0,0.0
8929aebaeb3ffff,0.0,0.0,0.0,0.0
8929aebaeb7ffff,0.0,0.0,0.0,0.0
8929aebaebbffff,0.0,0.0,0.0,0.0
8929aebaec3ffff,0.0,0.0,0.0,0.0
8929aebaec7ffff,0.0,0.0,0.0,0.0
8929aebaecbffff,0.0228810512208675,0.0,0.0,0.0
8929aebaecfffff,0.0,0.0,0.0,0.0
8929aebaed3ffff,2.994051121134863,0.0,0.0,0.0
8929aebaed7ffff,0.0,0.0,0.0,0.0
8929aebaedbffff,0.0,0.0,0.0,0.0
8929aebb123ffff,0.0,0.0,0.0,0.0
8929aebb127ffff,0.0,0.0,0.0,0.0
8929aebb12bffff,0.0,0.0,0.0,0.0
8929aebb12fffff,0.0,0.0,0.0,0.0
8929aebb14fffff,0.0,0.0,0.0,0.0
8929aebb163ffff,0.0,0.0,0.0,0.0
8929aebb167ffff,0.0,0.0,0.0,0.0
8929aebb16bffff,0.0,0.0,0.0,0.0
8929aebb16fffff,0.8267433501078361,0.0,0.0,0.0
8929aebb173ffff,0.0,0.0,0.0,0.0
8929aebb177ffff,0.0359418395686979,0.0,0.0,0.0
8929aebb17bffff,0.0,0.0,0.0,0.0
8929aebb3a7ffff,0.0,0.0,0.0,0.0
8929aebb3b7ffff,0.0,0.0,0.0,0.0
