h3,pop,pct65,income,ac_est,ac_src
8829a11001fffff,1.0,13.11,123976.99999999999,83.2,measured
8829a11009fffff,578.0,13.49,126875.74107707458,99.48,measured
8829a1100bfffff,1.0,13.11,123977.0,83.2,measured
8829a1100dfffff,475.0,15.86,156175.8907452142,99.46,measured
8829a11041fffff,4923.0,5.92,75117.10184312619,98.25,measured
8829a11043fffff,3192.0,7.81,109843.06763223687,99.19,measured
8829a11045fffff,1480.0,15.49,123159.67843548907,97.84,measured
8829a11047fffff,1329.0,14.14,136387.2977170154,99.5,measured
8829a11049fffff,3037.0,12.75,92708.7965299362,97.76,measured
8829a1104bfffff,2455.0,15.46,84434.50365458582,98.88,measured
8829a1104dfffff,5975.0,10.43,60045.389536442955,97.71,measured
8829a11051fffff,1450.0,17.68,105715.18073624255,99.14,measured
8829a11053fffff,102.0,13.52,143400.27341848137,99.13,measured
8829a11055fffff,1133.0,16.32,104425.15806166602,99.24,measured
8829a11057fffff,47.0,18.9,101348.52278172705,98.63,measured
8829a11059fffff,1485.0,5.22,89586.247467699,99.29,measured
8829a1105bfffff,823.0,13.23,129636.0749853842,99.3,measured
8829a1105dfffff,1884.0,18.54,99137.00702655564,99.01,measured
8829a11061fffff,812.0,18.15,128193.75068008104,97.9,measured
8829a11063fffff,47.0,18.83,130793.02628442323,97.37,measured
8829a11065fffff,711.0,19.21,127808.70897406261,99.08,measured
8829a11067fffff,1.0,13.11,123977.0,83.2,measured
8829a11069fffff,2917.0,10.32,106971.47106840568,98.63,measured
8829a1106bfffff,2332.0,13.77,127775.64917113165,98.42,measured
8829a1106dfffff,1541.0,15.56,117097.51353999558,99.15,measured
8829a11141fffff,1.0,13.11,123976.99999999999,83.2,measured
8829a11143fffff,1.0,13.11,123977.0,83.2,measured
8829a11145fffff,1.0,13.11,123977.0,83.2,measured
8829a11147fffff,1.0,13.11,123977.0,83.2,measured
8829a11149fffff,1.0,13.11,123977.0,83.2,measured
8829a1114bfffff,1.0,13.11,123977.0,83.2,measured
8829a1114dfffff,1.0,13.11,123976.99999999999,83.2,measured
8829a11151fffff,1.0,13.11,123977.0,83.2,measured
8829a11159fffff,1.0,13.11,123977.0,83.2,measured
8829a1115bfffff,1.0,13.11,123976.99999999999,83.2,measured
8829a1115dfffff,1.0,13.11,123977.00000000001,83.2,measured
8829a11169fffff,1.0,13.11,123977.0,83.2,measured
8829a1116bfffff,1.0,13.11,123977.0,83.2,measured
8829a1116dfffff,1.0,13.11,123977.0,83.2,measured
8829a11201fffff,1033.0,22.77,98442.6309914985,98.64,measured
8829a11203fffff,203.0,7.79,120585.00000000001,99.1,measured
8829a11205fffff,1779.0,22.24,89067.50632873943,98.33,measured
8829a11207fffff,918.0,19.24,104232.73606538643,98.92,measured
8829a11209fffff,1905.0,22.42,94272.86876356145,98.71,measured
8829a1120bfffff,1766.0,17.6,134405.36462700157,99.1,measured
8829a1120dfffff,1187.0,25.27,92797.09294313194,98.3,measured
8829a11211fffff,1082.0,20.78,148048.16687996907,98.84,measured
8829a11213fffff,1107.0,21.74,153753.64580332176,98.88,measured
8829a11215fffff,0.0,21.51,162401.0,98.8,measured
8829a11217fffff,21.0,21.51,162401.0,98.8,measured
8829a11219fffff,1739.0,20.17,132140.1894598137,99.07,measured
8829a1121bfffff,1495.0,21.26,136501.3615148264,99.21,measured
8829a1121dfffff,1026.0,18.79,114545.98149602083,98.84,measured
8829a11221fffff,3759.0,7.47,107878.58543068948,96.97,measured
8829a11223fffff,4058.0,10.94,85195.1600319866,98.24,measured
8829a11225fffff,4095.0,12.68,93486.11220691333,98.04,measured
8829a11227fffff,3657.0,13.29,107678.61748859829,97.76,measured
8829a11229fffff,3106.0,17.04,71556.97780943465,96.2,measured
8829a1122bfffff,3954.0,12.6,73267.38658960292,97.79,measured
8829a1122dfffff,3076.0,13.04,80733.80989672172,97.15,measured
8829a11231fffff,1996.0,14.49,68855.53701412043,97.74,measured
8829a11233fffff,1046.0,12.16,85209.62642715962,98.08,measured
8829a11235fffff,2829.0,11.76,121570.98684285145,98.13,measured
8829a11237fffff,1809.0,18.71,93223.2734098776,98.1,measured
8829a11239fffff,555.0,14.79,76580.82010614272,98.08,measured
8829a1123bfffff,513.0,13.97,71002.97392949648,97.7,measured
8829a1123dfffff,2928.0,10.87,83539.64950348588,97.97,measured
8829a11241fffff,2884.0,13.05,85238.04422757923,97.51,measured
8829a11243fffff,2038.0,22.3,129730.45561426692,98.81,measured
8829a11245fffff,2406.0,12.39,117771.05344951687,98.75,measured
8829a11247fffff,2160.0,18.18,97230.8053053296,97.85,measured
8829a11249fffff,2521.0,18.49,96809.3214723567,96.94,measured
8829a1124bfffff,2269.0,26.27,86395.60092416144,98.19,measured
8829a1124dfffff,2380.0,21.46,101490.34240459166,98.71,measured
8829a11251fffff,2607.0,20.56,108515.88597349598,98.33,measured
8829a11253fffff,1989.0,18.96,103903.97296644788,98.78,measured
8829a11255fffff,2217.0,18.72,119323.79758801237,99.12,measured
8829a11257fffff,1443.0,16.13,127612.83218572292,99.03,measured
8829a11259fffff,3135.0,19.02,97960.58635584664,98.55,measured
8829a1125bfffff,4547.0,17.9,88076.87345611393,98.3,measured
8829a1125dfffff,2259.0,19.0,112809.78958775975,99.02,measured
8829a11261fffff,2131.0,13.33,87158.50288234955,98.19,measured
8829a11263fffff,2269.0,17.14,94581.01639497427,97.69,measured
8829a11265fffff,2729.0,12.17,105730.20665017706,97.76,measured
8829a11267fffff,3358.0,9.27,76806.04541590401,97.02,measured
8829a11269fffff,1848.0,18.33,91404.97583677244,98.61,measured
8829a1126bfffff,1914.0,16.74,112208.85021575283,98.57,measured
8829a1126dfffff,3190.0,11.94,79926.63441507821,96.36,measured
8829a11281fffff,287.0,15.79,121246.66438652508,99.49,measured
8829a11283fffff,41.0,6.28,171875.0,99.2,measured
8829a11285fffff,353.0,15.46,125297.18445012241,99.46,measured
8829a11287fffff,116.0,13.61,132800.2838951307,99.32,measured
8829a11289fffff,278.0,22.46,174747.42114459697,99.5,measured
8829a1128bfffff,106.0,16.3,161083.44953496804,99.41,measured
8829a1128dfffff,337.0,16.02,119999.99999999999,99.5,measured
8829a11291fffff,41.0,6.28,171875.0,99.2,measured
8829a11295fffff,41.0,6.28,171875.0,99.2,measured
8829a11299fffff,39.0,6.83,169685.43540289954,98.97,measured
8829a1129bfffff,41.0,6.28,171875.0,99.2,measured
8829a1129dfffff,41.0,6.28,171875.0,99.2,measured
8829a112a1fffff,3.0,13.31,133678.7920908391,91.16,measured
8829a112a5fffff,1.0,13.11,123977.0,83.2,measured
8829a112a9fffff,406.0,13.52,143608.12662984754,99.3,measured
8829a112abfffff,282.0,13.97,139828.99285954572,99.1,measured
8829a112adfffff,228.0,13.52,143553.86276964605,99.25,measured
8829a112b9fffff,72.0,13.19,134256.66129431268,97.61,measured
8829a112c1fffff,838.0,23.2,167224.7238212858,99.19,measured
8829a112c3fffff,261.0,24.92,195648.0,99.5,measured
8829a112c5fffff,856.0,22.02,126090.52949317232,99.23,measured
8829a112c7fffff,289.0,21.02,162521.49216952536,99.5,measured
8829a112c9fffff,827.0,18.85,218141.93572504702,99.1,measured
8829a112cbfffff,572.0,21.95,211645.13543294728,99.19,measured
8829a112cdfffff,1408.0,22.92,117168.45709707437,99.27,measured
8829a112d1fffff,255.0,24.9,195518.23560275784,99.49,measured
8829a112d3fffff,47.0,19.65,168854.65009709072,97.75,measured
8829a112d5fffff,232.0,24.49,195103.9611718727,99.49,measured
8829a112d7fffff,41.0,6.49,172149.08392493945,99.2,measured
8829a112d9fffff,113.0,23.39,186607.89956135565,98.97,measured
8829a112dbfffff,25.0,14.63,139051.3619131967,95.72,measured
8829a112ddfffff,261.0,24.92,195648.0,99.5,measured
8829a112e1fffff,130.0,13.16,111149.70105650289,98.76,measured
8829a112e3fffff,290.0,15.48,125124.1325377607,99.46,measured
8829a112e5fffff,1338.0,10.88,105438.76061242686,98.97,measured
8829a112e7fffff,418.0,13.52,143426.4647534386,99.3,measured
8829a112e9fffff,134.0,21.5,162345.99117980356,98.8,measured
8829a112ebfffff,226.0,16.02,120000.00000000001,99.5,measured
8829a112edfffff,273.0,13.21,83836.0,97.7,measured
8829a11301fffff,638.0,7.8,84236.70640690257,98.09,measured
8829a11303fffff,187.0,16.7,108025.05777939508,99.32,measured
8829a11305fffff,408.0,8.36,85183.81677623122,98.04,measured
8829a11307fffff,60.0,7.92,85104.87819468122,97.77,measured
8829a11309fffff,1710.0,18.99,97141.6853573391,98.78,measured
8829a1130bfffff,197.0,13.75,100280.5807853753,98.89,measured
8829a1130dfffff,1326.0,14.42,101264.14754064562,98.73,measured
8829a11311fffff,2468.0,13.29,119163.63105589652,99.11,measured
8829a11313fffff,2219.0,14.65,108104.62181197871,99.02,measured
8829a11315fffff,553.0,16.08,107041.64531256343,99.34,measured
8829a11317fffff,1781.0,17.03,100258.11506541788,99.25,measured
8829a11319fffff,3131.0,11.73,72108.1198634834,97.55,measured
8829a1131bfffff,4958.0,12.28,107519.74427048535,98.21,measured
8829a1131dfffff,1097.0,11.85,126045.8303184,99.32,measured
8829a11321fffff,1.0,13.11,123977.0,83.2,measured
8829a11323fffff,1.0,13.11,123977.0,83.2,measured
8829a11325fffff,1.0,13.11,123977.0,83.2,measured
8829a11327fffff,1.0,13.11,123977.0,83.2,measured
8829a11329fffff,76.0,18.6,102488.11307354273,97.24,measured
8829a1132bfffff,1.0,13.11,123977.00000000001,83.2,measured
8829a1132dfffff,77.0,18.6,102480.36102893675,97.25,measured
8829a11331fffff,223.0,19.07,127371.06933237653,99.01,measured
8829a11333fffff,500.0,17.23,120609.01206547674,99.07,measured
8829a11335fffff,1.0,13.11,123977.00000000001,83.2,measured
8829a11337fffff,1.0,13.11,123977.0,83.2,measured
8829a11339fffff,41.0,16.61,108458.50906163602,98.88,measured
8829a1133bfffff,1052.0,13.16,104403.96140424952,99.14,measured
8829a1133dfffff,1.0,13.11,123977.0,83.2,measured
8829a11341fffff,589.0,24.19,84486.27854948379,98.01,measured
8829a11343fffff,4816.0,15.41,103106.309615119,98.55,measured
8829a11345fffff,445.0,26.99,62731.8833901951,97.57,measured
8829a11347fffff,3399.0,20.31,91603.70700268581,98.51,measured
8829a11349fffff,2163.0,6.69,76208.42605026194,98.84,measured
8829a1134bfffff,2854.0,8.04,79458.43317924734,98.31,measured
8829a1134dfffff,2.0,0.0,,100.0,measured
8829a11351fffff,4213.0,11.42,79428.57552723814,98.42,measured
8829a11353fffff,1892.0,11.42,115210.35406651311,97.92,measured
8829a11355fffff,3797.0,13.88,68571.9453482065,98.52,measured
8829a11357fffff,2606.0,13.03,112002.72434088054,98.49,measured
8829a11359fffff,2855.0,17.02,93002.31631696847,96.25,measured
8829a1135bfffff,2077.0,14.3,98633.34697957174,98.14,measured
8829a1135dfffff,5692.0,11.09,56891.47090293162,98.29,measured
8829a11361fffff,642.0,13.18,107826.55642256608,97.47,measured
8829a11363fffff,179.0,18.66,102250.0,97.4,measured
8829a11365fffff,11.0,17.98,104936.00709977388,95.64,measured
8829a11367fffff,167.0,18.66,102263.42003416336,97.39,measured
8829a11369fffff,708.0,17.82,93012.87787612886,97.49,measured
8829a1136bfffff,1534.0,16.76,92355.60303000886,97.54,measured
8829a1136dfffff,294.0,24.36,117339.50371704069,98.2,measured
8829a11641fffff,25.0,14.58,138750.0,95.7,measured
8829a11643fffff,25.0,14.58,138750.0,95.7,measured
8829a11645fffff,25.0,14.58,138750.0,95.7,measured
8829a11647fffff,25.0,14.58,138750.0,95.7,measured
8829a11649fffff,25.0,14.58,138750.0,95.7,measured
8829a1164bfffff,25.0,14.58,138750.0,95.7,measured
8829a1164dfffff,25.0,14.58,138750.0,95.7,measured
8829a1165dfffff,18.0,14.58,138750.0,95.7,measured
8829a11669fffff,25.0,14.58,138750.0,95.7,measured
8829a1166dfffff,32.0,9.92,157352.59811825765,97.67,measured
8829a11749fffff,41.0,6.28,171875.0,99.2,measured
8829a1174dfffff,41.0,6.28,171875.0,99.2,measured
8829a11a49fffff,1.0,13.11,123977.0,83.2,measured
8829a11a4dfffff,1.0,13.11,123977.00000000001,83.2,measured
8829a18001fffff,103.0,18.95,143755.69100964838,75.32,measured
8829a18003fffff,123.0,18.05,142876.36959624846,81.24,measured
8829a18005fffff,103.0,18.94,143751.07996315294,75.35,measured
8829a18007fffff,197.0,16.29,141141.39345097187,92.91,measured
8829a18009fffff,94.0,19.51,144309.0,71.6,measured
8829a1800bfffff,94.0,19.51,144309.0,71.6,measured
8829a1800dfffff,94.0,19.51,144309.0,71.6,measured
8829a18011fffff,94.0,19.51,144309.0,71.6,measured
8829a18013fffff,94.0,19.51,144309.0,71.6,measured
8829a18015fffff,128.0,17.87,142698.4747389908,82.44,measured
8829a18017fffff,143.0,17.39,142221.88776458855,85.64,measured
8829a18019fffff,94.0,19.51,144309.0,71.6,measured
8829a1801bfffff,94.0,19.51,144309.0,71.6,measured
8829a1801dfffff,94.0,19.51,144309.0,71.6,measured
8829a18021fffff,71.0,19.54,143994.5436326688,71.65,measured
8829a18023fffff,150.0,17.22,142057.6676021283,86.75,measured
8829a18025fffff,1.0,25.19,80666.00641474313,80.86,measured
8829a18027fffff,86.0,19.52,144223.3222383825,71.61,measured
8829a18029fffff,54.0,19.58,143571.56131699416,71.71,measured
8829a1802bfffff,129.0,17.84,142669.76733820484,82.63,measured
8829a1802dfffff,1.0,25.33,79018.0,81.1,measured
8829a18031fffff,200.0,16.25,141099.0,93.2,measured
8829a18033fffff,201.0,16.41,143344.549237891,93.33,measured
8829a18035fffff,200.0,16.25,141099.0,93.2,measured
8829a18037fffff,200.0,16.25,141099.0,93.2,measured
8829a18039fffff,200.0,16.25,141099.0,93.2,measured
8829a1803bfffff,200.0,16.25,141099.0,93.2,measured
8829a1803dfffff,200.0,16.25,141099.0,93.2,measured
8829a18041fffff,50.0,28.18,177084.7656100064,82.19,measured
8829a18043fffff,76.0,21.74,152733.27913813957,74.32,measured
8829a18045fffff,46.0,29.51,182083.0,83.8,measured
8829a18047fffff,91.0,19.82,145485.0869572896,71.98,measured
8829a18049fffff,46.0,29.51,182083.0,83.8,measured
8829a1804bfffff,46.0,29.51,182083.0,83.8,measured
8829a1804dfffff,46.0,29.51,182083.00000000003,83.8,measured
8829a18051fffff,56.0,26.09,169193.0308966691,79.64,measured
8829a18053fffff,75.0,22.02,153779.17300518384,74.66,measured
8829a18055fffff,92.0,19.75,145226.01701581886,71.9,measured
8829a18057fffff,93.0,19.64,144780.46867159347,71.75,measured
8829a18059fffff,47.0,29.56,182321.79744562597,83.64,measured
8829a1805bfffff,57.0,25.89,168434.99014284924,79.39,measured
8829a1805dfffff,46.0,29.48,182004.3239813612,83.77,measured
8829a18061fffff,1.0,25.33,79018.0,81.1,measured
8829a18063fffff,36.0,19.65,142738.2857277457,71.83,measured
8829a18065fffff,408.0,41.75,182146.23958530228,97.97,measured
8829a18067fffff,1.0,25.33,79018.0,81.1,measured
8829a18069fffff,126.0,30.84,237387.6794325056,83.79,measured
8829a1806bfffff,25.0,23.16,154995.35128179862,76.14,measured
8829a1806dfffff,100.0,31.1,248381.2387219262,83.77,measured
8829a18081fffff,603.0,14.79,248079.0,94.2,measured
8829a18083fffff,470.0,16.4,236460.46315266812,95.63,measured
8829a18085fffff,536.0,16.34,242958.96018453015,94.84,measured
8829a18087fffff,449.0,18.16,222190.3422757806,96.4,measured
8829a18089fffff,553.0,14.95,246563.3035282664,93.94,measured
8829a1808bfffff,357.0,18.43,248337.968994328,94.2,measured
8829a1808dfffff,295.0,21.9,244343.9358017653,97.99,measured
8829a180a1fffff,590.0,33.32,110590.09021427884,98.2,measured
8829a180a3fffff,455.0,27.97,152186.73832669712,98.1,measured
8829a180a5fffff,1154.0,26.78,131281.54687358972,98.87,measured
8829a180a7fffff,1091.0,19.84,174792.1706509286,98.28,measured
8829a180a9fffff,441.0,28.81,163571.10872253237,97.85,measured
8829a180abfffff,547.0,33.62,113104.57628263131,98.06,measured
8829a180adfffff,1095.0,19.87,159748.19324582227,99.3,measured
8829a180b1fffff,270.0,16.88,250000.85087768314,99.7,measured
8829a180b3fffff,270.0,16.88,250001.0,99.7,measured
8829a180b5fffff,284.0,17.47,242322.80150585956,99.48,measured
8829a180b7fffff,407.0,23.35,183224.21526383123,98.93,measured
8829a180b9fffff,340.0,18.42,221888.9531585922,98.36,measured
8829a180bbfffff,270.0,16.88,250000.99999999997,99.7,measured
8829a180bdfffff,352.0,18.93,216581.56055417616,98.23,measured
8829a180c1fffff,92.0,18.79,143197.07039163006,74.19,measured
8829a180c3fffff,240.0,14.55,221225.30678604153,93.68,measured
8829a180c5fffff,94.0,19.51,144309.0,71.6,measured
8829a180c7fffff,101.0,19.27,153458.56639553705,73.71,measured
8829a180c9fffff,88.0,17.03,140512.26283136292,80.44,measured
8829a180cbfffff,81.0,13.18,134607.0,94.2,measured
8829a180cdfffff,94.0,19.51,144309.0,71.6,measured
8829a180e1fffff,166.0,19.65,177010.761841032,89.78,measured
8829a180e3fffff,266.0,23.85,244821.0,99.4,measured
8829a180e5fffff,235.0,20.75,202466.4695014714,96.87,measured
8829a180e7fffff,271.0,24.16,235410.99688466595,99.17,measured
8829a180e9fffff,107.0,18.75,143559.6870746259,76.64,measured
8829a180ebfffff,119.0,20.94,177434.62172781993,80.76,measured
8829a180edfffff,200.0,16.25,141099.0,93.2,measured
8829a18101fffff,1.0,25.33,79018.0,81.1,measured
8829a18103fffff,1.0,25.33,79018.0,81.1,measured
8829a18105fffff,5.0,22.28,205800.34533698863,91.41,measured
8829a18107fffff,1.0,25.33,79018.0,81.1,measured
8829a18109fffff,1.0,25.33,79018.0,81.1,measured
8829a1810bfffff,1.0,25.33,79018.0,81.1,measured
8829a1810dfffff,1.0,25.33,79018.0,81.1,measured
8829a18111fffff,1.0,25.33,79018.0,81.1,measured
8829a18113fffff,20.0,38.73,120771.69600486312,92.43,measured
8829a18115fffff,1.0,25.33,79018.0,81.1,measured
8829a18117fffff,2.0,25.48,89586.74365069925,82.94,measured
8829a18119fffff,1.0,25.33,79018.0,81.1,measured
8829a1811bfffff,8.0,20.49,133321.07964411782,73.2,measured
8829a1811dfffff,1.0,25.33,79018.0,81.1,measured
8829a18121fffff,175.0,21.21,250001.0,95.0,measured
8829a18123fffff,60.0,21.27,247399.22727445303,94.79,measured
8829a18125fffff,182.0,22.49,250001.00000000003,95.97,measured
8829a18127fffff,180.0,22.1,250001.00000000003,95.67,measured
8829a18129fffff,173.0,21.21,249981.3139112205,95.0,measured
8829a1812bfffff,48.0,21.3,246347.6333962805,94.7,measured
8829a1812dfffff,176.0,21.42,250001.0,95.16,measured
8829a18131fffff,13.0,28.03,223286.59575480875,97.94,measured
8829a18133fffff,428.0,27.59,213268.73048506078,99.9,measured
8829a18135fffff,171.0,23.2,172630.89761058122,99.81,measured
8829a18137fffff,435.0,28.35,240076.3872867979,99.9,measured
8829a18139fffff,1.0,25.33,79018.0,81.1,measured
8829a1813bfffff,95.0,26.86,186859.41572695342,99.69,measured
8829a1813dfffff,1.0,25.33,79018.0,81.1,measured
8829a18141fffff,1.0,25.33,79018.0,81.1,measured
8829a18143fffff,1.0,25.33,79018.0,81.1,measured
8829a18145fffff,1.0,25.33,79018.0,81.1,measured
8829a18147fffff,1.0,25.33,79018.0,81.1,measured
8829a18149fffff,130.0,26.65,248496.63659706904,97.85,measured
8829a1814bfffff,402.0,26.66,249735.90288954135,97.97,measured
8829a1814dfffff,1.0,25.33,79018.0,81.1,measured
8829a18151fffff,1.0,25.33,79018.0,81.1,measured
8829a18153fffff,1.0,25.33,79018.0,81.1,measured
8829a18155fffff,1.0,25.33,79018.0,81.1,measured
8829a18157fffff,1.0,25.33,79018.0,81.1,measured
8829a18159fffff,325.0,41.73,182074.05780872388,97.95,measured
8829a1815bfffff,1.0,25.33,79018.0,81.1,measured
8829a1815dfffff,3.0,26.07,173527.98157691234,90.44,measured
8829a18161fffff,175.0,21.21,250001.00000000003,95.0,measured
8829a18163fffff,107.0,21.23,249129.08686383272,94.93,measured
8829a18165fffff,183.0,22.8,250001.0,96.2,measured
8829a18167fffff,175.0,21.22,250001.0,95.0,measured
8829a18169fffff,99.0,21.24,248955.63721210143,94.92,measured
8829a1816bfffff,24.0,21.42,241378.97140898887,94.3,measured
8829a1816dfffff,179.0,22.01,250001.00000000003,95.61,measured
8829a18181fffff,450.0,23.25,144740.0,99.8,measured
8829a18183fffff,1033.0,29.46,128831.45937638322,99.75,measured
8829a18185fffff,407.0,22.65,203815.20093264026,99.8,measured
8829a18187fffff,779.0,15.69,133434.83485354876,99.56,measured
8829a18189fffff,275.0,24.38,141893.14496993597,98.36,measured
8829a1818bfffff,1018.0,22.74,145183.2639907236,99.66,measured
8829a1818dfffff,424.0,22.9,179639.13668461188,99.8,measured
8829a18191fffff,1510.0,13.96,187638.9293662174,99.78,measured
8829a18193fffff,1997.0,11.35,170702.45774222026,98.99,measured
8829a18195fffff,1747.0,18.21,142215.993123907,99.07,measured
8829a18197fffff,1974.0,12.78,130702.37416543598,99.52,measured
8829a18199fffff,1190.0,23.9,140394.93747688568,99.21,measured
8829a1819bfffff,1211.0,22.24,159419.07396277503,98.5,measured
8829a1819dfffff,1767.0,17.36,157046.5518643331,99.8,measured
8829a181a1fffff,625.0,22.47,227647.74292485559,99.85,measured
8829a181a3fffff,1445.0,19.2,93942.55811602819,99.42,measured
8829a181a5fffff,947.0,23.93,197767.50542380323,99.73,measured
8829a181a7fffff,757.0,28.59,192932.6375725673,99.6,measured
8829a181a9fffff,566.0,22.43,224720.2869365266,99.87,measured
8829a181abfffff,774.0,17.1,139253.65141846033,99.57,measured
8829a181adfffff,675.0,21.99,223919.17578804356,99.82,measured
8829a181b1fffff,724.0,22.33,113796.33434902936,99.49,measured
8829a181b3fffff,1782.0,12.76,95437.96091897381,99.79,measured
8829a181b5fffff,1315.0,26.0,100969.92470287616,99.54,measured
8829a181b7fffff,568.0,14.17,120918.22534566821,99.82,measured
8829a181b9fffff,1776.0,17.42,132429.07218392816,99.12,measured
8829a181bbfffff,3329.0,17.32,94664.11867767839,99.48,measured
8829a181bdfffff,1946.0,12.69,99643.01376505656,99.4,measured
8829a181c1fffff,82.0,39.61,123051.49846296043,93.2,measured
8829a181c3fffff,82.0,39.61,123055.18554696147,93.2,measured
8829a181c5fffff,82.0,39.61,123050.0,93.2,measured
8829a181c7fffff,110.0,34.58,129982.93375205282,95.23,measured
8829a181c9fffff,107.0,27.02,134085.94978483376,88.26,measured
8829a181cbfffff,147.0,22.14,136550.26634212618,93.2,measured
8829a181cdfffff,87.0,31.04,132118.98098233706,83.98,measured
8829a181d1fffff,276.0,21.99,218206.9946802062,98.37,measured
8829a181d3fffff,1023.0,18.94,167660.20369848446,99.4,measured
8829a181d5fffff,263.0,17.65,146446.00356621924,95.22,measured
8829a181d7fffff,1025.0,18.6,157692.16002972462,99.2,measured
8829a181d9fffff,240.0,21.33,210467.18181618938,97.35,measured
8829a181dbfffff,266.0,23.85,244821.0,99.4,measured
8829a181ddfffff,184.0,17.72,139964.47645365662,93.2,measured
8829a181e1fffff,429.0,26.36,191060.00143959423,99.9,measured
8829a181e3fffff,515.0,22.51,220579.19051696578,99.85,measured
8829a181e5fffff,428.0,26.26,190866.37003165684,99.88,measured
8829a181e7fffff,452.0,24.89,199673.27728531542,99.84,measured
8829a181e9fffff,113.0,28.05,180462.9445040501,98.34,measured
8829a181ebfffff,331.0,23.6,204344.06878760358,99.41,measured
8829a181edfffff,386.0,26.85,187038.31634473443,99.89,measured
8829a18201fffff,0.0,0.0,,65.01,income-model
8829a18203fffff,43.0,36.82,195471.90131971467,76.65,measured
8829a18205fffff,0.0,0.0,,65.01,income-model
8829a18207fffff,91.0,39.4,187174.16241422636,83.8,measured
8829a18209fffff,0.0,0.0,,65.01,income-model
8829a1820bfffff,0.0,0.0,,65.01,income-model
8829a1820dfffff,0.0,0.0,,65.01,income-model
8829a18211fffff,63.0,33.84,202763.0,70.1,measured
8829a18213fffff,77.0,33.84,202763.0,70.1,measured
8829a18215fffff,77.0,33.84,202763.0,70.1,measured
8829a18217fffff,77.0,33.84,202763.0,70.1,measured
8829a18219fffff,0.0,0.0,,65.01,income-model
8829a1821bfffff,37.0,33.84,202763.0,70.1,measured
8829a1821dfffff,5.0,33.84,202763.0,70.1,measured
8829a18221fffff,59.0,32.66,183702.9572307956,83.8,measured
8829a18223fffff,46.0,29.51,182083.00000000003,83.8,measured
8829a18225fffff,46.0,29.51,182083.00000000003,83.8,measured
8829a18227fffff,46.0,29.51,182083.0,83.8,measured
8829a18229fffff,62.0,42.77,188907.1093271321,83.8,measured
8829a1822bfffff,89.0,37.45,186169.5572100243,83.8,measured
8829a1822dfffff,40.0,42.35,188689.99499629674,83.8,measured
8829a18231fffff,46.0,29.51,182082.99999999997,83.8,measured
8829a18233fffff,62.0,32.28,195323.829335169,75.03,measured
8829a18235fffff,46.0,29.51,182083.0,83.8,measured
8829a18237fffff,46.0,29.51,182083.00000000003,83.8,measured
8829a18239fffff,53.0,30.89,188701.933743002,79.42,measured
8829a1823bfffff,74.0,33.51,201165.2336743679,71.16,measured
8829a1823dfffff,46.0,29.51,182083.0,83.8,measured
8829a18241fffff,0.0,0.0,,65.01,income-model
8829a18243fffff,0.0,0.0,,65.01,income-model
8829a18245fffff,0.0,0.0,,65.01,income-model
8829a18247fffff,0.0,0.0,,65.01,income-model
8829a18249fffff,0.0,0.0,,65.01,income-model
8829a1824bfffff,0.0,0.0,,65.01,income-model
8829a1824dfffff,0.0,0.0,,65.01,income-model
8829a18251fffff,0.0,0.0,,65.01,income-model
8829a18253fffff,0.0,0.0,,65.01,income-model
8829a18255fffff,0.0,0.0,,65.01,income-model
8829a18257fffff,0.0,0.0,,65.01,income-model
8829a18259fffff,0.0,0.0,,65.01,income-model
8829a1825bfffff,0.0,0.0,,65.01,income-model
8829a1825dfffff,0.0,0.0,,65.01,income-model
8829a18261fffff,0.0,0.0,,65.01,income-model
8829a18263fffff,0.0,0.0,,65.01,income-model
8829a18265fffff,0.0,0.0,,65.01,income-model
8829a18267fffff,0.0,0.0,,65.01,income-model
8829a18269fffff,0.0,0.0,,65.01,income-model
8829a1826bfffff,0.0,0.0,,65.01,income-model
8829a1826dfffff,0.0,0.0,,65.01,income-model
8829a182a1fffff,94.0,19.51,144309.0,71.6,measured
8829a182a3fffff,94.0,19.51,144309.0,71.6,measured
8829a182a5fffff,94.0,19.51,144309.0,71.6,measured
8829a182a7fffff,94.0,19.51,144309.0,71.6,measured
8829a182a9fffff,94.0,19.51,144309.0,71.6,measured
8829a182abfffff,94.0,19.51,144309.0,71.6,measured
8829a182adfffff,90.0,19.89,145725.92626975602,72.06,measured
8829a182e1fffff,77.0,33.81,202580.2226155759,70.22,measured
8829a182e3fffff,86.0,25.6,169162.41675497568,70.96,measured
8829a182e5fffff,57.0,31.45,191361.91789385432,77.65,measured
8829a182e7fffff,76.0,24.18,162789.57933831963,73.56,measured
8829a182e9fffff,77.0,33.84,202763.0,70.1,measured
8829a182ebfffff,77.0,33.84,202763.0,70.1,measured
8829a182edfffff,77.0,33.84,202763.0,70.1,measured
8829a18301fffff,650.0,27.02,111151.82914999682,87.5,measured
8829a18303fffff,277.0,27.61,131196.55179764415,86.95,measured
8829a18305fffff,1315.0,26.98,193912.57445621135,86.88,measured
8829a18307fffff,188.0,25.5,121906.57021152599,87.46,measured
8829a18309fffff,12.0,27.02,111154.99999999999,87.5,measured
8829a1830bfffff,276.0,28.94,175626.93810364197,85.78,measured
8829a1830dfffff,465.0,27.06,148303.94954419488,79.48,measured
8829a18311fffff,129.0,30.75,233178.63845126802,83.8,measured
8829a18313fffff,49.0,29.61,186430.7598814587,83.8,measured
8829a18315fffff,269.0,31.15,249884.26611469308,83.8,measured
8829a18317fffff,301.0,31.15,249657.70195818174,83.8,measured
8829a18319fffff,46.0,29.51,182083.0,83.8,measured
8829a1831bfffff,46.0,29.51,182083.0,83.8,measured
8829a1831dfffff,254.0,31.09,247365.21272135724,83.8,measured
8829a18321fffff,745.0,20.7,245380.72920721766,87.5,measured
8829a18323fffff,691.0,20.94,249992.0738813268,90.79,measured
8829a18325fffff,192.0,23.15,248958.99528092064,90.36,measured
8829a18327fffff,72.0,18.44,247032.2437183969,87.39,measured
8829a18329fffff,1321.0,24.32,188975.18400476035,80.31,measured
8829a1832bfffff,834.0,21.51,177355.93816877244,87.5,measured
8829a1832dfffff,1413.0,21.14,230703.22016114122,86.68,measured
8829a18331fffff,300.0,27.87,244091.29833331192,97.95,measured
8829a18333fffff,303.0,36.08,207311.44675069032,97.95,measured
8829a18335fffff,727.0,26.52,250001.0,97.82,measured
8829a18337fffff,610.0,29.77,236006.14413797497,97.99,measured
8829a18339fffff,1.0,25.33,79018.0,81.1,measured
8829a1833bfffff,153.0,31.13,249208.35585546447,83.79,measured
8829a1833dfffff,352.0,21.84,175583.47235094197,87.81,measured
8829a18341fffff,0.0,0.0,,65.01,income-model
8829a18343fffff,0.0,0.0,,65.01,income-model
8829a18345fffff,0.0,0.0,,65.01,income-model
8829a18347fffff,0.0,0.0,,65.01,income-model
8829a18349fffff,0.0,0.0,,65.01,income-model
8829a1834bfffff,0.0,0.0,,65.01,income-model
8829a1834dfffff,0.0,0.0,,65.01,income-model
8829a18351fffff,0.0,0.0,,65.01,income-model
8829a18353fffff,64.0,40.64,187809.74970447665,83.8,measured
8829a18355fffff,0.0,0.0,,65.01,income-model
8829a18357fffff,88.0,31.39,231708.0702735324,83.8,measured
8829a18359fffff,0.0,0.0,,65.01,income-model
8829a1835bfffff,0.0,0.0,,65.01,income-model
8829a1835dfffff,0.0,0.0,,65.01,income-model
8829a18361fffff,383.0,24.31,155273.58399347964,79.87,measured
8829a18363fffff,1080.0,26.27,150787.86676621804,76.5,measured
8829a18365fffff,1341.0,22.63,177949.25474883636,81.89,measured
8829a18367fffff,1662.0,20.09,186602.25850223424,78.84,measured
8829a18369fffff,0.0,0.0,,65.01,income-model
8829a1836bfffff,0.0,0.0,,65.01,income-model
8829a1836dfffff,11.0,22.96,161339.0,81.9,measured
8829a18801fffff,4341.0,10.4,78365.12308623255,96.08,measured
8829a18803fffff,5965.0,7.19,49275.38518290285,95.68,measured
8829a18805fffff,3976.0,12.73,86968.1988721906,96.37,measured
8829a18807fffff,5344.0,10.16,56482.43814057323,95.66,measured
8829a18809fffff,3338.0,16.48,125132.24388192051,96.94,measured
8829a1880bfffff,2599.0,15.35,126988.82468857791,98.2,measured
8829a1880dfffff,1747.0,18.47,80223.33404245805,97.28,measured
8829a18811fffff,3409.0,12.53,79697.17478153858,95.86,measured
8829a18813fffff,5081.0,8.39,63383.29080586997,95.62,measured
8829a18815fffff,5189.0,8.36,66690.08550346943,95.61,measured
8829a18817fffff,5813.0,12.71,68856.5423631602,95.78,measured
8829a18819fffff,1058.0,9.03,118647.53020430265,97.97,measured
8829a1881bfffff,1110.0,11.99,76828.23306556893,95.48,measured
8829a1881dfffff,3836.0,8.65,75560.25116843429,96.51,measured
8829a18821fffff,3370.0,12.5,69957.64656006012,96.68,measured
8829a18823fffff,4975.0,13.69,47520.083642230114,95.14,measured
8829a18825fffff,4257.0,29.73,64420.05007486018,96.17,measured
8829a18827fffff,4822.0,11.19,60212.16065959192,96.48,measured
8829a18829fffff,2741.0,14.83,91752.30784727738,96.88,measured
8829a1882bfffff,3982.0,17.56,60023.029498405514,96.94,measured
8829a1882dfffff,3246.0,17.88,82032.59703168663,96.38,measured
8829a18831fffff,6557.0,9.7,78886.86469089499,96.62,measured
8829a18833fffff,5292.0,10.95,55256.55272167485,95.5,measured
8829a18835fffff,5911.0,10.5,60512.586368658885,96.27,measured
8829a18837fffff,3441.0,12.12,65140.51280321543,95.89,measured
8829a18839fffff,5938.0,10.12,63482.29514378245,96.29,measured
8829a1883bfffff,6087.0,12.66,73729.54588740905,96.33,measured
8829a1883dfffff,4474.0,12.17,69238.1448697982,96.78,measured
8829a18841fffff,4367.0,10.22,96795.62940706594,98.23,measured
8829a18843fffff,3457.0,17.3,108266.68672464976,97.97,measured
8829a18845fffff,3941.0,12.46,97837.73051880409,96.71,measured
8829a18847fffff,2419.0,14.7,131669.48303039174,98.68,measured
8829a18849fffff,1895.0,18.46,167162.86289249893,98.96,measured
8829a1884bfffff,4215.0,15.76,103699.19258963144,97.9,measured
8829a1884dfffff,2793.0,12.64,130938.10323801666,97.54,measured
8829a18851fffff,3263.0,13.93,94808.3807077833,97.57,measured
8829a18853fffff,523.0,5.94,64446.82567682451,96.86,measured
8829a18855fffff,3438.0,18.04,112088.53258430406,98.79,measured
8829a18857fffff,3523.0,12.16,114913.08042078733,98.1,measured
8829a18859fffff,3190.0,12.52,111493.4864047761,98.31,measured
8829a1885bfffff,1791.0,15.72,109968.98162299214,98.59,measured
8829a1885dfffff,4894.0,11.26,101526.99643533399,97.74,measured
8829a18861fffff,2598.0,22.0,119049.64461523604,97.49,measured
8829a18863fffff,2439.0,18.58,88892.02067898912,96.95,measured
8829a18865fffff,6101.0,13.33,83211.67481601016,96.05,measured
8829a18867fffff,3113.0,14.06,98844.59284831904,97.28,measured
8829a18869fffff,3350.0,14.63,111639.75934963304,97.41,measured
8829a1886bfffff,2181.0,16.77,98537.33354538574,96.81,measured
8829a1886dfffff,3137.0,15.12,130192.4038041468,97.22,measured
8829a18881fffff,680.0,19.68,126527.0,98.77,measured
8829a18883fffff,1689.0,17.9,110684.18001480837,99.03,measured
8829a18885fffff,2008.0,13.86,116942.05635799258,98.29,measured
8829a18887fffff,2205.0,17.41,140936.18559114236,98.8,measured
8829a18889fffff,387.0,9.47,76146.0,97.29,measured
8829a1888bfffff,1111.0,16.91,104714.19883893224,98.46,measured
8829a1888dfffff,169.0,5.17,72375.0,95.32,measured
8829a18891fffff,1061.0,24.36,119945.17330765883,98.56,measured
8829a18893fffff,1156.0,18.12,151204.82705755267,98.77,measured
8829a18895fffff,1153.0,24.82,121523.48478640868,99.08,measured
8829a18897fffff,1259.0,25.31,141455.17110086387,99.0,measured
8829a18899fffff,2616.0,16.73,82909.92974434026,97.55,measured
8829a1889bfffff,1621.0,15.16,88805.98559061249,97.42,measured
8829a1889dfffff,2871.0,15.2,66265.4591941942,97.19,measured
8829a188a1fffff,9851.0,4.62,52126.11598812569,97.68,measured
8829a188a3fffff,2959.0,11.85,82524.61807004185,96.51,measured
8829a188a5fffff,9578.0,6.72,63253.905944655686,97.79,measured
8829a188a7fffff,4207.0,10.05,93385.33315470628,98.79,measured
8829a188a9fffff,7260.0,9.9,52660.20643237051,95.36,measured
8829a188abfffff,3970.0,9.4,94252.66178461528,97.82,measured
8829a188adfffff,11351.0,8.56,52198.6826332881,96.12,measured
8829a188b1fffff,2436.0,11.28,141870.06688691967,98.41,measured
8829a188b3fffff,2269.0,19.86,118834.49304208817,99.25,measured
8829a188b5fffff,1279.0,26.17,98982.87968309881,97.08,measured
8829a188b7fffff,2879.0,18.11,103457.51158931198,98.22,measured
8829a188b9fffff,2151.0,19.42,137527.60229287218,98.78,measured
8829a188bbfffff,1721.0,21.93,149901.35567854572,99.15,measured
8829a188bdfffff,1552.0,25.06,115276.83424090434,97.87,measured
8829a188c1fffff,1575.0,14.17,64134.618725388034,96.78,measured
8829a188c3fffff,1592.0,21.93,78624.92026516942,97.97,measured
8829a188c5fffff,5317.0,13.55,51130.51179141594,95.43,measured
8829a188c7fffff,1308.0,8.94,78873.12482508953,95.98,measured
8829a188c9fffff,3392.0,5.73,113337.79737226492,95.41,measured
8829a188cbfffff,3453.0,12.22,79194.95188974089,98.23,measured
8829a188cdfffff,5611.0,6.85,68941.33991022798,95.44,measured
8829a188d1fffff,2645.0,14.37,148930.77393041164,98.47,measured
8829a188d3fffff,3003.0,14.04,102816.75109578444,98.5,measured
8829a188d5fffff,2502.0,13.57,114324.49966846353,98.41,measured
8829a188d7fffff,2562.0,18.17,148270.02958984606,98.51,measured
8829a188d9fffff,3218.0,16.81,96995.08655577936,97.43,measured
8829a188dbfffff,2882.0,13.1,100303.34519689104,98.0,measured
8829a188ddfffff,2184.0,13.38,119413.39553836688,98.91,measured
8829a188e1fffff,2473.0,11.48,74134.31893992014,96.69,measured
8829a188e3fffff,3074.0,9.22,57864.07578177362,95.63,measured
8829a188e5fffff,3875.0,9.33,57209.67850711724,95.71,measured
8829a188e7fffff,5661.0,10.84,63105.01889647092,95.62,measured
8829a188e9fffff,4958.0,11.0,71236.38050138464,96.56,measured
8829a188ebfffff,2588.0,7.82,73697.66197181371,96.31,measured
8829a188edfffff,4783.0,17.2,59653.492225894784,95.55,measured
8829a18901fffff,4290.0,9.64,79197.33430100954,93.37,measured
8829a18903fffff,3013.0,12.09,54457.76578617206,91.92,measured
8829a18905fffff,1050.0,14.15,151780.23555588198,93.61,measured
8829a18907fffff,680.0,12.78,96550.35691955256,93.57,measured
8829a18909fffff,3768.0,11.12,88702.71001366094,93.06,measured
8829a1890bfffff,4301.0,11.55,72024.58674433308,94.36,measured
8829a1890dfffff,3702.0,9.8,75626.19468137024,91.53,measured
8829a18911fffff,3002.0,8.73,63235.05792612081,94.97,measured
8829a18913fffff,3849.0,13.81,73919.83858920209,96.72,measured
8829a18915fffff,5079.0,6.83,74650.07623399972,95.76,measured
8829a18917fffff,5936.0,10.34,61025.04002958602,95.96,measured
8829a18919fffff,4450.0,10.25,61108.57821155532,96.07,measured
8829a1891bfffff,2838.0,21.52,68130.61624187065,96.49,measured
8829a1891dfffff,3112.0,8.98,60743.50377874456,94.76,measured
8829a18921fffff,1555.0,14.25,81349.0611091389,93.25,measured
8829a18923fffff,1800.0,15.15,90289.21198790878,94.35,measured
8829a18925fffff,2153.0,18.63,149021.65618772747,94.94,measured
8829a18927fffff,2523.0,18.31,128469.3376715216,97.96,measured
8829a18929fffff,925.0,14.37,84898.2519326977,92.19,measured
8829a1892bfffff,0.0,0.0,,65.01,income-model
8829a1892dfffff,1820.0,11.08,75056.44638010664,92.13,measured
8829a18931fffff,4582.0,12.39,63636.543671192834,95.07,measured
8829a18933fffff,1705.0,9.86,49440.46527056701,95.49,measured
8829a18935fffff,1583.0,9.63,70436.79946009554,93.43,measured
8829a18937fffff,4077.0,9.65,73922.78300662809,95.51,measured
8829a18939fffff,3559.0,11.11,62978.776901599675,93.73,measured
8829a1893bfffff,3806.0,11.16,63649.43944419129,95.21,measured
8829a1893dfffff,2134.0,12.22,76839.50965090997,94.09,measured
8829a18941fffff,5901.0,12.79,65769.20174631011,93.15,measured
8829a18943fffff,6127.0,8.45,66030.5879607199,91.19,measured
8829a18945fffff,2395.0,15.73,90053.81930054408,92.68,measured
8829a18947fffff,3015.0,11.09,79725.85885543526,90.79,measured
8829a18949fffff,6977.0,8.78,77678.49867199,94.52,measured
8829a1894bfffff,4706.0,6.59,87099.13617441885,96.8,measured
8829a1894dfffff,3047.0,16.74,85987.96281905792,91.72,measured
8829a18951fffff,2928.0,10.31,113471.13584099953,97.0,measured
8829a18953fffff,2030.0,17.06,91574.94847908312,96.11,measured
8829a18955fffff,5609.0,10.13,67238.68210147883,94.65,measured
8829a18957fffff,5554.0,10.17,56067.21563699403,94.41,measured
8829a18959fffff,5916.0,13.3,74488.08973664869,95.62,measured
8829a1895bfffff,4518.0,14.09,85078.26133609682,96.74,measured
8829a1895dfffff,3518.0,9.08,88554.1655053579,96.58,measured
8829a18961fffff,2614.0,12.12,101251.79771164522,92.6,measured
8829a18963fffff,2096.0,15.0,124687.87241692538,93.09,measured
8829a18965fffff,2703.0,14.7,116154.76041482328,93.45,measured
8829a18967fffff,1999.0,14.31,116012.40521803204,92.34,measured
8829a18969fffff,2982.0,10.94,111939.87656523073,92.97,measured
8829a1896bfffff,2236.0,16.81,74050.51149823562,92.54,measured
8829a1896dfffff,2366.0,13.24,127960.7011119298,93.65,measured
8829a18981fffff,2887.0,14.57,112154.98586085695,98.94,measured
8829a18983fffff,3121.0,12.52,99425.78520957653,97.7,measured
8829a18985fffff,1263.0,19.21,94302.64321827875,98.46,measured
8829a18987fffff,3543.0,12.68,76622.20266331485,98.43,measured
8829a18989fffff,2270.0,16.88,126649.7357425571,99.17,measured
8829a1898bfffff,3851.0,13.79,99912.35806729522,97.76,measured
8829a1898dfffff,1581.0,13.71,101752.81391585818,97.6,measured
8829a18991fffff,3848.0,15.14,102195.32519104597,97.9,measured
8829a18993fffff,2887.0,13.88,90875.1041726125,98.42,measured
8829a18995fffff,3487.0,13.17,98164.53506771731,96.74,measured
8829a18997fffff,3491.0,13.12,90662.36171294712,97.12,measured
8829a18999fffff,6447.0,15.77,64210.478211601825,97.73,measured
8829a1899bfffff,6138.0,13.13,84328.72890219101,99.12,measured
8829a1899dfffff,3428.0,10.45,102802.79599498305,98.28,measured
8829a189a1fffff,99.0,10.67,79936.10117025817,97.11,measured
8829a189a3fffff,1458.0,9.69,48563.09692441324,97.02,measured
8829a189a5fffff,144.0,14.24,89253.00471941235,97.1,measured
8829a189a7fffff,269.0,7.57,50433.550956440835,97.03,measured
8829a189a9fffff,3392.0,13.73,65155.02159018368,98.08,measured
8829a189abfffff,1495.0,11.78,111265.85249152586,98.32,measured
8829a189adfffff,98.0,10.49,80000.0,97.1,measured
8829a189b1fffff,4353.0,11.97,89829.77520961437,97.69,measured
8829a189b3fffff,4601.0,12.59,86035.61312253808,95.6,measured
8829a189b5fffff,1729.0,10.58,65089.73261414824,98.94,measured
8829a189b7fffff,4381.0,8.56,60646.4888328346,96.33,measured
8829a189b9fffff,4140.0,12.93,78820.23848880848,97.85,measured
8829a189bbfffff,5058.0,12.62,84194.08121605548,97.07,measured
8829a189bdfffff,3930.0,10.13,93032.08950266129,98.11,measured
8829a189c1fffff,1501.0,19.94,95475.85791626267,97.76,measured
8829a189c3fffff,2541.0,14.17,114610.68521323777,98.39,measured
8829a189c5fffff,2539.0,16.25,75733.25170029837,97.69,measured
8829a189c7fffff,1595.0,11.49,115893.80945453377,97.95,measured
8829a189c9fffff,2255.0,18.32,57102.04934401641,96.17,measured
8829a189cbfffff,4239.0,14.04,65980.89790485537,96.77,measured
8829a189cdfffff,1810.0,17.55,90708.29794612493,97.61,measured
8829a189d1fffff,3650.0,16.06,64771.02531173934,96.87,measured
8829a189d3fffff,7616.0,6.44,53028.759374967194,95.83,measured
8829a189d5fffff,3325.0,16.51,96098.04171453817,97.37,measured
8829a189d7fffff,3589.0,14.54,86377.60772979885,97.23,measured
8829a189d9fffff,1888.0,12.6,57893.31179944355,96.29,measured
8829a189dbfffff,7412.0,11.16,41865.84944891551,95.65,measured
8829a189ddfffff,4581.0,15.11,62776.0398512972,96.1,measured
8829a189e1fffff,2404.0,16.31,93809.02849887102,97.71,measured
8829a189e3fffff,2917.0,13.68,72191.74166876715,97.37,measured
8829a189e5fffff,1327.0,10.6,82566.1148578856,96.4,measured
8829a189e7fffff,1744.0,10.8,104192.10648692063,97.87,measured
8829a189e9fffff,3980.0,11.9,68592.88665130247,97.23,measured
8829a189ebfffff,1652.0,17.01,86727.22589439804,97.0,measured
8829a189edfffff,1811.0,12.13,78772.34619998981,96.98,measured
8829a18a01fffff,342.0,24.23,222467.36815813623,95.56,measured
8829a18a03fffff,407.0,19.24,209111.13801575368,94.93,measured
8829a18a05fffff,442.0,27.93,215076.29682363785,93.06,measured
8829a18a07fffff,323.0,29.41,233329.86873064513,95.65,measured
8829a18a09fffff,385.0,20.14,210262.47958710283,94.87,measured
8829a18a0bfffff,398.0,19.12,207198.0,94.7,measured
8829a18a0dfffff,375.0,29.52,225137.85224452455,94.23,measured
8829a18a11fffff,292.0,24.53,250001.0,98.3,measured
8829a18a13fffff,827.0,24.25,243067.53800582068,99.98,measured
8829a18a15fffff,651.0,24.33,224630.53943625974,99.77,measured
8829a18a17fffff,791.0,24.24,227881.81241107135,99.95,measured
8829a18a19fffff,187.0,23.45,250001.0,96.7,measured
8829a18a1bfffff,218.0,23.84,248944.92945585918,97.35,measured
8829a18a1dfffff,275.0,21.34,225973.7814564214,95.91,measured
8829a18a21fffff,485.0,21.05,211980.67824181088,96.04,measured
8829a18a23fffff,695.0,18.38,227011.87038775455,99.64,measured
8829a18a25fffff,711.0,21.39,240132.20638488623,97.9,measured
8829a18a27fffff,580.0,18.67,220781.0,99.6,measured
8829a18a29fffff,425.0,25.02,201826.63373822073,92.4,measured
8829a18a2bfffff,495.0,26.75,205742.5387167268,92.76,measured
8829a18a2dfffff,819.0,22.46,246962.92853649324,96.31,measured
8829a18a31fffff,1100.0,22.9,223493.77037197453,99.9,measured
8829a18a33fffff,1135.0,19.39,190220.4139510166,99.48,measured
8829a18a35fffff,697.0,21.06,128929.58795337881,99.39,measured
8829a18a37fffff,3221.0,12.18,126824.63959882552,99.07,measured
8829a18a39fffff,855.0,21.82,247208.92044602998,99.58,measured
8829a18a3bfffff,750.0,23.95,221493.18813992533,99.9,measured
8829a18a3dfffff,561.0,21.92,146958.9223580572,98.95,measured
8829a18a41fffff,327.0,28.06,235838.6913202189,95.55,measured
8829a18a43fffff,396.0,19.5,208524.7979572696,94.7,measured
8829a18a45fffff,294.0,31.28,225954.61145633148,97.1,measured
8829a18a47fffff,295.0,30.1,239830.60437934636,96.55,measured
8829a18a49fffff,436.0,27.17,209284.76280834543,94.7,measured
8829a18a4bfffff,350.0,27.85,232129.07205465838,93.57,measured
8829a18a4dfffff,269.0,32.1,244794.64441740557,96.73,measured
8829a18a51fffff,187.0,23.45,250001.0,96.7,measured
8829a18a53fffff,187.0,23.42,250001.00000000003,96.67,measured
8829a18a55fffff,339.0,19.79,213836.1237638865,95.01,measured
8829a18a57fffff,241.0,21.61,231850.9753671625,95.85,measured
8829a18a59fffff,187.0,23.45,250001.0,96.7,measured
8829a18a5bfffff,187.0,23.43,250001.0,96.68,measured
8829a18a5dfffff,223.0,22.71,238738.034371153,96.07,measured
8829a18a61fffff,359.0,22.13,200846.14552112957,93.07,measured
8829a18a63fffff,474.0,26.55,207560.05945584032,92.4,measured
8829a18a65fffff,373.0,21.64,250001.0,96.5,measured
8829a18a67fffff,401.0,21.78,216155.99149826387,94.23,measured
8829a18a69fffff,383.0,24.14,178110.549607492,94.49,measured
8829a18a6bfffff,438.0,26.63,194179.91482543043,94.05,measured
8829a18a6dfffff,356.0,21.34,227459.13575389422,95.06,measured
8829a18a81fffff,1804.0,21.57,93938.72037865817,98.54,measured
8829a18a83fffff,8271.0,19.71,61900.643711189776,96.45,measured
8829a18a85fffff,1612.0,24.38,138388.221987309,98.86,measured
8829a18a87fffff,2457.0,19.18,110322.5319673728,97.73,measured
8829a18a89fffff,517.0,21.87,135335.3470901492,99.49,measured
8829a18a8bfffff,2001.0,17.1,146516.32099183346,98.38,measured
8829a18a8dfffff,1121.0,40.52,165162.59192756773,99.18,measured
8829a18a91fffff,6302.0,14.04,84118.77405765743,97.03,measured
8829a18a93fffff,2416.0,15.57,119540.80614542717,97.92,measured
8829a18a95fffff,5682.0,20.55,88544.24825919043,96.98,measured
8829a18a97fffff,5263.0,17.39,72522.49649827933,96.33,measured
8829a18a99fffff,1128.0,24.22,131627.27746529927,99.34,measured
8829a18a9bfffff,1507.0,21.57,153887.96123647387,99.26,measured
8829a18a9dfffff,3060.0,22.93,92684.94390056621,97.97,measured
8829a18aa1fffff,20.0,12.68,125624.99999999999,95.0,measured
8829a18aa3fffff,20.0,12.68,125625.0,95.0,measured
8829a18aa5fffff,20.0,12.68,125625.0,95.0,measured
8829a18aa7fffff,93.0,7.63,125625.0,95.4,measured
8829a18aa9fffff,843.0,16.11,180503.54697860221,99.35,measured
8829a18aabfffff,555.0,22.51,136198.64794883667,97.89,measured
8829a18aadfffff,214.0,13.33,112760.5905030314,98.47,measured
8829a18ab1fffff,723.0,16.92,146095.00203601748,97.8,measured
8829a18ab3fffff,3005.0,21.2,153979.91297091747,96.84,measured
8829a18ab5fffff,883.0,12.21,115214.87354575728,97.34,measured
8829a18ab7fffff,1881.0,20.62,114225.5345460639,98.34,measured
8829a18ab9fffff,3250.0,12.65,126216.6971790463,97.36,measured
8829a18abbfffff,2560.0,22.49,158385.13030190102,97.64,measured
8829a18abdfffff,1784.0,16.4,115979.58492713052,96.99,measured
8829a18ac1fffff,372.0,20.41,136913.0,99.9,measured
8829a18ac3fffff,380.0,21.49,150986.06313362415,99.9,measured
8829a18ac5fffff,403.0,21.2,154364.67221746806,99.92,measured
8829a18ac7fffff,372.0,20.41,136913.0,99.9,measured
8829a18ac9fffff,301.0,20.59,153504.03266108263,99.22,measured
8829a18acbfffff,382.0,21.8,155004.1095414925,99.9,measured
8829a18acdfffff,379.0,21.52,163953.7976945313,99.7,measured
8829a18ad1fffff,622.0,24.73,206419.80373606159,99.77,measured
8829a18ad3fffff,973.0,24.05,172081.94878885744,99.7,measured
8829a18ad5fffff,440.0,28.34,239947.599474075,99.9,measured
8829a18ad7fffff,854.0,22.53,172387.08728977223,99.49,measured
8829a18ad9fffff,454.0,26.07,221241.40339470425,99.85,measured
8829a18adbfffff,549.0,20.55,227500.0,99.7,measured
8829a18addfffff,437.0,28.01,235662.89619893563,99.9,measured
8829a18ae1fffff,1364.0,27.66,241622.01904730801,99.87,measured
8829a18ae3fffff,1485.0,28.25,195966.42760419621,99.4,measured
8829a18ae5fffff,1516.0,18.03,168150.09497892964,98.83,measured
8829a18ae7fffff,1428.0,12.83,155706.85910753105,99.16,measured
8829a18ae9fffff,1357.0,23.5,232903.29115289025,99.96,measured
8829a18aebfffff,967.0,31.09,167160.89745743354,99.46,measured
8829a18aedfffff,743.0,24.89,217624.60077787424,99.91,measured
8829a18b01fffff,794.0,14.8,203323.19473174133,98.31,measured
8829a18b03fffff,607.0,21.39,210223.60113450102,97.73,measured
8829a18b05fffff,1614.0,18.67,196045.50154093528,99.09,measured
8829a18b07fffff,2203.0,18.93,155846.5972972221,98.28,measured
8829a18b09fffff,586.0,19.77,226613.57211443022,96.99,measured
8829a18b0bfffff,390.0,23.01,210231.88346245466,97.34,measured
8829a18b0dfffff,861.0,16.05,237123.02062531898,97.34,measured
8829a18b11fffff,1206.0,17.5,173154.66419095415,98.99,measured
8829a18b13fffff,3671.0,11.59,113636.78349779279,97.46,measured
8829a18b15fffff,1832.0,15.31,208564.61779225283,98.87,measured
8829a18b17fffff,4006.0,19.86,128531.16820104183,98.23,measured
8829a18b19fffff,577.0,23.72,249996.88084304167,99.2,measured
8829a18b1bfffff,1234.0,24.6,228837.5634272283,99.32,measured
8829a18b1dfffff,432.0,22.8,221267.1842847997,98.07,measured
8829a18b21fffff,5119.0,6.24,90662.63012608545,95.65,measured
8829a18b23fffff,2545.0,8.09,95062.24640316969,95.4,measured
8829a18b25fffff,1598.0,16.4,105864.51552746235,95.22,measured
8829a18b27fffff,4263.0,8.3,96488.06454795114,94.76,measured
8829a18b29fffff,1282.0,26.78,184432.36656727383,98.45,measured
8829a18b2bfffff,2943.0,13.56,116623.28932605608,96.49,measured
8829a18b2dfffff,1288.0,7.68,133593.9522371281,96.87,measured
8829a18b31fffff,3889.0,12.33,98874.36265952297,96.44,measured
8829a18b33fffff,3501.0,18.06,115413.95041021622,96.37,measured
8829a18b35fffff,3084.0,12.61,87674.54035608227,96.2,measured
8829a18b37fffff,2794.0,12.65,103100.47226666896,97.16,measured
8829a18b39fffff,3125.0,15.87,145365.99518826322,97.75,measured
8829a18b3bfffff,3229.0,12.81,179675.09270221164,98.47,measured
8829a18b3dfffff,3122.0,21.12,103158.26148306376,96.98,measured
8829a18b41fffff,929.0,20.91,193755.51836573042,93.45,measured
8829a18b43fffff,513.0,26.39,218127.05536671643,93.97,measured
8829a18b45fffff,1000.0,24.04,210741.99998447532,91.03,measured
8829a18b47fffff,724.0,24.92,219603.2534933771,94.42,measured
8829a18b49fffff,756.0,23.59,231586.26905471578,93.55,measured
8829a18b4bfffff,455.0,25.34,207062.4116203914,93.26,measured
8829a18b4dfffff,886.0,20.9,230761.42474534028,92.3,measured
8829a18b51fffff,208.0,31.2,215588.98188986623,95.43,measured
8829a18b53fffff,527.0,23.13,248127.61671732657,96.68,measured
8829a18b55fffff,297.0,29.66,187186.74204133498,92.67,measured
8829a18b57fffff,336.0,26.7,236700.54465233447,97.77,measured
8829a18b59fffff,241.0,28.86,219783.58916731467,95.32,measured
8829a18b5bfffff,355.0,22.25,248620.05680209099,96.5,measured
8829a18b5dfffff,297.0,29.72,186765.0,92.6,measured
8829a18b61fffff,524.0,18.98,182020.368838486,93.9,measured
8829a18b63fffff,968.0,32.05,192589.22000891512,98.05,measured
8829a18b65fffff,724.0,14.31,151398.37203170554,93.97,measured
8829a18b67fffff,645.0,24.56,196782.05724095073,96.86,measured
8829a18b69fffff,754.0,17.19,207819.44287237618,92.35,measured
8829a18b6bfffff,632.0,25.16,223129.73915295803,94.75,measured
8829a18b6dfffff,906.0,16.86,139879.47640586898,90.96,measured
8829a18c01fffff,2149.0,16.11,141347.61413597033,99.34,measured
8829a18c03fffff,362.0,20.66,97371.99999999999,99.3,measured
8829a18c05fffff,2851.0,17.39,111671.6824696406,99.35,measured
8829a18c07fffff,1315.0,19.62,116154.68103843155,99.39,measured
8829a18c09fffff,1228.0,15.08,170614.55876604523,98.8,measured
8829a18c0bfffff,582.0,24.34,124483.6302713405,98.9,measured
8829a18c0dfffff,743.0,21.87,142763.99609276617,98.8,measured
8829a18c11fffff,19.0,20.66,97372.0,99.3,measured
8829a18c15fffff,362.0,20.66,97372.0,99.3,measured
8829a18c17fffff,113.0,20.43,98938.36050574278,99.16,measured
8829a18c1dfffff,341.0,22.65,109473.97959325406,99.1,measured
8829a18c21fffff,1296.0,29.87,127738.19246720133,99.7,measured
8829a18c23fffff,756.0,23.88,135208.44654636996,99.36,measured
8829a18c25fffff,792.0,30.04,168588.77010048408,99.7,measured
8829a18c27fffff,1447.0,20.65,170679.58049906918,99.7,measured
8829a18c29fffff,4275.0,11.76,98776.38594890907,98.95,measured
8829a18c2bfffff,2573.0,19.17,93459.26184058453,99.42,measured
8829a18c2dfffff,2497.0,18.36,117159.07164617437,99.23,measured
8829a18c31fffff,519.0,22.69,126894.26607338125,99.28,measured
8829a18c33fffff,28.0,15.3,133807.37034063874,96.13,measured
8829a18c35fffff,420.0,23.06,134459.08123009486,99.21,measured
8829a18c37fffff,25.0,14.58,138750.0,95.7,measured
8829a18c39fffff,362.0,20.66,97371.99999999999,99.3,measured
8829a18c3bfffff,328.0,20.67,98493.45036224253,99.27,measured
8829a18c3dfffff,565.0,22.62,117340.22944097697,99.31,measured
8829a18c41fffff,1394.0,19.67,143161.33453953944,99.4,measured
8829a18c43fffff,98.0,10.91,184276.0,98.89,measured
8829a18c45fffff,3418.0,17.55,69872.62840116961,98.87,measured
8829a18c47fffff,1140.0,16.41,147076.04623479652,98.96,measured
8829a18c49fffff,2431.0,15.87,128270.73454148772,99.39,measured
8829a18c4bfffff,1184.0,16.89,159850.3222178451,99.19,measured
8829a18c4dfffff,6063.0,14.82,68242.38834605708,98.4,measured
8829a18c51fffff,324.0,19.22,89803.79622614091,94.46,measured
8829a18c53fffff,6.0,19.41,89744.0,94.4,measured
8829a18c55fffff,213.0,24.71,125557.74222315449,98.61,measured
8829a18c57fffff,254.0,25.6,127463.0,98.8,measured
8829a18c59fffff,7.0,0.0,,100.0,measured
8829a18c5bfffff,466.0,19.27,97287.72518874699,94.7,measured
8829a18c5dfffff,7.0,0.0,,100.0,measured
8829a18c61fffff,583.0,18.51,79075.51251718939,99.52,measured
8829a18c63fffff,668.0,19.65,92869.8285920785,99.12,measured
8829a18c65fffff,566.0,22.52,96713.35570260724,99.4,measured
8829a18c67fffff,2029.0,11.82,103364.44003153159,98.74,measured
8829a18c69fffff,5650.0,9.03,64078.645845659026,98.85,measured
8829a18c6bfffff,837.0,27.76,99763.07792905964,98.74,measured
8829a18c6dfffff,968.0,14.44,77179.65821568991,99.6,measured
8829a18ca1fffff,25.0,14.58,138750.0,95.7,measured
8829a18ca3fffff,19.0,14.58,138750.0,95.7,measured
8829a18ca5fffff,25.0,14.58,138750.0,95.7,measured
8829a18ca7fffff,25.0,14.58,138750.0,95.7,measured
8829a18ca9fffff,10.0,14.58,138750.0,95.7,measured
8829a18cabfffff,2.0,14.58,138750.0,95.7,measured
8829a18cadfffff,25.0,14.58,138750.0,95.7,measured
8829a18cb5fffff,9.0,14.58,138750.0,95.7,measured
8829a18cb7fffff,1.0,14.58,138750.0,95.7,measured
8829a18ce1fffff,7.0,14.58,138750.0,95.7,measured
8829a18ce5fffff,25.0,14.58,138750.0,95.7,measured
8829a18ce7fffff,21.0,14.58,138750.0,95.7,measured
8829a18cedfffff,23.0,14.58,138750.0,95.7,measured
8829a18d01fffff,1363.0,28.26,186546.06163245885,99.85,measured
8829a18d03fffff,1812.0,24.17,164078.129452004,99.85,measured
8829a18d05fffff,1653.0,21.06,107193.0557982264,98.88,measured
8829a18d07fffff,1223.0,28.47,151125.1229271363,99.73,measured
8829a18d09fffff,1607.0,21.94,192922.14921395777,99.4,measured
8829a18d0bfffff,1099.0,29.97,152986.23843331338,99.9,measured
8829a18d0dfffff,2378.0,19.62,124815.7333989056,98.55,measured
8829a18d11fffff,1074.0,16.55,160210.7048864155,99.93,measured
8829a18d13fffff,1320.0,15.23,178404.22426040232,99.8,measured
8829a18d15fffff,1085.0,22.12,119895.39387874173,99.8,measured
8829a18d17fffff,1370.0,23.85,148138.89412146056,99.82,measured
8829a18d19fffff,702.0,21.58,228485.48284410426,99.7,measured
8829a18d1bfffff,1780.0,17.25,178568.64252608162,99.7,measured
8829a18d1dfffff,1294.0,21.79,176885.93900379856,99.83,measured
8829a18d21fffff,952.0,24.6,169886.48038876994,99.16,measured
8829a18d23fffff,757.0,25.96,195339.32607127173,99.11,measured
8829a18d25fffff,2066.0,17.7,149080.85765086458,99.33,measured
8829a18d27fffff,1223.0,21.97,171314.71801473285,99.26,measured
8829a18d29fffff,1848.0,22.41,115531.60071643736,98.16,measured
8829a18d2bfffff,974.0,22.38,117680.2698073398,99.44,measured
8829a18d2dfffff,2626.0,11.8,131677.70729005977,98.42,measured
8829a18d31fffff,1074.0,23.15,163515.91661264026,99.6,measured
8829a18d33fffff,1464.0,20.73,147622.26156045063,99.6,measured
8829a18d35fffff,804.0,25.21,189962.34846520668,99.21,measured
8829a18d37fffff,718.0,24.31,172988.85393864417,99.41,measured
8829a18d39fffff,1453.0,26.47,151017.1543204138,99.61,measured
8829a18d3bfffff,1272.0,23.1,170473.21886522727,99.71,measured
8829a18d3dfffff,1002.0,28.15,146266.2301390068,99.6,measured
8829a18d41fffff,3920.0,11.95,90235.2658628794,97.65,measured
8829a18d43fffff,1595.0,22.04,147429.00466921105,98.74,measured
8829a18d45fffff,1713.0,12.44,76466.0,98.89,measured
8829a18d47fffff,2601.0,17.49,102468.50767179276,98.12,measured
8829a18d49fffff,2820.0,11.38,75372.6214284828,98.17,measured
8829a18d4bfffff,2788.0,15.85,111846.36226827628,98.38,measured
8829a18d4dfffff,2373.0,8.55,74157.37534931408,98.55,measured
8829a18d51fffff,1618.0,22.31,135356.04178108214,99.67,measured
8829a18d53fffff,938.0,24.51,174122.95886856486,99.7,measured
8829a18d55fffff,1099.0,24.15,203738.08025853682,99.9,measured
8829a18d57fffff,787.0,22.24,209924.50676535192,99.74,measured
8829a18d59fffff,1714.0,19.93,113449.63780174329,99.48,measured
8829a18d5bfffff,2036.0,21.16,119864.98595804138,99.61,measured
8829a18d5dfffff,1652.0,22.85,127979.87005821432,99.72,measured
8829a18d61fffff,2030.0,17.44,154763.51664560795,98.1,measured
8829a18d63fffff,3646.0,12.77,81184.38020667945,97.57,measured
8829a18d65fffff,2079.0,16.68,129128.6692399682,98.45,measured
8829a18d67fffff,2517.0,13.31,110313.47678635613,98.53,measured
8829a18d69fffff,3986.0,8.11,102918.77466287778,97.63,measured
8829a18d6bfffff,3523.0,7.82,71519.93693274901,98.39,measured
8829a18d6dfffff,1145.0,25.76,162877.3797564406,98.65,measured
8829a18d81fffff,25.0,14.58,138750.0,95.7,measured
8829a18d83fffff,25.0,14.58,138750.0,95.7,measured
8829a18d85fffff,25.0,14.58,138750.0,95.7,measured
8829a18d87fffff,25.0,14.58,138750.0,95.7,measured
8829a18d89fffff,78.0,12.85,179859.09242415335,98.51,measured
8829a18d8bfffff,25.0,14.58,138750.0,95.7,measured
8829a18d8dfffff,312.0,12.25,194193.62061302355,99.5,measured
8829a18d91fffff,25.0,14.58,138750.0,95.7,measured
8829a18d93fffff,25.0,14.58,138750.0,95.7,measured
8829a18d95fffff,25.0,14.58,138750.0,95.7,measured
8829a18d97fffff,25.0,14.58,138750.0,95.7,measured
8829a18d99fffff,25.0,14.58,138750.0,95.7,measured
8829a18d9bfffff,25.0,14.58,138750.0,95.7,measured
8829a18d9dfffff,25.0,14.58,138750.0,95.7,measured
8829a18da1fffff,34.0,8.79,161868.93477315726,98.14,measured
8829a18da3fffff,41.0,6.3,171780.21190213592,99.19,measured
8829a18da5fffff,38.0,7.16,168359.47534395178,98.83,measured
8829a18da7fffff,41.0,6.28,171875.0,99.2,measured
8829a18da9fffff,25.0,14.58,138750.0,95.7,measured
8829a18dabfffff,28.0,12.46,147222.30896950004,96.6,measured
8829a18dadfffff,25.0,14.58,138750.0,95.7,measured
8829a18db1fffff,41.0,6.32,171713.42802205708,99.18,measured
8829a18db3fffff,41.0,6.28,171875.0,99.2,measured
8829a18db5fffff,41.0,6.28,171875.0,99.2,measured
8829a18db9fffff,25.0,14.12,140595.07922217314,95.89,measured
8829a18dbbfffff,30.0,10.63,154521.02184507318,97.37,measured
8829a18dbdfffff,35.0,8.31,163747.52428252797,98.34,measured
8829a18dc1fffff,1203.0,9.91,213911.47008164544,99.69,measured
8829a18dc3fffff,42.0,13.54,163482.30336105035,97.39,measured
8829a18dc5fffff,832.0,12.08,197503.40339929677,99.7,measured
8829a18dc7fffff,790.0,12.13,197096.1639458564,99.69,measured
8829a18dc9fffff,1252.0,8.94,221149.62724375716,99.67,measured
8829a18dcbfffff,25.0,14.58,138750.0,95.7,measured
8829a18dcdfffff,1945.0,11.03,205479.9561024826,99.7,measured
8829a18dd1fffff,25.0,14.58,138750.0,95.7,measured
8829a18dd3fffff,25.0,14.58,138750.0,95.7,measured
8829a18dd5fffff,25.0,14.58,138750.0,95.7,measured
8829a18dd7fffff,25.0,14.58,138750.0,95.7,measured
8829a18dd9fffff,25.0,14.58,138750.0,95.7,measured
8829a18ddbfffff,25.0,14.58,138750.0,95.7,measured
8829a18dddfffff,25.0,14.58,138750.0,95.7,measured
8829a18de1fffff,466.0,22.51,138050.69503007949,99.53,measured
8829a18de3fffff,25.0,14.58,138750.0,95.7,measured
8829a18de5fffff,206.0,21.76,137637.11748374978,99.26,measured
8829a18de7fffff,25.0,14.58,138750.0,95.7,measured
8829a18de9fffff,1352.0,27.7,174592.95829435354,99.77,measured
8829a18debfffff,669.0,12.14,196752.8390463328,99.67,measured
8829a18dedfffff,1759.0,23.77,151540.57152120594,99.68,measured
8829a18e01fffff,2435.0,11.42,130587.12774723291,97.26,measured
8829a18e03fffff,2099.0,17.02,134206.42176145333,98.56,measured
8829a18e05fffff,1955.0,13.88,137121.20153908708,98.51,measured
8829a18e07fffff,2002.0,18.74,170523.75918174375,97.85,measured
8829a18e09fffff,1770.0,15.56,160841.1008650141,97.33,measured
8829a18e0bfffff,1842.0,15.86,124379.44040611981,96.39,measured
8829a18e0dfffff,1546.0,15.48,136740.95184209797,97.87,measured
8829a18e11fffff,766.0,28.0,135950.8913138218,98.87,measured
8829a18e13fffff,309.0,25.34,148268.37077963215,99.18,measured
8829a18e15fffff,1416.0,21.62,139699.75607448365,98.96,measured
8829a18e17fffff,757.0,27.46,130382.15850651398,99.4,measured
8829a18e19fffff,484.0,26.6,156573.56889843222,98.1,measured
8829a18e1dfffff,1128.0,21.57,134414.7078185458,97.56,measured
8829a18e21fffff,2470.0,20.42,123428.13728891387,99.19,measured
8829a18e23fffff,2682.0,20.22,140998.67470626818,99.49,measured
8829a18e25fffff,5670.0,8.05,56445.16075121354,97.97,measured
8829a18e27fffff,3421.0,20.4,66479.37267661182,98.29,measured
8829a18e29fffff,2932.0,19.73,113821.191370805,99.31,measured
8829a18e2bfffff,2034.0,21.77,154517.46648036694,98.7,measured
8829a18e2dfffff,5087.0,14.04,69394.67634482803,98.22,measured
8829a18e31fffff,1597.0,21.23,206533.47859576627,95.86,measured
8829a18e33fffff,370.0,20.6,172845.75028750364,97.44,measured
8829a18e35fffff,2112.0,21.3,145105.0655544812,98.46,measured
8829a18e37fffff,654.0,23.59,126240.5956197964,97.97,measured
8829a18e39fffff,2047.0,19.88,157022.27353260003,98.28,measured
8829a18e3bfffff,767.0,22.46,151795.58874172778,98.67,measured
8829a18e3dfffff,1924.0,30.4,175714.8552775248,96.68,measured
8829a18e41fffff,1271.0,27.07,134807.76959114973,98.07,measured
8829a18e43fffff,1279.0,22.35,170410.08704662602,99.01,measured
8829a18e45fffff,1563.0,18.35,167322.0740755331,98.44,measured
8829a18e47fffff,1145.0,18.63,179766.83004007142,99.0,measured
8829a18e49fffff,1265.0,23.42,140050.61615901592,98.11,measured
8829a18e4bfffff,1092.0,31.08,103644.43032370383,98.0,measured
8829a18e4dfffff,2271.0,14.02,178746.8580038211,98.18,measured
8829a18e51fffff,1362.0,23.53,180870.0145118905,98.83,measured
8829a18e53fffff,561.0,25.42,120047.78449757348,98.26,measured
8829a18e55fffff,1896.0,17.3,145914.83236395175,97.4,measured
8829a18e57fffff,1713.0,13.62,129374.52794438426,96.6,measured
8829a18e59fffff,348.0,19.7,221965.04836697492,99.36,measured
8829a18e5bfffff,338.0,22.97,192548.2886236418,98.97,measured
8829a18e5dfffff,1504.0,24.4,176863.69178108257,98.82,measured
8829a18e61fffff,5339.0,9.94,123895.93778131937,99.17,measured
8829a18e63fffff,1987.0,21.53,138240.8031028427,99.66,measured
8829a18e65fffff,2743.0,22.51,69777.80776058364,98.61,measured
8829a18e67fffff,2618.0,6.14,105142.10317989455,98.94,measured
8829a18e69fffff,1737.0,14.79,146548.01239923996,98.62,measured
8829a18e6bfffff,1630.0,20.27,154860.21988415046,99.28,measured
8829a18e6dfffff,4794.0,17.65,89681.91586075419,98.92,measured
8829a18ea9fffff,388.0,19.41,89744.0,94.4,measured
8829a18eadfffff,180.0,19.41,89744.0,94.4,measured
8829a18ee1fffff,273.0,19.47,191217.2852107247,98.05,measured
8829a18ee3fffff,190.0,19.34,154870.78443716458,96.68,measured
8829a18ee5fffff,230.0,19.21,192583.0,98.01,measured
8829a18ee7fffff,478.0,19.37,131229.55675271514,95.85,measured
8829a18ee9fffff,421.0,23.75,155166.4197029331,99.39,measured
8829a18eedfffff,398.0,22.75,163597.8530533964,99.07,measured
8829a18f01fffff,4602.0,14.03,108381.86090803855,98.13,measured
8829a18f03fffff,4113.0,14.35,77371.38244377737,97.64,measured
8829a18f05fffff,3465.0,16.92,76690.84063470815,97.73,measured
8829a18f07fffff,2628.0,13.82,82309.2105895164,97.69,measured
8829a18f09fffff,3123.0,14.05,91060.92332125956,99.02,measured
8829a18f0bfffff,5792.0,8.63,70099.83638075533,98.09,measured
8829a18f0dfffff,5177.0,18.08,86861.80082410508,98.38,measured
8829a18f11fffff,2788.0,17.57,103329.2282224174,98.73,measured
8829a18f13fffff,5831.0,9.04,90565.37440691888,98.73,measured
8829a18f15fffff,3652.0,17.99,53712.643960717294,98.15,measured
8829a18f17fffff,3295.0,11.4,88122.2727234908,98.71,measured
8829a18f19fffff,3231.0,11.34,91256.63390626179,98.55,measured
8829a18f1bfffff,2716.0,11.7,75724.25304689273,98.45,measured
8829a18f1dfffff,4854.0,15.57,77390.21106062061,97.72,measured
8829a18f21fffff,4511.0,9.67,75395.61447975891,97.19,measured
8829a18f23fffff,3113.0,8.65,94393.51702818443,97.89,measured
8829a18f25fffff,3864.0,10.1,92788.27548562597,97.39,measured
8829a18f27fffff,2905.0,11.65,70772.66645247296,97.42,measured
8829a18f29fffff,3657.0,11.89,65261.4847903304,97.61,measured
8829a18f2bfffff,1506.0,13.13,101931.24394233312,97.8,measured
8829a18f2dfffff,4174.0,15.85,91423.73490797865,97.37,measured
8829a18f31fffff,1920.0,15.66,141029.00820582607,99.46,measured
8829a18f33fffff,806.0,15.77,116515.90776620363,99.55,measured
8829a18f35fffff,2471.0,14.75,76548.42969310252,98.64,measured
8829a18f37fffff,1631.0,21.78,115386.10326794964,99.89,measured
8829a18f39fffff,3233.0,11.43,103864.65681940092,98.46,measured
8829a18f3bfffff,1929.0,14.92,107765.88779694804,99.19,measured
8829a18f3dfffff,1718.0,22.9,106341.48336319048,98.88,measured
8829a18f41fffff,1322.0,17.6,126643.91195727504,99.06,measured
8829a18f43fffff,1805.0,16.58,113839.7843776751,98.83,measured
8829a18f45fffff,2679.0,20.19,82482.84905378001,98.36,measured
8829a18f47fffff,2370.0,20.46,90575.605698649,99.17,measured
8829a18f49fffff,1017.0,18.91,150027.1003156836,99.34,measured
8829a18f4bfffff,829.0,17.45,135719.2767998484,99.63,measured
8829a18f4dfffff,1018.0,18.06,167568.39535716388,99.31,measured
8829a18f51fffff,6634.0,8.6,87584.6564448762,98.02,measured
8829a18f53fffff,4756.0,4.04,63786.44973000994,98.04,measured
8829a18f55fffff,2865.0,15.0,93936.5076906233,98.78,measured
8829a18f57fffff,4618.0,11.58,69407.30366916108,97.61,measured
8829a18f59fffff,3952.0,4.68,93463.97542464071,99.42,measured
8829a18f5bfffff,3999.0,3.72,81998.18921659452,99.17,measured
8829a18f5dfffff,1563.0,12.86,137058.4558292119,98.74,measured
8829a18f61fffff,3827.0,15.29,89543.55581960216,98.12,measured
8829a18f63fffff,3962.0,14.09,75907.12459979948,97.73,measured
8829a18f65fffff,4191.0,12.82,79493.27502516024,95.99,measured
8829a18f67fffff,3635.0,11.51,68468.67777345247,97.27,measured
8829a18f69fffff,3973.0,22.59,80341.3428702461,95.7,measured
8829a18f6bfffff,4804.0,22.85,77153.30101865591,97.4,measured
8829a18f6dfffff,3171.0,11.08,68088.94086538738,97.15,measured
8829a19083fffff,0.0,0.0,,65.01,income-model
8829a19087fffff,0.0,0.0,,65.01,income-model
8829a19095fffff,0.0,0.0,,65.01,income-model
8829a190a1fffff,0.0,0.0,,65.01,income-model
8829a190a3fffff,0.0,0.0,,65.01,income-model
8829a190a5fffff,0.0,0.0,,65.01,income-model
8829a190a7fffff,0.0,0.0,,65.01,income-model
8829a190abfffff,0.0,0.0,,65.01,income-model
8829a190b1fffff,0.0,0.0,,65.01,income-model
8829a190b3fffff,0.0,0.0,,65.01,income-model
8829a190b5fffff,0.0,0.0,,65.01,income-model
8829a190b7fffff,0.0,0.0,,65.01,income-model
8829a190b9fffff,0.0,0.0,,65.01,income-model
8829a190bbfffff,0.0,0.0,,65.01,income-model
8829a190bdfffff,0.0,0.0,,65.01,income-model
8829a19105fffff,0.0,0.0,,65.01,income-model
8829a19121fffff,0.0,0.0,,65.01,income-model
8829a19123fffff,0.0,0.0,,65.01,income-model
8829a19125fffff,0.0,0.0,,65.01,income-model
8829a19127fffff,0.0,0.0,,65.01,income-model
8829a19129fffff,0.0,0.0,,65.01,income-model
8829a1912bfffff,0.0,0.0,,65.01,income-model
8829a1912dfffff,0.0,0.0,,65.01,income-model
8829a19131fffff,0.0,0.0,,65.01,income-model
8829a19133fffff,0.0,0.0,,65.01,income-model
8829a19135fffff,0.0,0.0,,65.01,income-model
8829a19137fffff,0.0,0.0,,65.01,income-model
8829a1913dfffff,0.0,0.0,,65.01,income-model
8829a19161fffff,0.0,0.0,,65.01,income-model
8829a19163fffff,0.0,0.0,,65.01,income-model
8829a19165fffff,0.0,0.0,,65.01,income-model
8829a19167fffff,0.0,0.0,,65.01,income-model
8829a1916dfffff,0.0,0.0,,65.01,income-model
8829a19181fffff,0.0,0.0,,65.01,income-model
8829a19183fffff,0.0,0.0,,65.01,income-model
8829a19185fffff,0.0,0.0,,65.01,income-model
8829a19187fffff,0.0,0.0,,65.01,income-model
8829a1918bfffff,0.0,0.0,,65.01,income-model
8829a19191fffff,0.0,0.0,,65.01,income-model
8829a19193fffff,0.0,0.0,,65.01,income-model
8829a19195fffff,0.0,0.0,,65.01,income-model
8829a19197fffff,0.0,0.0,,65.01,income-model
8829a19199fffff,0.0,0.0,,65.01,income-model
8829a1919bfffff,0.0,0.0,,65.01,income-model
8829a1919dfffff,0.0,0.0,,65.01,income-model
8829a191a1fffff,0.0,0.0,,65.01,income-model
8829a191a3fffff,0.0,0.0,,65.01,income-model
8829a191a5fffff,0.0,0.0,,65.01,income-model
8829a191a7fffff,0.0,0.0,,65.01,income-model
8829a191a9fffff,0.0,0.0,,65.01,income-model
8829a191abfffff,0.0,0.0,,65.01,income-model
8829a191adfffff,0.0,0.0,,65.01,income-model
8829a191b1fffff,0.0,0.0,,65.01,income-model
8829a191b3fffff,0.0,0.0,,65.01,income-model
8829a191b5fffff,0.0,0.0,,65.01,income-model
8829a191b7fffff,0.0,0.0,,65.01,income-model
8829a191b9fffff,0.0,0.0,,65.01,income-model
8829a191bbfffff,0.0,0.0,,65.01,income-model
8829a191bdfffff,0.0,0.0,,65.01,income-model
8829a191d7fffff,0.0,0.0,,65.01,income-model
8829a191e5fffff,0.0,0.0,,65.01,income-model
8829a191e7fffff,0.0,0.0,,65.01,income-model
8829a19565fffff,0.0,0.0,,65.01,income-model
8829a19801fffff,2294.0,26.61,131964.00840406038,62.69,measured
8829a19803fffff,2340.0,17.66,96700.30720787356,63.27,measured
8829a19805fffff,3445.0,19.08,104337.01828124069,59.71,measured
8829a19807fffff,3718.0,17.14,124835.08504573755,62.75,measured
8829a19809fffff,2807.0,22.06,146086.00320234903,62.88,measured
8829a1980bfffff,1954.0,28.27,162322.30078496938,67.89,measured
8829a1980dfffff,4415.0,12.36,101477.98051929407,57.56,measured
8829a19811fffff,3578.0,17.17,93790.60992406042,64.46,measured
8829a19813fffff,2397.0,17.34,93128.77162942925,64.4,measured
8829a19815fffff,3430.0,12.67,129321.76710418281,66.18,measured
8829a19817fffff,2080.0,14.71,114360.32463053611,66.4,measured
8829a19819fffff,2223.0,16.33,145923.73295430437,65.14,measured
8829a1981bfffff,4686.0,24.44,72774.3772796057,59.75,measured
8829a1981dfffff,2201.0,20.51,131411.84618115905,67.8,measured
8829a19821fffff,7546.0,10.97,113377.1931719987,57.97,measured
8829a19823fffff,2168.0,17.89,195204.64026639998,66.28,measured
8829a19825fffff,7144.0,10.02,119114.76373922525,60.03,measured
8829a19827fffff,1902.0,20.22,191055.29409024664,79.57,measured
8829a19829fffff,6050.0,8.0,93515.20422878281,55.84,measured
8829a1982bfffff,6108.0,10.03,90797.9395376455,60.32,measured
8829a1982dfffff,8471.0,7.87,99681.18690168226,56.85,measured
8829a19831fffff,3126.0,15.01,118197.4595696847,71.93,measured
8829a19833fffff,5029.0,14.71,113608.08559193429,68.64,measured
8829a19835fffff,2093.0,23.11,150449.03916069982,75.75,measured
8829a19837fffff,4646.0,18.02,115384.9011713069,69.77,measured
8829a19839fffff,3389.0,14.55,126637.41107524073,65.39,measured
8829a1983bfffff,1781.0,29.19,112519.41400658066,67.6,measured
8829a1983dfffff,2965.0,13.56,107421.84688916332,62.76,measured
8829a19841fffff,4414.0,18.88,139747.30282902895,74.67,measured
8829a19843fffff,3073.0,11.92,106240.53912649617,62.32,measured
8829a19845fffff,3329.0,19.94,103384.62002719475,60.86,measured
8829a19847fffff,6401.0,12.61,109416.5545776092,59.23,measured
8829a19849fffff,2099.0,15.48,174333.40909241376,76.18,measured
8829a1984bfffff,5098.0,10.4,119100.75010393637,78.68,measured
8829a1984dfffff,2523.0,19.3,122081.78575716197,69.23,measured
8829a19851fffff,2497.0,11.44,180228.66865174085,65.15,measured
8829a19853fffff,3066.0,19.33,133505.06244617738,62.31,measured
8829a19855fffff,2753.0,12.52,142994.08534465235,65.48,measured
8829a19857fffff,1500.0,19.28,166725.7748107211,65.15,measured
8829a19859fffff,3473.0,17.37,123516.15251482332,61.91,measured
8829a1985bfffff,4348.0,15.3,116626.81945962447,59.12,measured
8829a1985dfffff,3404.0,13.2,124805.71472234311,66.34,measured
8829a19861fffff,3092.0,13.68,129853.15075381855,59.14,measured
8829a19863fffff,3913.0,11.87,129920.69521230529,59.83,measured
8829a19865fffff,2015.0,19.11,178470.03218665707,65.13,measured
8829a19867fffff,3860.0,15.07,109466.15242601404,61.02,measured
8829a19869fffff,5764.0,13.07,93632.27554619368,60.98,measured
8829a1986bfffff,5216.0,14.11,110970.67222277477,59.87,measured
8829a1986dfffff,4556.0,10.75,100239.99018324452,60.26,measured
8829a19881fffff,836.0,26.67,247378.68392256682,93.25,measured
8829a19883fffff,411.0,28.4,244275.69443313702,95.13,measured
8829a19885fffff,1389.0,26.46,206269.4621858169,89.26,measured
8829a19887fffff,1109.0,22.25,222433.57070214231,95.02,measured
8829a19889fffff,825.0,27.03,200677.59139035514,84.92,measured
8829a1988bfffff,459.0,38.37,193431.71027485575,87.62,measured
8829a1988dfffff,1540.0,25.85,184616.05104171342,84.61,measured
8829a19891fffff,96.0,49.57,205407.13315877668,94.85,measured
8829a19893fffff,1.0,25.33,79018.0,81.1,measured
8829a19895fffff,198.0,27.27,240968.0097919512,95.05,measured
8829a19897fffff,148.0,23.42,246360.74775150127,94.97,measured
8829a19899fffff,1.0,25.33,79018.0,81.1,measured
8829a1989bfffff,1.0,25.33,79018.0,81.1,measured
8829a1989dfffff,253.0,49.63,206802.65551650524,94.97,measured
8829a198a1fffff,1628.0,20.14,172788.77961647374,90.84,measured
8829a198a3fffff,602.0,21.29,173852.66242193663,91.56,measured
8829a198a5fffff,8011.0,1.3,53889.41349400031,70.39,measured
8829a198a7fffff,685.0,20.87,146748.15079912895,94.77,measured
8829a198a9fffff,2025.0,24.51,193500.19290477404,82.5,measured
8829a198abfffff,837.0,22.55,180359.94475557364,88.27,measured
8829a198adfffff,5886.0,6.51,57345.53283284444,72.29,measured
8829a198b1fffff,476.0,34.07,250001.0,90.83,measured
8829a198b3fffff,187.0,23.45,250000.99999999997,96.7,measured
8829a198b5fffff,573.0,25.06,202096.51353061912,89.82,measured
8829a198b7fffff,188.0,23.44,249676.22104591655,96.67,measured
8829a198b9fffff,494.0,24.91,244825.6262137624,95.4,measured
8829a198bbfffff,185.0,23.15,250001.0,96.47,measured
8829a198bdfffff,858.0,29.76,224508.62052927873,90.21,measured
8829a198c1fffff,4554.0,20.8,175794.07072699504,72.64,measured
8829a198c3fffff,1684.0,27.86,204188.37580750562,89.2,measured
8829a198c5fffff,4117.0,19.74,152579.649133558,70.1,measured
8829a198c7fffff,1741.0,21.31,165488.4260446184,78.97,measured
8829a198c9fffff,6104.0,19.82,116054.49435316077,61.06,measured
8829a198cbfffff,3130.0,25.17,151881.23237327172,71.77,measured
8829a198cdfffff,3647.0,21.25,162302.71445062035,61.16,measured
8829a198d1fffff,941.0,32.49,185480.06485828478,83.89,measured
8829a198d3fffff,1157.0,22.17,249288.2680872394,90.9,measured
8829a198d5fffff,626.0,28.55,172867.23994008463,82.65,measured
8829a198d7fffff,210.0,49.16,204496.32369155055,94.37,measured
8829a198d9fffff,1007.0,34.52,163027.94120230136,80.23,measured
8829a198dbfffff,2000.0,19.43,191624.30736017655,88.22,measured
8829a198ddfffff,1372.0,26.83,238148.03283929732,78.35,measured
8829a198e1fffff,9120.0,10.93,103619.01872230491,68.38,measured
8829a198e3fffff,6974.0,15.83,153499.97242321074,77.83,measured
8829a198e5fffff,3698.0,10.74,133842.36368241382,68.5,measured
8829a198e7fffff,1515.0,18.96,160694.6582788209,77.9,measured
8829a198e9fffff,7133.0,14.21,104720.95343167889,65.61,measured
8829a198ebfffff,3198.0,22.79,128029.86037453827,74.9,measured
8829a198edfffff,8682.0,8.52,119298.47546586022,67.89,measured
8829a19901fffff,4378.0,8.47,90346.43608710737,64.41,measured
8829a19903fffff,2763.0,12.33,93030.26013473164,64.4,measured
8829a19905fffff,6386.0,8.13,70363.03279624534,59.26,measured
8829a19907fffff,4839.0,9.07,100986.21002236968,63.08,measured
8829a19909fffff,1700.0,27.97,117458.97372846298,67.7,measured
8829a1990bfffff,1848.0,12.11,116755.14494565935,64.56,measured
8829a1990dfffff,2914.0,20.55,91681.42654175311,62.97,measured
8829a19911fffff,3598.0,15.8,159698.2470300636,67.64,measured
8829a19913fffff,2507.0,22.55,240819.81550036013,85.99,measured
8829a19915fffff,5452.0,10.72,84495.41392474927,55.02,measured
8829a19917fffff,3331.0,17.2,159474.7168278934,65.52,measured
8829a19919fffff,4071.0,7.84,102343.69930833536,58.4,measured
8829a1991bfffff,2619.0,19.9,193839.17009996442,76.99,measured
8829a1991dfffff,3456.0,9.35,84772.84824866662,59.78,measured
8829a19921fffff,6844.0,10.88,67841.76579456947,61.9,measured
8829a19923fffff,4625.0,10.3,94173.86168878086,63.27,measured
8829a19925fffff,3807.0,14.82,69684.34346018301,67.03,measured
8829a19927fffff,4316.0,18.18,79457.67113740917,65.56,measured
8829a19929fffff,4680.0,16.46,56007.20910334723,61.75,measured
8829a1992bfffff,4169.0,11.39,84807.53966579094,61.23,measured
8829a1992dfffff,4519.0,12.05,57102.7235275408,63.87,measured
8829a19931fffff,4661.0,16.73,93037.2279066549,68.5,measured
8829a19933fffff,3627.0,12.6,109674.46790206661,66.42,measured
8829a19935fffff,4048.0,15.53,101885.21201225276,69.64,measured
8829a19937fffff,3415.0,23.01,94975.8700071668,71.22,measured
8829a19939fffff,2452.0,16.57,105257.15050886957,69.61,measured
8829a1993bfffff,4485.0,12.07,121108.81954626259,64.24,measured
8829a1993dfffff,3826.0,13.76,107149.4787573251,62.72,measured
8829a19941fffff,191.0,37.28,181042.0,70.1,measured
8829a19943fffff,169.0,26.15,211312.52928946872,63.2,measured
8829a19945fffff,2246.0,18.22,107435.84688498652,85.07,measured
8829a19947fffff,1137.0,32.81,158253.51948424865,70.1,measured
8829a19949fffff,634.0,19.96,137588.08170811617,74.13,measured
8829a1994bfffff,0.0,0.0,,65.01,income-model
8829a1994dfffff,1129.0,28.26,148623.97815745082,85.69,measured
8829a19951fffff,2175.0,24.28,174609.6551096752,60.36,measured
8829a19953fffff,4169.0,10.93,143767.88562291695,59.8,measured
8829a19955fffff,1123.0,21.67,195755.11387442498,63.22,measured
8829a19957fffff,1719.0,14.29,205584.59214419508,62.39,measured
8829a19959fffff,3704.0,21.41,125954.07166737253,60.38,measured
8829a1995bfffff,2493.0,15.12,168396.09410582826,61.01,measured
8829a1995dfffff,161.0,20.17,227569.0,59.5,measured
8829a19961fffff,4031.0,26.69,57006.027123142616,59.47,measured
8829a19963fffff,3596.0,12.71,81782.60926821388,60.25,measured
8829a19965fffff,3043.0,17.96,91777.64429714088,62.89,measured
8829a19967fffff,3577.0,12.24,78420.32559056842,60.88,measured
8829a19969fffff,4238.0,14.41,81229.2286860078,70.77,measured
8829a1996bfffff,10813.0,11.28,50526.13052625217,56.44,measured
8829a1996dfffff,2897.0,23.7,63247.69717239666,61.66,measured
8829a19981fffff,775.0,33.73,229276.16975230046,93.64,measured
8829a19983fffff,518.0,42.65,229540.75198925554,92.45,measured
8829a19985fffff,1067.0,30.1,212530.4266963882,89.5,measured
8829a19987fffff,721.0,30.85,238454.29369507582,93.88,measured
8829a19989fffff,1573.0,26.73,157635.18943078828,77.14,measured
8829a1998bfffff,1038.0,42.55,143208.54017432654,81.1,measured
8829a1998dfffff,2070.0,31.08,147125.69226644767,75.27,measured
8829a19991fffff,208.0,33.91,199482.2585348452,96.36,measured
8829a19993fffff,335.0,27.83,187630.20490323871,97.1,measured
8829a19995fffff,328.0,26.62,233512.03165164078,94.09,measured
8829a19997fffff,324.0,22.44,180591.0529903262,93.69,measured
8829a19999fffff,5954.0,1.24,158754.9764138008,88.44,measured
8829a1999bfffff,169.0,37.63,249982.90666532502,97.1,measured
8829a1999dfffff,432.0,55.11,140548.92050008697,85.76,measured
8829a199a1fffff,2407.0,27.54,138264.56198523255,79.06,measured
8829a199a3fffff,912.0,27.04,218101.28794507124,88.84,measured
8829a199a5fffff,5697.0,14.46,92494.72752742289,69.08,measured
8829a199a7fffff,2391.0,20.21,159775.17187684856,79.23,measured
8829a199a9fffff,3373.0,27.32,105619.78774133502,70.39,measured
8829a199abfffff,836.0,29.22,242518.4029028927,93.7,measured
8829a199adfffff,2067.0,17.31,130077.88897510018,66.86,measured
8829a199b1fffff,343.0,27.17,224417.89891618237,94.15,measured
8829a199b3fffff,325.0,23.16,246437.47735577283,96.5,measured
8829a199b5fffff,427.0,27.13,197687.61506116565,93.3,measured
8829a199b7fffff,297.0,29.71,186847.18126851023,92.61,measured
8829a199b9fffff,683.0,23.67,249581.87332607698,94.1,measured
8829a199bbfffff,420.0,22.03,242901.29122464373,95.37,measured
8829a199bdfffff,550.0,27.08,242843.24712397184,93.73,measured
8829a199c1fffff,2860.0,16.88,186636.0062831051,76.32,measured
8829a199c3fffff,2800.0,20.04,146053.8606206081,74.11,measured
8829a199c5fffff,1963.0,31.16,167695.57731968997,77.52,measured
8829a199c7fffff,2753.0,37.34,147975.35124951863,75.64,measured
8829a199c9fffff,1821.0,26.88,216718.90564145075,82.06,measured
8829a199cbfffff,3028.0,22.0,165700.69411854638,73.91,measured
8829a199cdfffff,1081.0,25.24,207610.66228888117,82.29,measured
8829a199d1fffff,5603.0,27.26,122380.89292025901,77.85,measured
8829a199d3fffff,5574.0,1.24,36967.61742163808,67.2,measured
8829a199d5fffff,4649.0,31.0,117970.67110523397,78.85,measured
8829a199d7fffff,3187.0,33.75,136365.79157682406,85.99,measured
8829a199d9fffff,7031.0,10.91,105117.62049402801,68.48,measured
8829a199dbfffff,3093.0,8.47,71417.62351846152,73.37,measured
8829a199ddfffff,5476.0,16.87,123213.03093331358,71.17,measured
8829a199e1fffff,5407.0,18.77,93007.13433837148,66.83,measured
8829a199e3fffff,2044.0,31.92,99785.5467475554,68.57,measured
8829a199e5fffff,4467.0,18.31,126099.45260314112,62.77,measured
8829a199e7fffff,5460.0,21.51,113579.6172828531,66.52,measured
8829a199e9fffff,4604.0,14.0,109767.58522647827,66.45,measured
8829a199ebfffff,3321.0,21.04,119827.35979696843,70.24,measured
8829a199edfffff,6156.0,15.45,104992.82864451072,61.49,measured
8829a19a01fffff,0.0,0.0,,65.01,income-model
8829a19a03fffff,0.0,0.0,,65.01,income-model
8829a19a05fffff,965.0,22.93,172854.42995052,66.1,measured
8829a19a07fffff,581.0,22.15,149051.67617090442,63.55,measured
8829a19a09fffff,0.0,0.0,,65.01,income-model
8829a19a0bfffff,0.0,0.0,,65.01,income-model
8829a19a0dfffff,0.0,0.0,,65.01,income-model
8829a19a11fffff,0.0,0.0,,65.01,income-model
8829a19a13fffff,0.0,0.0,,65.01,income-model
8829a19a15fffff,0.0,0.0,,65.01,income-model
8829a19a17fffff,0.0,0.0,,65.01,income-model
8829a19a19fffff,0.0,0.0,,65.01,income-model
8829a19a1bfffff,0.0,0.0,,65.01,income-model
8829a19a1dfffff,0.0,0.0,,65.01,income-model
8829a19a21fffff,777.0,26.11,225919.89504706292,70.34,measured
8829a19a23fffff,673.0,12.72,147701.3106775074,69.6,measured
8829a19a25fffff,4946.0,9.48,176264.54945348986,90.64,measured
8829a19a27fffff,1417.0,13.37,161270.89399638734,77.37,measured
8829a19a29fffff,4465.0,20.78,136932.5679762718,63.94,measured
8829a19a2bfffff,1297.0,17.31,156690.46589470297,67.64,measured
8829a19a2dfffff,2864.0,12.88,124854.37635430243,65.58,measured
8829a19a31fffff,3870.0,14.38,142966.63507918836,65.96,measured
8829a19a33fffff,3832.0,17.5,150860.6897600329,59.81,measured
8829a19a35fffff,2342.0,4.48,143867.39015962806,69.6,measured
8829a19a37fffff,2727.0,13.28,106527.19598760211,64.76,measured
8829a19a39fffff,371.0,16.75,140436.92804923796,63.1,measured
8829a19a3bfffff,174.0,15.52,223806.99999999997,62.32,measured
8829a19a3dfffff,3948.0,14.44,113306.41126669556,67.75,measured
8829a19a41fffff,0.0,0.0,,65.01,income-model
8829a19a43fffff,0.0,0.0,,65.01,income-model
8829a19a45fffff,0.0,0.0,,65.01,income-model
8829a19a47fffff,0.0,0.0,,65.01,income-model
8829a19a49fffff,0.0,0.0,,65.01,income-model
8829a19a4bfffff,0.0,0.0,,65.01,income-model
8829a19a4dfffff,0.0,0.0,,65.01,income-model
8829a19a51fffff,0.0,0.0,,65.01,income-model
8829a19a53fffff,0.0,0.0,,65.01,income-model
8829a19a55fffff,0.0,0.0,,65.01,income-model
8829a19a57fffff,0.0,0.0,,65.01,income-model
8829a19a59fffff,0.0,0.0,,65.01,income-model
8829a19a5bfffff,0.0,0.0,,65.01,income-model
8829a19a5dfffff,0.0,0.0,,65.01,income-model
8829a19a61fffff,0.0,0.0,,65.01,income-model
8829a19a63fffff,1019.0,26.4,138869.84096064873,64.17,measured
8829a19a65fffff,0.0,0.0,,65.01,income-model
8829a19a67fffff,2639.0,18.94,118198.95163802347,59.93,measured
8829a19a69fffff,0.0,0.0,,65.01,income-model
8829a19a6bfffff,0.0,0.0,,65.01,income-model
8829a19a6dfffff,0.0,0.0,,65.01,income-model
8829a19a81fffff,0.0,0.0,,65.01,income-model
8829a19a83fffff,0.0,0.0,,65.01,income-model
8829a19a85fffff,0.0,0.0,,65.01,income-model
8829a19a87fffff,0.0,0.0,,65.01,income-model
8829a19a89fffff,0.0,0.0,,65.01,income-model
8829a19a8bfffff,0.0,0.0,,65.01,income-model
8829a19a8dfffff,0.0,0.0,,65.01,income-model
8829a19a91fffff,0.0,0.0,,65.01,income-model
8829a19a93fffff,0.0,0.0,,65.01,income-model
8829a19a95fffff,0.0,0.0,,65.01,income-model
8829a19a97fffff,0.0,0.0,,65.01,income-model
8829a19a99fffff,0.0,0.0,,65.01,income-model
8829a19a9bfffff,0.0,0.0,,65.01,income-model
8829a19a9dfffff,0.0,0.0,,65.01,income-model
8829a19aa1fffff,3087.0,13.47,74215.39553796675,60.8,measured
8829a19aa3fffff,5240.0,14.51,115100.99227939457,65.07,measured
8829a19aa5fffff,2876.0,19.11,140314.4504209762,59.36,measured
8829a19aa7fffff,2785.0,15.77,87896.83010594013,57.21,measured
8829a19aa9fffff,2339.0,24.74,104564.49434218719,57.67,measured
8829a19aabfffff,905.0,11.08,84293.90809332929,70.2,measured
8829a19aadfffff,5329.0,18.43,112063.4043597657,57.09,measured
8829a19ab1fffff,2113.0,18.58,130141.12149902913,66.18,measured
8829a19ab3fffff,1270.0,27.79,154297.5076541593,78.59,measured
8829a19ab5fffff,8138.0,18.25,106075.87104866758,59.26,measured
8829a19ab7fffff,2532.0,24.93,165433.27571435546,72.73,measured
8829a19ab9fffff,0.0,0.0,,65.01,income-model
8829a19abbfffff,0.0,0.0,,65.01,income-model
8829a19abdfffff,2542.0,13.62,126027.41265498158,55.79,measured
8829a19ac1fffff,0.0,0.0,,65.01,income-model
8829a19ac3fffff,0.0,0.0,,65.01,income-model
8829a19ac5fffff,0.0,0.0,,65.01,income-model
8829a19ac7fffff,0.0,0.0,,65.01,income-model
8829a19ac9fffff,0.0,0.0,,65.01,income-model
8829a19acbfffff,0.0,0.0,,65.01,income-model
8829a19acdfffff,0.0,0.0,,65.01,income-model
8829a19ad1fffff,0.0,0.0,,65.01,income-model
8829a19ad3fffff,0.0,0.0,,65.01,income-model
8829a19ad5fffff,0.0,0.0,,65.01,income-model
8829a19ad7fffff,0.0,0.0,,65.01,income-model
8829a19ad9fffff,0.0,0.0,,65.01,income-model
8829a19adbfffff,0.0,0.0,,65.01,income-model
8829a19addfffff,0.0,0.0,,65.01,income-model
8829a19ae1fffff,0.0,0.0,,65.01,income-model
8829a19ae3fffff,0.0,0.0,,65.01,income-model
8829a19ae5fffff,3342.0,13.19,105434.77278197714,60.36,measured
8829a19ae7fffff,3124.0,21.63,117634.80378596894,56.05,measured
8829a19ae9fffff,0.0,0.0,,65.01,income-model
8829a19aebfffff,0.0,0.0,,65.01,income-model
8829a19aedfffff,1.0,9.28,77130.0,55.4,measured
8829a19b01fffff,2468.0,21.95,170654.9972707504,69.1,measured
8829a19b03fffff,1949.0,14.07,175568.11781304865,72.67,measured
8829a19b05fffff,4176.0,8.63,124279.48491213778,66.02,measured
8829a19b07fffff,3958.0,11.27,109176.67539056126,63.13,measured
8829a19b09fffff,2019.0,24.17,135824.88135936673,66.52,measured
8829a19b0bfffff,2611.0,13.46,212799.0236865143,74.61,measured
8829a19b0dfffff,2417.0,17.55,155757.85508678938,61.6,measured
8829a19b11fffff,3059.0,12.32,177924.0745080016,88.6,measured
8829a19b13fffff,2792.0,20.32,103303.05214878968,61.12,measured
8829a19b15fffff,2636.0,14.0,172432.55737896077,85.3,measured
8829a19b17fffff,3662.0,14.66,86046.94942726826,64.37,measured
8829a19b19fffff,3889.0,7.05,194555.00027668217,77.89,measured
8829a19b1bfffff,2750.0,12.38,143927.69247900715,82.99,measured
8829a19b1dfffff,2211.0,20.12,196129.87768211288,79.19,measured
8829a19b21fffff,2200.0,19.66,103152.55140378763,72.47,measured
8829a19b23fffff,1979.0,20.13,157265.14201886393,71.0,measured
8829a19b25fffff,3232.0,19.38,84207.52934174369,76.94,measured
8829a19b27fffff,1241.0,18.1,125509.27386611648,82.91,measured
8829a19b29fffff,8315.0,7.58,78580.34139542485,63.92,measured
8829a19b2bfffff,3646.0,18.81,125449.45585506229,68.73,measured
8829a19b2dfffff,5949.0,13.65,61056.9286295546,62.3,measured
8829a19b31fffff,1494.0,36.16,134210.46586693122,60.18,measured
8829a19b33fffff,2869.0,25.39,120083.23267810172,62.89,measured
8829a19b35fffff,683.0,19.98,139932.0,65.3,measured
8829a19b37fffff,748.0,26.17,140828.6992821682,62.34,measured
8829a19b39fffff,1615.0,13.21,115414.28511676636,58.16,measured
8829a19b3bfffff,1753.0,16.41,201422.3259756075,62.28,measured
8829a19b3dfffff,2786.0,19.83,134488.00757101443,62.49,measured
8829a19b41fffff,113.0,21.81,53477.99999999999,53.5,measured
8829a19b43fffff,368.0,19.6,105554.68259283401,59.4,measured
8829a19b45fffff,230.0,21.78,54076.82260972311,54.12,measured
8829a19b47fffff,1320.0,18.09,64762.58603214051,54.15,measured
8829a19b49fffff,0.0,0.0,,65.01,income-model
8829a19b4bfffff,0.0,0.0,,65.01,income-model
8829a19b4dfffff,0.0,0.0,,65.01,income-model
8829a19b51fffff,1648.0,7.41,110956.91732941767,67.12,measured
8829a19b53fffff,3613.0,10.91,139619.39694289427,69.92,measured
8829a19b55fffff,1814.0,13.39,177331.04364665048,70.22,measured
8829a19b57fffff,3304.0,19.48,228714.83021090226,73.53,measured
8829a19b59fffff,0.0,0.0,,65.01,income-model
8829a19b5bfffff,2067.0,9.59,136878.30721048976,68.37,measured
8829a19b5dfffff,29.0,11.64,93750.0,59.4,measured
8829a19b61fffff,5115.0,11.78,66690.61100261343,64.2,measured
8829a19b63fffff,2701.0,13.96,92574.37407814988,65.13,measured
8829a19b65fffff,3856.0,17.38,58410.41674218365,61.63,measured
8829a19b67fffff,2413.0,18.68,54795.99707775218,63.69,measured
8829a19b69fffff,2855.0,11.08,70585.35594622887,58.68,measured
8829a19b6bfffff,2116.0,21.0,65619.08334757647,66.59,measured
8829a19b6dfffff,6125.0,12.62,72345.15150881828,61.94,measured
8829a1c081fffff,1.0,22.96,175357.0,83.2,measured
8829a1c083fffff,1.0,22.96,175357.0,83.2,measured
8829a1c089fffff,1.0,22.96,175357.0,83.2,measured
8829a1c08bfffff,1.0,22.96,175357.0,83.2,measured
8829a1c091fffff,1.0,22.96,175357.0,83.2,measured
8829a1c093fffff,7.0,15.49,134371.68044216107,94.89,measured
8829a1c095fffff,1.0,22.96,175357.0,83.2,measured
8829a1c097fffff,1.0,22.96,175357.0,83.2,measured
8829a1c099fffff,1.0,22.96,175357.0,83.2,measured
8829a1c09bfffff,59.0,13.77,124943.91082991003,97.58,measured
8829a1c09dfffff,1.0,22.96,175357.0,83.2,measured
8829a1c0b1fffff,1.0,22.96,175357.0,83.2,measured
8829a1c0b3fffff,1.0,22.96,175357.0,83.2,measured
8829a1c0b9fffff,1.0,22.96,175357.0,83.2,measured
8829a1c0bbfffff,1.0,22.96,175357.0,83.2,measured
8829a1c0c1fffff,480.0,17.37,193192.6326047883,98.0,measured
8829a1c0c3fffff,235.0,18.08,200435.74665977198,97.96,measured
8829a1c0c9fffff,1439.0,17.2,129966.24356588999,97.92,measured
8829a1c0cbfffff,405.0,17.96,198623.2952012126,98.0,measured
8829a1c0d1fffff,173.0,17.8,195482.460780391,97.92,measured
8829a1c0d3fffff,11.0,14.71,130080.65476598551,96.11,measured
8829a1c0d5fffff,6.0,19.11,195144.7945963063,94.85,measured
8829a1c0d7fffff,1.0,22.96,175357.0,83.2,measured
8829a1c0d9fffff,468.0,22.81,209319.37620110283,98.55,measured
8829a1c0dbfffff,313.0,20.36,226244.849969689,98.56,measured
8829a1c0ddfffff,284.0,16.66,176271.02175390776,97.94,measured
8829a1c213fffff,1587.0,21.35,135037.53681719673,96.97,measured
8829a1c219fffff,1401.0,27.76,125102.59783075318,97.59,measured
8829a1c21bfffff,1518.0,26.97,166534.79688359625,98.99,measured
8829a1c253fffff,2031.0,9.72,140771.65923542366,94.19,measured
8829a1c259fffff,2654.0,14.18,105494.83678988952,88.61,measured
8829a1c25bfffff,2644.0,11.56,129304.77753370709,92.26,measured
8829a1c281fffff,382.0,28.6,224337.53665613066,98.95,measured
8829a1c283fffff,275.0,38.85,250001.0,99.51,measured
8829a1c285fffff,1286.0,12.62,156149.87593545663,95.81,measured
8829a1c287fffff,804.0,16.13,123820.67401675251,96.86,measured
8829a1c289fffff,338.0,34.73,246491.7937294709,99.7,measured
8829a1c28bfffff,339.0,33.59,247450.9349438189,99.7,measured
8829a1c28dfffff,614.0,24.56,170928.77436260995,96.52,measured
8829a1c291fffff,486.0,28.65,180718.09066847528,98.83,measured
8829a1c293fffff,512.0,15.83,193022.30461470652,98.97,measured
8829a1c295fffff,258.0,43.62,197498.81016844613,99.1,measured
8829a1c297fffff,685.0,23.23,206955.45648887067,99.1,measured
8829a1c299fffff,913.0,33.41,148117.88377625373,98.3,measured
8829a1c29bfffff,695.0,28.56,182864.9827146888,98.22,measured
8829a1c29dfffff,603.0,36.92,152724.91832577888,98.53,measured
8829a1c2a3fffff,2834.0,19.01,121098.78306798518,95.36,measured
8829a1c2a9fffff,3782.0,15.93,88343.54283698305,94.88,measured
8829a1c2abfffff,2496.0,16.92,123077.5447101181,97.15,measured
8829a1c2b1fffff,484.0,22.45,206366.45240918233,98.58,measured
8829a1c2b3fffff,1065.0,21.86,236283.57283432037,98.86,measured
8829a1c2b5fffff,1266.0,12.72,134357.30865875058,95.18,measured
8829a1c2b7fffff,441.0,22.64,200837.38365773094,98.52,measured
8829a1c2b9fffff,214.0,28.11,154385.3941626975,98.5,measured
8829a1c2bbfffff,644.0,25.68,213479.74285851608,99.04,measured
8829a1c2bdfffff,1326.0,15.38,116231.37736418251,96.73,measured
8829a1c2c1fffff,334.0,36.87,244689.9425424771,99.7,measured
8829a1c2c3fffff,321.0,35.27,237730.03722516738,99.47,measured
8829a1c2c5fffff,635.0,39.16,125195.65560034421,97.18,measured
8829a1c2c7fffff,370.0,31.38,219006.154945707,98.87,measured
8829a1c2c9fffff,663.0,26.58,217110.89151543076,98.81,measured
8829a1c2cbfffff,319.0,29.77,189098.43518419826,98.31,measured
8829a1c2cdfffff,720.0,33.5,211877.16821675267,99.08,measured
8829a1c2d1fffff,260.0,32.46,169499.0985344454,98.15,measured
8829a1c2d3fffff,552.0,30.43,189691.81688982202,98.3,measured
8829a1c2d5fffff,288.0,32.8,208598.88253660375,98.81,measured
8829a1c2d7fffff,387.0,37.49,143260.8051727043,98.37,measured
8829a1c2d9fffff,358.0,22.19,164041.5727382775,97.75,measured
8829a1c2dbfffff,407.0,29.29,153443.11341648,98.17,measured
8829a1c2ddfffff,258.0,25.05,194286.0,98.0,measured
8829a1c2e3fffff,2868.0,11.72,88501.60862657035,95.2,measured
8829a1c2e9fffff,2570.0,11.0,77627.45020967361,93.17,measured
8829a1c2ebfffff,1825.0,15.32,113662.14519188285,94.43,measured
8829a1c401fffff,84.0,25.18,99186.12142630933,95.95,measured
8829a1c403fffff,65.0,25.98,88077.0,96.7,measured
8829a1c405fffff,1.0,4.89,137574.0,97.0,measured
8829a1c407fffff,1.0,0.0,,65.01,income-model
8829a1c409fffff,1538.0,20.26,96724.1110575672,93.87,measured
8829a1c40bfffff,1612.0,23.05,79884.96088383655,95.2,measured
8829a1c40dfffff,316.0,24.99,104435.58546969948,95.61,measured
8829a1c411fffff,1199.0,23.24,127663.12813718805,96.71,measured
8829a1c413fffff,317.0,27.13,135000.0,96.8,measured
8829a1c415fffff,194.0,22.82,127051.05129390341,96.69,measured
8829a1c417fffff,86.0,22.75,127154.84028318833,96.7,measured
8829a1c419fffff,1637.0,26.5,95533.94411501868,95.11,measured
8829a1c41bfffff,1285.0,18.89,120356.55277750395,96.8,measured
8829a1c41dfffff,1180.0,24.22,111696.48373788864,96.69,measured
8829a1c421fffff,1.0,0.0,,65.01,income-model
8829a1c423fffff,1.0,14.97,175357.0,83.2,measured
8829a1c425fffff,1.0,15.63,175357.0,83.2,measured
8829a1c427fffff,1.0,20.03,175357.0,83.2,measured
8829a1c429fffff,114.0,31.91,137574.0,97.0,measured
8829a1c42bfffff,1.0,0.0,,65.01,income-model
8829a1c42dfffff,48.0,31.63,137791.92364040794,96.92,measured
8829a1c431fffff,1.0,22.93,175357.0,83.2,measured
8829a1c433fffff,1.0,22.01,170393.05699367676,83.2,measured
8829a1c435fffff,1.0,22.96,175357.0,83.2,measured
8829a1c437fffff,1.0,22.96,175351.0920866019,83.2,measured
8829a1c439fffff,1.0,11.21,175357.0,83.2,measured
8829a1c43bfffff,1.0,20.17,175357.0,83.2,measured
8829a1c43dfffff,1.0,8.45,175357.0,83.2,measured
8829a1c441fffff,924.0,32.69,121597.8752751084,95.32,measured
8829a1c443fffff,2273.0,18.62,90322.30014542666,92.78,measured
8829a1c445fffff,2135.0,9.9,185263.92499118194,96.99,measured
8829a1c447fffff,1653.0,20.01,117420.87406034146,95.84,measured
8829a1c449fffff,82.0,26.54,112709.09236459673,93.65,measured
8829a1c44bfffff,408.0,20.93,102330.7343488025,93.0,measured
8829a1c44dfffff,1635.0,17.07,157012.98856860452,96.94,measured
8829a1c451fffff,2188.0,17.84,58997.90271961999,92.48,measured
8829a1c453fffff,2544.0,27.54,96486.93735572585,93.46,measured
8829a1c455fffff,6150.0,17.77,55581.03725268321,92.22,measured
8829a1c457fffff,3433.0,19.07,88409.92543451305,92.59,measured
8829a1c459fffff,220.0,22.7,108359.0,93.0,measured
8829a1c45bfffff,665.0,27.07,105427.26138643098,94.65,measured
8829a1c45dfffff,698.0,19.99,95820.44899359098,92.99,measured
8829a1c461fffff,247.0,30.81,139542.1606524006,97.03,measured
8829a1c463fffff,155.0,31.97,137574.0,97.0,measured
8829a1c465fffff,184.0,20.99,155437.88556000192,97.25,measured
8829a1c467fffff,237.0,32.04,137574.0,97.0,measured
8829a1c469fffff,602.0,22.27,142681.97252515343,97.19,measured
8829a1c46bfffff,360.0,24.55,122885.30230401192,97.0,measured
8829a1c46dfffff,1193.0,14.15,177442.14733922153,97.49,measured
8829a1c481fffff,1.0,13.11,123977.0,83.2,measured
8829a1c483fffff,1.0,13.11,123976.99999999999,83.2,measured
8829a1c485fffff,1.0,13.11,123976.99999999999,83.2,measured
8829a1c487fffff,1.0,13.11,123977.0,83.2,measured
8829a1c489fffff,1.0,13.11,123976.99999999999,83.2,measured
8829a1c48bfffff,1.0,13.11,123977.0,83.2,measured
8829a1c48dfffff,1.0,13.11,123977.0,83.2,measured
8829a1c491fffff,1.0,13.11,123977.0,83.2,measured
8829a1c493fffff,1.0,13.11,123976.99999999999,83.2,measured
8829a1c495fffff,1.0,13.11,123977.0,83.2,measured
8829a1c497fffff,1.0,13.11,123977.0,83.2,measured
8829a1c499fffff,1.0,13.11,123977.0,83.2,measured
8829a1c49bfffff,1.0,13.11,123977.0,83.2,measured
8829a1c49dfffff,1.0,13.11,123977.0,83.2,measured
8829a1c4a1fffff,1.0,13.11,123977.0,83.2,measured
8829a1c4a3fffff,1.0,13.11,123977.0,83.2,measured
8829a1c4a5fffff,1.0,13.11,123977.0,83.2,measured
8829a1c4a7fffff,1.0,13.11,123976.99999999999,83.2,measured
8829a1c4a9fffff,1.0,13.11,123977.0,83.2,measured
8829a1c4abfffff,1.0,13.11,123977.0,83.2,measured
8829a1c4adfffff,1.0,13.11,123977.0,83.2,measured
8829a1c4b1fffff,1.0,13.11,123977.0,83.2,measured
8829a1c4b3fffff,1.0,13.11,123977.0,83.2,measured
8829a1c4b5fffff,1.0,13.11,123977.00000000001,83.2,measured
8829a1c4b7fffff,1.0,13.11,123977.0,83.2,measured
8829a1c4b9fffff,1.0,13.11,123977.0,83.2,measured
8829a1c4bbfffff,1.0,13.11,123977.00000000001,83.2,measured
8829a1c4bdfffff,1.0,13.11,123977.0,83.2,measured
8829a1c4c1fffff,1.0,5.68,123977.0,83.2,measured
8829a1c4c3fffff,1.0,13.11,123976.99999999999,83.2,measured
8829a1c4c5fffff,1.0,9.08,123977.0,83.2,measured
8829a1c4c7fffff,1.0,13.11,123977.0,83.2,measured
8829a1c4c9fffff,288.0,24.5,117034.573722846,98.05,measured
8829a1c4cbfffff,16.0,23.27,117656.48959523045,97.48,measured
8829a1c4cdfffff,387.0,26.72,132276.302504056,97.02,measured
8829a1c4d1fffff,1.0,13.11,123977.0,83.2,measured
8829a1c4d3fffff,1.0,13.11,123977.0,83.2,measured
8829a1c4d5fffff,1.0,13.11,123977.0,83.2,measured
8829a1c4d7fffff,1.0,13.11,123977.0,83.2,measured
8829a1c4d9fffff,1.0,13.07,123977.0,83.2,measured
8829a1c4dbfffff,13.0,18.08,104543.80386438625,95.9,measured
8829a1c4ddfffff,1.0,13.11,123976.99999999999,83.2,measured
8829a1c4e1fffff,1.0,12.87,123976.99999999999,83.2,measured
8829a1c4e3fffff,1.0,13.11,123977.00000000001,83.2,measured
8829a1c4e5fffff,1.0,13.11,123977.0,83.2,measured
8829a1c4e7fffff,1.0,13.11,123977.0,83.2,measured
8829a1c4e9fffff,1.0,8.72,123977.0,83.2,measured
8829a1c4ebfffff,1.0,13.11,123977.0,83.2,measured
8829a1c4edfffff,1.0,5.89,133875.54918820114,83.2,measured
8829a1c501fffff,1.0,22.96,175357.0,83.2,measured
8829a1c503fffff,1.0,16.22,140212.65345232675,83.2,measured
8829a1c505fffff,1.0,22.96,175357.0,83.2,measured
8829a1c507fffff,1.0,15.19,134818.30077974848,83.2,measured
8829a1c509fffff,1.0,22.96,175357.0,83.2,measured
8829a1c50bfffff,1.0,22.96,175357.0,83.2,measured
8829a1c50dfffff,1.0,22.96,175357.0,83.2,measured
8829a1c511fffff,1.0,17.54,147089.46992209318,83.2,measured
8829a1c513fffff,1.0,14.78,132674.49555052415,83.2,measured
8829a1c515fffff,1.0,13.11,123977.00000000001,83.2,measured
8829a1c517fffff,1.0,13.11,123977.00000000001,83.2,measured
8829a1c519fffff,1.0,22.96,175357.0,83.2,measured
8829a1c51bfffff,1.0,22.96,175357.0,83.2,measured
8829a1c51dfffff,1.0,19.28,156152.6234664193,83.2,measured
8829a1c521fffff,1.0,20.93,153638.91683058284,83.2,measured
8829a1c523fffff,1.0,14.13,129315.55711180287,83.2,measured
8829a1c525fffff,1.0,17.11,112809.72930067325,83.2,measured
8829a1c527fffff,1.0,15.91,138583.11938516228,83.2,measured
8829a1c529fffff,1.0,22.27,167996.44880927633,83.2,measured
8829a1c52bfffff,1.0,20.87,164454.03754461117,83.2,measured
8829a1c52dfffff,0.0,16.58,107134.06466492431,83.2,measured
8829a1c531fffff,1.0,13.11,123977.0,83.2,measured
8829a1c533fffff,1.0,13.11,123977.00000000001,83.2,measured
8829a1c535fffff,1.0,13.11,123976.99999999999,83.2,measured
8829a1c537fffff,1.0,13.11,123977.0,83.2,measured
8829a1c539fffff,1.0,13.11,123977.0,83.2,measured
8829a1c53bfffff,1.0,13.11,123977.0,83.2,measured
8829a1c53dfffff,1.0,13.11,123977.0,83.2,measured
8829a1c541fffff,1.0,22.96,175357.0,83.2,measured
8829a1c543fffff,1.0,22.96,175357.0,83.2,measured
8829a1c545fffff,2.0,20.14,159876.86433877365,87.62,measured
8829a1c547fffff,1.0,22.96,175357.0,83.2,measured
8829a1c549fffff,1.0,22.96,175357.0,83.2,measured
8829a1c54bfffff,1.0,22.96,175357.0,83.2,measured
8829a1c54dfffff,128.0,13.66,124296.04782326029,97.76,measured
8829a1c551fffff,1.0,22.96,175357.0,83.2,measured
8829a1c553fffff,1.0,22.96,175357.0,83.2,measured
8829a1c555fffff,1.0,22.96,175357.0,83.2,measured
8829a1c557fffff,1.0,22.96,175357.0,83.2,measured
8829a1c559fffff,2.0,19.89,172782.150729301,87.84,measured
8829a1c55bfffff,20.0,31.47,139938.2103705009,96.14,measured
8829a1c55dfffff,1.0,22.96,175357.0,83.2,measured
8829a1c561fffff,1.0,22.96,175357.0,83.2,measured
8829a1c563fffff,1.0,22.96,175357.0,83.2,measured
8829a1c565fffff,1.0,22.96,175357.0,83.2,measured
8829a1c567fffff,1.0,22.96,175357.0,83.2,measured
8829a1c569fffff,1.0,22.96,175357.0,83.2,measured
8829a1c56bfffff,1.0,22.96,175357.0,83.2,measured
8829a1c56dfffff,1.0,22.96,175357.0,83.2,measured
8829a1c581fffff,1.0,13.11,123977.0,83.2,measured
8829a1c583fffff,1.0,13.11,123977.00000000001,83.2,measured
8829a1c585fffff,1.0,13.11,123976.99999999999,83.2,measured
8829a1c587fffff,1.0,13.11,123977.0,83.2,measured
8829a1c589fffff,1.0,13.11,123977.0,83.2,measured
8829a1c58bfffff,1.0,13.11,123976.99999999999,83.2,measured
8829a1c58dfffff,1.0,13.11,123977.0,83.2,measured
8829a1c591fffff,1.0,13.11,123976.99999999999,83.2,measured
8829a1c593fffff,1.0,13.11,123977.00000000001,83.2,measured
8829a1c595fffff,1.0,13.11,123977.0,83.2,measured
8829a1c599fffff,1.0,13.11,123977.0,83.2,measured
8829a1c59bfffff,1.0,13.11,123977.0,83.2,measured
8829a1c59dfffff,1.0,13.11,123977.0,83.2,measured
8829a1c5a1fffff,1.0,13.11,123977.0,83.2,measured
8829a1c5a5fffff,1.0,13.11,123977.0,83.2,measured
8829a1c5a9fffff,1.0,13.11,123977.0,83.2,measured
8829a1c5abfffff,1.0,13.11,123977.0,83.2,measured
8829a1c5adfffff,1.0,13.11,123977.0,83.2,measured
8829a1c5b9fffff,1.0,13.11,123977.0,83.2,measured
8829a1c5bdfffff,1.0,13.11,123976.99999999999,83.2,measured
8829a1c5c1fffff,1.0,18.63,152771.69937374114,83.2,measured
8829a1c5c3fffff,1.0,15.23,135067.3074466014,83.2,measured
8829a1c5c5fffff,1.0,13.16,124243.13590054873,83.2,measured
8829a1c5c7fffff,1.0,13.11,123977.0,83.2,measured
8829a1c5c9fffff,1.0,22.96,175357.0,83.2,measured
8829a1c5cbfffff,1.0,22.96,175357.0,83.2,measured
8829a1c5cdfffff,1.0,22.85,174779.53997577928,83.2,measured
8829a1c5d1fffff,1.0,13.11,123977.0,83.2,measured
8829a1c5d3fffff,1.0,13.11,123977.0,83.2,measured
8829a1c5d5fffff,1.0,13.11,123976.99999999999,83.2,measured
8829a1c5d7fffff,1.0,13.11,123977.0,83.2,measured
8829a1c5d9fffff,1.0,14.65,132001.79030137172,83.2,measured
8829a1c5dbfffff,1.0,13.11,123977.0,83.2,measured
8829a1c5ddfffff,1.0,16.53,141818.87304303763,83.2,measured
8829a1c5e1fffff,1.0,13.11,123977.00000000001,83.2,measured
8829a1c5e3fffff,1.0,13.11,123977.0,83.2,measured
8829a1c5e5fffff,1.0,13.11,123977.0,83.2,measured
8829a1c5e7fffff,1.0,13.11,123977.0,83.2,measured
8829a1c5e9fffff,1.0,13.11,123977.0,83.2,measured
8829a1c5ebfffff,1.0,13.11,123977.0,83.2,measured
8829a1c5edfffff,1.0,13.11,123977.0,83.2,measured
8829a1c601fffff,147.0,42.25,167235.4756599104,99.2,measured
8829a1c603fffff,143.0,40.6,168612.0,99.2,measured
8829a1c605fffff,167.0,47.4,161382.07904225608,99.21,measured
8829a1c607fffff,143.0,40.6,168609.3104394189,99.2,measured
8829a1c609fffff,903.0,34.99,237859.5436215281,96.76,measured
8829a1c60bfffff,185.0,34.81,188437.5982992304,98.52,measured
8829a1c60dfffff,183.0,53.44,157901.35948243982,99.2,measured
8829a1c611fffff,149.0,40.43,167863.41289768397,99.2,measured
8829a1c613fffff,323.0,17.23,238663.11297719745,99.2,measured
8829a1c615fffff,141.0,40.6,168612.0,99.2,measured
8829a1c617fffff,31.0,40.6,168612.0,99.2,measured
8829a1c619fffff,1304.0,20.21,156895.61938656002,99.08,measured
8829a1c61bfffff,1484.0,24.41,200893.330095148,99.16,measured
8829a1c61dfffff,143.0,40.6,168612.0,99.2,measured
8829a1c621fffff,105.0,41.43,149449.0,97.7,measured
8829a1c623fffff,31.0,41.43,149449.0,97.7,measured
8829a1c625fffff,105.0,41.43,149449.0,97.7,measured
8829a1c627fffff,39.0,41.43,149449.0,97.7,measured
8829a1c629fffff,201.0,32.57,146657.25672296344,99.05,measured
8829a1c62bfffff,160.0,35.39,149359.94429720627,98.74,measured
8829a1c62dfffff,105.0,41.43,149449.0,97.7,measured
8829a1c631fffff,0.0,0.0,,65.01,income-model
8829a1c633fffff,134.0,28.0,117681.27143833696,96.12,measured
8829a1c635fffff,0.0,22.7,108359.0,93.0,measured
8829a1c637fffff,177.0,23.87,110415.14334620461,93.69,measured
8829a1c639fffff,116.0,40.6,168612.00000000003,99.2,measured
8829a1c63bfffff,3.0,40.6,168612.0,99.2,measured
8829a1c63dfffff,70.0,40.1,156839.42400290523,98.45,measured
8829a1c641fffff,5978.0,20.34,76466.81275418341,93.13,measured
8829a1c643fffff,5952.0,19.15,109970.10092920695,94.77,measured
8829a1c645fffff,2384.0,20.26,130874.64002385824,97.27,measured
8829a1c647fffff,1466.0,22.15,124278.90890569508,95.12,measured
8829a1c649fffff,3002.0,18.43,62445.93755105057,91.13,measured
8829a1c64bfffff,5271.0,22.79,56172.962509626035,91.88,measured
8829a1c64dfffff,5206.0,16.87,75194.84714227359,93.56,measured
8829a1c651fffff,3578.0,11.78,93876.73411417514,93.25,measured
8829a1c653fffff,4484.0,12.2,97277.51259314004,92.77,measured
8829a1c655fffff,2620.0,15.87,160188.4447782148,96.82,measured
8829a1c657fffff,1142.0,28.02,137827.66965150813,98.76,measured
8829a1c659fffff,2044.0,9.3,118512.63278143937,92.83,measured
8829a1c65bfffff,2624.0,9.87,84917.58525120904,92.31,measured
8829a1c65dfffff,3343.0,24.74,43165.70429517744,88.61,measured
8829a1c661fffff,242.0,30.88,146120.0,99.3,measured
8829a1c663fffff,224.0,36.85,149164.35328683778,99.27,measured
8829a1c665fffff,226.0,30.84,144977.2063093147,99.09,measured
8829a1c667fffff,216.0,31.87,146430.98377080337,99.15,measured
8829a1c669fffff,377.0,25.58,181591.15205360297,98.36,measured
8829a1c66bfffff,281.0,36.43,178087.77618573522,98.54,measured
8829a1c66dfffff,242.0,30.88,146120.0,99.3,measured
8829a1c681fffff,323.0,17.86,118575.74615632428,97.55,measured
8829a1c683fffff,593.0,17.79,135804.17449214004,97.5,measured
8829a1c685fffff,231.0,17.94,103786.0,97.6,measured
8829a1c687fffff,423.0,17.81,127394.14464340474,97.53,measured
8829a1c689fffff,231.0,17.94,103786.0,97.6,measured
8829a1c68bfffff,391.0,18.24,128889.82704210891,97.53,measured
8829a1c68dfffff,231.0,17.94,103786.0,97.6,measured
8829a1c691fffff,327.0,20.04,151315.0,97.5,measured
8829a1c693fffff,2.0,0.0,,100.0,measured
8829a1c695fffff,488.0,19.59,148064.98376792355,97.5,measured
8829a1c697fffff,58.0,19.49,151315.0,97.57,measured
8829a1c699fffff,326.0,18.79,121609.74379285029,97.28,measured
8829a1c69bfffff,27.0,11.49,92297.80323534722,97.32,measured
8829a1c69dfffff,476.0,20.05,151176.97414480065,97.5,measured
8829a1c6a1fffff,2420.0,14.04,93110.42795017653,94.52,measured
8829a1c6a3fffff,930.0,27.84,110009.96537863454,94.64,measured
8829a1c6a5fffff,3600.0,20.75,77955.90429583855,94.87,measured
8829a1c6a7fffff,1524.0,16.93,102228.72227615083,94.96,measured
8829a1c6a9fffff,833.0,26.89,101317.2036854061,95.97,measured
8829a1c6abfffff,648.0,24.58,111865.42187159164,95.72,measured
8829a1c6adfffff,2545.0,18.55,104728.56730786656,94.05,measured
8829a1c6b1fffff,229.0,24.18,117674.03583135139,98.19,measured
8829a1c6b3fffff,191.0,24.33,117352.13652087732,98.17,measured
8829a1c6b5fffff,335.0,24.37,117338.0,98.2,measured
8829a1c6b7fffff,93.0,24.22,117364.06543388059,98.14,measured
8829a1c6b9fffff,530.0,17.77,135686.65500847917,97.5,measured
8829a1c6bbfffff,99.0,23.59,120160.7743813329,98.16,measured
8829a1c6bdfffff,430.0,19.37,131154.86419069493,97.6,measured
8829a1c6c1fffff,792.0,17.19,91931.89175683376,96.63,measured
8829a1c6c3fffff,274.0,24.69,108111.04922490144,97.21,measured
8829a1c6c5fffff,92.0,30.5,122083.0,97.6,measured
8829a1c6c7fffff,227.0,25.94,115440.69662988976,97.6,measured
8829a1c6c9fffff,1320.0,17.31,111117.92272256587,97.78,measured
8829a1c6cbfffff,1538.0,14.34,75329.34462044077,95.73,measured
8829a1c6cdfffff,741.0,16.51,180508.9887667432,98.61,measured
8829a1c6d1fffff,472.0,20.48,81823.2937060377,97.17,measured
8829a1c6d3fffff,292.0,18.23,99122.13163310404,97.1,measured
8829a1c6d5fffff,231.0,17.94,103794.49667074316,97.6,measured
8829a1c6d7fffff,365.0,19.32,128600.7363278834,97.41,measured
8829a1c6d9fffff,856.0,17.21,68546.52790297993,96.78,measured
8829a1c6dbfffff,98.0,10.49,80000.0,97.1,measured
8829a1c6ddfffff,959.0,16.12,77431.70815327202,96.45,measured
8829a1c6e1fffff,228.0,24.15,112837.69476244011,97.6,measured
8829a1c6e3fffff,231.0,17.94,103786.0,97.6,measured
8829a1c6e5fffff,223.0,26.17,114715.7659046764,95.53,measured
8829a1c6e7fffff,493.0,25.9,103113.6813492163,95.18,measured
8829a1c6e9fffff,47.0,30.5,122083.0,97.6,measured
8829a1c6ebfffff,224.0,24.34,113118.56566510406,97.6,measured
8829a1c6edfffff,109.0,30.5,122083.0,97.6,measured
8829a1c701fffff,1498.0,18.09,143878.78704619533,97.14,measured
8829a1c703fffff,1847.0,28.87,91149.27144619678,96.04,measured
8829a1c705fffff,1023.0,24.59,223798.2314167972,97.7,measured
8829a1c707fffff,644.0,19.18,214922.37559221435,97.4,measured
8829a1c709fffff,3521.0,16.83,69130.15238217199,93.88,measured
8829a1c70bfffff,2337.0,18.26,99578.76461801899,94.7,measured
8829a1c70dfffff,989.0,25.09,226474.61198874514,97.56,measured
8829a1c711fffff,2729.0,17.94,127876.5534743211,96.15,measured
8829a1c713fffff,2341.0,14.11,129970.31793279578,97.11,measured
8829a1c715fffff,1927.0,23.34,155060.5664529698,96.45,measured
8829a1c717fffff,2233.0,20.07,164353.7656877595,96.82,measured
8829a1c719fffff,2690.0,12.88,106350.64001147232,96.22,measured
8829a1c71bfffff,1474.0,9.79,164155.62793591458,97.31,measured
8829a1c71dfffff,2160.0,14.95,120365.28897764692,95.18,measured
8829a1c721fffff,335.0,20.85,247885.66016350628,98.68,measured
8829a1c723fffff,176.0,19.95,246741.11767603364,98.21,measured
8829a1c725fffff,142.0,15.84,161816.4557770304,98.03,measured
8829a1c727fffff,101.0,14.84,144239.96672342895,97.85,measured
8829a1c729fffff,481.0,17.74,250001.0,98.7,measured
8829a1c72bfffff,377.0,19.29,245156.042637901,98.0,measured
8829a1c72dfffff,295.0,19.95,232514.93106219618,98.57,measured
8829a1c731fffff,374.0,14.35,181755.75970912928,97.47,measured
8829a1c733fffff,531.0,13.49,167415.82492961697,97.5,measured
8829a1c735fffff,1.0,22.96,175357.0,83.2,measured
8829a1c737fffff,145.0,13.56,167469.8212269278,97.4,measured
8829a1c739fffff,938.0,24.61,148476.98917351692,97.48,measured
8829a1c73bfffff,1127.0,21.01,167609.22796812456,97.5,measured
8829a1c73dfffff,244.0,17.85,240810.68893501483,97.37,measured
8829a1c741fffff,808.0,17.12,115483.13705463112,97.9,measured
8829a1c743fffff,1618.0,14.27,111150.30351089865,96.08,measured
8829a1c745fffff,549.0,17.17,176172.98166638063,98.82,measured
8829a1c747fffff,727.0,22.51,159261.5224836105,97.27,measured
8829a1c749fffff,1696.0,15.98,178530.28936225147,97.81,measured
8829a1c74bfffff,613.0,24.75,126525.9283099023,97.02,measured
8829a1c74dfffff,605.0,21.93,137470.77767884504,97.9,measured
8829a1c751fffff,106.0,41.42,149376.4004700915,97.69,measured
8829a1c753fffff,105.0,41.43,149449.0,97.7,measured
8829a1c755fffff,2221.0,24.71,102015.1991657853,95.14,measured
8829a1c757fffff,4243.0,14.33,101968.21848761341,95.18,measured
8829a1c759fffff,129.0,35.29,142578.4893412937,97.7,measured
8829a1c75bfffff,105.0,41.42,149443.9855192006,97.7,measured
8829a1c75dfffff,344.0,27.28,129659.40212964242,97.14,measured
8829a1c761fffff,1511.0,11.54,247439.18375913065,99.0,measured
8829a1c763fffff,1292.0,15.26,249595.07214367556,98.83,measured
8829a1c765fffff,940.0,20.02,235150.12763359514,98.84,measured
8829a1c767fffff,654.0,20.28,234670.585537722,98.75,measured
8829a1c769fffff,982.0,18.81,210351.36739403039,99.1,measured
8829a1c76bfffff,671.0,15.28,214135.22820496274,99.06,measured
8829a1c76dfffff,1440.0,14.88,238163.784058189,99.03,measured
8829a1ce11fffff,1.0,13.61,115503.83264801583,83.2,measured
8829a1ce13fffff,1.0,13.11,123977.00000000001,83.2,measured
8829a1ce19fffff,0.0,15.06,90859.0,83.2,measured
8829a1ce1bfffff,1.0,14.01,124436.57215337949,83.2,measured
8829a1ce51fffff,0.0,15.06,90859.0,83.2,measured
8829a1ce53fffff,0.0,15.06,90859.0,83.2,measured
8829a1ce59fffff,1.0,21.53,160123.14309059718,83.2,measured
8829a1ce5bfffff,1.0,18.75,130309.79032306562,83.2,measured
8829a1ce81fffff,1.0,13.11,123977.0,83.2,measured
8829a1ce85fffff,1.0,13.11,123977.0,83.2,measured
8829a1ce89fffff,1.0,13.11,123977.0,83.2,measured
8829a1ce8bfffff,1.0,13.11,123977.0,83.2,measured
8829a1ce8dfffff,1.0,13.11,123977.0,83.2,measured
8829a1ce99fffff,1.0,13.11,123976.99999999999,83.2,measured
8829a1cec1fffff,1.0,13.11,123977.0,83.2,measured
8829a1cec3fffff,1.0,13.11,123977.0,83.2,measured
8829a1cec5fffff,1.0,13.11,123977.0,83.2,measured
8829a1cec7fffff,1.0,13.11,123977.0,83.2,measured
8829a1cec9fffff,1.0,13.11,123976.99999999999,83.2,measured
8829a1cecbfffff,1.0,13.11,123977.0,83.2,measured
8829a1cecdfffff,1.0,13.11,123977.0,83.2,measured
8829a1ced1fffff,1.0,13.11,123977.0,83.2,measured
8829a1ced3fffff,1.0,13.11,123977.0,83.2,measured
8829a1ced5fffff,1.0,13.11,123977.0,83.2,measured
8829a1ced7fffff,1.0,13.11,123976.99999999999,83.2,measured
8829a1ced9fffff,1.0,13.11,123977.0,83.2,measured
8829a1cedbfffff,1.0,13.11,123977.0,83.2,measured
8829a1ceddfffff,1.0,13.11,123977.0,83.2,measured
8829a1cee1fffff,1.0,13.11,123977.00000000001,83.2,measured
8829a1cee3fffff,1.0,13.11,123977.0,83.2,measured
8829a1cee9fffff,1.0,13.11,123977.0,83.2,measured
8829a1ceebfffff,1.0,13.11,123977.0,83.2,measured
8829a1d083fffff,2096.0,19.89,141902.05469663168,85.36,measured
8829a1d089fffff,2175.0,21.42,85101.90654576327,87.6,measured
8829a1d08bfffff,2923.0,17.18,118868.75894606864,86.97,measured
8829a1d091fffff,4054.0,15.92,90143.39025544903,83.9,measured
8829a1d093fffff,5124.0,12.93,78174.79376290663,86.31,measured
8829a1d095fffff,3503.0,21.15,93386.59695394932,83.06,measured
8829a1d097fffff,4655.0,14.57,85461.43139989393,83.71,measured
8829a1d099fffff,3040.0,16.07,74167.60929928577,84.24,measured
8829a1d09bfffff,2554.0,13.31,63526.40885365279,89.03,measured
8829a1d09dfffff,2788.0,19.87,82252.12161219095,84.26,measured
8829a1d0b3fffff,3584.0,12.83,131281.13329403655,88.41,measured
8829a1d0b9fffff,1469.0,20.72,110181.28024365309,84.86,measured
8829a1d0bbfffff,3754.0,17.44,97313.13755921279,87.43,measured
8829a1d0c3fffff,1197.0,22.65,137095.78945413194,92.06,measured
8829a1d0c9fffff,1685.0,28.98,58803.307209429,70.28,measured
8829a1d0cbfffff,2024.0,23.72,54502.78542733753,81.81,measured
8829a1d0d1fffff,2647.0,14.79,101593.6747743752,85.33,measured
8829a1d0d3fffff,2123.0,11.96,83654.2395647828,84.38,measured
8829a1d0d5fffff,1134.0,26.24,90048.55806232149,90.08,measured
8829a1d0d7fffff,1839.0,10.91,96686.83281963193,85.03,measured
8829a1d0d9fffff,3251.0,9.91,74275.127173597,81.05,measured
8829a1d0dbfffff,3483.0,10.96,83671.55120520991,81.71,measured
8829a1d0ddfffff,837.0,23.74,142869.18156480737,93.41,measured
8829a1d213fffff,118.0,23.9,97321.00000000001,75.7,measured
8829a1d21bfffff,5166.0,6.96,59536.7958609714,57.19,measured
8829a1d253fffff,4129.0,8.07,54455.357067031946,62.11,measured
8829a1d25bfffff,1884.0,12.44,69862.27812072457,64.42,measured
8829a1d281fffff,1495.0,10.51,68312.5875494575,70.49,measured
8829a1d283fffff,4389.0,6.93,63782.47438788831,63.5,measured
8829a1d285fffff,3860.0,10.87,76387.10579901045,63.97,measured
8829a1d287fffff,6696.0,10.29,61337.220629927426,62.7,measured
8829a1d289fffff,973.0,15.69,68681.69549022651,71.62,measured
8829a1d28bfffff,673.0,13.5,35461.90655252818,67.55,measured
8829a1d28dfffff,1969.0,17.93,72983.37673761892,68.19,measured
8829a1d291fffff,4715.0,15.77,66835.1365814184,67.59,measured
8829a1d293fffff,5479.0,12.63,62108.5602343222,70.22,measured
8829a1d295fffff,7896.0,11.93,61424.06791675427,64.47,measured
8829a1d297fffff,5683.0,13.35,75356.35972060122,71.93,measured
8829a1d299fffff,575.0,15.78,58069.20673145735,62.91,measured
8829a1d29bfffff,4561.0,12.16,43296.228780010504,63.39,measured
8829a1d29dfffff,2812.0,7.54,57223.76783818139,62.88,measured
8829a1d2a3fffff,3675.0,15.36,73928.18418363352,65.37,measured
8829a1d2a9fffff,1680.0,9.1,70954.02933321644,64.7,measured
8829a1d2abfffff,6328.0,12.16,75368.47910024248,65.34,measured
8829a1d2b1fffff,2670.0,12.48,69974.32960451297,69.94,measured
8829a1d2b3fffff,5194.0,12.44,63615.67007346654,75.01,measured
8829a1d2b5fffff,2779.0,21.34,50913.61810179493,69.54,measured
8829a1d2b7fffff,2795.0,15.07,72331.30224508492,74.23,measured
8829a1d2b9fffff,2511.0,9.69,66016.40600655675,64.65,measured
8829a1d2bbfffff,3615.0,14.51,65704.05747656738,71.11,measured
8829a1d2bdfffff,6933.0,9.62,65847.79292898836,65.09,measured
8829a1d2c1fffff,581.0,13.31,67040.75122327275,60.14,measured
8829a1d2c3fffff,241.0,23.17,72508.00537748737,63.55,measured
8829a1d2c5fffff,118.0,23.9,97321.0,75.7,measured
8829a1d2c7fffff,451.0,22.05,83792.57983508076,64.97,measured
8829a1d2c9fffff,4965.0,11.51,69730.24543779211,58.83,measured
8829a1d2cbfffff,6457.0,9.74,60604.85104814744,58.49,measured
8829a1d2cdfffff,783.0,12.18,74471.95635350408,60.25,measured
8829a1d2d1fffff,540.0,13.69,43504.19715529201,61.81,measured
8829a1d2d3fffff,23.0,18.87,70833.0,84.0,measured
8829a1d2d5fffff,23.0,18.86,70833.0,83.98,measured
8829a1d2d7fffff,131.0,15.92,70833.0,73.54,measured
8829a1d2d9fffff,7929.0,6.46,56837.81524995339,61.7,measured
8829a1d2dbfffff,1288.0,5.53,54161.260366912386,63.2,measured
8829a1d2ddfffff,4368.0,13.92,73686.9690314898,61.1,measured
8829a1d2e3fffff,396.0,22.41,79061.64867533036,62.59,measured
8829a1d2ebfffff,1038.0,25.5,73352.61345194113,62.65,measured
8829a1d401fffff,2910.0,12.17,206850.89341365758,93.92,measured
8829a1d403fffff,3217.0,15.17,137362.62223162956,88.36,measured
8829a1d405fffff,2367.0,13.9,114773.969855621,90.07,measured
8829a1d407fffff,2156.0,12.62,113428.37108998322,88.09,measured
8829a1d409fffff,3224.0,11.58,156388.1485954083,88.28,measured
8829a1d40bfffff,3778.0,10.96,138409.83066657078,85.67,measured
8829a1d40dfffff,2269.0,18.27,133654.01786987315,88.93,measured
8829a1d411fffff,2995.0,11.72,153374.34251005194,89.85,measured
8829a1d413fffff,203.0,20.28,173297.37634941982,91.71,measured
8829a1d415fffff,3581.0,20.17,160479.70559097853,90.36,measured
8829a1d417fffff,507.0,21.11,180193.71149403072,89.63,measured
8829a1d419fffff,6886.0,16.21,74338.0965394521,79.76,measured
8829a1d41bfffff,1432.0,22.16,142629.01019871846,91.77,measured
8829a1d41dfffff,4800.0,13.27,108653.56335785608,87.12,measured
8829a1d421fffff,1700.0,16.41,74203.18266762391,85.29,measured
8829a1d423fffff,3043.0,14.64,94573.08942305493,85.35,measured
8829a1d425fffff,3543.0,12.66,99719.08363862018,86.05,measured
8829a1d427fffff,3285.0,8.91,66234.78033997245,84.97,measured
8829a1d429fffff,2081.0,9.9,95130.43564838561,85.69,measured
8829a1d42bfffff,2625.0,14.07,111961.55311181245,86.45,measured
8829a1d42dfffff,3391.0,11.13,85236.27762253802,85.85,measured
8829a1d431fffff,1268.0,18.15,108659.65017547984,86.52,measured
8829a1d433fffff,109.0,12.08,81546.0,89.4,measured
8829a1d435fffff,2810.0,11.85,96260.17895279116,90.07,measured
8829a1d437fffff,3200.0,18.4,73037.15339011018,90.81,measured
8829a1d439fffff,2517.0,10.68,115123.72051470017,91.02,measured
8829a1d43bfffff,234.0,28.86,248854.0,94.5,measured
8829a1d43dfffff,3098.0,21.11,108566.76829587005,84.03,measured
8829a1d441fffff,6297.0,15.44,74537.8154309399,78.64,measured
8829a1d443fffff,5101.0,9.94,111629.33111908303,83.56,measured
8829a1d445fffff,4362.0,13.05,90400.35695742819,82.45,measured
8829a1d447fffff,3797.0,10.93,113675.17076270748,86.13,measured
8829a1d449fffff,8693.0,13.74,65146.21032192194,76.58,measured
8829a1d44bfffff,6110.0,13.81,88416.16062157237,77.71,measured
8829a1d44dfffff,5539.0,12.13,82936.28075805336,80.63,measured
8829a1d451fffff,6280.0,15.07,66876.45637371398,72.68,measured
8829a1d453fffff,9639.0,23.56,48587.05129986044,75.0,measured
8829a1d455fffff,6519.0,15.27,79455.58606648483,78.03,measured
8829a1d457fffff,5744.0,17.41,50337.056965257536,76.87,measured
8829a1d459fffff,9714.0,11.81,54553.04673218893,69.42,measured
8829a1d45bfffff,9786.0,11.47,60224.64717011445,71.1,measured
8829a1d45dfffff,6747.0,11.69,74412.27599861404,73.4,measured
8829a1d461fffff,1390.0,15.54,100636.29823985079,87.84,measured
8829a1d463fffff,2386.0,13.41,99914.89285573985,88.77,measured
8829a1d465fffff,2689.0,17.34,98308.34681007404,82.31,measured
8829a1d467fffff,2186.0,20.23,79700.59275643114,85.64,measured
8829a1d469fffff,1453.0,13.47,100673.4039380382,84.35,measured
8829a1d46bfffff,3551.0,8.52,98562.49456548292,86.18,measured
8829a1d46dfffff,49.0,30.17,115096.0,80.99,measured
8829a1d481fffff,0.0,0.0,,65.01,income-model
8829a1d483fffff,629.0,7.47,107220.62752984959,96.14,measured
8829a1d485fffff,0.0,0.0,,65.01,income-model
8829a1d487fffff,530.0,30.0,126593.83290119533,94.0,measured
8829a1d489fffff,0.0,3.92,59167.0,95.8,measured
8829a1d48bfffff,27.0,12.31,59308.76238438252,95.81,measured
8829a1d48dfffff,0.0,0.0,,65.01,income-model
8829a1d491fffff,3483.0,10.37,120180.20098173243,93.25,measured
8829a1d493fffff,2227.0,15.5,131762.70164395368,93.83,measured
8829a1d495fffff,2300.0,10.25,113285.47260745941,96.3,measured
8829a1d497fffff,3288.0,9.09,140446.1980177347,95.38,measured
8829a1d499fffff,1400.0,26.24,65399.91544121617,92.85,measured
8829a1d49bfffff,2870.0,15.73,102400.8755536488,93.89,measured
8829a1d49dfffff,1254.0,7.64,88240.66407676092,96.45,measured
8829a1d4a1fffff,1176.0,14.5,87953.66333760724,88.1,measured
8829a1d4a3fffff,3496.0,13.16,63138.17859051599,89.23,measured
8829a1d4a5fffff,974.0,19.35,76597.0,89.79,measured
8829a1d4a7fffff,2917.0,23.68,39839.433049711944,88.2,measured
8829a1d4a9fffff,0.0,0.0,,65.01,income-model
8829a1d4abfffff,342.0,12.2,67653.0545762462,88.1,measured
8829a1d4adfffff,20.0,20.11,73646.0,88.1,measured
8829a1d4b1fffff,2308.0,24.4,118060.13764994223,93.47,measured
8829a1d4b3fffff,2494.0,16.0,125538.9171039307,93.24,measured
8829a1d4b5fffff,3986.0,7.96,101851.44285978795,94.01,measured
8829a1d4b7fffff,2388.0,11.09,138645.03100805852,93.39,measured
8829a1d4b9fffff,2242.0,21.0,144281.98562736434,94.0,measured
8829a1d4bbfffff,2242.0,17.17,146732.27280360388,93.97,measured
8829a1d4bdfffff,2253.0,18.87,113338.33645281625,92.92,measured
8829a1d4c1fffff,955.0,13.37,140959.29258623338,91.83,measured
8829a1d4c3fffff,533.0,15.26,138271.78556895128,93.36,measured
8829a1d4c5fffff,0.0,0.0,,65.01,income-model
8829a1d4c7fffff,98.0,15.88,156065.0,91.8,measured
8829a1d4c9fffff,2483.0,11.35,111506.5012983105,89.08,measured
8829a1d4cbfffff,813.0,12.58,160984.2483389076,92.2,measured
8829a1d4cdfffff,691.0,16.63,181289.8253033292,93.58,measured
8829a1d4d1fffff,1144.0,14.68,139033.4211399997,97.46,measured
8829a1d4d3fffff,90.0,37.13,101151.03289798812,95.01,measured
8829a1d4d5fffff,263.0,12.42,59167.0,95.8,measured
8829a1d4d7fffff,1145.0,16.43,96482.47785313691,96.9,measured
8829a1d4d9fffff,1111.0,14.53,153520.65769655138,97.57,measured
8829a1d4dbfffff,612.0,11.78,164716.1510847339,97.61,measured
8829a1d4ddfffff,501.0,14.6,141447.5923367008,95.97,measured
8829a1d4e1fffff,0.0,0.0,,65.01,income-model
8829a1d4e3fffff,0.0,0.0,,65.01,income-model
8829a1d4e5fffff,0.0,0.0,,65.01,income-model
8829a1d4e7fffff,0.0,0.0,,65.01,income-model
8829a1d4e9fffff,0.0,0.0,,65.01,income-model
8829a1d4ebfffff,0.0,0.0,,65.01,income-model
8829a1d4edfffff,0.0,0.0,,65.01,income-model
8829a1d501fffff,5223.0,13.51,94080.5167286584,86.01,measured
8829a1d503fffff,4161.0,14.85,95276.01131660903,85.83,measured
8829a1d505fffff,3971.0,15.79,107570.68297416743,88.28,measured
8829a1d507fffff,4195.0,11.16,109832.91802148527,89.32,measured
8829a1d509fffff,7061.0,11.08,72991.59371407295,82.28,measured
8829a1d50bfffff,3699.0,16.26,97013.6772233134,87.86,measured
8829a1d50dfffff,5421.0,11.27,81812.37335852261,84.08,measured
8829a1d511fffff,4451.0,18.7,94960.62053067953,88.65,measured
8829a1d513fffff,3278.0,15.21,120455.39378798917,93.0,measured
8829a1d515fffff,3357.0,10.12,106372.76613639007,90.24,measured
8829a1d517fffff,3378.0,15.02,112924.30156213127,94.29,measured
8829a1d519fffff,2727.0,16.26,110159.13966884813,88.97,measured
8829a1d51bfffff,2007.0,15.74,104404.35208869462,89.35,measured
8829a1d51dfffff,4039.0,16.04,111495.85609964296,88.43,measured
8829a1d521fffff,1355.0,22.34,167839.10604457595,94.83,measured
8829a1d523fffff,1724.0,21.02,195270.49917951264,98.05,measured
8829a1d525fffff,1067.0,38.76,157332.19451056895,97.58,measured
8829a1d527fffff,795.0,27.6,218347.13871470478,98.58,measured
8829a1d529fffff,3490.0,14.57,106423.90568503647,87.65,measured
8829a1d52bfffff,3086.0,18.15,117521.41532638596,91.8,measured
8829a1d52dfffff,2315.0,14.94,111991.80217471388,91.14,measured
8829a1d531fffff,2638.0,20.28,121171.84397266286,93.87,measured
8829a1d533fffff,1408.0,14.03,200162.0798358369,96.42,measured
8829a1d535fffff,864.0,20.34,135273.14662421108,96.14,measured
8829a1d537fffff,596.0,18.66,155679.41960733244,96.53,measured
8829a1d539fffff,2916.0,20.35,108771.80089457492,92.89,measured
8829a1d53bfffff,3867.0,13.96,117330.90088089733,93.94,measured
8829a1d53dfffff,2923.0,21.02,109768.73295988787,92.95,measured
8829a1d541fffff,820.0,22.33,122713.81659076986,86.44,measured
8829a1d543fffff,1861.0,18.79,89044.74547052827,83.74,measured
8829a1d545fffff,2965.0,30.23,113085.67770784446,92.95,measured
8829a1d547fffff,1739.0,14.97,108044.14518910971,86.17,measured
8829a1d549fffff,1804.0,19.58,87337.96207593978,83.78,measured
8829a1d54bfffff,4085.0,13.97,61630.92920323367,80.71,measured
8829a1d54dfffff,2633.0,15.76,119355.03612213173,88.4,measured
8829a1d551fffff,1660.0,19.07,138896.12957773,90.43,measured
8829a1d553fffff,2232.0,19.51,90304.24020908376,88.54,measured
8829a1d555fffff,2434.0,17.02,137811.66708735164,90.25,measured
8829a1d557fffff,1711.0,16.73,125663.88798554568,93.24,measured
8829a1d559fffff,4025.0,14.46,89979.64043795674,78.52,measured
8829a1d55bfffff,3017.0,11.39,88130.37119794899,83.08,measured
8829a1d55dfffff,3245.0,11.87,126049.72531287528,89.55,measured
8829a1d561fffff,1717.0,18.07,163555.67198754926,96.67,measured
8829a1d563fffff,3852.0,12.17,106135.4888029755,89.19,measured
8829a1d565fffff,2219.0,17.72,196157.99418380726,93.98,measured
8829a1d567fffff,2687.0,13.05,124232.64121526008,92.82,measured
8829a1d569fffff,1771.0,20.55,107297.32828607546,90.47,measured
8829a1d56bfffff,3174.0,25.38,110130.47073556265,94.21,measured
8829a1d56dfffff,2262.0,13.78,129107.64625223278,89.0,measured
8829a1d581fffff,3951.0,25.43,84151.28788542902,93.81,measured
8829a1d583fffff,3991.0,18.77,120730.45754636309,93.38,measured
8829a1d585fffff,2478.0,14.75,162675.97174848302,95.5,measured
8829a1d587fffff,1207.0,26.01,148351.6146402493,98.14,measured
8829a1d589fffff,6928.0,18.23,70996.8242782169,92.1,measured
8829a1d58bfffff,6756.0,19.18,75777.06015053879,94.29,measured
8829a1d58dfffff,5260.0,19.93,73950.33053738004,92.47,measured
8829a1d591fffff,1879.0,20.58,151947.0241165704,95.62,measured
8829a1d593fffff,1441.0,15.53,155888.84444939584,97.83,measured
8829a1d595fffff,788.0,25.51,142617.03661329485,95.89,measured
8829a1d597fffff,648.0,18.88,153794.10613451796,98.69,measured
8829a1d599fffff,2998.0,22.04,89582.44500783827,92.78,measured
8829a1d59bfffff,3886.0,16.63,86643.32683082206,93.35,measured
8829a1d59dfffff,7933.0,20.02,75942.69277929833,92.68,measured
8829a1d5a1fffff,1248.0,13.91,94119.44178528966,97.91,measured
8829a1d5a3fffff,1356.0,25.24,157357.54179514333,97.78,measured
8829a1d5a5fffff,718.0,25.0,225964.9520834969,98.26,measured
8829a1d5a7fffff,1165.0,15.02,112446.632940173,97.9,measured
8829a1d5a9fffff,1674.0,15.61,143312.18839648622,97.32,measured
8829a1d5abfffff,1289.0,21.73,131078.71648401165,98.81,measured
8829a1d5adfffff,737.0,28.84,167302.89710880604,98.23,measured
8829a1d5b1fffff,337.0,21.4,129833.05947916015,98.23,measured
8829a1d5b3fffff,301.0,24.35,134899.00414780306,98.56,measured
8829a1d5b5fffff,755.0,20.3,152967.3725992493,97.7,measured
8829a1d5b7fffff,334.0,18.8,124132.52091849726,97.7,measured
8829a1d5b9fffff,289.0,29.82,146581.51334164923,99.3,measured
8829a1d5bbfffff,242.0,30.88,146120.0,99.3,measured
8829a1d5bdfffff,770.0,25.14,145736.60372916993,98.8,measured
8829a1d5c1fffff,9285.0,18.02,51811.92277626157,89.6,measured
8829a1d5c3fffff,5677.0,21.93,46661.941315212665,89.73,measured
8829a1d5c5fffff,5617.0,21.42,70955.34251072495,91.77,measured
8829a1d5c7fffff,8826.0,19.74,59700.93973396799,90.35,measured
8829a1d5c9fffff,2951.0,28.8,73910.28392782506,88.1,measured
8829a1d5cbfffff,6119.0,15.13,64927.67267389331,90.49,measured
8829a1d5cdfffff,3240.0,13.95,123660.27823675159,91.64,measured
8829a1d5d1fffff,4488.0,18.63,86050.00804920026,92.88,measured
8829a1d5d3fffff,1202.0,19.43,87000.22334353402,91.99,measured
8829a1d5d5fffff,8279.0,15.95,82005.6174369597,96.47,measured
8829a1d5d7fffff,4462.0,15.55,83690.08646411936,93.54,measured
8829a1d5d9fffff,746.0,12.36,81322.59209217013,89.48,measured
8829a1d5dbfffff,139.0,12.09,81546.0,89.4,measured
8829a1d5ddfffff,6041.0,16.51,69655.47287557411,90.65,measured
8829a1d5e1fffff,802.0,24.37,140228.21496005566,96.89,measured
8829a1d5e3fffff,2070.0,15.91,141124.5778890293,96.62,measured
8829a1d5e5fffff,633.0,19.23,156013.7383704023,97.95,measured
8829a1d5e7fffff,571.0,30.3,156334.4088447359,98.25,measured
8829a1d5e9fffff,2208.0,12.27,96718.42392873485,94.68,measured
8829a1d5ebfffff,4460.0,18.77,75401.67617933534,90.96,measured
8829a1d5edfffff,1746.0,20.65,123403.58000408267,96.02,measured
8829a1d601fffff,4788.0,11.94,52183.672253144934,61.5,measured
8829a1d603fffff,6778.0,16.18,55322.726668784686,67.06,measured
8829a1d605fffff,10094.0,14.02,47699.87348563722,60.16,measured
8829a1d607fffff,10721.0,13.16,48462.92711334582,66.8,measured
8829a1d609fffff,6325.0,10.57,53532.07254262077,65.44,measured
8829a1d60bfffff,6002.0,16.68,56386.73498603882,65.37,measured
8829a1d60dfffff,6136.0,13.4,45996.995584536424,65.57,measured
8829a1d611fffff,5016.0,19.01,65585.25732600687,68.78,measured
8829a1d613fffff,3344.0,21.92,102463.92733555546,76.07,measured
8829a1d615fffff,11554.0,11.98,54218.490674677865,69.43,measured
8829a1d617fffff,8643.0,18.02,64011.66693964525,70.49,measured
8829a1d619fffff,6680.0,14.26,53075.34604416908,63.93,measured
8829a1d61bfffff,5402.0,17.62,76163.18973508444,64.93,measured
8829a1d61dfffff,8375.0,11.77,54546.49264119068,66.67,measured
8829a1d621fffff,15759.0,11.35,34389.672214469916,71.14,measured
8829a1d623fffff,13415.0,12.84,42675.28562924005,71.98,measured
8829a1d625fffff,6616.0,7.19,63606.52174628771,80.48,measured
8829a1d627fffff,12982.0,12.88,43333.06647702515,76.84,measured
8829a1d629fffff,6877.0,10.84,46861.279984860725,69.48,measured
8829a1d62bfffff,15497.0,13.47,44188.7421822778,63.26,measured
8829a1d62dfffff,9182.0,7.25,87152.96566401936,85.58,measured
8829a1d631fffff,14256.0,7.54,52533.05859424414,70.07,measured
8829a1d633fffff,14299.0,10.32,56010.67033614649,67.57,measured
8829a1d635fffff,15891.0,13.19,60329.91411140264,73.27,measured
8829a1d637fffff,7374.0,10.49,54253.23900235011,67.68,measured
8829a1d639fffff,15172.0,7.88,46770.89968217191,66.65,measured
8829a1d63bfffff,13580.0,11.51,54907.014767580964,69.24,measured
8829a1d63dfffff,14318.0,13.11,47506.5207232369,69.1,measured
8829a1d641fffff,6634.0,11.06,45744.068161904885,70.4,measured
8829a1d643fffff,6786.0,10.96,60748.78881524866,65.45,measured
8829a1d645fffff,4295.0,2.13,37222.65813552448,75.55,measured
8829a1d647fffff,8386.0,5.78,26375.396395526877,66.07,measured
8829a1d649fffff,6457.0,11.81,53835.260134688,63.72,measured
8829a1d64bfffff,6724.0,10.96,61332.1887926264,60.31,measured
8829a1d64dfffff,4817.0,11.8,45532.46207541688,66.1,measured
8829a1d651fffff,5271.0,14.84,71520.56912829562,65.46,measured
8829a1d653fffff,4403.0,17.94,57117.6467711676,65.19,measured
8829a1d655fffff,6024.0,17.16,64651.03057531274,64.24,measured
8829a1d657fffff,4646.0,18.89,61336.12278460128,65.22,measured
8829a1d659fffff,5053.0,13.25,71008.95979480789,60.35,measured
8829a1d65bfffff,6638.0,13.18,81473.2374228984,62.92,measured
8829a1d65dfffff,5205.0,13.14,74412.77726986945,62.32,measured
8829a1d661fffff,1779.0,4.97,35454.44887403432,62.07,measured
8829a1d663fffff,4347.0,9.05,40773.975036425756,64.03,measured
8829a1d665fffff,2539.0,8.32,78987.46586074082,80.76,measured
8829a1d667fffff,5986.0,12.41,89268.93313827697,87.11,measured
8829a1d669fffff,3366.0,8.4,49929.38116629484,61.9,measured
8829a1d66bfffff,5647.0,5.18,28570.435968420566,67.55,measured
8829a1d66dfffff,6804.0,8.47,46818.337647618806,63.69,measured
8829a1d681fffff,3885.0,10.81,85674.42194603906,78.56,measured
8829a1d683fffff,8237.0,12.72,91900.30145228478,80.66,measured
8829a1d685fffff,6219.0,8.06,90957.92752924775,77.55,measured
8829a1d687fffff,5063.0,6.91,76315.30754833856,80.5,measured
8829a1d689fffff,3831.0,14.46,131396.08046168357,78.88,measured
8829a1d68bfffff,3606.0,20.04,111876.45165315787,76.85,measured
8829a1d68dfffff,2511.0,18.02,130980.6363046233,77.61,measured
8829a1d691fffff,5153.0,11.4,102110.73841077459,80.25,measured
8829a1d693fffff,1101.0,13.51,169700.1246269893,89.0,measured
8829a1d695fffff,4624.0,19.32,93563.41920979899,86.64,measured
8829a1d697fffff,878.0,14.11,183162.35525356306,92.21,measured
8829a1d699fffff,7165.0,16.47,102385.08978557179,77.14,measured
8829a1d69bfffff,2367.0,11.91,137488.38378698437,78.51,measured
8829a1d69dfffff,6860.0,14.3,70634.20444059419,77.61,measured
8829a1d6a1fffff,7147.0,10.1,60818.29566790325,83.64,measured
8829a1d6a3fffff,6272.0,10.33,56577.23507445431,79.73,measured
8829a1d6a5fffff,11785.0,14.03,55743.78509359125,78.21,measured
8829a1d6a7fffff,3778.0,16.24,115761.59605549811,83.78,measured
8829a1d6a9fffff,5901.0,11.51,61254.12670647107,73.93,measured
8829a1d6abfffff,4546.0,16.41,62520.31907371206,79.01,measured
8829a1d6adfffff,7175.0,13.2,49671.8754780149,70.68,measured
8829a1d6b1fffff,1319.0,19.71,77175.69193735962,86.4,measured
8829a1d6b3fffff,929.0,22.23,103193.00979044935,89.82,measured
8829a1d6b5fffff,1914.0,11.84,109793.57800552923,89.15,measured
8829a1d6b7fffff,635.0,17.79,160680.34347186444,90.6,measured
8829a1d6b9fffff,7888.0,10.04,72287.30798005367,81.99,measured
8829a1d6bbfffff,1110.0,20.63,97010.19603400544,88.79,measured
8829a1d6bdfffff,6688.0,14.61,56673.5483117432,79.67,measured
8829a1d6c1fffff,4849.0,7.32,116097.46600163665,81.96,measured
8829a1d6c3fffff,7777.0,9.38,104461.60061781987,75.94,measured
8829a1d6c5fffff,1189.0,27.68,249784.00317166586,90.46,measured
8829a1d6c7fffff,2345.0,20.03,196723.57746206954,77.5,measured
8829a1d6c9fffff,3909.0,12.52,99358.83189304612,72.01,measured
8829a1d6cbfffff,6702.0,5.97,99558.83563643004,74.24,measured
8829a1d6cdfffff,2342.0,24.5,179517.40459636148,74.88,measured
8829a1d6d1fffff,3280.0,15.69,113976.80349256555,76.28,measured
8829a1d6d3fffff,4271.0,16.16,121870.72440281953,71.15,measured
8829a1d6d5fffff,4441.0,5.0,122265.73877314803,73.11,measured
8829a1d6d7fffff,3429.0,15.72,107886.61044705029,77.97,measured
8829a1d6d9fffff,3095.0,24.3,123269.82102109559,74.97,measured
8829a1d6dbfffff,4084.0,17.09,120663.94718804379,72.75,measured
8829a1d6ddfffff,5733.0,14.4,107887.24955384864,74.64,measured
8829a1d6e1fffff,3784.0,14.94,151225.36215024564,79.12,measured
8829a1d6e3fffff,4005.0,13.39,102346.16834479877,78.14,measured
8829a1d6e5fffff,8782.0,13.39,63981.5449080481,74.29,measured
8829a1d6e7fffff,6207.0,13.52,66046.5258867027,70.58,measured
8829a1d6e9fffff,2345.0,24.27,122171.95128849905,77.65,measured
8829a1d6ebfffff,1091.0,24.26,157370.60461058142,85.16,measured
8829a1d6edfffff,9986.0,13.42,60596.72203427463,69.78,measured
8829a1d701fffff,1032.0,16.31,59531.810504334855,76.37,measured
8829a1d703fffff,3416.0,7.32,96120.83064086548,84.62,measured
8829a1d705fffff,1418.0,9.73,42244.847227451995,77.5,measured
8829a1d707fffff,2783.0,19.21,52883.6796874403,72.25,measured
8829a1d709fffff,4600.0,12.68,41169.2990438275,75.43,measured
8829a1d70bfffff,5546.0,2.44,133535.74538695446,92.08,measured
8829a1d70dfffff,5860.0,13.11,55685.199138519536,71.25,measured
8829a1d711fffff,6109.0,18.91,63079.73030183653,83.34,measured
8829a1d713fffff,4745.0,13.28,86440.06839175767,82.34,measured
8829a1d715fffff,1523.0,16.03,75393.49217355528,77.64,measured
8829a1d717fffff,31.0,37.76,,80.8,measured
8829a1d719fffff,5033.0,7.79,92523.01931236213,88.01,measured
8829a1d71bfffff,5734.0,9.15,73302.24657096023,83.58,measured
8829a1d71dfffff,6024.0,14.46,81965.76034650295,86.28,measured
8829a1d721fffff,2001.0,16.86,57289.62019081592,81.99,measured
8829a1d723fffff,3214.0,18.24,65037.248242611895,80.6,measured
8829a1d725fffff,1649.0,23.24,79724.92849936758,86.48,measured
8829a1d727fffff,1689.0,15.72,74587.50909548435,85.74,measured
8829a1d729fffff,3371.0,6.49,66437.53461663888,78.48,measured
8829a1d72bfffff,4911.0,11.87,61088.72467601711,76.09,measured
8829a1d72dfffff,2117.0,13.6,78962.05063638384,83.08,measured
8829a1d731fffff,2662.0,10.25,60619.85974375034,81.08,measured
8829a1d733fffff,2444.0,14.57,81192.86939364158,79.85,measured
8829a1d735fffff,3897.0,16.46,72981.13618331835,81.6,measured
8829a1d737fffff,3581.0,10.05,74408.45016478634,83.13,measured
8829a1d739fffff,1871.0,14.95,63023.49462623362,74.2,measured
8829a1d73bfffff,527.0,13.66,86043.26086812274,77.59,measured
8829a1d73dfffff,6455.0,13.74,56351.70626364386,75.83,measured
8829a1d741fffff,2756.0,15.13,54217.11549325474,70.67,measured
8829a1d743fffff,1285.0,16.73,87103.09460005013,75.06,measured
8829a1d745fffff,5978.0,13.42,71614.45064957219,69.92,measured
8829a1d747fffff,5207.0,12.23,54351.56380972908,69.52,measured
8829a1d749fffff,1157.0,13.27,52323.67836274643,68.78,measured
8829a1d74bfffff,269.0,13.91,106948.22253578177,75.2,measured
8829a1d74dfffff,5346.0,6.34,63410.44941529749,64.63,measured
8829a1d751fffff,8152.0,18.41,27673.891003150104,66.18,measured
8829a1d753fffff,9018.0,18.89,47973.54411352153,72.19,measured
8829a1d755fffff,2654.0,9.27,97865.7612103744,86.78,measured
8829a1d757fffff,4259.0,16.07,80552.76493937665,84.96,measured
8829a1d759fffff,693.0,6.89,66485.71541051776,63.8,measured
8829a1d75bfffff,9332.0,11.21,73199.06035408113,77.43,measured
8829a1d75dfffff,1608.0,14.0,49959.27631336704,61.56,measured
8829a1d761fffff,7602.0,10.49,70813.01663700229,74.34,measured
8829a1d763fffff,7534.0,11.07,62761.43119816487,74.42,measured
8829a1d765fffff,6330.0,7.81,91538.91895289876,78.79,measured
8829a1d767fffff,6295.0,10.6,56449.44391728308,77.81,measured
8829a1d769fffff,5258.0,12.72,73903.18583898892,69.95,measured
8829a1d76bfffff,7561.0,12.15,50759.5376278437,71.46,measured
8829a1d76dfffff,6173.0,8.29,73070.54448423856,73.72,measured
8829a56001fffff,3135.0,9.89,42715.42718294844,47.89,measured
8829a56003fffff,8092.0,6.42,51597.02638595048,47.86,measured
8829a56005fffff,981.0,7.98,39857.96241827089,47.3,measured
8829a56007fffff,4944.0,11.43,55829.95250712229,47.53,measured
8829a56009fffff,778.0,6.7,65399.68773385006,52.54,measured
8829a5600bfffff,5758.0,9.13,52081.74147911517,54.5,measured
8829a5600dfffff,364.0,6.01,44444.244027666566,48.21,measured
8829a56011fffff,360.0,8.36,68852.2331307001,57.43,measured
8829a56013fffff,4078.0,10.38,65140.64663360998,53.02,measured
8829a56015fffff,3829.0,11.69,93999.90622768422,50.95,measured
8829a56017fffff,3384.0,13.86,79899.53479649071,55.3,measured
8829a56019fffff,172.0,3.75,62559.485273051374,58.37,measured
8829a5601bfffff,3150.0,13.35,76222.7749368433,49.47,measured
8829a5601dfffff,3297.0,7.43,71102.43701663206,53.97,measured
8829a56021fffff,640.0,11.69,93306.91630088125,53.4,measured
8829a56023fffff,2071.0,11.64,72453.09624395611,46.64,measured
8829a56025fffff,132.0,25.33,14881.0,57.64,measured
8829a56027fffff,141.0,7.81,48906.0,46.39,measured
8829a56029fffff,312.0,18.28,54333.50282177289,48.67,measured
8829a5602bfffff,3879.0,13.68,72550.79208769702,52.45,measured
8829a5602dfffff,4.0,55.0,,60.0,measured
8829a56031fffff,3766.0,11.97,92620.38188153249,51.56,measured
8829a56033fffff,3071.0,13.97,97987.31495925889,54.97,measured
8829a56035fffff,735.0,8.82,76652.97420453609,48.84,measured
8829a56037fffff,4228.0,8.37,75424.25247739354,48.88,measured
8829a56039fffff,4667.0,15.77,74363.06929461779,49.48,measured
8829a5603bfffff,2710.0,13.93,102061.94347770461,52.64,measured
8829a5603dfffff,1708.0,20.63,93869.3267152432,48.48,measured
8829a56041fffff,41.0,9.59,,71.4,measured
8829a56043fffff,41.0,9.59,,71.4,measured
8829a56045fffff,40.0,9.6,,71.4,measured
8829a56047fffff,29.0,11.81,,70.84,measured
8829a56049fffff,41.0,9.59,,71.4,measured
8829a5604bfffff,41.0,9.59,,71.4,measured
8829a5604dfffff,41.0,9.59,,71.4,measured
8829a56051fffff,611.0,16.12,114395.66680254716,57.24,measured
8829a56053fffff,203.0,6.24,73090.0271148812,58.13,measured
8829a56055fffff,180.0,9.67,32303.143966945274,62.65,measured
8829a56057fffff,561.0,7.96,38042.57981721334,59.85,measured
8829a56059fffff,958.0,17.5,94202.82035452899,55.89,measured
8829a5605bfffff,1236.0,20.12,106780.56272947944,58.2,measured
8829a5605dfffff,41.0,9.59,,71.4,measured
8829a56061fffff,1.0,41.99,,60.0,measured
8829a56063fffff,4.0,55.0,,60.0,measured
8829a56065fffff,1.0,21.43,,65.01,income-model
8829a56067fffff,4.0,53.62,,60.0,measured
8829a56069fffff,12.0,10.07,,71.4,measured
8829a5606bfffff,18.0,16.63,,69.63,measured
8829a5606dfffff,1.0,21.43,,65.01,income-model
8829a56081fffff,4251.0,9.66,86569.57193343474,52.72,measured
8829a56083fffff,2239.0,10.4,105952.19610515973,52.6,measured
8829a56085fffff,5018.0,8.11,69096.25124388463,53.08,measured
8829a56087fffff,2862.0,11.63,86831.35355145641,49.73,measured
8829a56089fffff,3023.0,25.41,122057.17942010143,56.91,measured
8829a5608bfffff,2814.0,17.61,138157.02409945676,56.38,measured
8829a5608dfffff,2758.0,18.43,91476.93181888665,53.89,measured
8829a56091fffff,3141.0,15.85,148329.24633482337,58.7,measured
8829a56093fffff,2744.0,19.16,83866.49069169823,49.9,measured
8829a56095fffff,1970.0,15.45,135769.94211315562,56.41,measured
8829a56097fffff,691.0,22.96,136610.23136190558,58.84,measured
8829a56099fffff,4353.0,19.61,114008.35414664084,52.96,measured
8829a5609bfffff,1206.0,25.13,145021.31499443142,57.15,measured
8829a5609dfffff,3552.0,19.52,146453.64332954068,59.58,measured
8829a560a1fffff,2960.0,26.09,107323.4001059371,53.38,measured
8829a560a3fffff,3547.0,10.66,122640.97794324056,53.14,measured
8829a560a5fffff,3561.0,19.27,122843.77277903642,53.38,measured
8829a560a7fffff,1468.0,19.94,94166.69306606258,53.46,measured
8829a560a9fffff,3443.0,22.31,99569.87988359328,55.58,measured
8829a560abfffff,4134.0,17.22,109838.02394372097,52.85,measured
8829a560adfffff,3716.0,17.52,100937.42852339268,52.83,measured
8829a560b1fffff,827.0,21.15,112521.46197821395,51.63,measured
8829a560b3fffff,123.0,17.93,79903.64672752266,53.2,measured
8829a560b5fffff,1073.0,11.68,58732.22599463185,46.74,measured
8829a560b7fffff,282.0,10.19,52000.0,45.2,measured
8829a560b9fffff,1034.0,22.23,121914.01289654558,53.11,measured
8829a560bbfffff,1437.0,17.93,79851.90718121635,53.23,measured
8829a560bdfffff,4155.0,11.62,88283.88280346592,48.82,measured
8829a560c1fffff,3383.0,17.01,87723.24776651539,52.56,measured
8829a560c3fffff,2892.0,24.08,104174.09749508952,53.0,measured
8829a560c5fffff,3483.0,19.69,88624.75923616295,57.26,measured
8829a560c7fffff,3268.0,21.36,115053.5767895768,56.51,measured
8829a560c9fffff,4264.0,14.67,100678.85443341345,51.67,measured
8829a560cbfffff,3417.0,18.04,128986.44680034391,50.51,measured
8829a560cdfffff,5715.0,10.59,61024.28206289817,47.09,measured
8829a560d1fffff,387.0,20.61,111923.0,58.2,measured
8829a560d3fffff,820.0,23.59,101660.5171166199,54.12,measured
8829a560d5fffff,2478.0,25.85,133354.57504678582,55.66,measured
8829a560d7fffff,1833.0,23.71,169427.6682418897,58.19,measured
8829a560d9fffff,1051.0,10.41,104359.8812740311,57.69,measured
8829a560dbfffff,882.0,16.98,137490.60622037164,56.49,measured
8829a560ddfffff,863.0,20.29,92692.4620867253,53.35,measured
8829a560e1fffff,2436.0,22.6,114057.28335399252,55.11,measured
8829a560e3fffff,3870.0,19.7,94182.52768158932,54.22,measured
8829a560e5fffff,3347.0,19.85,119406.87951665813,55.97,measured
8829a560e7fffff,4622.0,21.47,102789.82878455093,55.0,measured
8829a560e9fffff,2001.0,41.28,64421.08713581653,54.82,measured
8829a560ebfffff,2233.0,26.96,112388.04477962504,54.98,measured
8829a560edfffff,99.0,19.14,147619.0,57.4,measured
8829a56101fffff,9253.0,7.27,58138.49806018013,50.69,measured
8829a56103fffff,5790.0,8.08,74238.4717929763,52.25,measured
8829a56105fffff,6803.0,12.5,70161.94118904514,53.64,measured
8829a56107fffff,6509.0,12.76,72383.53157086502,52.38,measured
8829a56109fffff,8677.0,14.09,53931.15231898537,49.13,measured
8829a5610bfffff,3289.0,7.79,55236.06953850497,51.21,measured
8829a5610dfffff,4851.0,15.05,49311.173137265185,46.23,measured
8829a56111fffff,4645.0,14.56,88689.98696814687,54.82,measured
8829a56113fffff,1560.0,12.94,104933.52434786188,57.33,measured
8829a56115fffff,2419.0,16.76,136865.49146048448,56.29,measured
8829a56117fffff,3374.0,14.47,115958.92366942034,56.46,measured
8829a56119fffff,1797.0,15.21,52859.9614905365,56.65,measured
8829a5611bfffff,301.0,24.86,14881.000000000002,56.52,measured
8829a5611dfffff,3377.0,13.24,95321.73342522628,56.38,measured
8829a56121fffff,1416.0,8.48,104299.78774266805,60.51,measured
8829a56123fffff,17.0,43.68,74965.75649892526,50.51,measured
8829a56125fffff,477.0,18.12,161555.73186343958,73.54,measured
8829a56127fffff,4.0,100.0,,53.5,measured
8829a56129fffff,3094.0,7.41,73550.2857943549,52.92,measured
8829a5612bfffff,2779.0,5.94,59028.66182020254,51.51,measured
8829a5612dfffff,2895.0,16.46,114619.89504941483,61.59,measured
8829a56131fffff,2316.0,21.68,80634.70082410512,55.75,measured
8829a56133fffff,2697.0,29.32,80395.14546608427,52.65,measured
8829a56135fffff,1410.0,14.71,84102.32972788211,50.95,measured
8829a56137fffff,3873.0,25.44,79600.65529962994,50.58,measured
8829a56139fffff,3777.0,11.73,115530.67603436286,54.37,measured
8829a5613bfffff,2838.0,15.93,105002.88403606985,56.4,measured
8829a5613dfffff,1678.0,10.28,72630.88237156247,52.82,measured
8829a56141fffff,3651.0,6.82,92888.52164582518,59.55,measured
8829a56143fffff,9687.0,9.48,61315.4320950695,51.88,measured
8829a56145fffff,8915.0,11.53,63063.63503660978,50.48,measured
8829a56147fffff,6914.0,12.15,55960.681082847215,51.07,measured
8829a56149fffff,854.0,12.17,127455.23481740126,63.5,measured
8829a5614bfffff,819.0,2.83,134798.81659640648,62.64,measured
8829a5614dfffff,1193.0,26.96,111145.31535684076,58.42,measured
8829a56151fffff,1.0,21.42,,92.3,measured
8829a56153fffff,29.0,21.93,,90.35,measured
8829a56155fffff,1945.0,5.63,41959.50755723709,45.35,measured
8829a56157fffff,490.0,8.73,59646.69458271652,60.39,measured
8829a56159fffff,1.0,21.43,,65.01,income-model
8829a5615bfffff,1.0,42.27,,60.0,measured
8829a5615dfffff,601.0,5.35,74321.39949271356,57.0,measured
8829a56161fffff,10176.0,5.07,68698.48655105922,47.55,measured
8829a56163fffff,7342.0,13.22,62873.2817340875,48.27,measured
8829a56165fffff,8067.0,9.02,65963.87287716514,48.61,measured
8829a56167fffff,8441.0,7.85,67965.99848009739,50.06,measured
8829a56169fffff,9554.0,8.22,73491.6069328085,47.38,measured
8829a5616bfffff,10252.0,7.53,62449.05054703713,46.15,measured
8829a5616dfffff,7067.0,10.9,81849.26836330551,49.26,measured
8829a56181fffff,788.0,21.17,111748.15924063572,61.78,measured
8829a56183fffff,97.0,22.29,81268.69254525266,48.31,measured
8829a56185fffff,437.0,24.72,124334.74821470944,61.24,measured
8829a56187fffff,392.0,16.82,87138.08903642153,55.2,measured
8829a56189fffff,1510.0,19.48,103899.51783066944,61.35,measured
8829a5618bfffff,2283.0,15.51,93196.88775070976,61.74,measured
8829a5618dfffff,1535.0,21.06,103188.22854574777,61.9,measured
8829a56191fffff,812.0,24.13,109857.6775941257,62.37,measured
8829a56193fffff,260.0,30.45,102741.23560533638,56.7,measured
8829a56195fffff,2019.0,26.63,119732.42827598572,65.41,measured
8829a56197fffff,2798.0,12.56,125991.02950180628,65.65,measured
8829a56199fffff,2066.0,17.85,94617.45486298321,58.23,measured
8829a5619bfffff,1513.0,18.91,102044.27526085892,55.28,measured
8829a5619dfffff,270.0,17.62,96764.20600881691,56.68,measured
8829a561a1fffff,236.0,18.33,93993.78896040976,55.04,measured
8829a561a3fffff,374.0,18.3,94117.0,55.1,measured
8829a561a5fffff,1336.0,10.11,66190.75738356367,50.69,measured
8829a561a7fffff,374.0,18.3,94117.0,55.1,measured
8829a561a9fffff,2227.0,14.37,115969.5324848563,54.17,measured
8829a561abfffff,192.0,19.53,89398.26132233991,52.75,measured
8829a561adfffff,653.0,14.04,89112.08958768871,51.9,measured
8829a561b1fffff,1523.0,27.58,121146.77529866135,57.3,measured
8829a561b3fffff,342.0,18.69,195217.8173995718,62.9,measured
8829a561b5fffff,382.0,18.62,97658.2782899831,55.32,measured
8829a561b7fffff,184.0,20.85,129654.77525998506,57.61,measured
8829a561b9fffff,3235.0,16.94,129540.81765563117,57.49,measured
8829a561bbfffff,1858.0,23.16,109897.2924910268,63.74,measured
8829a561bdfffff,1721.0,19.53,94395.04655346619,56.86,measured
8829a561c1fffff,0.0,0.0,,65.01,income-model
8829a561c3fffff,118.0,15.92,133080.0,48.1,measured
8829a561c5fffff,1.0,55.0,,60.0,measured
8829a561c7fffff,0.0,0.0,,65.01,income-model
8829a561c9fffff,56.0,7.16,48905.99999999999,46.2,measured
8829a561cbfffff,45.0,15.26,125591.98701851688,48.1,measured
8829a561cdfffff,0.0,0.0,,65.01,income-model
8829a561d1fffff,3310.0,14.71,128261.19577793626,57.78,measured
8829a561d3fffff,5406.0,20.84,114460.39482410802,59.42,measured
8829a561d5fffff,1998.0,14.36,133185.34126618112,59.63,measured
8829a561d7fffff,2628.0,15.79,108436.3047309914,60.75,measured
8829a561d9fffff,4036.0,12.13,92646.67537375119,52.88,measured
8829a561dbfffff,3926.0,17.62,125084.01918883724,55.19,measured
8829a561ddfffff,411.0,10.85,116267.32877456301,48.1,measured
8829a561e1fffff,3111.0,12.5,96332.4816288805,52.4,measured
8829a561e3fffff,3999.0,10.45,104549.77847353426,52.76,measured
8829a561e5fffff,972.0,21.69,97155.95170655414,53.04,measured
8829a561e7fffff,1056.0,14.09,101079.8703856328,53.67,measured
8829a561e9fffff,4225.0,21.77,53668.212630090726,50.18,measured
8829a561ebfffff,881.0,9.4,79551.74697905839,53.11,measured
8829a561edfffff,3355.0,12.32,92452.30994394867,54.4,measured
8829a56201fffff,2511.0,16.01,95679.50107858001,49.48,measured
8829a56203fffff,6496.0,13.6,80465.5063689321,50.03,measured
8829a56205fffff,30.0,9.59,,71.4,measured
8829a56207fffff,2977.0,13.12,98029.46343270353,48.35,measured
8829a56209fffff,3866.0,15.32,92630.11354528004,51.19,measured
8829a5620bfffff,1666.0,23.49,114184.73270107349,56.49,measured
8829a5620dfffff,44.0,4.16,98264.0,56.16,measured
8829a56211fffff,1922.0,24.32,147842.97753655532,68.45,measured
8829a56213fffff,1506.0,19.66,184413.25573574225,76.74,measured
8829a56215fffff,3478.0,16.44,117523.93985083375,52.98,measured
8829a56217fffff,3670.0,16.81,108020.85213389354,61.01,measured
8829a56219fffff,1173.0,22.53,132103.3522977279,70.66,measured
8829a5621bfffff,1435.0,37.75,139678.87355802074,68.53,measured
8829a5621dfffff,4090.0,14.85,115743.8593190073,61.29,measured
8829a56221fffff,41.0,9.59,,71.4,measured
8829a56223fffff,41.0,9.59,,71.4,measured
8829a56225fffff,41.0,9.59,,71.4,measured
8829a56227fffff,41.0,9.59,,71.4,measured
8829a56229fffff,17.0,9.59,,71.4,measured
8829a5622bfffff,41.0,9.59,,71.4,measured
8829a5622dfffff,40.0,9.59,,71.4,measured
8829a56231fffff,6029.0,16.85,46864.859383557465,47.26,measured
8829a56233fffff,3978.0,11.2,81217.65695347924,47.21,measured
8829a56235fffff,1432.0,17.18,44560.681654989305,50.1,measured
8829a56237fffff,3060.0,9.05,50155.957061008725,46.43,measured
8829a56239fffff,8108.0,9.79,60215.518715296144,46.07,measured
8829a5623bfffff,5198.0,12.54,88285.96155095524,47.69,measured
8829a5623dfffff,3506.0,16.92,54303.67091874145,46.65,measured
8829a56243fffff,1.0,45.38,114317.99999999999,65.1,measured
8829a56247fffff,0.0,0.0,,65.01,income-model
8829a56251fffff,0.0,0.0,,65.01,income-model
8829a56253fffff,50.0,14.34,128750.0,73.1,measured
8829a56255fffff,146.0,38.26,111810.91444114067,62.49,measured
8829a56257fffff,881.0,31.31,152898.02915244002,65.55,measured
8829a5625bfffff,0.0,0.0,,65.01,income-model
8829a56261fffff,0.0,0.0,,65.01,income-model
8829a56263fffff,0.0,9.59,,71.4,measured
8829a56265fffff,0.0,0.0,,65.01,income-model
8829a56267fffff,5.0,9.59,,71.4,measured
8829a5626bfffff,0.0,0.0,,65.01,income-model
8829a5626dfffff,0.0,0.0,,65.01,income-model
8829a56281fffff,406.0,30.63,250001.0,87.97,measured
8829a56283fffff,165.0,32.44,250001.00000000003,94.12,measured
8829a56285fffff,751.0,27.35,250000.99999999997,86.2,measured
8829a56287fffff,648.0,21.01,199018.58136738182,85.43,measured
8829a56289fffff,162.0,32.5,250001.00000000003,94.3,measured
8829a5628bfffff,162.0,32.5,250000.99999999997,94.3,measured
8829a5628dfffff,476.0,32.87,154828.02604929963,86.85,measured
8829a56291fffff,1015.0,26.0,220433.99908877572,81.91,measured
8829a56293fffff,1095.0,27.16,171205.68980884828,84.59,measured
8829a56295fffff,445.0,26.83,249411.88442255676,83.73,measured
8829a56297fffff,881.0,23.37,245016.70542886545,82.46,measured
8829a56299fffff,405.0,38.54,178578.01409382978,78.7,measured
8829a5629bfffff,1154.0,31.8,158736.5992166191,80.74,measured
8829a5629dfffff,162.0,32.5,250000.99999999997,94.3,measured
8829a562a1fffff,1985.0,20.05,118819.38853008383,64.27,measured
8829a562a3fffff,1238.0,18.76,108346.9157784247,63.01,measured
8829a562a5fffff,378.0,10.23,94845.02362439613,56.96,measured
8829a562a7fffff,3082.0,15.62,102460.49306519359,56.78,measured
8829a562a9fffff,2040.0,25.6,160264.82401703493,69.53,measured
8829a562abfffff,948.0,18.54,147194.79068870438,82.73,measured
8829a562adfffff,1526.0,16.22,130020.23543128191,57.42,measured
8829a562b1fffff,1631.0,23.73,107085.36781240584,66.88,measured
8829a562b3fffff,1663.0,29.57,119682.90345361552,60.46,measured
8829a562b5fffff,3119.0,26.07,99614.09507051868,54.14,measured
8829a562b7fffff,1116.0,21.49,96979.70515965261,58.77,measured
8829a562b9fffff,396.0,30.55,157879.34677498724,81.15,measured
8829a562bbfffff,643.0,25.29,213605.46088188223,82.29,measured
8829a562bdfffff,442.0,31.15,152656.0,79.94,measured
8829a562c1fffff,569.0,32.13,168589.72670142757,73.93,measured
8829a562c3fffff,318.0,31.3,207775.5133254753,78.57,measured
8829a562c5fffff,718.0,32.45,212987.5188583184,86.15,measured
8829a562c7fffff,461.0,34.6,141030.13091733583,80.32,measured
8829a562c9fffff,544.0,28.96,170921.3806151209,71.1,measured
8829a562cbfffff,621.0,30.61,185806.68952446504,70.6,measured
8829a562cdfffff,615.0,33.5,170200.08942683195,82.65,measured
8829a562d1fffff,113.0,38.69,247031.81917161535,72.54,measured
8829a562d3fffff,120.0,38.96,242070.8152316442,71.48,measured
8829a562d5fffff,160.0,32.62,250001.00000000003,93.87,measured
8829a562d7fffff,146.0,33.9,250001.0,89.69,measured
8829a562d9fffff,243.0,29.84,181923.94553854526,70.6,measured
8829a562dbfffff,205.0,37.26,215994.87536245008,72.0,measured
8829a562ddfffff,462.0,30.91,194176.7379112412,73.51,measured
8829a562e1fffff,2074.0,17.23,151982.65693545522,67.09,measured
8829a562e3fffff,1384.0,27.85,189997.28338491503,74.27,measured
8829a562e5fffff,3389.0,17.15,80306.04173462375,61.16,measured
8829a562e7fffff,3509.0,21.96,127131.67456289135,61.97,measured
8829a562e9fffff,2541.0,30.06,111151.04607295772,71.96,measured
8829a562ebfffff,852.0,27.6,198979.37583144676,81.8,measured
8829a562edfffff,2903.0,16.63,138338.44486707813,63.31,measured
8829a56301fffff,0.0,0.0,,65.01,income-model
8829a56303fffff,0.0,0.0,,65.01,income-model
8829a56305fffff,0.0,21.43,,65.01,income-model
8829a56307fffff,0.0,21.43,,65.01,income-model
8829a56309fffff,0.0,0.0,,65.01,income-model
8829a5630bfffff,0.0,0.0,,65.01,income-model
8829a5630dfffff,0.0,0.0,,65.01,income-model
8829a56311fffff,3.0,10.84,,71.4,measured
8829a56313fffff,20.0,9.78,,71.4,measured
8829a56315fffff,1.0,21.43,,65.01,income-model
8829a56317fffff,1.0,21.43,,65.01,income-model
8829a56319fffff,30.0,9.59,,71.4,measured
8829a5631bfffff,41.0,9.59,,71.4,measured
8829a5631dfffff,0.0,0.0,,65.01,income-model
8829a56321fffff,0.0,21.43,,65.01,income-model
8829a56323fffff,1.0,21.43,,65.01,income-model
8829a56325fffff,0.0,0.0,,65.01,income-model
8829a56327fffff,79.0,23.45,114821.27394428223,63.5,measured
8829a56329fffff,1.0,21.43,,65.01,income-model
8829a5632bfffff,1.0,21.43,,65.01,income-model
8829a5632dfffff,0.0,21.43,,65.01,income-model
8829a56331fffff,1.0,21.43,,65.01,income-model
8829a56333fffff,1.0,21.43,,65.01,income-model
8829a56335fffff,41.0,2.21,138929.0,63.5,measured
8829a56337fffff,1.0,21.43,,65.01,income-model
8829a56339fffff,0.0,21.43,,65.01,income-model
8829a5633bfffff,1.0,21.43,,65.01,income-model
8829a5633dfffff,1.0,21.43,,65.01,income-model
8829a56341fffff,0.0,0.0,,65.01,income-model
8829a56343fffff,0.0,0.0,,65.01,income-model
8829a56345fffff,0.0,0.0,,65.01,income-model
8829a56347fffff,0.0,0.0,,65.01,income-model
8829a5634bfffff,0.0,0.0,,65.01,income-model
8829a5634dfffff,0.0,0.0,,65.01,income-model
8829a56351fffff,0.0,0.0,,65.01,income-model
8829a56353fffff,19.0,9.59,,71.4,measured
8829a56355fffff,0.0,0.0,,65.01,income-model
8829a56357fffff,3.0,9.59,,71.4,measured
8829a56359fffff,0.0,0.0,,65.01,income-model
8829a5635bfffff,16.0,9.59,,71.4,measured
8829a5635dfffff,0.0,0.0,,65.01,income-model
8829a56361fffff,0.0,0.0,,65.01,income-model
8829a56363fffff,0.0,0.0,,65.01,income-model
8829a56365fffff,0.0,0.0,,65.01,income-model
8829a56367fffff,0.0,21.43,,65.01,income-model
8829a56369fffff,0.0,0.0,,65.01,income-model
8829a5636bfffff,0.0,0.0,,65.01,income-model
8829a5636dfffff,0.0,0.0,,65.01,income-model
8829a56401fffff,0.0,0.0,,65.01,income-model
8829a56403fffff,0.0,0.0,,65.01,income-model
8829a56405fffff,0.0,0.0,,65.01,income-model
8829a56407fffff,0.0,0.0,,65.01,income-model
8829a56409fffff,0.0,0.0,,65.01,income-model
8829a5640bfffff,0.0,0.0,,65.01,income-model
8829a5640dfffff,0.0,0.0,,65.01,income-model
8829a56411fffff,0.0,0.0,,65.01,income-model
8829a56413fffff,0.0,0.0,,65.01,income-model
8829a56415fffff,0.0,0.0,,65.01,income-model
8829a56417fffff,0.0,0.0,,65.01,income-model
8829a5641dfffff,0.0,0.0,,65.01,income-model
8829a56421fffff,0.0,0.0,,65.01,income-model
8829a56423fffff,0.0,0.0,,65.01,income-model
8829a56425fffff,3024.0,18.21,160640.22028040388,47.87,measured
8829a56427fffff,1854.0,18.62,184615.75088673722,47.91,measured
8829a56429fffff,0.0,0.0,,65.01,income-model
8829a5642bfffff,0.0,0.0,,65.01,income-model
8829a5642dfffff,1131.0,11.39,161780.8013487513,45.2,measured
8829a56431fffff,0.0,0.0,,65.01,income-model
8829a56433fffff,0.0,0.0,,65.01,income-model
8829a56435fffff,0.0,0.0,,65.01,income-model
8829a56437fffff,0.0,0.0,,65.01,income-model
8829a56439fffff,0.0,0.0,,65.01,income-model
8829a5643bfffff,0.0,0.0,,65.01,income-model
8829a5643dfffff,0.0,0.0,,65.01,income-model
8829a56441fffff,0.0,0.0,,65.01,income-model
8829a56443fffff,0.0,0.0,,65.01,income-model
8829a56445fffff,0.0,0.0,,65.01,income-model
8829a56447fffff,0.0,0.0,,65.01,income-model
8829a56449fffff,0.0,0.0,,65.01,income-model
8829a5644bfffff,0.0,0.0,,65.01,income-model
8829a5644dfffff,0.0,0.0,,65.01,income-model
8829a56455fffff,0.0,0.0,,65.01,income-model
8829a5645dfffff,0.0,0.0,,65.01,income-model
8829a56461fffff,0.0,0.0,,65.01,income-model
8829a56463fffff,0.0,0.0,,65.01,income-model
8829a56465fffff,116.0,10.49,128250.0,42.6,measured
8829a56467fffff,4.0,10.49,128250.0,42.6,measured
8829a56469fffff,0.0,0.0,,65.01,income-model
8829a5646bfffff,0.0,0.0,,65.01,income-model
8829a5646dfffff,0.0,0.0,,65.01,income-model
8829a56481fffff,0.0,0.0,,65.01,income-model
8829a56483fffff,0.0,0.0,,65.01,income-model
8829a56485fffff,0.0,0.0,,65.01,income-model
8829a56487fffff,0.0,0.0,,65.01,income-model
8829a5648dfffff,0.0,0.0,,65.01,income-model
8829a56495fffff,0.0,0.0,,65.01,income-model
8829a56497fffff,0.0,0.0,,65.01,income-model
8829a564a1fffff,0.0,0.0,,65.01,income-model
8829a564a3fffff,0.0,0.0,,65.01,income-model
8829a564a5fffff,0.0,0.0,,65.01,income-model
8829a564a7fffff,0.0,0.0,,65.01,income-model
8829a564a9fffff,0.0,0.0,,65.01,income-model
8829a564abfffff,0.0,0.0,,65.01,income-model
8829a564adfffff,0.0,0.0,,65.01,income-model
8829a564b1fffff,0.0,0.0,,65.01,income-model
8829a564b3fffff,0.0,0.0,,65.01,income-model
8829a564b5fffff,0.0,0.0,,65.01,income-model
8829a564b7fffff,0.0,0.0,,65.01,income-model
8829a564b9fffff,0.0,0.0,,65.01,income-model
8829a564bbfffff,0.0,0.0,,65.01,income-model
8829a564bdfffff,0.0,0.0,,65.01,income-model
8829a564e1fffff,0.0,0.0,,65.01,income-model
8829a564e3fffff,0.0,0.0,,65.01,income-model
8829a564e5fffff,0.0,0.0,,65.01,income-model
8829a564e7fffff,0.0,0.0,,65.01,income-model
8829a564e9fffff,0.0,0.0,,65.01,income-model
8829a564ebfffff,0.0,0.0,,65.01,income-model
8829a564edfffff,0.0,0.0,,65.01,income-model
8829a56501fffff,3016.0,16.07,138025.20267910173,58.84,measured
8829a56503fffff,5552.0,10.53,125280.3465264524,58.88,measured
8829a56505fffff,3610.0,13.76,105304.34449333452,52.22,measured
8829a56507fffff,4052.0,9.35,88272.62766839132,62.64,measured
8829a56509fffff,2367.0,22.62,134326.65580021188,57.41,measured
8829a5650bfffff,5137.0,14.74,166549.36176705462,57.29,measured
8829a5650dfffff,1983.0,19.49,130491.18239615574,57.55,measured
8829a56511fffff,2734.0,12.43,207789.82057715853,76.07,measured
8829a56513fffff,2832.0,15.09,189384.4872368983,80.72,measured
8829a56515fffff,4650.0,14.55,160639.45249147166,70.26,measured
8829a56517fffff,2221.0,23.75,190122.02267730472,77.15,measured
8829a56519fffff,4465.0,14.4,227169.45383032478,49.47,measured
8829a5651bfffff,2972.0,17.88,141518.50658232163,56.99,measured
8829a5651dfffff,5416.0,11.02,147829.23408782398,50.8,measured
8829a56521fffff,3374.0,18.26,97718.00522727368,55.95,measured
8829a56523fffff,4333.0,8.93,76298.86999532502,61.61,measured
8829a56525fffff,2847.0,17.12,119758.40539599817,61.08,measured
8829a56527fffff,1085.0,25.2,125857.09745165324,70.7,measured
8829a56529fffff,3387.0,14.22,124234.29959783956,53.43,measured
8829a5652bfffff,4113.0,11.69,83737.43918129649,59.19,measured
8829a5652dfffff,3344.0,13.83,98048.05258611024,55.0,measured
8829a56531fffff,1846.0,13.63,70590.92396871666,67.92,measured
8829a56533fffff,1285.0,13.07,149375.379531452,78.42,measured
8829a56535fffff,4789.0,9.14,84610.21092035633,66.53,measured
8829a56537fffff,3387.0,13.88,108616.41695400371,66.65,measured
8829a56539fffff,4060.0,14.86,163408.07248659752,66.78,measured
8829a5653bfffff,2577.0,7.83,152282.98194083685,78.5,measured
8829a5653dfffff,5402.0,9.38,78937.54485681035,62.32,measured
8829a56541fffff,3940.0,14.87,106718.70936294066,50.18,measured
8829a56543fffff,2472.0,21.55,132701.84951539253,53.21,measured
8829a56545fffff,5645.0,11.89,88297.05594793391,49.79,measured
8829a56547fffff,2888.0,14.89,163163.97379496423,56.89,measured
8829a56549fffff,2892.0,16.54,154832.49664403475,55.23,measured
8829a5654bfffff,3079.0,19.86,123882.11689475489,50.81,measured
8829a5654dfffff,2656.0,18.37,94279.33150980927,51.19,measured
8829a56551fffff,4299.0,15.66,150752.76398941304,47.84,measured
8829a56553fffff,4748.0,10.32,182672.44143548637,47.33,measured
8829a56555fffff,2842.0,21.29,156042.14677555973,51.88,measured
8829a56557fffff,4977.0,10.48,215401.63276720163,51.95,measured
8829a56559fffff,3086.0,21.46,111949.77604021569,44.03,measured
8829a5655bfffff,2066.0,9.65,128848.57553235113,44.78,measured
8829a5655dfffff,2570.0,16.73,165087.5248385384,48.41,measured
8829a56561fffff,252.0,21.95,107586.36849332706,54.3,measured
8829a56563fffff,2366.0,18.92,110181.51846798767,52.56,measured
8829a56565fffff,378.0,12.9,141667.0,54.3,measured
8829a56567fffff,2101.0,14.6,152841.31395503046,54.25,measured
8829a56569fffff,735.0,16.29,117472.4902718486,54.67,measured
8829a5656bfffff,292.0,23.84,136828.22831432853,58.19,measured
8829a5656dfffff,200.0,21.34,105369.03544043111,55.77,measured
8829a56581fffff,0.0,0.0,,65.01,income-model
8829a56583fffff,1742.0,10.79,147324.75129105663,60.3,measured
8829a56585fffff,58.0,10.64,204375.0,63.9,measured
8829a56587fffff,2423.0,12.34,119530.62343441977,63.57,measured
8829a56589fffff,2547.0,13.94,191716.96901356205,68.24,measured
8829a5658bfffff,552.0,9.72,152500.0,58.9,measured
8829a5658dfffff,631.0,19.72,185270.82792486984,74.6,measured
8829a56591fffff,0.0,0.0,,65.01,income-model
8829a56593fffff,0.0,0.0,,65.01,income-model
8829a56595fffff,2179.0,15.83,143997.8875183021,60.84,measured
8829a56597fffff,252.0,10.57,130109.0,61.3,measured
8829a56599fffff,0.0,0.0,,65.01,income-model
8829a5659bfffff,0.0,0.0,,65.01,income-model
8829a5659dfffff,0.0,0.0,,65.01,income-model
8829a565a1fffff,0.0,0.0,,65.01,income-model
8829a565a3fffff,547.0,9.12,141349.8695470225,63.5,measured
8829a565a5fffff,1769.0,13.39,125646.83268075711,81.1,measured
8829a565a7fffff,0.0,0.0,,65.01,income-model
8829a565a9fffff,0.0,10.64,204375.0,63.9,measured
8829a565abfffff,1234.0,11.12,185861.24178311467,63.8,measured
8829a565adfffff,496.0,15.1,170961.95130619712,86.54,measured
8829a565b1fffff,624.0,11.69,171436.47872669288,62.23,measured
8829a565b3fffff,0.0,0.0,,65.01,income-model
8829a565b5fffff,7.0,7.8,144696.0,63.5,measured
8829a565b7fffff,0.0,0.0,,65.01,income-model
8829a565b9fffff,3316.0,17.51,142092.81891979885,61.3,measured
8829a565bbfffff,1549.0,14.74,125097.94562816872,61.3,measured
8829a565bdfffff,2931.0,10.8,160330.34697735883,63.52,measured
8829a565c1fffff,2827.0,13.64,208440.03556281375,72.81,measured
8829a565c3fffff,1895.0,15.44,158789.81605157387,71.3,measured
8829a565c5fffff,3208.0,17.62,180998.9122422141,75.89,measured
8829a565c7fffff,3571.0,15.73,230291.73587522557,73.78,measured
8829a565c9fffff,192.0,11.18,228970.77648188334,74.59,measured
8829a565cbfffff,0.0,0.0,,65.01,income-model
8829a565cdfffff,3439.0,17.08,225342.45792030136,75.92,measured
8829a565d1fffff,0.0,0.0,,65.01,income-model
8829a565d3fffff,0.0,0.0,,65.01,income-model
8829a565d5fffff,332.0,11.15,160970.54381905234,60.19,measured
8829a565d7fffff,0.0,0.0,,65.01,income-model
8829a565d9fffff,0.0,0.0,,65.01,income-model
8829a565dbfffff,0.0,0.0,,65.01,income-model
8829a565ddfffff,0.0,0.0,,65.01,income-model
8829a565e1fffff,628.0,33.19,184444.0,69.2,measured
8829a565e3fffff,12.0,33.19,184444.00000000003,69.2,measured
8829a565e5fffff,1245.0,14.91,166301.4645179971,85.88,measured
8829a565e7fffff,23.0,10.4,171125.1784523303,87.6,measured
8829a565e9fffff,2641.0,15.44,174072.14942452774,69.64,measured
8829a565ebfffff,2462.0,16.43,226846.96816453486,73.78,measured
8829a565edfffff,1435.0,19.57,171771.12591838278,73.13,measured
8829a56601fffff,0.0,0.0,,65.01,income-model
8829a56603fffff,0.0,0.0,,65.01,income-model
8829a56605fffff,0.0,0.0,,65.01,income-model
8829a56607fffff,0.0,0.0,,65.01,income-model
8829a56609fffff,0.0,0.0,,65.01,income-model
8829a5660bfffff,0.0,0.0,,65.01,income-model
8829a5660dfffff,0.0,0.0,,65.01,income-model
8829a56611fffff,0.0,0.0,,65.01,income-model
8829a56615fffff,0.0,0.0,,65.01,income-model
8829a56617fffff,0.0,0.0,,65.01,income-model
8829a56619fffff,0.0,0.0,,65.01,income-model
8829a5661dfffff,0.0,0.0,,65.01,income-model
8829a56621fffff,0.0,0.0,,65.01,income-model
8829a56623fffff,0.0,0.0,,65.01,income-model
8829a56625fffff,0.0,0.0,,65.01,income-model
8829a56627fffff,0.0,0.0,,65.01,income-model
8829a56629fffff,0.0,0.0,,65.01,income-model
8829a5662bfffff,0.0,0.0,,65.01,income-model
8829a5662dfffff,0.0,0.0,,65.01,income-model
8829a56631fffff,0.0,0.0,,65.01,income-model
8829a56633fffff,0.0,0.0,,65.01,income-model
8829a56635fffff,0.0,0.0,,65.01,income-model
8829a56637fffff,0.0,0.0,,65.01,income-model
8829a56639fffff,0.0,0.0,,65.01,income-model
8829a5663bfffff,0.0,0.0,,65.01,income-model
8829a5663dfffff,0.0,0.0,,65.01,income-model
8829a56641fffff,0.0,0.0,,65.01,income-model
8829a56643fffff,0.0,0.0,,65.01,income-model
8829a56645fffff,0.0,0.0,,65.01,income-model
8829a56647fffff,0.0,0.0,,65.01,income-model
8829a56649fffff,0.0,0.0,,65.01,income-model
8829a5664bfffff,0.0,0.0,,65.01,income-model
8829a5664dfffff,0.0,0.0,,65.01,income-model
8829a56651fffff,0.0,0.0,,65.01,income-model
8829a56653fffff,0.0,0.0,,65.01,income-model
8829a56655fffff,0.0,0.0,,65.01,income-model
8829a56657fffff,0.0,0.0,,65.01,income-model
8829a56659fffff,0.0,0.0,,65.01,income-model
8829a5665bfffff,0.0,0.0,,65.01,income-model
8829a5665dfffff,0.0,0.0,,65.01,income-model
8829a56661fffff,0.0,0.0,,65.01,income-model
8829a56663fffff,0.0,0.0,,65.01,income-model
8829a56665fffff,278.0,27.43,231743.66071391117,64.15,measured
8829a56667fffff,0.0,0.0,,65.01,income-model
8829a56669fffff,0.0,0.0,,65.01,income-model
8829a5666bfffff,0.0,0.0,,65.01,income-model
8829a5666dfffff,383.0,33.97,215537.4640252572,58.8,measured
8829a56701fffff,2306.0,24.7,173300.26670329223,60.95,measured
8829a56703fffff,1247.0,20.47,110157.22612023106,45.08,measured
8829a56705fffff,2135.0,16.74,171204.3880494775,62.67,measured
8829a56707fffff,2747.0,19.74,123866.3318970876,46.35,measured
8829a56709fffff,624.0,31.76,235015.34797442378,70.46,measured
8829a5670bfffff,631.0,26.39,156057.32018723703,53.92,measured
8829a5670dfffff,855.0,17.2,214842.13339938794,70.03,measured
8829a56711fffff,0.0,0.0,,65.01,income-model
8829a56713fffff,0.0,0.0,,65.01,income-model
8829a56715fffff,0.0,0.0,,65.01,income-model
8829a56717fffff,0.0,0.0,,65.01,income-model
8829a56719fffff,0.0,0.0,,65.01,income-model
8829a5671bfffff,0.0,0.0,,65.01,income-model
8829a5671dfffff,0.0,0.0,,65.01,income-model
8829a56721fffff,2948.0,16.14,123780.73628804415,55.43,measured
8829a56723fffff,2650.0,16.63,150230.4317540036,58.45,measured
8829a56725fffff,4218.0,15.73,100161.014871526,51.88,measured
8829a56727fffff,1964.0,19.32,125712.74761240717,55.74,measured
8829a56729fffff,3243.0,11.32,103973.05976072552,55.15,measured
8829a5672bfffff,1876.0,22.49,164074.78702921572,55.1,measured
8829a5672dfffff,2508.0,9.84,112675.18095198617,51.2,measured
8829a56731fffff,4434.0,16.71,165395.9667773138,44.69,measured
8829a56733fffff,1189.0,20.05,122439.28651074023,43.7,measured
8829a56735fffff,2996.0,19.04,121904.95166729638,48.93,measured
8829a56737fffff,3812.0,16.51,140766.20388169595,45.95,measured
8829a56739fffff,2123.0,21.33,122226.08256446467,42.8,measured
8829a5673bfffff,0.0,0.0,,65.01,income-model
8829a5673dfffff,3069.0,17.51,187095.66546446545,48.37,measured
8829a56741fffff,1179.0,21.68,231237.60992186776,72.22,measured
8829a56743fffff,685.0,39.36,250001.0,73.43,measured
8829a56745fffff,1338.0,23.88,192184.87410136664,74.64,measured
8829a56747fffff,1136.0,26.59,206194.33802919506,71.82,measured
8829a56749fffff,4122.0,18.99,156020.39748468425,65.26,measured
8829a5674bfffff,1190.0,24.45,228652.13297814917,70.98,measured
8829a5674dfffff,2402.0,17.75,155423.4596957132,70.55,measured
8829a56751fffff,183.0,36.09,250001.0,72.02,measured
8829a56753fffff,0.0,0.0,,65.01,income-model
8829a56755fffff,542.0,43.38,249972.47716759672,71.53,measured
8829a56757fffff,48.0,48.63,250001.0,70.4,measured
8829a56759fffff,599.0,26.12,250001.00000000003,73.5,measured
8829a5675bfffff,0.0,0.0,,65.01,income-model
8829a5675dfffff,618.0,32.45,250001.0,73.5,measured
8829a56761fffff,1428.0,21.22,182865.4876169236,73.39,measured
8829a56763fffff,1793.0,21.31,188485.48737505655,69.42,measured
8829a56765fffff,2151.0,23.13,148226.18852635875,60.11,measured
8829a56767fffff,2211.0,20.75,150876.61298228672,62.29,measured
8829a56769fffff,727.0,20.67,228623.5668056779,86.52,measured
8829a5676bfffff,1217.0,21.59,190890.46966535356,72.43,measured
8829a5676dfffff,703.0,20.01,234750.0,86.7,measured
8829a56883fffff,5003.0,12.33,77267.067363921,65.89,measured
8829a5688bfffff,5011.0,10.85,81097.20189861172,67.57,measured
8829a56891fffff,3500.0,13.42,103351.53644782366,67.49,measured
8829a56893fffff,1936.0,7.44,61645.09557134155,63.78,measured
8829a56895fffff,2604.0,14.83,109012.98120923218,67.89,measured
8829a56897fffff,553.0,11.68,72207.10730395178,66.79,measured
8829a56899fffff,1625.0,15.16,86817.74062407012,67.43,measured
8829a5689bfffff,2310.0,11.27,59907.818074010625,62.88,measured
8829a5689dfffff,5029.0,8.46,81028.86891983575,70.24,measured
8829a568b3fffff,4160.0,10.88,114904.26617985392,67.2,measured
8829a568bbfffff,2332.0,10.57,125020.44356763185,66.55,measured
8829a568c3fffff,4497.0,12.57,85157.67718187397,64.43,measured
8829a568cbfffff,4550.0,7.04,63773.969281074045,66.9,measured
8829a568d1fffff,1735.0,3.48,62643.54263935123,64.56,measured
8829a568d3fffff,3400.0,6.29,68052.40395934581,64.57,measured
8829a568d5fffff,2195.0,5.36,76733.27458933348,66.18,measured
8829a568d7fffff,2796.0,7.13,73128.09842091583,69.06,measured
8829a568d9fffff,3411.0,13.54,65628.89045225127,64.22,measured
8829a568dbfffff,4335.0,7.92,71940.9825794706,63.22,measured
8829a568ddfffff,1727.0,8.4,69659.83830240206,64.32,measured
8829a56a13fffff,0.0,0.0,,65.01,income-model
8829a56a1bfffff,0.0,0.0,,65.01,income-model
8829a56a5bfffff,6054.0,9.94,76661.67142606073,51.62,measured
8829a56a81fffff,3171.0,15.44,101221.45116212891,52.86,measured
8829a56a83fffff,4943.0,11.52,90636.24021261408,48.29,measured
8829a56a85fffff,3378.0,14.85,119846.44977939811,55.5,measured
8829a56a87fffff,5168.0,6.54,51427.16602981379,47.75,measured
8829a56a89fffff,3121.0,13.01,74711.05904678206,51.69,measured
8829a56a8bfffff,4174.0,15.02,79615.43931272285,48.13,measured
8829a56a8dfffff,3157.0,17.15,127053.53247150264,55.93,measured
8829a56a91fffff,6184.0,8.11,61068.82120351813,47.03,measured
8829a56a93fffff,2486.0,13.14,87527.81046797446,50.48,measured
8829a56a95fffff,5442.0,10.87,78134.44764803453,47.18,measured
8829a56a97fffff,5094.0,8.42,70962.7250242002,51.08,measured
8829a56a99fffff,4699.0,9.64,75727.6163386944,48.4,measured
8829a56a9bfffff,2098.0,7.56,62053.18594356235,48.91,measured
8829a56a9dfffff,6655.0,7.74,63915.714156492664,46.23,measured
8829a56aa3fffff,3485.0,15.6,92299.9737736318,53.19,measured
8829a56aabfffff,2805.0,15.19,80597.59177288512,52.35,measured
8829a56ab1fffff,3041.0,15.17,114827.4344260102,52.21,measured
8829a56ab3fffff,2379.0,7.59,97446.18997787034,63.46,measured
8829a56ab5fffff,4330.0,9.8,68088.83714476618,54.71,measured
8829a56ab7fffff,1329.0,8.93,68712.31599558206,66.58,measured
8829a56ab9fffff,3916.0,15.8,74424.71821773196,49.92,measured
8829a56abbfffff,3200.0,13.39,84435.10951200424,49.56,measured
8829a56abdfffff,1745.0,8.82,87173.73100063743,51.45,measured
8829a56ac1fffff,2303.0,6.37,171841.70088101306,54.42,measured
8829a56ac3fffff,2652.0,14.86,149890.03176026227,54.36,measured
8829a56ac5fffff,562.0,5.35,91394.17599844538,56.1,measured
8829a56ac7fffff,1993.0,13.26,102040.52716253365,54.54,measured
8829a56ac9fffff,1194.0,9.97,73205.06833444894,52.49,measured
8829a56acbfffff,3165.0,14.8,99297.30683757504,53.81,measured
8829a56acdfffff,113.0,4.55,,53.5,measured
8829a56ad1fffff,1619.0,15.91,124241.54393511533,53.46,measured
8829a56ad3fffff,1679.0,10.77,84669.52732221279,50.83,measured
8829a56ad5fffff,2739.0,17.88,115708.59771651645,53.6,measured
8829a56ad7fffff,4820.0,15.58,72953.37420746894,47.7,measured
8829a56ad9fffff,1655.0,26.72,93775.0540190464,55.44,measured
8829a56adbfffff,590.0,18.64,146422.8014500448,57.59,measured
8829a56addfffff,2516.0,16.16,117772.79597487078,56.61,measured
8829a56ae3fffff,2692.0,20.45,137994.6859713981,58.57,measured
8829a56aebfffff,1327.0,19.12,131236.9348345824,59.09,measured
8829a56c01fffff,6520.0,8.44,63714.244826166694,63.98,measured
8829a56c03fffff,6934.0,5.7,68932.11705241055,64.5,measured
8829a56c05fffff,4601.0,9.67,60807.25055405355,62.55,measured
8829a56c07fffff,5151.0,14.2,70396.4305976369,61.05,measured
8829a56c09fffff,4437.0,11.14,67836.24857332873,66.24,measured
8829a56c0bfffff,5281.0,9.74,63459.67035056729,64.26,measured
8829a56c0dfffff,4659.0,6.81,66354.43863760128,65.15,measured
8829a56c11fffff,7199.0,8.5,59367.55883166576,61.42,measured
8829a56c13fffff,6277.0,11.93,64768.68405602691,62.95,measured
8829a56c15fffff,6093.0,8.28,53292.16993431606,61.19,measured
8829a56c17fffff,6329.0,9.71,53905.99497333984,61.45,measured
8829a56c19fffff,6397.0,9.67,42138.68560040946,64.67,measured
8829a56c1bfffff,5919.0,14.74,50870.9052044291,65.19,measured
8829a56c1dfffff,5128.0,10.71,72951.06172172088,63.65,measured
8829a56c21fffff,6981.0,8.34,54435.70067499464,63.09,measured
8829a56c23fffff,6398.0,6.5,69117.6968716296,60.59,measured
8829a56c25fffff,5066.0,9.26,76495.688850215,62.51,measured
8829a56c27fffff,5872.0,9.88,53822.12157818366,61.04,measured
8829a56c29fffff,4754.0,12.08,51340.03609232425,61.96,measured
8829a56c2bfffff,4840.0,6.35,63446.62471885884,60.89,measured
8829a56c2dfffff,5045.0,8.6,54462.704430455975,63.26,measured
8829a56c31fffff,6668.0,7.05,56275.828346567534,59.98,measured
8829a56c33fffff,8166.0,9.17,52829.93653713764,59.39,measured
8829a56c35fffff,7223.0,8.27,62433.855957447115,60.17,measured
8829a56c37fffff,6563.0,6.68,65024.95774018184,62.14,measured
8829a56c39fffff,5545.0,9.31,61708.031435182646,62.33,measured
8829a56c3bfffff,6198.0,7.41,52506.441517735264,61.19,measured
8829a56c3dfffff,6839.0,6.25,60748.492924178165,60.49,measured
8829a56c41fffff,3222.0,10.36,79811.89673501997,66.6,measured
8829a56c43fffff,4435.0,10.44,66685.51704187803,67.72,measured
8829a56c45fffff,2059.0,8.34,102934.86877015892,67.1,measured
8829a56c47fffff,3370.0,11.63,76437.38912599724,62.53,measured
8829a56c49fffff,2358.0,11.17,94360.8904813125,65.28,measured
8829a56c4bfffff,880.0,10.46,64895.16924649318,66.51,measured
8829a56c4dfffff,1874.0,11.97,67126.21146822767,66.88,measured
8829a56c51fffff,4483.0,6.02,61570.3101882481,68.01,measured
8829a56c53fffff,5815.0,7.72,51427.57783302033,63.35,measured
8829a56c55fffff,3780.0,11.54,79967.24317717235,66.62,measured
8829a56c57fffff,3871.0,12.57,80501.2576039811,63.11,measured
8829a56c59fffff,2540.0,11.97,101045.20065432928,71.61,measured
8829a56c5bfffff,2001.0,18.35,83619.95846443759,74.18,measured
8829a56c5dfffff,4271.0,8.25,53243.35876131931,67.42,measured
8829a56c61fffff,2191.0,12.31,52724.94375043453,64.35,measured
8829a56c63fffff,6329.0,5.57,37409.45693855633,61.0,measured
8829a56c65fffff,4740.0,8.77,47702.67626289562,60.1,measured
8829a56c67fffff,5920.0,10.01,54833.15970829296,61.67,measured
8829a56c69fffff,2424.0,10.51,74347.58700391953,66.0,measured
8829a56c6bfffff,3786.0,5.9,68664.05594498108,65.46,measured
8829a56c6dfffff,4445.0,11.37,40908.20279531356,61.66,measured
8829a56c81fffff,3068.0,14.35,71547.90600974062,60.36,measured
8829a56c83fffff,3479.0,16.0,81869.03281466973,67.15,measured
8829a56c85fffff,4916.0,8.8,73851.69987863621,58.36,measured
8829a56c87fffff,4538.0,10.58,66330.0223590722,63.15,measured
8829a56c89fffff,4001.0,14.24,67463.98485964052,64.28,measured
8829a56c8bfffff,5941.0,14.07,58674.30325886185,64.12,measured
8829a56c8dfffff,4452.0,14.47,88092.62096831696,63.08,measured
8829a56c91fffff,1779.0,26.67,98585.39880979202,75.01,measured
8829a56c93fffff,1867.0,32.16,158362.55230016413,79.88,measured
8829a56c95fffff,2594.0,15.98,93274.99403111135,63.97,measured
8829a56c97fffff,3070.0,11.77,90732.87688286838,74.52,measured
8829a56c99fffff,2873.0,17.29,87951.6022875696,70.36,measured
8829a56c9bfffff,2218.0,31.61,177052.19833375726,83.9,measured
8829a56c9dfffff,4791.0,16.96,77048.03564542107,66.91,measured
8829a56ca1fffff,6880.0,8.12,69263.38677069181,63.43,measured
8829a56ca3fffff,5992.0,14.29,87679.75976597749,64.3,measured
8829a56ca5fffff,8114.0,5.0,62142.17297671271,66.1,measured
8829a56ca7fffff,8695.0,8.03,53107.08721639078,63.27,measured
8829a56ca9fffff,6139.0,8.89,65320.05615783112,62.39,measured
8829a56cabfffff,6604.0,9.46,82631.75039780457,61.84,measured
8829a56cadfffff,6633.0,7.95,60441.676797499356,65.19,measured
8829a56cb1fffff,4333.0,14.25,78672.96049140953,62.24,measured
8829a56cb3fffff,3669.0,20.73,70537.53298317538,61.48,measured
8829a56cb5fffff,5460.0,12.27,84145.61626735107,63.24,measured
8829a56cb7fffff,5529.0,14.58,64094.65133708871,60.16,measured
8829a56cb9fffff,3786.0,17.36,57675.30777784472,58.44,measured
8829a56cbbfffff,4248.0,16.35,50021.91158063474,53.88,measured
8829a56cbdfffff,5014.0,11.51,66500.18331890805,61.31,measured
8829a56cc1fffff,2712.0,19.63,88841.40248424748,67.84,measured
8829a56cc3fffff,2493.0,20.44,118194.20517312309,70.32,measured
8829a56cc5fffff,5001.0,14.36,56321.04760551915,65.41,measured
8829a56cc7fffff,3842.0,17.47,80558.21312040993,67.78,measured
8829a56cc9fffff,2675.0,18.12,98301.61772654855,72.19,measured
8829a56ccbfffff,2439.0,20.83,85660.17353228058,68.43,measured
8829a56ccdfffff,2697.0,22.91,70547.31750500824,70.68,measured
8829a56cd1fffff,1157.0,13.39,80185.28013911935,66.07,measured
8829a56cd3fffff,4931.0,12.54,80749.66079240936,66.43,measured
8829a56cd5fffff,3398.0,18.97,40767.94707613501,64.85,measured
8829a56cd7fffff,5267.0,14.78,52598.0362361482,65.7,measured
8829a56cd9fffff,1835.0,19.94,81041.48772845491,65.31,measured
8829a56cdbfffff,4348.0,13.02,71137.00386605151,63.63,measured
8829a56cddfffff,1936.0,24.57,66737.23974135399,66.3,measured
8829a56ce1fffff,6685.0,8.69,58559.71790493469,61.94,measured
8829a56ce3fffff,6459.0,12.73,77533.97617101125,59.3,measured
8829a56ce5fffff,6002.0,8.74,50924.08158233361,60.29,measured
8829a56ce7fffff,7990.0,11.54,52863.67324621602,60.62,measured
8829a56ce9fffff,5535.0,16.68,44644.219946353194,64.75,measured
8829a56cebfffff,3508.0,15.03,68979.9251808242,65.23,measured
8829a56cedfffff,8777.0,6.11,50565.296543342294,61.84,measured
8829a56d01fffff,3155.0,13.77,48271.078834093496,58.3,measured
8829a56d03fffff,5212.0,13.34,69194.70963431291,59.16,measured
8829a56d05fffff,2213.0,9.85,58095.513092481546,59.01,measured
8829a56d07fffff,2964.0,12.44,46585.20573798533,59.32,measured
8829a56d09fffff,6219.0,14.2,68194.2796517932,61.45,measured
8829a56d0bfffff,7258.0,10.06,75694.3717065009,59.22,measured
8829a56d0dfffff,3628.0,10.83,76369.3516544989,60.76,measured
8829a56d11fffff,6961.0,12.93,74254.79048672064,59.82,measured
8829a56d13fffff,5535.0,12.12,72415.94832908477,62.33,measured
8829a56d15fffff,7054.0,10.34,74847.339912267,57.87,measured
8829a56d17fffff,5821.0,12.03,69496.57769885352,62.49,measured
8829a56d19fffff,4793.0,10.94,65127.40235865502,63.06,measured
8829a56d1bfffff,5714.0,12.68,73774.57901799226,60.05,measured
8829a56d1dfffff,6204.0,11.21,78389.29899320906,59.74,measured
8829a56d21fffff,4829.0,7.81,55999.90395529935,61.48,measured
8829a56d23fffff,6363.0,9.96,59094.14242292355,59.9,measured
8829a56d25fffff,6111.0,7.7,49405.106516456835,60.33,measured
8829a56d27fffff,3608.0,9.43,60821.79026348991,59.19,measured
8829a56d29fffff,3325.0,7.49,56521.47062807451,61.58,measured
8829a56d2bfffff,6293.0,8.8,56255.20446543238,60.94,measured
8829a56d2dfffff,6294.0,10.51,52442.99212127338,62.09,measured
8829a56d31fffff,7131.0,10.22,57015.175278227194,56.51,measured
8829a56d33fffff,4457.0,11.22,76176.96717239714,59.05,measured
8829a56d35fffff,4956.0,9.56,66630.01397497619,58.46,measured
8829a56d37fffff,6392.0,15.78,63623.40269331123,62.76,measured
8829a56d39fffff,6286.0,12.38,59073.244302562496,58.89,measured
8829a56d3bfffff,5199.0,9.05,59795.57087545165,57.78,measured
8829a56d3dfffff,6287.0,11.71,50361.08874109465,59.74,measured
8829a56d41fffff,3666.0,10.95,89464.241814515,64.71,measured
8829a56d43fffff,4334.0,11.56,85599.6388031469,61.93,measured
8829a56d45fffff,4034.0,11.08,74787.0356217404,63.32,measured
8829a56d47fffff,4354.0,14.58,93795.48145988346,63.29,measured
8829a56d49fffff,5046.0,11.68,87113.589289077,64.49,measured
8829a56d4bfffff,4619.0,8.75,59637.91485271194,60.09,measured
8829a56d4dfffff,3921.0,10.84,91624.8090908657,63.26,measured
8829a56d51fffff,5269.0,10.55,73194.6430669036,60.59,measured
8829a56d53fffff,5345.0,10.64,63504.50208943417,60.11,measured
8829a56d55fffff,7430.0,12.47,81270.09455584284,62.36,measured
8829a56d57fffff,7588.0,11.17,65874.32607606733,59.17,measured
8829a56d59fffff,2134.0,7.99,70257.75647661103,60.59,measured
8829a56d5bfffff,4496.0,6.66,73531.59947962245,64.51,measured
8829a56d5dfffff,7709.0,10.75,59253.991888840734,58.07,measured
8829a56d61fffff,571.0,27.79,87978.67387003155,66.3,measured
8829a56d63fffff,975.0,12.25,71455.14870684092,61.48,measured
8829a56d65fffff,3603.0,11.13,96307.96443931996,66.43,measured
8829a56d67fffff,1031.0,18.75,48014.8147971315,63.69,measured
8829a56d69fffff,740.0,19.18,81597.66702187539,65.37,measured
8829a56d6bfffff,3106.0,9.58,74906.56574043009,61.17,measured
8829a56d6dfffff,1802.0,9.84,82851.91809586767,65.83,measured
8829a56d81fffff,5523.0,4.75,58579.41642468167,66.1,measured
8829a56d83fffff,9428.0,7.39,59182.94737080061,66.64,measured
8829a56d85fffff,23.0,18.87,70833.0,84.0,measured
8829a56d87fffff,2098.0,10.65,52055.493288967584,65.99,measured
8829a56d89fffff,6134.0,8.41,58237.56376818102,64.94,measured
8829a56d8bfffff,8128.0,6.79,61613.65869536664,66.63,measured
8829a56d8dfffff,1344.0,15.62,48049.11173004477,63.64,measured
8829a56d91fffff,8758.0,5.29,61911.40886313386,65.03,measured
8829a56d93fffff,4431.0,9.93,51908.39111390906,61.25,measured
8829a56d95fffff,7972.0,7.61,50734.42063432292,65.34,measured
8829a56d97fffff,6633.0,7.74,57119.07742879372,64.72,measured
8829a56d99fffff,9277.0,4.9,58117.428958001095,67.62,measured
8829a56d9bfffff,8079.0,5.04,54031.54627969108,61.99,measured
8829a56d9dfffff,7868.0,8.25,49827.458373250505,64.8,measured
8829a56da1fffff,23.0,18.87,70833.0,84.0,measured
8829a56da3fffff,225.0,16.16,88402.27409416538,75.47,measured
8829a56da5fffff,152.0,12.92,35176.32741794242,64.63,measured
8829a56da7fffff,627.0,13.54,33233.656423797176,64.08,measured
8829a56da9fffff,23.0,18.87,70833.0,84.0,measured
8829a56dabfffff,23.0,18.87,70833.0,84.0,measured
8829a56dadfffff,23.0,18.87,70833.0,84.0,measured
8829a56db1fffff,2318.0,10.42,41490.03959264236,65.22,measured
8829a56db3fffff,1290.0,6.54,44014.67230522044,63.11,measured
8829a56db5fffff,146.0,7.34,155729.63611068611,75.18,measured
8829a56db7fffff,307.0,5.84,35896.0816183171,65.98,measured
8829a56db9fffff,4016.0,12.18,52996.87075909169,66.68,measured
8829a56dbbfffff,9319.0,8.82,59472.06447909564,67.75,measured
8829a56dbdfffff,539.0,9.85,76007.89258011481,67.58,measured
8829a56dc1fffff,5921.0,9.61,63450.95808472677,64.59,measured
8829a56dc3fffff,6424.0,10.93,56402.779229014835,62.75,measured
8829a56dc5fffff,5167.0,10.9,62918.77244278261,63.83,measured
8829a56dc7fffff,4357.0,10.25,59511.65288894454,65.9,measured
8829a56dc9fffff,6139.0,6.75,67082.2427879345,59.58,measured
8829a56dcbfffff,7527.0,7.49,55343.63614059919,61.78,measured
8829a56dcdfffff,4014.0,7.49,86961.34047694415,65.44,measured
8829a56dd1fffff,3712.0,6.42,61120.84714209661,65.74,measured
8829a56dd3fffff,7459.0,6.02,59062.5012771327,67.49,measured
8829a56dd5fffff,4253.0,7.01,53244.49293348744,65.43,measured
8829a56dd7fffff,6627.0,5.16,56128.53200586871,65.29,measured
8829a56dd9fffff,6617.0,7.59,59120.664159960994,62.56,measured
8829a56ddbfffff,5949.0,7.11,52754.40537877734,61.46,measured
8829a56dddfffff,2865.0,7.59,53283.15394887597,64.38,measured
8829a56de1fffff,5742.0,11.6,53385.48710893479,65.2,measured
8829a56de3fffff,1626.0,14.88,48374.968200029114,69.26,measured
8829a56de5fffff,496.0,7.03,64707.92504173838,65.09,measured
8829a56de7fffff,119.0,11.84,69406.39916654394,71.84,measured
8829a56de9fffff,10034.0,12.49,50716.96257585522,62.51,measured
8829a56debfffff,5226.0,13.49,57658.30693832419,66.83,measured
8829a56dedfffff,5769.0,9.71,65588.31257748592,59.92,measured
8829a56e01fffff,4064.0,14.5,81709.88885493214,57.99,measured
8829a56e03fffff,4301.0,14.15,87921.36405413967,65.57,measured
8829a56e05fffff,966.0,19.02,71412.91408440004,57.96,measured
8829a56e07fffff,2747.0,13.55,73351.100952648,64.4,measured
8829a56e09fffff,1944.0,31.54,105498.92272352366,59.11,measured
8829a56e0bfffff,3772.0,18.61,83365.1403503831,58.69,measured
8829a56e0dfffff,1374.0,22.53,91153.01292762827,54.9,measured
8829a56e11fffff,2689.0,16.34,84250.13042377347,65.88,measured
8829a56e13fffff,3420.0,15.54,96740.4974684959,66.43,measured
8829a56e15fffff,3880.0,13.0,82027.39424106436,65.02,measured
8829a56e17fffff,3860.0,12.15,81551.41758623607,66.67,measured
8829a56e19fffff,2842.0,25.62,85946.75111744466,68.17,measured
8829a56e1bfffff,3173.0,18.64,92824.16467814593,69.89,measured
8829a56e1dfffff,2836.0,24.75,64376.49906630612,63.3,measured
8829a56e21fffff,1702.0,11.47,62222.190575155604,64.11,measured
8829a56e23fffff,544.0,18.25,80415.37780328342,60.02,measured
8829a56e25fffff,2347.0,12.23,88254.24524201071,64.29,measured
8829a56e27fffff,1765.0,13.68,90169.98511671551,64.25,measured
8829a56e29fffff,587.0,19.2,80157.16559424804,58.15,measured
8829a56e2bfffff,371.0,22.4,62130.0,56.7,measured
8829a56e2dfffff,2277.0,14.8,97391.3507902583,66.47,measured
8829a56e31fffff,3580.0,14.02,72765.19918556449,64.31,measured
8829a56e33fffff,2011.0,13.04,75505.16059440367,66.25,measured
8829a56e35fffff,273.0,17.01,120474.0289557342,62.54,measured
8829a56e37fffff,2285.0,9.76,77437.73826030779,64.31,measured
8829a56e39fffff,4859.0,14.48,67743.08298018613,61.92,measured
8829a56e3bfffff,5563.0,11.54,91466.41216117097,69.42,measured
8829a56e3dfffff,1188.0,13.65,84777.80617431136,63.02,measured
8829a56e41fffff,522.0,14.49,71210.12275494708,48.5,measured
8829a56e43fffff,1298.0,26.67,107298.70336791832,55.52,measured
8829a56e45fffff,194.0,34.58,103885.67292468346,57.34,measured
8829a56e47fffff,629.0,8.88,81894.37504745087,55.22,measured
8829a56e49fffff,1249.0,13.33,71832.44538153916,49.81,measured
8829a56e4bfffff,706.0,10.19,52000.00000000001,45.2,measured
8829a56e4dfffff,528.0,18.39,95443.55369413595,53.04,measured
8829a56e51fffff,1930.0,28.39,102572.26413497921,54.46,measured
8829a56e53fffff,2966.0,17.67,108557.40563605614,65.01,measured
8829a56e55fffff,2331.0,28.81,106086.71537868584,61.96,measured
8829a56e57fffff,2805.0,23.4,74664.2546019054,60.97,measured
8829a56e59fffff,858.0,17.16,131183.679015874,54.18,measured
8829a56e5bfffff,2335.0,13.57,110459.00321310997,54.01,measured
8829a56e5dfffff,1410.0,30.63,119682.84615015089,53.35,measured
8829a56e61fffff,2087.0,38.31,66445.61384628678,61.4,measured
8829a56e63fffff,943.0,18.64,91058.0,56.7,measured
8829a56e65fffff,3409.0,17.74,160693.52056771104,63.03,measured
8829a56e67fffff,812.0,18.2,130217.44969577713,65.37,measured
8829a56e69fffff,2490.0,16.37,113547.8337693441,57.59,measured
8829a56e6bfffff,1132.0,19.82,93209.10648565243,56.98,measured
8829a56e6dfffff,129.0,34.11,195792.4132815814,63.24,measured
8829a56e81fffff,2720.0,8.58,77777.60380798376,63.51,measured
8829a56e83fffff,6082.0,7.62,63564.47368829884,62.17,measured
8829a56e85fffff,1779.0,11.03,90713.7836475067,64.52,measured
8829a56e87fffff,5596.0,13.12,82966.938005703,63.46,measured
8829a56e89fffff,6126.0,7.44,55043.374370489226,62.4,measured
8829a56e8bfffff,5106.0,9.78,61592.089413690606,60.82,measured
8829a56e8dfffff,1092.0,7.95,55628.675881497395,59.82,measured
8829a56e91fffff,3984.0,11.39,64564.0622397747,56.61,measured
8829a56e93fffff,1968.0,7.41,60795.18556676178,56.04,measured
8829a56e95fffff,6018.0,7.67,61729.39796236292,59.21,measured
8829a56e97fffff,6161.0,14.11,67117.14129074344,58.62,measured
8829a56e99fffff,3594.0,12.24,99686.07365379574,68.55,measured
8829a56e9bfffff,194.0,6.95,83531.76135202368,59.71,measured
8829a56e9dfffff,5461.0,13.21,41768.86761914121,60.07,measured
8829a56ea1fffff,2865.0,18.91,86702.63427652692,67.28,measured
8829a56ea3fffff,3213.0,15.96,95347.67430423811,74.52,measured
8829a56ea5fffff,4632.0,16.76,42391.326511713174,67.4,measured
8829a56ea7fffff,3346.0,13.01,32384.219161418525,67.65,measured
8829a56ea9fffff,1622.0,22.52,112423.85580950356,72.98,measured
8829a56eabfffff,3326.0,18.31,76640.88168182045,66.97,measured
8829a56eadfffff,2105.0,22.55,78642.14321668715,69.0,measured
8829a56eb1fffff,2403.0,9.68,81073.6295416731,66.01,measured
8829a56eb3fffff,6717.0,9.82,65246.91966859793,61.67,measured
8829a56eb5fffff,1722.0,14.32,101314.65190354374,75.4,measured
8829a56eb7fffff,1804.0,22.12,105210.14589292846,78.09,measured
8829a56eb9fffff,5142.0,8.16,65284.27404370727,60.25,measured
8829a56ebbfffff,6324.0,10.49,65197.15201522347,60.64,measured
8829a56ebdfffff,3926.0,10.21,66602.62674829747,61.26,measured
8829a56ec1fffff,7317.0,7.88,71800.75545634227,67.25,measured
8829a56ec3fffff,8328.0,6.56,68789.25591389289,61.19,measured
8829a56ec5fffff,8314.0,10.25,60081.18050653379,66.7,measured
8829a56ec7fffff,8903.0,6.03,67460.09428293732,61.73,measured
8829a56ec9fffff,3885.0,18.65,105491.94596293595,71.06,measured
8829a56ecbfffff,5747.0,9.75,80018.45428357697,64.98,measured
8829a56ecdfffff,4739.0,11.24,80733.16442063567,63.55,measured
8829a56ed1fffff,5086.0,12.84,123376.5415163596,69.22,measured
8829a56ed3fffff,2131.0,18.34,147694.75779364264,79.83,measured
8829a56ed5fffff,5896.0,8.64,81305.58523739692,63.39,measured
8829a56ed7fffff,5510.0,8.72,84970.76621926858,60.03,measured
8829a56ed9fffff,2652.0,18.07,126886.56342848242,71.39,measured
8829a56edbfffff,2579.0,12.24,167066.75249585698,83.7,measured
8829a56eddfffff,4368.0,11.44,91966.33158746669,66.05,measured
8829a56ee1fffff,2823.0,19.25,86415.75589882977,70.9,measured
8829a56ee3fffff,1234.0,17.79,117202.76467852101,76.92,measured
8829a56ee5fffff,2570.0,11.92,130223.48375296345,72.51,measured
8829a56ee7fffff,1546.0,26.14,111084.52363561705,77.53,measured
8829a56ee9fffff,2138.0,23.02,81880.96066615578,64.81,measured
8829a56eebfffff,3651.0,12.67,88873.49555479086,66.81,measured
8829a56eedfffff,1190.0,16.55,92075.96860232412,64.84,measured
8829a56f01fffff,3554.0,8.41,59113.192692423865,61.44,measured
8829a56f03fffff,5106.0,9.72,57526.91211633151,67.51,measured
8829a56f05fffff,3263.0,12.52,58331.922353883616,62.45,measured
8829a56f07fffff,5635.0,11.06,57704.13891463888,59.2,measured
8829a56f09fffff,3897.0,8.83,63591.887279223636,59.57,measured
8829a56f0bfffff,4424.0,9.72,71922.75046101306,59.72,measured
8829a56f0dfffff,3033.0,10.72,85200.46766332879,66.34,measured
8829a56f11fffff,3661.0,12.96,86209.21914730036,62.49,measured
8829a56f13fffff,3227.0,12.28,114966.49326542906,64.13,measured
8829a56f15fffff,6837.0,8.32,83828.70444665763,62.25,measured
8829a56f17fffff,4534.0,8.11,94741.56221039944,61.48,measured
8829a56f19fffff,4177.0,10.2,71121.69024639425,63.0,measured
8829a56f1bfffff,3350.0,14.64,84126.17814464058,64.5,measured
8829a56f1dfffff,4112.0,11.21,80059.99869028671,64.16,measured
8829a56f21fffff,6238.0,7.36,81663.9432525069,62.53,measured
8829a56f23fffff,3729.0,11.74,72144.79446111707,65.21,measured
8829a56f25fffff,2046.0,9.16,91724.0485240371,64.16,measured
8829a56f27fffff,4776.0,7.01,79100.35435618152,63.53,measured
8829a56f29fffff,5231.0,9.34,63546.45465978313,61.68,measured
8829a56f2bfffff,4354.0,8.14,89673.94805781357,66.16,measured
8829a56f2dfffff,4461.0,7.01,65073.934253762,62.4,measured
8829a56f31fffff,5907.0,4.68,52378.65757738098,58.81,measured
8829a56f33fffff,2160.0,6.52,51186.23853348957,61.58,measured
8829a56f35fffff,3246.0,13.1,85639.53448817902,63.23,measured
8829a56f37fffff,3249.0,8.77,74007.51195095593,61.63,measured
8829a56f39fffff,2987.0,7.4,64780.74611817781,60.48,measured
8829a56f3bfffff,5013.0,5.87,61417.472120194376,62.14,measured
8829a56f3dfffff,5408.0,11.46,67131.79001800492,60.12,measured
8829a56f41fffff,363.0,16.54,93496.23033259771,56.29,measured
8829a56f43fffff,195.0,14.28,79334.52998919103,57.36,measured
8829a56f45fffff,2451.0,7.84,71399.54309687992,59.46,measured
8829a56f47fffff,1286.0,8.53,100969.5401875048,66.57,measured
8829a56f49fffff,374.0,18.3,94116.99999999999,55.1,measured
8829a56f4bfffff,374.0,18.3,94117.0,55.1,measured
8829a56f4dfffff,385.0,18.24,94766.49049294021,54.93,measured
8829a56f51fffff,2313.0,9.92,85655.8758404511,67.93,measured
8829a56f53fffff,3298.0,9.05,74414.23085596887,66.6,measured
8829a56f55fffff,2123.0,9.61,83965.64657651255,66.63,measured
8829a56f57fffff,4489.0,9.63,90761.80263902561,66.02,measured
8829a56f59fffff,369.0,14.4,139383.13517831193,61.36,measured
8829a56f5bfffff,1357.0,16.47,100396.76132791504,68.08,measured
8829a56f5dfffff,202.0,15.62,83221.68481642903,56.72,measured
8829a56f61fffff,3061.0,10.25,68660.41313958437,64.69,measured
8829a56f63fffff,5242.0,10.2,67141.43525299383,63.45,measured
8829a56f65fffff,4638.0,7.01,90591.78301138312,64.14,measured
8829a56f67fffff,3053.0,11.9,57299.92175525525,62.46,measured
8829a56f69fffff,2778.0,7.91,74583.661410069,61.24,measured
8829a56f6bfffff,4932.0,8.65,88650.03898923862,63.23,measured
8829a56f6dfffff,3602.0,7.92,82623.61688241757,58.85,measured
8829a571b3fffff,0.0,0.0,,65.01,income-model
8829a571b7fffff,0.0,0.0,,65.01,income-model
8829a57421fffff,0.0,0.0,,65.01,income-model
8829a57423fffff,0.0,0.0,,65.01,income-model
8829a57425fffff,0.0,0.0,,65.01,income-model
8829a57427fffff,0.0,0.0,,65.01,income-model
8829a57431fffff,0.0,0.0,,65.01,income-model
8829a57433fffff,0.0,0.0,,65.01,income-model
8829a57435fffff,0.0,0.0,,65.01,income-model
8829a57437fffff,0.0,0.0,,65.01,income-model
8829a57439fffff,0.0,0.0,,65.01,income-model
8829a5743bfffff,0.0,0.0,,65.01,income-model
8829a5743dfffff,0.0,0.0,,65.01,income-model
8829a57485fffff,0.0,0.0,,65.01,income-model
8829a57487fffff,0.0,0.0,,65.01,income-model
8829a5748dfffff,0.0,0.0,,65.01,income-model
8829a574a1fffff,0.0,0.0,,65.01,income-model
8829a574a3fffff,0.0,0.0,,65.01,income-model
8829a574a5fffff,0.0,0.0,,65.01,income-model
8829a574a7fffff,0.0,0.0,,65.01,income-model
8829a574a9fffff,0.0,0.0,,65.01,income-model
8829a574abfffff,0.0,0.0,,65.01,income-model
8829a574adfffff,0.0,0.0,,65.01,income-model
8829a574b1fffff,0.0,0.0,,65.01,income-model
8829a574b3fffff,0.0,0.0,,65.01,income-model
8829a574b5fffff,0.0,0.0,,65.01,income-model
8829a574b7fffff,0.0,0.0,,65.01,income-model
8829a574b9fffff,0.0,0.0,,65.01,income-model
8829a574bbfffff,0.0,0.0,,65.01,income-model
8829a574bdfffff,0.0,0.0,,65.01,income-model
8829a574e1fffff,0.0,0.0,,65.01,income-model
8829a574e3fffff,0.0,0.0,,65.01,income-model
8829a574e5fffff,0.0,0.0,,65.01,income-model
8829a574e7fffff,0.0,0.0,,65.01,income-model
8829a574e9fffff,0.0,0.0,,65.01,income-model
8829a574ebfffff,0.0,0.0,,65.01,income-model
8829a574edfffff,0.0,0.0,,65.01,income-model
8829a57501fffff,0.0,0.0,,65.01,income-model
8829a57503fffff,0.0,0.0,,65.01,income-model
8829a57505fffff,0.0,0.0,,65.01,income-model
8829a57507fffff,0.0,0.0,,65.01,income-model
8829a5750bfffff,0.0,0.0,,65.01,income-model
8829a57511fffff,0.0,0.0,,65.01,income-model
8829a57513fffff,0.0,0.0,,65.01,income-model
8829a57515fffff,0.0,0.0,,65.01,income-model
8829a57517fffff,0.0,0.0,,65.01,income-model
8829a57519fffff,0.0,0.0,,65.01,income-model
8829a5751bfffff,0.0,0.0,,65.01,income-model
8829a5751dfffff,0.0,0.0,,65.01,income-model
8829a57521fffff,0.0,0.0,,65.01,income-model
8829a57523fffff,44.0,24.78,147679.0,70.6,measured
8829a57525fffff,576.0,40.31,125593.4016505924,68.19,measured
8829a57527fffff,831.0,38.3,130105.37892184606,68.93,measured
8829a57529fffff,0.0,0.0,,65.01,income-model
8829a5752bfffff,0.0,0.0,,65.01,income-model
8829a5752dfffff,0.0,0.0,,65.01,income-model
8829a57531fffff,0.0,0.0,,65.01,income-model
8829a57533fffff,3.0,24.78,147679.0,70.6,measured
8829a57535fffff,280.0,24.83,147988.4959205567,70.6,measured
8829a57537fffff,341.0,28.07,169197.16872820482,70.6,measured
8829a57539fffff,0.0,0.0,,65.01,income-model
8829a5753bfffff,0.0,0.0,,65.01,income-model
8829a5753dfffff,0.0,0.0,,65.01,income-model
8829a57567fffff,0.0,0.0,,65.01,income-model
8829a57581fffff,671.0,24.57,163509.2666690597,68.34,measured
8829a57583fffff,458.0,23.13,179375.0,67.1,measured
8829a57585fffff,818.0,28.75,156171.95596365546,67.55,measured
8829a57587fffff,961.0,26.25,162432.27688996473,67.1,measured
8829a57589fffff,60.0,24.78,147679.0,70.6,measured
8829a5758bfffff,0.0,0.0,,65.01,income-model
8829a5758dfffff,358.0,27.36,158439.1542792007,70.68,measured
8829a57591fffff,0.0,0.0,,65.01,income-model
8829a57593fffff,0.0,0.0,,65.01,income-model
8829a57595fffff,109.0,26.52,241104.87330548235,59.85,measured
8829a57597fffff,4.0,27.01,250001.0,58.8,measured
8829a57599fffff,0.0,0.0,,65.01,income-model
8829a5759bfffff,0.0,0.0,,65.01,income-model
8829a5759dfffff,0.0,0.0,,65.01,income-model
8829a575a1fffff,994.0,29.52,216131.27491187802,73.15,measured
8829a575a3fffff,1612.0,29.47,181691.26765487329,69.2,measured
8829a575a5fffff,876.0,41.72,155505.26657090397,71.76,measured
8829a575a7fffff,1736.0,33.38,187274.84243933746,70.22,measured
8829a575a9fffff,392.0,36.02,198879.1549504548,72.69,measured
8829a575abfffff,776.0,28.52,175959.94141147778,69.38,measured
8829a575adfffff,368.0,36.13,200216.6797254085,72.65,measured
8829a575b1fffff,1103.0,21.82,212906.63751533374,59.25,measured
8829a575b3fffff,929.0,28.2,207738.84847416982,60.21,measured
8829a575b5fffff,1788.0,19.31,188401.15166597176,69.85,measured
8829a575b7fffff,1003.0,24.98,228457.19152699623,68.28,measured
8829a575b9fffff,1066.0,23.15,199341.6540311345,63.29,measured
8829a575bbfffff,830.0,27.6,244770.91297679947,58.8,measured
8829a575bdfffff,1319.0,20.79,172539.75651141698,67.43,measured
8829a575c1fffff,0.0,0.0,,65.01,income-model
8829a575c3fffff,0.0,0.0,,65.01,income-model
8829a575c5fffff,0.0,0.0,,65.01,income-model
8829a575c7fffff,0.0,0.0,,65.01,income-model
8829a575c9fffff,0.0,0.0,,65.01,income-model
8829a575cbfffff,0.0,0.0,,65.01,income-model
8829a575cdfffff,0.0,0.0,,65.01,income-model
8829a575d1fffff,0.0,0.0,,65.01,income-model
8829a575d3fffff,0.0,0.0,,65.01,income-model
8829a575d5fffff,0.0,0.0,,65.01,income-model
8829a575d7fffff,0.0,0.0,,65.01,income-model
8829a575d9fffff,0.0,0.0,,65.01,income-model
8829a575dbfffff,0.0,0.0,,65.01,income-model
8829a575ddfffff,0.0,0.0,,65.01,income-model
8829a575e1fffff,0.0,24.78,147679.0,70.6,measured
8829a575e3fffff,406.0,28.93,166596.1173926274,71.37,measured
8829a575e5fffff,193.0,28.49,168033.50579252292,71.01,measured
8829a575e7fffff,384.0,33.29,186456.37661711793,72.19,measured
8829a575e9fffff,0.0,0.0,,65.01,income-model
8829a575ebfffff,59.0,24.78,147679.0,70.6,measured
8829a575edfffff,0.0,0.0,,65.01,income-model
8829a5788bfffff,0.0,0.0,,65.01,income-model
8829a57891fffff,0.0,0.0,,65.01,income-model
8829a57893fffff,2511.0,13.7,80078.62512241864,49.48,measured
8829a57895fffff,660.0,11.62,108311.21780260777,51.16,measured
8829a57897fffff,5009.0,15.33,101310.30286825298,51.2,measured
8829a57899fffff,0.0,0.0,,65.01,income-model
8829a5789bfffff,0.0,0.0,,65.01,income-model
8829a5789dfffff,0.0,0.0,,65.01,income-model
8829a578bbfffff,5594.0,12.29,100586.60939867608,50.61,measured
8829a578cbfffff,0.0,0.0,,65.01,income-model
8829a578d1fffff,0.0,0.0,,65.01,income-model
8829a578d3fffff,0.0,0.0,,65.01,income-model
8829a578d5fffff,0.0,0.0,,65.01,income-model
8829a578d7fffff,0.0,0.0,,65.01,income-model
8829a578d9fffff,0.0,0.0,,65.01,income-model
8829a578dbfffff,0.0,0.0,,65.01,income-model
8829a578ddfffff,0.0,0.0,,65.01,income-model
8829a57a93fffff,0.0,0.0,,65.01,income-model
8829a57a97fffff,0.0,0.0,,65.01,income-model
8829a57ab1fffff,0.0,0.0,,65.01,income-model
8829a57ab3fffff,0.0,0.0,,65.01,income-model
8829a57ab5fffff,0.0,0.0,,65.01,income-model
8829a57ab7fffff,0.0,0.0,,65.01,income-model
8829a57ab9fffff,0.0,0.0,,65.01,income-model
8829a57abbfffff,0.0,0.0,,65.01,income-model
8829a57abdfffff,0.0,0.0,,65.01,income-model
