h3,pop,pct65,income,ac_est,ac_src
8828301001fffff,56.0,25.51,108189.83648268906,63.21,measured
8828301003fffff,76.0,43.0,102248.87760356329,59.22,measured
8828301005fffff,75.0,42.84,102300.77986803128,59.26,measured
8828301007fffff,77.0,43.97,101920.0267985096,59.0,measured
8828301009fffff,70.0,38.76,103688.30660580278,60.19,measured
882830100bfffff,75.0,42.2,102518.25830602512,59.4,measured
882830100dfffff,55.0,24.26,108614.11039252229,63.5,measured
8828301011fffff,77.0,43.97,101920.0,59.0,measured
8828301013fffff,388.0,20.44,114040.03730813778,59.0,measured
8828301015fffff,86.0,40.99,107045.81054767559,59.0,measured
8828301017fffff,545.0,18.18,146393.78723615737,59.0,measured
8828301019fffff,248.0,21.34,84795.8158423527,59.11,measured
882830101bfffff,298.0,20.21,83546.74588883412,59.09,measured
882830101dfffff,79.0,43.33,101381.09561819403,59.0,measured
8828301029fffff,4.0,43.97,101920.0,59.0,measured
882830102bfffff,20.0,43.97,101920.0,59.0,measured
8828301031fffff,0.0,43.97,101920.0,59.0,measured
8828301039fffff,77.0,43.97,101920.0,59.0,measured
882830103bfffff,122.0,24.05,136269.34142507738,59.0,measured
882830103dfffff,23.0,43.97,101920.0,59.0,measured
8828301041fffff,40.0,37.03,120224.18969387721,64.68,measured
8828301043fffff,67.0,35.51,104336.77519207615,59.48,measured
8828301045fffff,55.0,28.89,108879.50192020723,62.93,measured
8828301047fffff,69.0,37.71,104044.59342998193,60.43,measured
8828301049fffff,20.0,24.45,160000.0,77.1,measured
882830104bfffff,34.0,14.88,126344.3813425843,65.87,measured
882830104dfffff,20.0,24.45,159994.2997950959,77.1,measured
8828301051fffff,48.0,10.64,111442.0,60.9,measured
8828301053fffff,48.0,10.64,111442.0,60.9,measured
8828301055fffff,65.0,33.34,104956.48630320531,59.61,measured
8828301057fffff,93.0,33.15,97065.53377231375,59.22,measured
8828301059fffff,48.0,10.64,111442.0,60.9,measured
882830105bfffff,48.0,10.64,111442.0,60.9,measured
882830105dfffff,48.0,10.64,111441.99999999999,60.9,measured
8828301061fffff,55.0,24.25,108617.0,63.5,measured
8828301063fffff,54.0,29.15,106953.26342671282,62.38,measured
8828301065fffff,50.0,22.55,99257.2292878631,61.14,measured
8828301067fffff,8.0,24.25,108617.0,63.5,measured
8828301069fffff,55.0,24.25,108617.0,63.5,measured
882830106bfffff,55.0,24.25,108617.0,63.5,measured
882830106dfffff,94.0,20.11,85806.8054391693,57.75,measured
88283010c1fffff,117.0,7.18,41096.0,52.4,measured
88283010c3fffff,84.0,7.18,41096.0,52.4,measured
88283010c5fffff,253.0,15.55,103868.67980460636,57.34,measured
88283010c7fffff,29.0,7.18,41096.0,52.4,measured
88283010c9fffff,125.0,8.71,46897.02711490515,53.3,measured
88283010cbfffff,117.0,7.18,41096.0,52.4,measured
88283010cdfffff,321.0,18.14,75502.31099799246,58.01,measured
88283010d1fffff,0.0,7.18,41096.0,52.4,measured
88283010d9fffff,61.0,7.18,41096.0,52.4,measured
88283010dbfffff,0.0,7.18,41096.0,52.4,measured
88283010ddfffff,95.0,7.18,41096.0,52.4,measured
88283010e9fffff,262.0,17.47,147625.0,59.0,measured
88283010edfffff,1.0,17.47,147625.0,59.0,measured
882830110dfffff,3.0,11.77,98571.0,77.2,measured
8828301141fffff,73.0,11.77,98571.0,77.2,measured
8828301143fffff,41.0,11.77,98571.0,77.2,measured
8828301145fffff,73.0,11.77,98571.0,77.2,measured
8828301147fffff,62.0,11.77,98571.0,77.2,measured
8828301149fffff,193.0,15.19,78210.60874608211,60.27,measured
882830114bfffff,73.0,11.77,98571.0,77.2,measured
882830114dfffff,73.0,11.77,98571.0,77.2,measured
8828301159fffff,134.0,15.91,62619.0,51.9,measured
882830115dfffff,81.0,15.11,69533.35087751072,56.77,measured
8828301161fffff,25.0,18.46,110762.03123153963,86.89,measured
8828301163fffff,9.0,13.99,102610.12920201459,80.41,measured
8828301165fffff,17.0,22.88,118828.0,93.3,measured
8828301167fffff,5.0,22.88,118828.00000000001,93.3,measured
8828301169fffff,70.0,11.91,98828.89477017867,77.4,measured
882830116bfffff,73.0,11.77,98571.0,77.2,measured
882830116dfffff,17.0,22.76,118608.19062930314,93.13,measured
8828301201fffff,20.0,24.45,160000.0,77.1,measured
8828301203fffff,31.0,29.34,148963.97183572155,71.64,measured
8828301205fffff,20.0,24.45,160000.0,77.1,measured
8828301207fffff,20.0,24.45,160000.0,77.1,measured
8828301209fffff,121.0,35.88,134174.54818593114,64.33,measured
882830120bfffff,222.0,36.91,131848.34294415414,63.18,measured
882830120dfffff,20.0,24.45,160000.0,77.1,measured
8828301211fffff,770.0,19.65,118228.51033304812,77.09,measured
8828301213fffff,863.0,18.89,122660.80908401542,74.42,measured
8828301215fffff,203.0,20.0,121331.48733983721,77.1,measured
8828301217fffff,393.0,19.76,119292.23673835455,77.1,measured
8828301219fffff,286.0,34.36,129416.37661945041,65.2,measured
882830121bfffff,413.0,27.16,123940.67687915929,71.02,measured
882830121dfffff,353.0,29.83,125983.14630049664,68.86,measured
8828301221fffff,20.0,24.45,160000.0,77.1,measured
8828301223fffff,20.0,24.45,160000.0,77.1,measured
8828301225fffff,20.0,24.45,160000.0,77.1,measured
8828301227fffff,20.0,24.45,160000.0,77.1,measured
8828301229fffff,20.0,24.45,160000.0,77.1,measured
882830122bfffff,20.0,24.45,160000.0,77.1,measured
882830122dfffff,20.0,24.45,160000.0,77.1,measured
8828301231fffff,20.0,24.45,160000.0,77.1,measured
8828301233fffff,36.0,14.02,123313.7141972179,64.86,measured
8828301235fffff,20.0,24.45,160000.0,77.1,measured
8828301237fffff,40.0,12.58,118247.06120669161,63.17,measured
8828301239fffff,20.0,24.45,160000.0,77.1,measured
882830123bfffff,20.0,24.45,160000.0,77.1,measured
882830123dfffff,20.0,24.45,160000.0,77.1,measured
8828301241fffff,20.0,24.45,160000.0,77.1,measured
8828301243fffff,20.0,24.45,160000.0,77.1,measured
8828301245fffff,20.0,24.45,160000.0,77.1,measured
8828301247fffff,33.0,29.75,148033.89523548933,71.18,measured
8828301249fffff,20.0,24.45,160000.0,77.1,measured
882830124bfffff,20.0,24.45,160000.0,77.1,measured
882830124dfffff,20.0,24.45,160000.0,77.1,measured
8828301251fffff,20.0,24.45,160000.0,77.1,measured
8828301253fffff,178.0,34.95,135274.58426846477,65.19,measured
8828301255fffff,73.0,34.42,137479.46963198786,65.96,measured
8828301257fffff,174.0,36.57,132622.43786743234,63.56,measured
8828301259fffff,20.0,24.45,160000.0,77.1,measured
882830125bfffff,97.0,24.05,154030.01493747186,76.27,measured
882830125dfffff,20.0,24.45,160000.0,77.1,measured
8828301261fffff,20.0,24.45,160000.0,77.1,measured
8828301263fffff,20.0,24.45,160000.0,77.1,measured
8828301265fffff,20.0,24.45,160000.0,77.1,measured
8828301267fffff,20.0,24.45,160000.0,77.1,measured
8828301269fffff,20.0,24.45,160000.0,77.1,measured
882830126bfffff,20.0,24.45,160000.0,77.1,measured
882830126dfffff,20.0,24.45,160000.0,77.1,measured
8828301281fffff,1419.0,21.94,121628.07733955844,62.99,measured
8828301283fffff,1273.0,17.14,156555.5199501604,72.33,measured
8828301285fffff,1151.0,22.38,95696.55366917963,60.9,measured
8828301287fffff,1207.0,20.51,120048.76628091204,56.49,measured
8828301289fffff,965.0,25.22,117695.67664394536,60.1,measured
882830128bfffff,1547.0,16.5,170431.74779264344,75.97,measured
882830128dfffff,558.0,26.29,103332.22931887416,60.55,measured
8828301291fffff,0.0,0.0,,66.44,income-model
8828301293fffff,0.0,0.0,,66.44,income-model
8828301295fffff,936.0,18.13,107698.57860874767,68.36,measured
8828301297fffff,0.0,0.0,,66.44,income-model
8828301299fffff,858.0,10.36,146565.63144681577,71.56,measured
882830129bfffff,0.0,0.0,,66.44,income-model
882830129dfffff,1067.0,13.21,133267.44217310892,82.09,measured
88283012a1fffff,48.0,10.64,111442.0,60.9,measured
88283012a3fffff,70.0,8.82,74385.8035898081,56.42,measured
88283012a5fffff,48.0,10.64,111442.0,60.9,measured
88283012a7fffff,119.0,16.91,91563.25792944558,59.64,measured
88283012a9fffff,48.0,10.64,111441.99999999999,60.9,measured
88283012abfffff,48.0,10.64,111442.0,60.9,measured
88283012adfffff,48.0,10.64,111442.00000000001,60.9,measured
88283012b1fffff,322.0,10.5,56108.50888012215,52.4,measured
88283012b3fffff,0.0,0.0,,66.44,income-model
88283012b5fffff,117.0,7.18,41096.0,52.4,measured
88283012b7fffff,111.0,7.18,41096.0,52.4,measured
88283012b9fffff,2468.0,15.21,74541.26996086758,52.4,measured
88283012bbfffff,256.0,20.81,66383.96390304723,52.4,measured
88283012bdfffff,113.0,7.28,43008.934059165345,52.63,measured
88283012c1fffff,745.0,18.86,132331.9988614839,71.39,measured
88283012c3fffff,1854.0,21.89,133804.14342558075,68.07,measured
88283012c5fffff,1897.0,16.1,144265.770639513,60.87,measured
88283012c7fffff,1866.0,19.21,142825.42650264708,60.15,measured
88283012c9fffff,511.0,31.15,143775.5369120983,67.23,measured
88283012cbfffff,884.0,29.99,158564.70119569203,71.42,measured
88283012cdfffff,500.0,22.51,126392.45065076047,71.2,measured
88283012d1fffff,2099.0,18.93,114543.20898887324,59.03,measured
88283012d3fffff,1955.0,14.29,125085.02952966807,66.67,measured
88283012d5fffff,1921.0,16.06,123856.52859011007,59.71,measured
88283012d7fffff,2040.0,15.26,133096.5264561909,71.04,measured
88283012d9fffff,1382.0,23.96,122615.10931951443,56.48,measured
88283012dbfffff,1990.0,14.47,114366.55437519989,54.58,measured
88283012ddfffff,1151.0,26.36,150751.06081864864,67.41,measured
88283012e1fffff,30.0,16.57,132267.53541271598,67.85,measured
88283012e3fffff,43.0,11.84,115666.38797474792,62.31,measured
88283012e5fffff,48.0,10.64,111442.0,60.9,measured
88283012e7fffff,48.0,10.64,111442.00000000001,60.9,measured
88283012e9fffff,392.0,26.36,129561.05298689498,66.45,measured
88283012ebfffff,506.0,33.6,131866.7989274837,60.47,measured
88283012edfffff,21.0,22.91,154562.33334897854,75.29,measured
8828301301fffff,678.0,16.25,101229.45013203898,65.5,measured
8828301303fffff,55.0,24.25,108911.85828937244,63.58,measured
8828301305fffff,1864.0,11.77,135138.27604090096,75.46,measured
8828301307fffff,765.0,20.03,107119.68375275098,66.29,measured
8828301309fffff,29.0,24.08,135688.99601513255,70.83,measured
882830130bfffff,29.0,24.35,134585.84146741676,70.37,measured
882830130dfffff,1058.0,19.18,124363.11615832117,75.17,measured
8828301311fffff,37.0,24.3,122514.77830987322,67.18,measured
8828301313fffff,49.0,24.26,112384.12482484318,64.5,measured
8828301315fffff,55.0,24.25,108617.0,63.5,measured
8828301317fffff,55.0,24.25,108617.0,63.5,measured
8828301319fffff,20.0,24.45,160000.0,77.1,measured
882830131bfffff,20.0,24.45,160000.0,77.1,measured
882830131dfffff,24.0,24.4,147191.85822411484,73.71,measured
8828301321fffff,1610.0,10.07,136564.89357681762,76.39,measured
8828301323fffff,1041.0,11.33,97532.40739801661,68.5,measured
8828301325fffff,459.0,12.16,125390.76706898144,77.2,measured
8828301327fffff,73.0,11.77,98571.0,77.2,measured
8828301329fffff,1923.0,13.01,149389.93873112198,80.45,measured
882830132bfffff,1786.0,17.65,114258.93325820519,73.21,measured
882830132dfffff,1359.0,13.26,165667.68525081055,86.47,measured
8828301331fffff,419.0,14.32,72485.0243629046,52.28,measured
8828301333fffff,285.0,16.14,63891.34241050054,52.22,measured
8828301335fffff,506.0,16.48,70025.77944587861,53.66,measured
8828301337fffff,313.0,15.86,62974.0179268041,52.15,measured
8828301339fffff,788.0,15.19,92883.91735240568,62.57,measured
882830133bfffff,106.0,19.45,82141.94205420217,56.82,measured
882830133dfffff,1707.0,14.05,110367.3107230418,58.84,measured
8828301341fffff,20.0,24.45,160000.0,77.1,measured
8828301343fffff,20.0,24.45,160000.0,77.1,measured
8828301345fffff,315.0,24.75,183296.6757042424,90.99,measured
8828301347fffff,27.0,28.84,152468.15311861906,80.72,measured
8828301349fffff,20.0,24.45,160000.0,77.1,measured
882830134bfffff,20.0,24.45,160000.0,77.1,measured
882830134dfffff,148.0,24.45,191190.9824012239,90.82,measured
8828301351fffff,20.0,24.45,160000.0,77.1,measured
8828301353fffff,20.0,24.45,160000.0,77.1,measured
8828301355fffff,20.0,24.45,160000.0,77.1,measured
8828301357fffff,20.0,24.45,160000.0,77.1,measured
8828301359fffff,20.0,24.45,160000.0,77.1,measured
882830135bfffff,20.0,24.45,160000.0,77.1,measured
882830135dfffff,20.0,24.45,160000.0,77.1,measured
8828301361fffff,867.0,19.48,161091.02432480396,85.2,measured
8828301363fffff,1121.0,15.07,150808.82459459623,84.57,measured
8828301365fffff,1595.0,15.92,115648.64907029929,85.58,measured
8828301367fffff,1568.0,13.39,165034.6317154933,88.52,measured
8828301369fffff,706.0,22.97,160582.5909597837,89.69,measured
882830136bfffff,689.0,28.44,154930.6300573545,88.64,measured
882830136dfffff,1021.0,20.29,143363.1215480371,88.38,measured
8828301601fffff,0.0,0.0,,66.44,income-model
8828301605fffff,0.0,0.0,,66.44,income-model
8828301609fffff,0.0,0.0,,66.44,income-model
882830160dfffff,0.0,0.0,,66.44,income-model
8828301621fffff,0.0,0.0,,66.44,income-model
8828301625fffff,0.0,0.0,,66.44,income-model
8828301627fffff,0.0,0.0,,66.44,income-model
8828301629fffff,0.0,0.0,,66.44,income-model
882830162bfffff,0.0,0.0,,66.44,income-model
882830162dfffff,0.0,0.0,,66.44,income-model
8828301641fffff,0.0,0.0,,66.44,income-model
8828301643fffff,0.0,0.0,,66.44,income-model
8828301645fffff,0.0,0.0,,66.44,income-model
8828301647fffff,0.0,0.0,,66.44,income-model
8828301649fffff,0.0,0.0,,66.44,income-model
882830164bfffff,0.0,0.0,,66.44,income-model
882830164dfffff,0.0,0.0,,66.44,income-model
8828301661fffff,0.0,0.0,,66.44,income-model
8828301663fffff,0.0,0.0,,66.44,income-model
8828301665fffff,0.0,0.0,,66.44,income-model
8828301667fffff,0.0,0.0,,66.44,income-model
8828301669fffff,0.0,0.0,,66.44,income-model
882830166bfffff,0.0,0.0,,66.44,income-model
882830166dfffff,0.0,0.0,,66.44,income-model
8828301701fffff,0.0,0.0,,66.44,income-model
8828301703fffff,0.0,0.0,,66.44,income-model
8828301705fffff,0.0,0.0,,66.44,income-model
8828301707fffff,0.0,0.0,,66.44,income-model
8828301709fffff,0.0,0.0,,66.44,income-model
882830170bfffff,0.0,0.0,,66.44,income-model
882830170dfffff,0.0,0.0,,66.44,income-model
8828301711fffff,0.0,0.0,,66.44,income-model
8828301713fffff,0.0,0.0,,66.44,income-model
8828301715fffff,0.0,0.0,,66.44,income-model
8828301719fffff,0.0,0.0,,66.44,income-model
882830171bfffff,0.0,0.0,,66.44,income-model
882830171dfffff,0.0,0.0,,66.44,income-model
8828301729fffff,0.0,0.0,,66.44,income-model
8828301741fffff,0.0,0.0,,66.44,income-model
8828301743fffff,0.0,0.0,,66.44,income-model
8828301745fffff,0.0,0.0,,66.44,income-model
8828301747fffff,0.0,0.0,,66.44,income-model
8828301749fffff,0.0,0.0,,66.44,income-model
882830174bfffff,0.0,0.0,,66.44,income-model
882830174dfffff,0.0,0.0,,66.44,income-model
8828301751fffff,0.0,0.0,,66.44,income-model
8828301753fffff,0.0,0.0,,66.44,income-model
8828301755fffff,0.0,0.0,,66.44,income-model
8828301757fffff,0.0,0.0,,66.44,income-model
8828301759fffff,0.0,0.0,,66.44,income-model
882830175bfffff,0.0,0.0,,66.44,income-model
882830175dfffff,0.0,0.0,,66.44,income-model
8828301761fffff,0.0,0.0,,66.44,income-model
8828301763fffff,0.0,0.0,,66.44,income-model
8828301765fffff,0.0,0.0,,66.44,income-model
8828301767fffff,0.0,0.0,,66.44,income-model
8828301769fffff,0.0,0.0,,66.44,income-model
882830176bfffff,0.0,0.0,,66.44,income-model
882830176dfffff,0.0,0.0,,66.44,income-model
8828301a09fffff,3.0,22.88,118828.0,93.3,measured
8828301a41fffff,17.0,22.88,118828.0,93.3,measured
8828301a43fffff,17.0,22.88,118828.0,93.3,measured
8828301a45fffff,17.0,22.88,118828.0,93.3,measured
8828301a47fffff,16.0,22.88,118828.0,93.3,measured
8828301a49fffff,17.0,22.88,118828.0,93.3,measured
8828301a4bfffff,17.0,22.88,118828.0,93.3,measured
8828301a4dfffff,17.0,22.88,118828.0,93.3,measured
8828301a51fffff,15.0,22.88,118828.0,93.3,measured
8828301a55fffff,11.0,22.88,118828.0,93.3,measured
8828301a57fffff,0.0,22.88,118828.00000000001,93.3,measured
8828301a59fffff,17.0,22.88,118828.0,93.3,measured
8828301a5bfffff,9.0,22.88,118828.0,93.3,measured
8828301a5dfffff,17.0,22.88,118828.0,93.3,measured
8828301a61fffff,13.0,22.88,118828.0,93.3,measured
8828301a65fffff,11.0,22.88,118827.99999999999,93.3,measured
8828301a69fffff,17.0,22.88,118828.0,93.3,measured
8828301a6bfffff,12.0,22.88,118828.0,93.3,measured
8828301a6dfffff,17.0,22.88,118828.0,93.3,measured
8828301b41fffff,74.0,8.93,81612.0,73.6,measured
8828301b49fffff,255.0,8.93,81612.0,73.6,measured
8828301b4bfffff,249.0,8.93,81612.0,73.6,measured
8828301b4dfffff,147.0,8.86,81669.71645712404,73.62,measured
8828301b59fffff,9.0,22.88,118828.0,93.3,measured
8828301b5dfffff,70.0,9.06,81966.67348319787,73.79,measured
8828305245fffff,2.0,8.31,158608.0,95.9,measured
8828305261fffff,19.0,8.31,158608.0,95.9,measured
8828305263fffff,5.0,8.31,158608.0,95.9,measured
8828305265fffff,19.0,8.31,158608.0,95.9,measured
8828305267fffff,10.0,8.31,158608.0,95.9,measured
8828305269fffff,19.0,8.31,158608.0,95.9,measured
882830526bfffff,9.0,8.31,158608.0,95.9,measured
882830526dfffff,19.0,8.31,158608.0,95.9,measured
8828305341fffff,19.0,8.31,158608.0,95.9,measured
8828305343fffff,10.0,8.31,158608.0,95.9,measured
8828305345fffff,19.0,8.31,158608.0,95.9,measured
8828305347fffff,13.0,8.31,158608.0,95.9,measured
8828305349fffff,19.0,8.31,158608.0,95.9,measured
882830534bfffff,14.0,8.31,158608.0,95.9,measured
882830534dfffff,19.0,8.31,158608.0,95.9,measured
8828305359fffff,8.0,8.31,158608.0,95.9,measured
882830535bfffff,3.0,8.31,158608.0,95.9,measured
8828305369fffff,19.0,8.31,158608.0,95.9,measured
882830536dfffff,11.0,8.31,158608.0,95.9,measured
8828308801fffff,692.0,26.93,238702.40388710424,90.12,measured
8828308803fffff,709.0,40.32,197521.78839109343,90.6,measured
8828308805fffff,706.0,22.4,248262.83828911182,90.3,measured
8828308807fffff,712.0,32.36,219751.62266595356,90.47,measured
8828308809fffff,301.0,16.79,249317.34450737017,79.21,measured
882830880bfffff,252.0,32.51,208285.87179994825,88.15,measured
882830880dfffff,682.0,27.17,249509.6046315808,90.3,measured
8828308811fffff,160.0,19.53,223207.0,87.5,measured
8828308813fffff,143.0,19.91,222325.25920162592,86.98,measured
8828308815fffff,372.0,23.32,246046.4533256019,90.59,measured
8828308817fffff,274.0,17.04,,90.6,measured
8828308819fffff,124.0,21.29,223207.0,85.3,measured
882830881bfffff,124.0,21.29,223207.0,85.3,measured
882830881dfffff,193.0,26.75,222841.22974035863,87.75,measured
8828308821fffff,370.0,28.17,245073.54998495965,88.93,measured
8828308823fffff,290.0,24.4,250000.99999999997,90.15,measured
8828308825fffff,443.0,25.12,250001.0,88.4,measured
8828308827fffff,432.0,24.92,250000.99999999997,88.45,measured
8828308829fffff,517.0,33.58,238140.27770576705,88.01,measured
882830882bfffff,380.0,32.98,228079.75340261354,90.39,measured
882830882dfffff,324.0,21.65,218314.5579120637,85.03,measured
8828308831fffff,394.0,25.11,250001.0,90.6,measured
8828308833fffff,263.0,24.19,250001.0,90.6,measured
8828308835fffff,339.0,24.81,250000.99999999997,90.6,measured
8828308837fffff,263.0,24.19,250001.0,90.6,measured
8828308839fffff,552.0,33.22,222351.03510920482,90.6,measured
882830883bfffff,353.0,22.81,250001.00000000003,90.6,measured
882830883dfffff,541.0,34.69,216916.87921464868,90.6,measured
8828308841fffff,213.0,12.09,250000.99999999997,72.2,measured
8828308843fffff,222.0,10.43,250001.00000000003,72.2,measured
8828308845fffff,412.0,22.75,233236.92205984204,76.36,measured
8828308847fffff,540.0,17.73,224598.95692067774,87.6,measured
8828308849fffff,212.0,12.19,250001.0,72.2,measured
882830884bfffff,219.0,10.88,250001.0,72.2,measured
882830884dfffff,212.0,12.19,250001.0,72.2,measured
8828308851fffff,154.0,16.47,235077.59649689536,79.5,measured
8828308853fffff,124.0,21.29,223207.0,85.3,measured
8828308855fffff,175.0,14.1,240911.59704281035,76.64,measured
8828308857fffff,124.0,21.29,223207.0,85.3,measured
8828308859fffff,219.0,10.61,249491.65971594295,72.45,measured
882830885bfffff,127.0,20.69,224699.88977531364,84.57,measured
882830885dfffff,222.0,10.41,250001.0,72.2,measured
8828308861fffff,421.0,20.86,192346.6422911685,79.83,measured
8828308863fffff,633.0,27.66,249276.9309872139,88.63,measured
8828308865fffff,291.0,17.1,198949.546091845,84.2,measured
8828308867fffff,271.0,14.64,198355.40045478754,84.2,measured
8828308869fffff,593.0,25.62,208385.72331276248,72.17,measured
882830886bfffff,637.0,26.12,233968.20032094192,85.21,measured
882830886dfffff,726.0,12.57,140455.94960355485,73.97,measured
8828308881fffff,20.0,24.45,160000.0,77.1,measured
8828308883fffff,20.0,24.45,160000.0,77.1,measured
8828308885fffff,20.0,24.45,160000.0,77.1,measured
8828308887fffff,20.0,24.45,160000.0,77.1,measured
8828308889fffff,20.0,24.45,160000.0,77.1,measured
882830888bfffff,20.0,24.45,160000.0,77.1,measured
882830888dfffff,20.0,24.45,160000.0,77.1,measured
8828308891fffff,20.0,24.45,160000.0,77.1,measured
8828308893fffff,25.0,23.05,148306.9542866414,74.01,measured
8828308895fffff,20.0,24.45,160000.0,77.1,measured
8828308897fffff,20.0,24.45,160000.0,77.1,measured
8828308899fffff,115.0,18.85,113350.33547323025,64.78,measured
882830889bfffff,192.0,18.37,109388.34162337503,63.73,measured
882830889dfffff,20.0,24.45,160000.0,77.1,measured
88283088a1fffff,20.0,24.45,160000.0,77.1,measured
88283088a3fffff,20.0,24.45,160000.0,77.1,measured
88283088a5fffff,20.0,24.45,160000.0,77.1,measured
88283088a7fffff,20.0,24.45,160000.0,77.1,measured
88283088a9fffff,20.0,24.45,160000.0,77.1,measured
88283088abfffff,20.0,24.45,160000.0,77.1,measured
88283088adfffff,20.0,24.45,160000.0,77.1,measured
88283088b1fffff,20.0,24.45,160000.0,77.1,measured
88283088b3fffff,20.0,24.45,160000.0,77.1,measured
88283088b5fffff,20.0,24.45,160000.0,77.1,measured
88283088b7fffff,20.0,24.45,160000.0,77.1,measured
88283088b9fffff,20.0,24.45,160000.0,77.1,measured
88283088bbfffff,20.0,24.45,160000.0,77.1,measured
88283088bdfffff,20.0,24.45,160000.0,77.1,measured
88283088c1fffff,57.0,22.01,208809.9500052633,83.43,measured
88283088c3fffff,20.0,24.45,160140.50824713393,77.12,measured
88283088c5fffff,30.0,23.19,185182.84598546257,80.37,measured
88283088c7fffff,20.0,24.45,160000.0,77.1,measured
88283088c9fffff,124.0,21.29,223207.0,85.3,measured
88283088cbfffff,111.0,21.36,221793.01568031684,85.12,measured
88283088cdfffff,124.0,21.29,223186.6675026413,85.3,measured
88283088d1fffff,20.0,24.45,160000.0,77.1,measured
88283088d3fffff,20.0,24.45,160000.0,77.1,measured
88283088d5fffff,20.0,24.45,160000.0,77.1,measured
88283088d7fffff,20.0,24.45,160000.0,77.1,measured
88283088d9fffff,16.0,24.45,160000.0,77.1,measured
88283088dbfffff,246.0,26.52,210254.75064458782,78.69,measured
88283088ddfffff,64.0,21.86,211941.4320115273,83.84,measured
88283088e1fffff,68.0,24.25,228655.7574613537,87.4,measured
88283088e3fffff,20.0,24.45,160000.0,77.1,measured
88283088e5fffff,263.0,24.19,250001.0,90.6,measured
88283088e7fffff,36.0,24.33,203541.19460649588,83.63,measured
88283088e9fffff,178.0,20.17,241481.30310097936,90.04,measured
88283088ebfffff,20.0,24.45,160466.8262470511,77.17,measured
88283088edfffff,268.0,20.82,250001.0,90.6,measured
8828308901fffff,566.0,20.68,165773.59831848426,84.27,measured
8828308903fffff,230.0,16.95,248249.3941401644,89.29,measured
8828308905fffff,511.0,19.06,186820.15645893593,86.05,measured
8828308907fffff,220.0,21.68,238709.4321100759,89.97,measured
8828308909fffff,1045.0,24.98,189108.07276505404,82.0,measured
882830890bfffff,660.0,21.84,140419.2967177977,83.67,measured
882830890dfffff,1284.0,22.26,133853.95652310117,82.0,measured
8828308911fffff,214.0,15.71,250001.0,89.5,measured
8828308913fffff,108.0,21.55,250001.0,94.43,measured
8828308915fffff,154.0,21.97,245930.99597238164,91.79,measured
8828308917fffff,98.0,22.7,250001.0,95.4,measured
8828308919fffff,409.0,23.68,250001.0,88.4,measured
882830891bfffff,349.0,20.46,250000.99999999997,88.4,measured
882830891dfffff,273.0,14.34,250001.0,88.41,measured
8828308921fffff,725.0,25.09,174924.7571115793,87.22,measured
8828308923fffff,816.0,27.83,154871.1258233768,84.66,measured
8828308925fffff,2028.0,19.47,165396.94309576947,80.44,measured
8828308927fffff,1439.0,18.87,143621.68784481613,81.56,measured
8828308929fffff,523.0,15.21,182088.58573773457,87.8,measured
882830892bfffff,589.0,25.0,191385.63397826263,86.67,measured
882830892dfffff,1209.0,25.57,144682.8214111323,86.45,measured
8828308931fffff,360.0,17.07,232327.5779091157,95.4,measured
8828308933fffff,234.0,18.21,235900.98046866755,95.4,measured
8828308935fffff,729.0,26.26,176473.04415338492,87.57,measured
8828308937fffff,495.0,16.5,230533.86376562828,95.4,measured
8828308939fffff,242.0,21.73,243143.11103020344,89.54,measured
882830893bfffff,139.0,22.22,246604.16054371817,92.5,measured
882830893dfffff,597.0,25.5,179976.18698348338,88.24,measured
8828308941fffff,572.0,20.62,250001.0,89.9,measured
8828308943fffff,662.0,21.82,250001.0,87.68,measured
8828308945fffff,721.0,23.77,227742.3043313236,84.52,measured
8828308947fffff,936.0,23.82,233265.35682713432,82.6,measured
8828308949fffff,361.0,21.78,250001.0,89.9,measured
882830894bfffff,361.0,21.78,250001.00000000003,89.9,measured
882830894dfffff,584.0,23.44,249473.9831461751,89.69,measured
8828308951fffff,370.0,12.77,187135.96834257143,84.2,measured
8828308953fffff,354.0,20.92,229661.54198366503,86.77,measured
8828308955fffff,1300.0,14.31,186769.71835173212,83.97,measured
8828308957fffff,996.0,11.8,181724.05211422572,85.05,measured
8828308959fffff,351.0,22.84,201480.34948068278,84.2,measured
882830895bfffff,269.0,14.31,197721.0,84.2,measured
882830895dfffff,332.0,19.85,236502.86398409214,88.43,measured
8828308961fffff,899.0,20.17,165393.20352864024,83.51,measured
8828308963fffff,1256.0,19.85,138223.24783957313,83.4,measured
8828308965fffff,1196.0,17.65,138404.5371745621,84.22,measured
8828308967fffff,841.0,18.75,141376.89650650226,84.94,measured
8828308969fffff,1048.0,76.58,103602.2372130065,76.31,measured
882830896bfffff,802.0,18.21,196164.3505435387,82.92,measured
882830896dfffff,1537.0,34.13,139537.0736399027,85.6,measured
8828308981fffff,20.0,24.45,160000.0,77.1,measured
8828308983fffff,20.0,24.45,160000.0,77.1,measured
8828308985fffff,20.0,24.45,160000.0,77.1,measured
8828308987fffff,20.0,24.45,160000.0,77.1,measured
8828308989fffff,23.0,24.2,172876.4594155051,79.72,measured
882830898bfffff,20.0,24.45,160000.0,77.1,measured
882830898dfffff,44.0,23.25,222021.855359867,89.71,measured
8828308991fffff,20.0,24.45,160000.0,77.1,measured
8828308993fffff,20.0,24.45,160000.0,77.1,measured
8828308995fffff,20.0,24.45,160000.0,77.1,measured
8828308997fffff,20.0,24.45,160000.0,77.1,measured
8828308999fffff,20.0,24.45,160000.0,77.1,measured
882830899bfffff,20.0,24.45,160000.0,77.1,measured
882830899dfffff,20.0,24.45,160000.0,77.1,measured
88283089a1fffff,82.0,22.79,245486.0594416072,94.48,measured
88283089a3fffff,25.0,24.04,181131.1255533704,81.4,measured
88283089a5fffff,98.0,22.7,250000.99999999997,95.4,measured
88283089a7fffff,81.0,22.8,245116.80166109497,94.41,measured
88283089a9fffff,58.0,23.01,234083.32524660573,92.16,measured
88283089abfffff,20.0,24.45,160000.0,77.1,measured
88283089adfffff,98.0,22.7,250000.99999999997,95.4,measured
88283089b1fffff,20.0,24.45,160000.0,77.1,measured
88283089b3fffff,20.0,24.45,160000.0,77.1,measured
88283089b5fffff,20.0,24.45,160000.0,77.1,measured
88283089b7fffff,20.0,24.45,160000.0,77.1,measured
88283089b9fffff,20.0,24.45,160000.0,77.1,measured
88283089bbfffff,20.0,24.45,160000.0,77.1,measured
88283089bdfffff,20.0,24.45,160000.0,77.1,measured
88283089c1fffff,272.0,15.32,250001.0,88.62,measured
88283089c3fffff,104.0,22.55,243486.0010074941,91.22,measured
88283089c5fffff,186.0,16.53,250001.0,90.23,measured
88283089c7fffff,115.0,20.35,249162.5490309302,93.25,measured
88283089c9fffff,271.0,19.79,250001.00000000003,89.54,measured
88283089cbfffff,264.0,23.55,250001.00000000003,90.46,measured
88283089cdfffff,206.0,15.88,250000.99999999997,89.68,measured
88283089d1fffff,20.0,24.45,160000.0,77.1,measured
88283089d3fffff,20.0,24.45,160000.0,77.1,measured
88283089d5fffff,20.0,24.45,160000.0,77.1,measured
88283089d7fffff,20.0,24.45,160000.0,77.1,measured
88283089d9fffff,194.0,24.2,247361.92613393805,90.2,measured
88283089dbfffff,60.0,24.26,225099.20210977268,86.86,measured
88283089ddfffff,85.0,24.24,234432.16506370547,88.26,measured
88283089e1fffff,98.0,22.7,250001.00000000003,95.4,measured
88283089e3fffff,80.0,22.81,244760.1651494733,94.33,measured
88283089e5fffff,98.0,22.7,250001.0,95.4,measured
88283089e7fffff,98.0,22.7,250001.0,95.4,measured
88283089e9fffff,98.0,22.7,250001.0,95.4,measured
88283089ebfffff,98.0,22.7,250001.0,95.4,measured
88283089edfffff,98.0,22.7,250001.00000000003,95.4,measured
8828308a05fffff,27.0,30.16,176318.0,65.6,measured
8828308a21fffff,143.0,30.16,176318.0,65.6,measured
8828308a23fffff,201.0,14.17,241853.02891787622,71.47,measured
8828308a25fffff,143.0,30.16,176318.0,65.6,measured
8828308a27fffff,187.0,17.17,229583.93320055827,70.37,measured
8828308a29fffff,143.0,30.16,176318.0,65.6,measured
8828308a2bfffff,59.0,29.33,179737.09118169628,65.91,measured
8828308a2dfffff,143.0,30.16,176318.0,65.6,measured
8828308a31fffff,61.0,12.18,250001.0,72.2,measured
8828308a33fffff,81.0,10.41,250000.99999999997,72.2,measured
8828308a35fffff,214.0,11.91,250001.00000000003,72.2,measured
8828308a37fffff,222.0,10.47,250001.0,72.2,measured
8828308a3dfffff,80.0,12.19,250000.2793441989,72.2,measured
8828308a61fffff,40.0,30.16,176318.0,65.6,measured
8828308a63fffff,86.0,30.16,176318.0,65.6,measured
8828308a65fffff,103.0,30.16,176318.0,65.6,measured
8828308a67fffff,143.0,30.16,176318.0,65.6,measured
8828308aa1fffff,25.0,21.29,223207.0,85.3,measured
8828308aa3fffff,81.0,21.29,223207.0,85.3,measured
8828308aa5fffff,124.0,21.29,223207.0,85.3,measured
8828308aa7fffff,124.0,21.29,223207.0,85.3,measured
8828308aadfffff,42.0,21.29,223207.00000000003,85.3,measured
8828308ab1fffff,16.0,21.29,223207.0,85.3,measured
8828308ab3fffff,0.0,0.0,,66.44,income-model
8828308ab5fffff,120.0,21.31,222860.83964661238,85.26,measured
8828308ab7fffff,26.0,22.97,189680.98898896202,80.95,measured
8828308abdfffff,19.0,21.29,223207.0,85.3,measured
8828308ae5fffff,40.0,16.19,235759.29851147416,79.16,measured
8828308ae7fffff,13.0,21.29,223207.0,85.3,measured
8828308b01fffff,582.0,20.85,248352.57681862297,77.76,measured
8828308b03fffff,630.0,25.21,199896.0,72.1,measured
8828308b05fffff,315.0,14.38,248711.84045949404,92.4,measured
8828308b07fffff,315.0,21.24,230660.3456752608,83.94,measured
8828308b09fffff,417.0,21.65,223044.20755908734,83.2,measured
8828308b0bfffff,424.0,24.93,176318.0,70.86,measured
8828308b0dfffff,482.0,12.09,247423.70841352476,90.6,measured
8828308b11fffff,466.0,28.28,214570.94855462448,71.98,measured
8828308b13fffff,358.0,23.79,237133.78814120826,72.2,measured
8828308b15fffff,480.0,27.49,199896.0,72.1,measured
8828308b17fffff,531.0,23.82,184875.38263797775,72.1,measured
8828308b19fffff,144.0,29.71,178189.0316767086,65.77,measured
8828308b1bfffff,208.0,16.73,236508.28066353896,71.14,measured
8828308b1dfffff,437.0,26.13,194970.54244208327,71.35,measured
8828308b21fffff,259.0,18.74,250001.0,93.17,measured
8828308b23fffff,333.0,21.02,250001.0,90.54,measured
8828308b25fffff,378.0,26.11,250000.99999999997,91.05,measured
8828308b27fffff,446.0,27.4,250001.00000000003,89.9,measured
8828308b29fffff,267.0,15.53,249352.8831246295,93.3,measured
8828308b2bfffff,232.0,16.69,250001.0,94.2,measured
8828308b2dfffff,232.0,16.69,250001.0,94.2,measured
8828308b31fffff,650.0,22.98,174968.5253370958,79.3,measured
8828308b33fffff,602.0,33.89,204716.76778577594,83.9,measured
8828308b35fffff,359.0,21.74,250000.99999999997,89.94,measured
8828308b37fffff,465.0,29.09,222710.65318663145,86.35,measured
8828308b39fffff,716.0,14.87,147863.89613580532,72.1,measured
8828308b3bfffff,831.0,11.37,133465.3412128971,72.11,measured
8828308b3dfffff,297.0,14.97,215142.40210918713,87.72,measured
8828308b41fffff,237.0,19.87,250001.0,90.6,measured
8828308b43fffff,223.0,23.22,226993.3252133129,84.31,measured
8828308b45fffff,343.0,18.56,247782.27806370688,90.6,measured
8828308b47fffff,583.0,17.91,247509.75591017972,90.6,measured
8828308b49fffff,223.0,19.4,250001.0,90.6,measured
8828308b4bfffff,223.0,19.4,250001.0,90.6,measured
8828308b4dfffff,204.0,19.25,249772.5558307238,90.6,measured
8828308b51fffff,143.0,30.16,176318.0,65.6,measured
8828308b53fffff,143.0,30.16,176318.0,65.6,measured
8828308b55fffff,143.0,30.16,176318.0,65.6,measured
8828308b57fffff,143.0,30.16,176318.0,65.6,measured
8828308b59fffff,125.0,30.16,176318.0,65.6,measured
8828308b5bfffff,143.0,30.16,176318.0,65.6,measured
8828308b5dfffff,182.0,23.74,220307.6221055636,80.53,measured
8828308b61fffff,181.0,14.41,247917.66380667282,90.6,measured
8828308b63fffff,391.0,12.74,247732.03162377156,90.98,measured
8828308b65fffff,133.0,17.9,249774.46791706933,93.11,measured
8828308b67fffff,369.0,13.43,248177.81429699526,91.66,measured
8828308b69fffff,50.0,24.21,250001.0,90.6,measured
8828308b6bfffff,89.0,18.23,248729.29758300862,90.6,measured
8828308b6dfffff,50.0,24.21,250001.0,90.6,measured
8828308c01fffff,4359.0,11.75,84205.8359300344,47.75,measured
8828308c03fffff,1334.0,8.28,66261.9920772596,49.82,measured
8828308c05fffff,3611.0,9.46,97857.17307994484,46.17,measured
8828308c07fffff,5595.0,7.83,84248.15468470867,47.6,measured
8828308c09fffff,4601.0,12.72,70609.3687005315,50.42,measured
8828308c0bfffff,2315.0,7.68,71760.15341037171,49.86,measured
8828308c0dfffff,4968.0,9.06,74562.93715422631,48.82,measured
8828308c11fffff,1105.0,11.36,80885.61349724728,51.5,measured
8828308c13fffff,267.0,10.33,75260.0,51.6,measured
8828308c15fffff,1689.0,10.06,79060.04855576472,51.6,measured
8828308c17fffff,266.0,10.35,75258.2665320237,51.66,measured
8828308c19fffff,101.0,29.78,121250.0,47.3,measured
8828308c1bfffff,154.0,19.09,95973.12035210751,49.66,measured
8828308c1dfffff,506.0,7.18,79369.19715747249,50.82,measured
8828308c21fffff,1794.0,27.07,88639.55211510554,52.03,measured
8828308c23fffff,3160.0,8.61,86216.90695614406,53.39,measured
8828308c25fffff,862.0,16.08,91786.97526296071,60.35,measured
8828308c27fffff,2647.0,11.62,120215.13334760572,53.53,measured
8828308c29fffff,3237.0,9.81,68237.19399221402,47.37,measured
8828308c2bfffff,3509.0,17.14,88442.29641027932,48.33,measured
8828308c2dfffff,2225.0,14.52,107297.16116074483,60.67,measured
8828308c31fffff,2565.0,9.54,89901.14791100494,49.97,measured
8828308c33fffff,139.0,14.23,74805.0,68.2,measured
8828308c35fffff,3722.0,10.05,101947.67571126502,50.38,measured
8828308c37fffff,2459.0,9.11,89944.93292129517,50.21,measured
8828308c39fffff,2068.0,7.6,65366.13073551469,48.02,measured
8828308c3bfffff,238.0,10.84,75200.84974421006,53.76,measured
8828308c3dfffff,4110.0,12.95,77172.52507096918,48.92,measured
8828308c41fffff,1919.0,12.72,95794.2228528157,51.99,measured
8828308c43fffff,3482.0,10.06,60386.536767224,49.07,measured
8828308c45fffff,3597.0,5.7,74220.68392971034,48.91,measured
8828308c47fffff,3955.0,9.35,74730.36167131129,49.79,measured
8828308c49fffff,924.0,19.83,106862.49284015605,61.43,measured
8828308c4bfffff,664.0,19.64,107414.99161819031,54.52,measured
8828308c4dfffff,873.0,18.7,94731.25540693145,62.69,measured
8828308c51fffff,578.0,18.7,121448.65698704503,51.06,measured
8828308c53fffff,101.0,29.78,121250.0,47.3,measured
8828308c55fffff,5008.0,10.92,65174.0355377445,51.29,measured
8828308c57fffff,102.0,29.68,121081.82895824987,47.31,measured
8828308c59fffff,315.0,27.47,147389.06148874993,47.3,measured
8828308c5bfffff,101.0,29.78,121250.0,47.3,measured
8828308c5dfffff,1177.0,11.2,64361.327377107526,47.69,measured
8828308c61fffff,3301.0,14.54,105612.53029641313,48.95,measured
8828308c63fffff,4924.0,10.23,98584.32422113635,46.5,measured
8828308c65fffff,2057.0,25.41,152677.25415704455,60.55,measured
8828308c67fffff,3191.0,18.83,123257.53629398572,50.74,measured
8828308c69fffff,2749.0,14.57,87319.64453298655,48.76,measured
8828308c6bfffff,3297.0,14.7,93851.80447964539,47.73,measured
8828308c6dfffff,2333.0,14.44,142816.50031668588,55.13,measured
8828308c81fffff,0.0,0.0,,66.44,income-model
8828308c83fffff,0.0,0.0,,66.44,income-model
8828308c85fffff,0.0,0.0,,66.44,income-model
8828308c87fffff,0.0,0.0,,66.44,income-model
8828308c89fffff,0.0,0.0,,66.44,income-model
8828308c8bfffff,0.0,0.0,,66.44,income-model
8828308c8dfffff,0.0,0.0,,66.44,income-model
8828308c95fffff,0.0,0.0,,66.44,income-model
8828308c9dfffff,0.0,0.0,,66.44,income-model
8828308ca1fffff,0.0,0.0,,66.44,income-model
8828308ca3fffff,0.0,0.0,,66.44,income-model
8828308ca5fffff,12.0,14.23,74805.0,68.2,measured
8828308ca7fffff,0.0,0.0,,66.44,income-model
8828308ca9fffff,0.0,0.0,,66.44,income-model
8828308cabfffff,0.0,0.0,,66.44,income-model
8828308cadfffff,0.0,0.0,,66.44,income-model
8828308cb1fffff,0.0,0.0,,66.44,income-model
8828308cb5fffff,0.0,0.0,,66.44,income-model
8828308cb7fffff,0.0,0.0,,66.44,income-model
8828308cb9fffff,0.0,0.0,,66.44,income-model
8828308cbbfffff,0.0,0.0,,66.44,income-model
8828308cbdfffff,0.0,0.0,,66.44,income-model
8828308cc1fffff,19.0,10.33,75260.0,51.6,measured
8828308cc3fffff,0.0,0.0,,66.44,income-model
8828308cc5fffff,217.0,10.33,75260.0,51.6,measured
8828308cc7fffff,0.0,10.33,75260.0,51.6,measured
8828308cc9fffff,61.0,29.78,121250.0,47.3,measured
8828308ccbfffff,63.0,29.78,121250.0,47.3,measured
8828308ccdfffff,101.0,16.73,90391.31547360451,50.19,measured
8828308cd5fffff,0.0,0.0,,66.44,income-model
8828308cd7fffff,0.0,0.0,,66.44,income-model
8828308cddfffff,8.0,29.78,121250.0,47.3,measured
8828308ce1fffff,0.0,0.0,,66.44,income-model
8828308ce3fffff,0.0,0.0,,66.44,income-model
8828308ce5fffff,20.0,14.23,74805.0,68.2,measured
8828308ce7fffff,0.0,0.0,,66.44,income-model
8828308ce9fffff,186.0,10.55,75233.99156310028,52.55,measured
8828308cebfffff,0.0,0.0,,66.44,income-model
8828308cedfffff,124.0,14.18,74810.25873565281,68.01,measured
8828308d01fffff,1019.0,22.17,154902.3291956261,66.61,measured
8828308d03fffff,1349.0,15.51,123637.90089266686,55.15,measured
8828308d05fffff,621.0,29.45,153585.11667649046,76.1,measured
8828308d07fffff,732.0,23.58,135744.07394787617,68.93,measured
8828308d09fffff,228.0,18.34,109194.21549007406,63.59,measured
8828308d0bfffff,363.0,15.42,120109.28032763716,58.1,measured
8828308d0dfffff,1332.0,28.22,188695.3970494588,75.72,measured
8828308d11fffff,1729.0,21.29,114157.2897890217,55.87,measured
8828308d13fffff,1674.0,28.09,92067.45745702369,57.46,measured
8828308d15fffff,2346.0,18.72,111923.91189883585,53.98,measured
8828308d17fffff,1706.0,29.1,100593.38432647614,57.6,measured
8828308d19fffff,672.0,17.7,106818.10601407921,59.03,measured
8828308d1bfffff,1384.0,19.36,119492.62520785979,56.07,measured
8828308d1dfffff,2137.0,13.42,97299.92087757349,57.81,measured
8828308d21fffff,368.0,26.84,148163.36918765667,73.23,measured
8828308d23fffff,628.0,25.53,126992.74090223774,65.25,measured
8828308d25fffff,257.0,36.99,131617.19998949635,63.08,measured
8828308d27fffff,256.0,37.07,131484.0,63.0,measured
8828308d29fffff,434.0,24.52,152909.15859789855,76.1,measured
8828308d2bfffff,583.0,26.59,148459.48563851215,74.11,measured
8828308d2dfffff,403.0,24.83,151432.33580574938,75.24,measured
8828308d31fffff,1098.0,21.62,126836.47951836132,62.42,measured
8828308d33fffff,732.0,28.29,101079.18090579862,61.33,measured
8828308d35fffff,1003.0,23.53,125796.1947170988,63.0,measured
8828308d37fffff,1332.0,21.28,144168.86033983738,63.08,measured
8828308d39fffff,863.0,22.67,116721.99679764573,61.2,measured
8828308d3bfffff,848.0,21.68,111927.27909098158,60.71,measured
8828308d3dfffff,739.0,19.99,125680.43033593823,65.29,measured
8828308d41fffff,224.0,18.41,109015.53703412182,63.5,measured
8828308d43fffff,169.0,23.37,126147.1292544395,63.5,measured
8828308d45fffff,188.0,18.38,109504.99946627769,63.77,measured
8828308d47fffff,226.0,18.28,108576.00088752733,63.5,measured
8828308d49fffff,191.0,21.05,118119.59835515828,63.5,measured
8828308d4bfffff,178.0,22.36,122656.97577868083,63.5,measured
8828308d4dfffff,223.0,18.27,108588.76607677789,63.52,measured
8828308d51fffff,153.0,25.45,133333.0,63.5,measured
8828308d53fffff,211.0,22.07,134994.03173985344,63.73,measured
8828308d55fffff,158.0,24.7,130741.74995568919,63.5,measured
8828308d57fffff,153.0,25.45,133333.0,63.5,measured
8828308d59fffff,1067.0,24.03,129984.62394811572,64.48,measured
8828308d5bfffff,1324.0,23.02,130474.82653298731,64.62,measured
8828308d5dfffff,153.0,25.45,133333.0,63.5,measured
8828308d61fffff,20.0,24.45,160000.0,77.1,measured
8828308d63fffff,211.0,24.08,153198.84894116345,76.15,measured
8828308d65fffff,20.0,24.45,160000.0,77.1,measured
8828308d67fffff,137.0,24.02,153571.48949673216,76.2,measured
8828308d69fffff,35.0,21.52,135594.59562898517,70.66,measured
8828308d6bfffff,57.0,20.06,123465.67417719902,67.44,measured
8828308d6dfffff,20.0,24.45,160000.0,77.1,measured
8828308d81fffff,173.0,15.55,112094.38431453078,56.53,measured
8828308d83fffff,0.0,0.0,,66.44,income-model
8828308d85fffff,1224.0,14.35,129126.8894132063,53.7,measured
8828308d87fffff,0.0,0.0,,66.44,income-model
8828308d89fffff,1044.0,23.18,80279.01959033548,56.18,measured
8828308d8bfffff,124.0,14.23,74805.0,68.2,measured
8828308d8dfffff,1972.0,20.44,91302.74815014798,53.21,measured
8828308d91fffff,1.0,14.23,74805.0,68.2,measured
8828308d93fffff,0.0,0.0,,66.44,income-model
8828308d95fffff,0.0,0.0,,66.44,income-model
8828308d97fffff,0.0,0.0,,66.44,income-model
8828308d99fffff,135.0,14.23,74805.0,68.2,measured
8828308d9bfffff,46.0,14.23,74805.0,68.2,measured
8828308d9dfffff,67.0,14.23,74805.0,68.2,measured
8828308da1fffff,0.0,0.0,,66.44,income-model
8828308da3fffff,0.0,0.0,,66.44,income-model
8828308da5fffff,0.0,0.0,,66.44,income-model
8828308da7fffff,0.0,0.0,,66.44,income-model
8828308da9fffff,1640.0,14.49,135325.4136965068,55.14,measured
8828308dabfffff,0.0,0.0,,66.44,income-model
8828308dadfffff,1048.0,12.39,129363.7419668191,55.62,measured
8828308db1fffff,0.0,0.0,,66.44,income-model
8828308db3fffff,0.0,0.0,,66.44,income-model
8828308db5fffff,0.0,0.0,,66.44,income-model
8828308db7fffff,0.0,0.0,,66.44,income-model
8828308db9fffff,0.0,0.0,,66.44,income-model
8828308dbbfffff,0.0,0.0,,66.44,income-model
8828308dbdfffff,0.0,0.0,,66.44,income-model
8828308dc1fffff,1258.0,24.11,98766.116722661,56.15,measured
8828308dc3fffff,1196.0,8.02,127159.37601492059,67.57,measured
8828308dc5fffff,1841.0,11.89,67992.58805315482,56.17,measured
8828308dc7fffff,1759.0,18.52,73547.26121933677,55.38,measured
8828308dc9fffff,2736.0,14.97,77723.57528313018,51.92,measured
8828308dcbfffff,2518.0,10.86,95008.61560798089,51.89,measured
8828308dcdfffff,1855.0,17.01,115066.13812454526,52.71,measured
8828308dd1fffff,455.0,6.41,97642.46468996542,68.2,measured
8828308dd3fffff,77.0,14.23,74805.0,68.2,measured
8828308dd5fffff,899.0,11.36,119093.83081969657,68.2,measured
8828308dd7fffff,344.0,5.67,74805.0,68.2,measured
8828308dd9fffff,135.0,14.23,74805.0,68.2,measured
8828308ddbfffff,5.0,14.23,74805.0,68.2,measured
8828308dddfffff,925.0,11.15,118152.06347291268,67.3,measured
8828308de1fffff,1624.0,18.47,122877.99803149873,53.65,measured
8828308de3fffff,1952.0,20.25,125458.6408211691,54.32,measured
8828308de5fffff,1414.0,20.06,108773.15992238479,54.96,measured
8828308de7fffff,2014.0,19.96,107865.59425679139,56.3,measured
8828308de9fffff,994.0,23.71,86686.99259004727,56.61,measured
8828308debfffff,1924.0,14.65,105570.80444808904,52.52,measured
8828308dedfffff,596.0,21.23,88080.49830226462,59.16,measured
8828308e01fffff,0.0,0.0,,66.44,income-model
8828308e03fffff,0.0,0.0,,66.44,income-model
8828308e05fffff,0.0,0.0,,66.44,income-model
8828308e07fffff,0.0,0.0,,66.44,income-model
8828308e0dfffff,0.0,0.0,,66.44,income-model
8828308e11fffff,0.0,0.0,,66.44,income-model
8828308e13fffff,0.0,0.0,,66.44,income-model
8828308e15fffff,0.0,0.0,,66.44,income-model
8828308e17fffff,0.0,0.0,,66.44,income-model
8828308e21fffff,0.0,0.0,,66.44,income-model
8828308e23fffff,177.0,20.53,109915.68517359525,59.97,measured
8828308e25fffff,17.0,20.45,123473.02831334254,65.3,measured
8828308e27fffff,439.0,19.37,117692.78130813825,65.19,measured
8828308e29fffff,0.0,0.0,,66.44,income-model
8828308e2bfffff,0.0,0.0,,66.44,income-model
8828308e2dfffff,0.0,0.0,,66.44,income-model
8828308e31fffff,332.0,27.39,148208.0,47.3,measured
8828308e33fffff,305.0,27.39,148208.0,47.3,measured
8828308e35fffff,238.0,27.38,148104.43501161443,47.33,measured
8828308e37fffff,337.0,27.39,148208.0,47.3,measured
8828308e39fffff,0.0,0.0,,66.44,income-model
8828308e3bfffff,147.0,27.39,148208.0,47.3,measured
8828308e3dfffff,162.0,27.39,148208.0,47.3,measured
8828308e63fffff,0.0,0.0,,66.44,income-model
8828308e67fffff,0.0,0.0,,66.44,income-model
8828308e81fffff,0.0,0.0,,66.44,income-model
8828308e85fffff,0.0,0.0,,66.44,income-model
8828308e87fffff,0.0,0.0,,66.44,income-model
8828308e8dfffff,0.0,0.0,,66.44,income-model
8828308ea1fffff,101.0,29.78,121250.00000000001,47.3,measured
8828308ea3fffff,100.0,29.78,121250.0,47.3,measured
8828308ea5fffff,101.0,29.78,121249.99999999999,47.3,measured
8828308ea7fffff,101.0,29.78,121250.0,47.3,measured
8828308ea9fffff,80.0,29.78,121249.99999999999,47.3,measured
8828308eabfffff,32.0,29.78,121250.0,47.3,measured
8828308eadfffff,101.0,29.78,121250.00000000001,47.3,measured
8828308eb1fffff,0.0,0.0,,66.44,income-model
8828308eb5fffff,78.0,29.78,121249.99999999999,47.3,measured
8828308eb7fffff,66.0,29.78,121250.0,47.3,measured
8828308ebdfffff,23.0,29.78,121249.99999999999,47.3,measured
8828308ec5fffff,0.0,0.0,,66.44,income-model
8828308ec7fffff,0.0,0.0,,66.44,income-model
8828308ee1fffff,0.0,0.0,,66.44,income-model
8828308ee3fffff,0.0,0.0,,66.44,income-model
8828308ee5fffff,70.0,27.95,141923.752989962,47.3,measured
8828308ee7fffff,41.0,29.78,121250.0,47.3,measured
8828308ee9fffff,0.0,0.0,,66.44,income-model
8828308eebfffff,0.0,0.0,,66.44,income-model
8828308eedfffff,1.0,27.39,148208.0,47.3,measured
8828308f01fffff,3690.0,14.93,112922.71942808898,49.41,measured
8828308f03fffff,3490.0,15.56,110351.82499417223,50.04,measured
8828308f05fffff,2075.0,21.94,156980.75788070375,56.04,measured
8828308f07fffff,2148.0,20.32,146987.94130370696,57.37,measured
8828308f09fffff,1490.0,13.19,102803.5913819069,47.32,measured
8828308f0bfffff,1957.0,11.19,110685.73353149294,49.34,measured
8828308f0dfffff,1549.0,17.74,139040.35990494062,51.53,measured
8828308f11fffff,1587.0,16.91,76299.37779791109,53.48,measured
8828308f13fffff,1811.0,12.83,48449.58480160364,53.62,measured
8828308f15fffff,3878.0,13.29,55904.678986695406,48.36,measured
8828308f17fffff,2717.0,16.45,61089.47558844822,48.42,measured
8828308f19fffff,84.0,20.32,122802.08926602655,65.3,measured
8828308f1bfffff,770.0,25.05,146466.02941771672,65.3,measured
8828308f1dfffff,1708.0,8.82,91640.24341333655,50.55,measured
8828308f21fffff,469.0,29.89,193906.4845855592,74.22,measured
8828308f23fffff,513.0,32.53,133333.0,71.59,measured
8828308f25fffff,80.0,21.56,124806.71921654131,65.72,measured
8828308f27fffff,178.0,22.37,122695.7874699385,63.5,measured
8828308f29fffff,1496.0,22.82,190294.07194122317,72.92,measured
8828308f2bfffff,1357.0,27.63,191586.3086197778,65.85,measured
8828308f2dfffff,463.0,28.3,211630.24227710528,77.77,measured
8828308f31fffff,1047.0,28.93,164591.594599706,67.03,measured
8828308f33fffff,1929.0,20.1,184989.7091339976,62.49,measured
8828308f35fffff,582.0,31.2,165013.50862618792,72.13,measured
8828308f37fffff,748.0,26.76,168257.6345477531,63.99,measured
8828308f39fffff,2757.0,19.3,127237.85771467417,53.62,measured
8828308f3bfffff,2420.0,16.68,123760.94718493258,54.91,measured
8828308f3dfffff,928.0,31.65,171251.21954826158,73.3,measured
8828308f51fffff,3.0,19.36,118009.0,65.3,measured
8828308f53fffff,0.0,0.0,,66.44,income-model
8828308f55fffff,65.0,19.05,117480.40433517947,64.96,measured
8828308f57fffff,301.0,19.36,118009.0,65.3,measured
8828308f5bfffff,0.0,0.0,,66.44,income-model
8828308f61fffff,2.0,22.14,188000.0,70.1,measured
8828308f63fffff,1450.0,22.5,179768.2494768856,64.65,measured
8828308f67fffff,1305.0,23.34,215923.54275624905,77.66,measured
8828308f6bfffff,65.0,23.21,162995.28761390157,53.53,measured
88283099a3fffff,32.0,19.4,250001.0,90.6,measured
88283099a7fffff,125.0,19.4,250001.0,90.6,measured
88283099b5fffff,152.0,21.34,236703.8699012194,86.09,measured
88283099b7fffff,116.0,25.63,207351.63234184548,76.13,measured
882830c001fffff,25.0,17.52,101825.0,98.5,measured
882830c003fffff,25.0,17.52,101825.0,98.5,measured
882830c005fffff,25.0,17.52,101825.0,98.5,measured
882830c007fffff,25.0,17.52,101825.0,98.5,measured
882830c009fffff,25.0,17.52,101825.0,98.5,measured
882830c00bfffff,25.0,17.52,101825.0,98.5,measured
882830c00dfffff,25.0,17.52,101825.0,98.5,measured
882830c011fffff,46.0,14.91,137718.71518352363,98.5,measured
882830c013fffff,45.0,15.01,136333.0037175659,98.5,measured
882830c015fffff,25.0,17.5,102069.04123519735,98.5,measured
882830c017fffff,27.0,17.22,105896.62096225715,98.5,measured
882830c019fffff,50.0,14.69,140729.0,98.5,measured
882830c01bfffff,50.0,14.69,140729.0,98.5,measured
882830c01dfffff,39.0,15.47,129958.18436805063,98.5,measured
882830c021fffff,25.0,17.52,101825.0,98.5,measured
882830c023fffff,36.0,13.68,136014.55405862012,99.19,measured
882830c025fffff,29.0,15.72,117821.72964894907,98.82,measured
882830c027fffff,52.0,10.85,161187.0877115638,99.69,measured
882830c029fffff,25.0,17.52,101825.0,98.5,measured
882830c02bfffff,25.0,17.52,101825.0,98.5,measured
882830c02dfffff,25.0,17.52,101824.99999999999,98.5,measured
882830c031fffff,25.0,17.52,101825.00000000001,98.5,measured
882830c033fffff,25.0,17.52,101825.0,98.5,measured
882830c035fffff,42.0,12.4,147354.9447714601,99.42,measured
882830c037fffff,46.0,11.65,154085.34687389736,99.55,measured
882830c039fffff,25.0,17.52,101824.99999999999,98.5,measured
882830c03bfffff,25.0,17.52,101825.0,98.5,measured
882830c03dfffff,25.0,17.52,101825.0,98.5,measured
882830c041fffff,11.0,16.25,118819.0652909559,98.53,measured
882830c043fffff,24.0,17.48,102350.87758271614,98.5,measured
882830c045fffff,17.0,16.98,108964.53943034455,98.51,measured
882830c047fffff,25.0,17.52,101825.0,98.5,measured
882830c049fffff,5.0,12.82,164920.0,98.6,measured
882830c04bfffff,5.0,12.87,164309.31819788937,98.6,measured
882830c04dfffff,5.0,12.82,164920.0,98.6,measured
882830c051fffff,10.0,15.59,127727.93191680443,98.54,measured
882830c053fffff,19.0,14.38,144723.416302767,98.52,measured
882830c055fffff,25.0,17.5,102072.70142521606,98.5,measured
882830c057fffff,36.0,15.76,125951.83884897437,98.5,measured
882830c059fffff,5.0,12.99,164295.07519440193,98.54,measured
882830c05bfffff,6.0,17.56,146928.0352268867,96.94,measured
882830c05dfffff,5.0,13.66,153666.67523798058,98.58,measured
882830c061fffff,25.0,17.52,101825.0,98.5,measured
882830c063fffff,25.0,17.52,101824.99999999999,98.5,measured
882830c065fffff,25.0,17.52,101824.99999999999,98.5,measured
882830c067fffff,25.0,17.52,101825.0,98.5,measured
882830c069fffff,16.0,16.87,110489.16050050588,98.51,measured
882830c06bfffff,25.0,17.52,101825.0,98.5,measured
882830c06dfffff,13.0,16.56,114604.72614789562,98.52,measured
882830c081fffff,50.0,14.69,140729.0,98.5,measured
882830c083fffff,50.0,14.69,140729.0,98.5,measured
882830c085fffff,50.0,14.69,140729.0,98.5,measured
882830c087fffff,68.0,13.66,131216.09350277932,97.14,measured
882830c089fffff,50.0,14.69,140729.0,98.5,measured
882830c08bfffff,50.0,14.69,140729.0,98.5,measured
882830c08dfffff,49.0,14.71,140427.01415350623,98.5,measured
882830c091fffff,74.0,12.97,156562.62917157804,97.52,measured
882830c093fffff,276.0,20.85,126740.06708400832,95.88,measured
882830c095fffff,50.0,14.69,140729.0,98.5,measured
882830c097fffff,53.0,15.19,139584.02597795706,98.29,measured
882830c099fffff,397.0,10.11,183027.7185580069,95.89,measured
882830c09bfffff,530.0,10.34,182525.3068827776,95.79,measured
882830c09dfffff,50.0,14.69,140729.0,98.5,measured
882830c0a1fffff,114.0,12.52,120601.40039640194,95.63,measured
882830c0a3fffff,233.0,11.68,112723.71810135836,94.5,measured
882830c0a5fffff,49.0,14.69,140620.23542173122,98.5,measured
882830c0a7fffff,60.0,14.04,134739.73586597145,97.64,measured
882830c0a9fffff,52.0,14.48,138842.17160915397,98.23,measured
882830c0abfffff,173.0,11.96,115364.04926459366,94.88,measured
882830c0adfffff,47.0,14.85,138529.0253478873,98.5,measured
882830c0b1fffff,189.0,11.87,114462.50750500533,94.75,measured
882830c0b3fffff,168.0,11.99,115631.41340501727,94.92,measured
882830c0b5fffff,233.0,11.68,112722.0,94.5,measured
882830c0b7fffff,233.0,11.68,112722.0,94.5,measured
882830c0b9fffff,50.0,14.69,140729.0,98.5,measured
882830c0bbfffff,50.0,14.69,140729.0,98.5,measured
882830c0bdfffff,215.0,11.75,113360.14555183244,94.59,measured
882830c0c1fffff,50.0,14.69,140729.0,98.5,measured
882830c0c3fffff,50.0,14.69,140729.0,98.5,measured
882830c0c5fffff,47.0,14.82,138901.56642659756,98.5,measured
882830c0c7fffff,48.0,14.79,139368.80904985644,98.5,measured
882830c0c9fffff,43.0,15.01,140073.04575928635,98.37,measured
882830c0cbfffff,48.0,14.75,140597.5916017576,98.47,measured
882830c0cdfffff,50.0,14.69,140729.0,98.5,measured
882830c0d1fffff,66.0,18.07,153220.54021406182,98.44,measured
882830c0d3fffff,335.0,22.54,182650.7324958822,97.77,measured
882830c0d5fffff,50.0,14.69,140729.0,98.5,measured
882830c0d7fffff,50.0,14.69,140729.0,98.5,measured
882830c0d9fffff,101.0,23.25,170943.07570713412,98.26,measured
882830c0dbfffff,431.0,24.35,178927.77102646919,97.19,measured
882830c0ddfffff,50.0,14.69,140729.0,98.5,measured
882830c0e1fffff,25.0,17.52,101825.0,98.5,measured
882830c0e3fffff,38.0,15.6,128158.3438169813,98.5,measured
882830c0e5fffff,25.0,17.52,101825.0,98.5,measured
882830c0e7fffff,34.0,16.0,122637.11103323469,98.5,measured
882830c0e9fffff,25.0,17.52,101825.0,98.5,measured
882830c0ebfffff,26.0,17.29,104913.66634791254,98.5,measured
882830c0edfffff,25.0,17.52,101825.0,98.5,measured
882830c101fffff,309.0,14.15,216646.61832296703,99.92,measured
882830c103fffff,292.0,9.75,170710.05081766058,99.54,measured
882830c105fffff,795.0,7.08,171980.22735107614,99.6,measured
882830c107fffff,291.0,9.35,166513.0,99.5,measured
882830c109fffff,268.0,15.08,224137.85635320266,99.98,measured
882830c10bfffff,312.0,15.04,225972.0,100.0,measured
882830c10dfffff,312.0,15.04,225972.00000000003,100.0,measured
882830c111fffff,57.0,10.26,166435.0,99.8,measured
882830c113fffff,57.0,10.26,166435.0,99.8,measured
882830c115fffff,190.0,9.47,166502.79012881382,99.54,measured
882830c117fffff,57.0,10.26,166435.0,99.8,measured
882830c119fffff,55.0,10.46,164667.8993600915,99.76,measured
882830c11bfffff,57.0,10.26,166435.0,99.8,measured
882830c11dfffff,149.0,11.22,183761.40061324326,99.72,measured
882830c121fffff,1298.0,20.52,148228.77482416574,98.82,measured
882830c123fffff,488.0,7.07,159129.77772891577,99.26,measured
882830c125fffff,1507.0,22.47,158486.87090277413,98.25,measured
882830c127fffff,1150.0,7.49,163442.17687392607,98.84,measured
882830c129fffff,1327.0,5.43,158191.2000556708,99.51,measured
882830c12bfffff,700.0,6.11,160217.87244077618,99.5,measured
882830c12dfffff,1429.0,29.47,141993.81089481263,98.44,measured
882830c131fffff,653.0,8.69,142312.25790475425,99.72,measured
882830c133fffff,837.0,14.64,131327.48918219563,99.8,measured
882830c135fffff,938.0,8.53,136431.72794075878,99.77,measured
882830c137fffff,1282.0,8.58,131023.11252522675,99.8,measured
882830c139fffff,291.0,9.35,166513.0,99.5,measured
882830c13bfffff,299.0,13.01,147931.07642687127,99.68,measured
882830c13dfffff,291.0,9.35,166513.0,99.5,measured
882830c141fffff,280.0,16.31,221598.60369957177,99.99,measured
882830c143fffff,79.0,15.69,193621.58760463967,99.61,measured
882830c145fffff,141.0,35.37,162107.1734903503,100.0,measured
882830c147fffff,312.0,15.04,225972.0,100.0,measured
882830c149fffff,135.0,35.57,160453.05910888567,99.99,measured
882830c14bfffff,40.0,16.7,151627.0144903585,99.11,measured
882830c14dfffff,110.0,45.91,128971.0,100.0,measured
882830c151fffff,25.0,17.52,101825.00000000001,98.5,measured
882830c153fffff,26.0,17.33,103457.07647472036,98.53,measured
882830c155fffff,47.0,16.28,163739.2775155376,99.25,measured
882830c157fffff,71.0,13.76,185010.22783435334,99.69,measured
882830c159fffff,25.0,17.52,101825.0,98.5,measured
882830c15bfffff,25.0,17.52,101825.00000000001,98.5,measured
882830c15dfffff,25.0,17.52,101825.0,98.5,measured
882830c161fffff,216.0,44.56,166458.41636124806,99.52,measured
882830c163fffff,270.0,17.67,217723.47962200362,100.0,measured
882830c165fffff,788.0,78.64,107049.18021600736,98.0,measured
882830c167fffff,426.0,77.76,117043.74198745377,98.43,measured
882830c169fffff,110.0,45.91,128971.0,100.0,measured
882830c16bfffff,270.0,17.71,217585.86366633343,100.0,measured
882830c16dfffff,305.0,77.56,112969.46615845687,98.5,measured
882830c181fffff,526.0,20.8,224406.36673961268,99.39,measured
882830c183fffff,27.0,17.72,109263.37210654713,98.55,measured
882830c185fffff,1616.0,12.56,115977.27338307635,99.3,measured
882830c187fffff,75.0,41.24,178865.26574329854,98.23,measured
882830c189fffff,531.0,20.58,224285.58570114287,99.41,measured
882830c18bfffff,304.0,20.68,219855.32953054275,99.36,measured
882830c18dfffff,1830.0,13.55,161363.97762704449,99.67,measured
882830c191fffff,29.0,16.82,111443.94595243446,98.5,measured
882830c193fffff,606.0,11.73,154493.29431830198,98.5,measured
882830c195fffff,25.0,17.52,101825.0,98.5,measured
882830c197fffff,1331.0,11.69,142519.63185134722,96.69,measured
882830c199fffff,27.0,17.08,107806.05474507656,98.5,measured
882830c19bfffff,50.0,14.69,140705.57253781462,98.5,measured
882830c19dfffff,25.0,17.52,101825.0,98.5,measured
882830c1a1fffff,2252.0,17.58,97641.43370510945,98.23,measured
882830c1a3fffff,1919.0,9.93,123787.43571815446,96.69,measured
882830c1a5fffff,1957.0,12.04,116872.83648965685,98.6,measured
882830c1a7fffff,1560.0,16.37,126287.40473612216,95.65,measured
882830c1a9fffff,2693.0,12.29,105688.31821629936,98.85,measured
882830c1abfffff,1974.0,15.91,146563.52988405817,98.11,measured
882830c1adfffff,2046.0,14.98,96912.31900705604,98.37,measured
882830c1b1fffff,1619.0,21.44,87914.60320940742,90.0,measured
882830c1b3fffff,2326.0,14.65,104255.79201435189,89.45,measured
882830c1b5fffff,1448.0,23.05,92448.19653109337,92.1,measured
882830c1b7fffff,1844.0,20.15,87350.14492750452,87.28,measured
882830c1b9fffff,411.0,24.45,113095.51652108668,90.39,measured
882830c1bbfffff,1769.0,18.78,116302.14730585391,88.27,measured
882830c1bdfffff,816.0,14.81,96900.53248928941,95.22,measured
882830c1c1fffff,57.0,10.26,166435.00000000003,99.8,measured
882830c1c3fffff,57.0,10.26,166435.0,99.8,measured
882830c1c5fffff,57.0,10.26,166435.0,99.8,measured
882830c1c7fffff,70.0,12.34,178097.62032445284,99.72,measured
882830c1c9fffff,57.0,10.26,166435.0,99.8,measured
882830c1cbfffff,57.0,10.26,166435.0,99.8,measured
882830c1cdfffff,57.0,10.26,166435.0,99.8,measured
882830c1d1fffff,25.0,17.52,101825.0,98.5,measured
882830c1d3fffff,33.0,16.16,120416.15601067162,98.5,measured
882830c1d5fffff,95.0,19.29,195692.98841604407,99.25,measured
882830c1d7fffff,25.0,17.52,101825.0,98.5,measured
882830c1d9fffff,31.0,15.33,121283.93854823952,98.89,measured
882830c1dbfffff,26.0,17.37,103759.38042485277,98.5,measured
882830c1ddfffff,53.0,10.7,162517.0182362229,99.72,measured
882830c1e1fffff,312.0,12.28,158772.47558431822,99.8,measured
882830c1e3fffff,2885.0,12.63,130575.89524263845,99.55,measured
882830c1e5fffff,772.0,14.64,129864.64550445671,99.71,measured
882830c1e7fffff,1287.0,17.34,149458.37394333677,99.34,measured
882830c1e9fffff,57.0,10.26,166435.0,99.8,measured
882830c1ebfffff,639.0,12.51,157887.45991869524,99.8,measured
882830c1edfffff,162.0,18.9,139589.0338849452,99.8,measured
882830c201fffff,5.0,12.82,164920.0,98.6,measured
882830c203fffff,5.0,12.82,164920.0,98.6,measured
882830c205fffff,5.0,12.82,164920.0,98.6,measured
882830c207fffff,5.0,12.82,164920.0,98.6,measured
882830c209fffff,5.0,12.82,164920.0,98.6,measured
882830c20bfffff,5.0,12.82,164920.0,98.6,measured
882830c20dfffff,5.0,12.82,164920.0,98.6,measured
882830c211fffff,5.0,12.82,164920.0,98.6,measured
882830c213fffff,8.0,23.34,124934.83372604991,94.92,measured
882830c215fffff,5.0,12.82,164920.0,98.6,measured
882830c217fffff,6.0,19.22,140596.8410349868,96.36,measured
882830c219fffff,5.0,12.82,164920.0,98.6,measured
882830c21bfffff,5.0,13.66,161742.4738081222,98.31,measured
882830c21dfffff,5.0,12.82,164920.0,98.6,measured
882830c221fffff,5.0,12.82,164920.0,98.6,measured
882830c223fffff,5.0,12.82,164920.0,98.6,measured
882830c225fffff,5.0,12.82,164920.0,98.6,measured
882830c227fffff,5.0,12.82,164920.0,98.6,measured
882830c229fffff,5.0,12.82,164920.0,98.6,measured
882830c22bfffff,5.0,12.82,164920.0,98.6,measured
882830c22dfffff,5.0,12.82,164920.0,98.6,measured
882830c231fffff,5.0,12.82,164920.0,98.6,measured
882830c233fffff,5.0,13.72,161518.88790342302,98.29,measured
882830c235fffff,5.0,12.82,164920.0,98.6,measured
882830c237fffff,5.0,12.82,164920.0,98.6,measured
882830c239fffff,5.0,12.82,164920.0,98.6,measured
882830c23bfffff,5.0,12.82,164920.0,98.6,measured
882830c23dfffff,5.0,12.82,164920.0,98.6,measured
882830c241fffff,5.0,12.82,164920.0,98.6,measured
882830c243fffff,35.0,45.71,222986.59905189736,98.6,measured
882830c245fffff,5.0,12.82,164920.0,98.6,measured
882830c247fffff,5.0,12.82,164920.0,98.6,measured
882830c249fffff,5.0,12.82,164920.0,98.6,measured
882830c24bfffff,38.0,46.15,223767.76627977166,98.6,measured
882830c24dfffff,5.0,12.82,164920.0,98.6,measured
882830c251fffff,72.0,48.28,227531.06743855734,98.6,measured
882830c253fffff,5.0,12.82,164920.0,98.6,measured
882830c255fffff,12.0,36.09,206009.22900115157,98.6,measured
882830c257fffff,5.0,12.82,164920.0,98.6,measured
882830c259fffff,133.0,49.39,229479.0,98.6,measured
882830c25bfffff,129.0,49.35,229411.77490005814,98.6,measured
882830c25dfffff,133.0,49.39,229479.0,98.6,measured
882830c261fffff,5.0,12.82,164920.0,98.6,measured
882830c263fffff,5.0,12.82,164920.0,98.6,measured
882830c265fffff,5.0,12.82,164920.0,98.6,measured
882830c267fffff,5.0,12.82,164920.0,98.6,measured
882830c269fffff,5.0,12.82,164920.0,98.6,measured
882830c26bfffff,5.0,12.82,164920.0,98.6,measured
882830c26dfffff,5.0,12.82,164920.0,98.6,measured
882830c281fffff,9.0,24.25,121500.00000000001,94.6,measured
882830c283fffff,9.0,24.25,121499.99999999999,94.6,measured
882830c285fffff,9.0,24.25,121500.0,94.6,measured
882830c287fffff,9.0,24.25,121500.0,94.6,measured
882830c289fffff,9.0,24.25,121499.99999999999,94.6,measured
882830c28bfffff,9.0,24.25,121499.99999999999,94.6,measured
882830c28dfffff,9.0,24.25,121500.0,94.6,measured
882830c291fffff,9.0,24.25,121500.0,94.6,measured
882830c293fffff,9.0,24.25,121500.0,94.6,measured
882830c295fffff,9.0,24.25,121499.99999999999,94.6,measured
882830c297fffff,9.0,24.25,121500.0,94.6,measured
882830c299fffff,9.0,24.25,121500.0,94.6,measured
882830c29bfffff,9.0,24.25,121499.99999999999,94.6,measured
882830c29dfffff,9.0,24.25,121499.99999999999,94.6,measured
882830c2a1fffff,9.0,24.25,121500.00000000001,94.6,measured
882830c2a3fffff,9.0,24.25,121500.0,94.6,measured
882830c2a5fffff,29.0,15.62,139368.39814953489,98.1,measured
882830c2a7fffff,31.0,15.99,138101.82722116425,97.97,measured
882830c2a9fffff,9.0,24.25,121500.0,94.6,measured
882830c2abfffff,9.0,24.25,121500.0,94.6,measured
882830c2adfffff,8.0,23.24,125312.23678960855,94.95,measured
882830c2b1fffff,9.0,24.25,121500.0,94.6,measured
882830c2b3fffff,9.0,24.25,121499.99999999999,94.6,measured
882830c2b5fffff,10.0,23.3,123406.1219828674,94.99,measured
882830c2b7fffff,18.0,18.35,133353.31743357985,97.0,measured
882830c2b9fffff,9.0,24.25,121500.00000000001,94.6,measured
882830c2bbfffff,9.0,24.25,121500.0,94.6,measured
882830c2bdfffff,9.0,24.25,121500.0,94.6,measured
882830c2c1fffff,9.0,24.25,121500.0,94.6,measured
882830c2c3fffff,9.0,24.25,121500.0,94.6,measured
882830c2c5fffff,9.0,24.25,121499.99999999999,94.6,measured
882830c2c7fffff,9.0,24.25,121500.00000000001,94.6,measured
882830c2c9fffff,9.0,23.5,124348.92518374456,94.86,measured
882830c2cbfffff,9.0,24.25,121500.0,94.6,measured
882830c2cdfffff,8.0,23.38,124806.71311159352,94.9,measured
882830c2d1fffff,9.0,24.25,121499.99999999999,94.6,measured
882830c2d3fffff,9.0,24.25,121499.99999999999,94.6,measured
882830c2d5fffff,9.0,24.25,121500.0,94.6,measured
882830c2d7fffff,9.0,24.25,121500.0,94.6,measured
882830c2d9fffff,31.0,14.93,229053.83321587052,94.6,measured
882830c2dbfffff,10.0,22.49,141827.6663824242,94.6,measured
882830c2ddfffff,9.0,24.25,121500.00000000001,94.6,measured
882830c2e1fffff,9.0,24.25,121500.0,94.6,measured
882830c2e3fffff,9.0,24.25,121500.0,94.6,measured
882830c2e5fffff,9.0,24.08,122114.47622902754,94.66,measured
882830c2e7fffff,9.0,24.25,121500.0,94.6,measured
882830c2e9fffff,9.0,24.25,121500.00000000001,94.6,measured
882830c2ebfffff,9.0,24.25,121500.0,94.6,measured
882830c2edfffff,8.0,23.03,126120.33226976776,95.03,measured
882830c301fffff,5.0,12.82,164920.0,98.6,measured
882830c303fffff,5.0,12.82,164920.0,98.6,measured
882830c305fffff,5.0,12.82,164920.0,98.6,measured
882830c307fffff,5.0,12.82,164920.0,98.6,measured
882830c309fffff,5.0,12.82,164920.0,98.6,measured
882830c30bfffff,5.0,12.82,164920.0,98.6,measured
882830c30dfffff,5.0,12.82,164920.0,98.6,measured
882830c311fffff,5.0,12.82,164920.0,98.6,measured
882830c313fffff,5.0,12.82,164920.0,98.6,measured
882830c315fffff,5.0,12.82,164920.0,98.6,measured
882830c317fffff,5.0,12.82,164920.0,98.6,measured
882830c319fffff,5.0,12.82,164920.0,98.6,measured
882830c31bfffff,5.0,12.82,164920.0,98.6,measured
882830c31dfffff,5.0,12.82,164920.0,98.6,measured
882830c321fffff,108.0,45.88,129003.74427227142,100.0,measured
882830c323fffff,110.0,45.91,128971.0,100.0,measured
882830c325fffff,110.0,45.91,128971.0,100.0,measured
882830c327fffff,110.0,45.91,128971.0,100.0,measured
882830c329fffff,7.0,24.63,152090.14018082697,99.1,measured
882830c32bfffff,25.0,41.13,134167.84882915,99.8,measured
882830c32dfffff,84.0,45.48,129446.76127303642,99.98,measured
882830c331fffff,18.0,17.09,107607.23867392555,98.51,measured
882830c333fffff,19.0,17.19,106194.28125211537,98.51,measured
882830c335fffff,48.0,34.71,118265.81483507554,99.41,measured
882830c337fffff,25.0,17.52,101825.0,98.5,measured
882830c339fffff,5.0,12.82,164920.0,98.6,measured
882830c33bfffff,5.0,12.82,164920.0,98.6,measured
882830c33dfffff,43.0,41.42,128266.79713120374,99.78,measured
882830c341fffff,5.0,12.82,164920.0,98.6,measured
882830c343fffff,5.0,12.82,164920.0,98.6,measured
882830c345fffff,5.0,12.82,164920.0,98.6,measured
882830c347fffff,5.0,12.82,164920.0,98.6,measured
882830c349fffff,5.0,12.82,164920.0,98.6,measured
882830c34bfffff,5.0,12.82,164920.0,98.6,measured
882830c34dfffff,5.0,12.82,164920.0,98.6,measured
882830c351fffff,5.0,12.82,164920.0,98.6,measured
882830c353fffff,5.0,12.82,164920.0,98.6,measured
882830c355fffff,5.0,12.82,164920.0,98.6,measured
882830c357fffff,5.0,12.82,164920.0,98.6,measured
882830c359fffff,5.0,12.82,164920.0,98.6,measured
882830c35bfffff,5.0,12.82,164920.0,98.6,measured
882830c35dfffff,5.0,12.82,164920.0,98.6,measured
882830c361fffff,5.0,12.82,164920.0,98.6,measured
882830c363fffff,5.0,12.82,164920.0,98.6,measured
882830c365fffff,5.0,12.82,164920.0,98.6,measured
882830c367fffff,5.0,12.82,164920.0,98.6,measured
882830c369fffff,5.0,12.82,164920.0,98.6,measured
882830c36bfffff,5.0,12.82,164920.0,98.6,measured
882830c36dfffff,5.0,12.82,164920.0,98.6,measured
882830c401fffff,1807.0,17.3,152383.76770358355,71.75,measured
882830c403fffff,2486.0,12.83,95128.09149740696,70.43,measured
882830c405fffff,1523.0,24.1,132790.57893075972,73.82,measured
882830c407fffff,1825.0,25.91,117118.13177540597,72.09,measured
882830c409fffff,1219.0,20.38,172042.4904590955,78.73,measured
882830c40bfffff,2227.0,13.65,142656.10377999258,74.97,measured
882830c40dfffff,2013.0,13.62,108700.67135145783,79.7,measured
882830c411fffff,1115.0,25.94,64136.485812307204,71.63,measured
882830c413fffff,1609.0,8.76,139418.156217163,76.7,measured
882830c415fffff,1549.0,13.64,127127.97674187494,71.54,measured
882830c417fffff,1669.0,13.02,108881.99742789741,71.39,measured
882830c419fffff,4168.0,11.22,75095.55713508929,66.52,measured
882830c41bfffff,528.0,23.58,79274.02380324958,75.31,measured
882830c41dfffff,1788.0,15.78,79676.11463455312,71.78,measured
882830c421fffff,302.0,10.77,161206.06550834703,81.92,measured
882830c423fffff,202.0,15.4,187409.7240398682,85.64,measured
882830c425fffff,106.0,9.89,233816.0,95.8,measured
882830c427fffff,107.0,9.26,218920.6243656703,95.8,measured
882830c429fffff,1688.0,17.47,151081.53225779504,75.56,measured
882830c42bfffff,2049.0,22.43,164313.64052137037,75.52,measured
882830c42dfffff,334.0,12.52,162212.6690011186,84.12,measured
882830c431fffff,109.0,9.63,231041.78997422705,95.27,measured
882830c433fffff,123.0,9.88,193534.43231344683,92.71,measured
882830c435fffff,107.0,8.98,212434.4311915262,95.8,measured
882830c437fffff,114.0,5.14,122034.05774538181,95.8,measured
882830c439fffff,923.0,14.9,121439.58209893195,73.43,measured
882830c43bfffff,1494.0,16.38,119937.17892217296,72.32,measured
882830c43dfffff,2652.0,8.15,130761.52635187235,75.6,measured
882830c441fffff,691.0,24.35,123852.72284290407,85.0,measured
882830c443fffff,976.0,26.26,125949.93935391387,82.14,measured
882830c445fffff,1410.0,19.07,154442.58404391716,87.89,measured
882830c447fffff,1278.0,19.78,117538.42902642352,82.28,measured
882830c449fffff,1352.0,20.35,115792.96819848001,83.17,measured
882830c44bfffff,1532.0,18.8,146379.4056253419,71.19,measured
882830c44dfffff,514.0,22.33,235311.39814520365,83.23,measured
882830c451fffff,2858.0,5.37,67160.38249648715,66.9,measured
882830c453fffff,5062.0,6.9,75988.9312912451,66.78,measured
882830c455fffff,2153.0,25.26,69380.1343918561,74.22,measured
882830c457fffff,2998.0,8.9,81756.178961394,67.84,measured
882830c459fffff,2073.0,13.63,94605.84288238543,67.18,measured
882830c45bfffff,4875.0,5.44,76290.87666149424,68.4,measured
882830c45dfffff,1841.0,26.63,88358.44255557947,68.37,measured
882830c461fffff,1696.0,23.33,96567.29995490557,85.33,measured
882830c463fffff,2315.0,17.72,176233.01877319886,85.39,measured
882830c465fffff,1821.0,21.99,103791.84565854698,83.71,measured
882830c467fffff,1627.0,27.48,115324.86832397716,85.89,measured
882830c469fffff,1732.0,20.28,162083.44433830335,87.65,measured
882830c46bfffff,2335.0,19.18,136946.35214217156,82.61,measured
882830c46dfffff,2200.0,27.5,105675.09076844013,85.11,measured
882830c481fffff,23.0,19.77,119008.46667997654,91.18,measured
882830c483fffff,46.0,13.99,104245.98175703813,81.08,measured
882830c485fffff,17.0,22.88,118828.0,93.3,measured
882830c487fffff,17.0,22.88,118828.0,93.3,measured
882830c489fffff,179.0,11.9,119464.16591900216,85.82,measured
882830c48bfffff,158.0,11.74,115898.1934161568,84.25,measured
882830c48dfffff,17.0,22.88,118828.0,93.3,measured
882830c491fffff,73.0,11.77,98571.0,77.2,measured
882830c493fffff,73.0,11.77,98571.0,77.2,measured
882830c495fffff,73.0,11.77,98578.88476946161,77.21,measured
882830c497fffff,67.0,12.1,99172.10050386496,77.68,measured
882830c499fffff,150.0,12.01,114894.83037375344,77.2,measured
882830c49bfffff,73.0,11.77,98571.0,77.2,measured
882830c49dfffff,73.0,11.77,98571.0,77.2,measured
882830c4a1fffff,17.0,22.88,118828.0,93.3,measured
882830c4a3fffff,17.0,22.88,118828.0,93.3,measured
882830c4a5fffff,108.0,12.23,127865.37954635023,93.3,measured
882830c4a7fffff,18.0,22.56,119100.7004330286,93.3,measured
882830c4a9fffff,17.0,22.88,118828.0,93.3,measured
882830c4abfffff,17.0,22.88,118828.0,93.3,measured
882830c4adfffff,17.0,22.88,118828.0,93.3,measured
882830c4b1fffff,17.0,22.88,118828.0,93.3,measured
882830c4b3fffff,17.0,22.88,118828.0,93.3,measured
882830c4b5fffff,17.0,22.88,118828.0,93.3,measured
882830c4b7fffff,17.0,22.88,118828.0,93.3,measured
882830c4b9fffff,21.0,20.55,114574.24111978736,89.92,measured
882830c4bbfffff,20.0,20.79,115020.55149979885,90.27,measured
882830c4bdfffff,17.0,22.88,118828.0,93.3,measured
882830c4c1fffff,256.0,27.76,56750.0,78.8,measured
882830c4c3fffff,290.0,14.39,113021.51855030937,82.37,measured
882830c4c5fffff,1016.0,12.77,117348.83418881927,72.7,measured
882830c4c7fffff,230.0,21.65,79902.45739910458,79.52,measured
882830c4c9fffff,884.0,17.56,98540.23862466388,79.2,measured
882830c4cbfffff,1125.0,9.75,141164.03149725517,79.4,measured
882830c4cdfffff,256.0,27.76,56750.0,78.8,measured
882830c4d1fffff,1137.0,12.85,163521.73245618987,85.7,measured
882830c4d3fffff,990.0,12.26,146398.51525578316,81.71,measured
882830c4d5fffff,260.0,11.87,129976.73982785766,85.7,measured
882830c4d7fffff,304.0,12.09,123259.95053088367,78.11,measured
882830c4d9fffff,1586.0,20.93,153690.3526657893,85.52,measured
882830c4dbfffff,1807.0,14.93,135058.21959743896,86.15,measured
882830c4ddfffff,1209.0,12.55,160925.61613399358,85.18,measured
882830c4e1fffff,1879.0,14.61,149380.56829933327,70.38,measured
882830c4e3fffff,17.0,22.88,118828.0,93.3,measured
882830c4e5fffff,1752.0,19.02,177404.2742249581,71.36,measured
882830c4e7fffff,41.0,17.37,164429.27603467656,80.38,measured
882830c4e9fffff,1728.0,11.87,116518.98965762017,69.92,measured
882830c4ebfffff,1449.0,14.72,82590.97868051117,69.2,measured
882830c4edfffff,2082.0,23.25,118423.51448736861,71.36,measured
882830c501fffff,80.0,21.31,138576.0,79.9,measured
882830c503fffff,121.0,17.37,154240.84275110168,87.03,measured
882830c505fffff,80.0,21.31,138576.0,79.9,measured
882830c507fffff,80.0,21.31,138576.0,79.9,measured
882830c509fffff,92.0,15.17,189773.5110059921,88.45,measured
882830c50bfffff,92.0,15.17,189783.94937488105,88.45,measured
882830c50dfffff,80.0,21.31,138576.0,79.9,measured
882830c511fffff,275.0,12.02,181298.81537356458,96.13,measured
882830c513fffff,106.0,9.89,233816.00000000003,95.8,measured
882830c515fffff,1249.0,13.07,155605.81878885647,96.29,measured
882830c517fffff,905.0,12.79,160063.0183638096,96.28,measured
882830c519fffff,106.0,9.89,233816.00000000003,95.8,measured
882830c51bfffff,106.0,9.89,233816.0,95.8,measured
882830c51dfffff,187.0,11.39,196775.49112676378,96.04,measured
882830c521fffff,582.0,15.07,120956.07143602848,87.44,measured
882830c523fffff,539.0,15.15,121181.24862366928,87.34,measured
882830c525fffff,1593.0,13.51,75369.18718065877,80.09,measured
882830c527fffff,1111.0,14.14,110601.70867170993,79.61,measured
882830c529fffff,80.0,21.31,138576.0,79.9,measured
882830c52bfffff,93.0,20.28,135669.52696037453,81.14,measured
882830c52dfffff,323.0,8.21,96618.49468047585,79.95,measured
882830c531fffff,592.0,13.85,141391.24564588218,91.78,measured
882830c533fffff,1708.0,11.71,149774.93128177506,90.13,measured
882830c535fffff,771.0,16.92,126488.98811556373,87.58,measured
882830c537fffff,1924.0,8.77,86063.70802283795,74.82,measured
882830c539fffff,277.0,15.07,151283.88362920404,92.32,measured
882830c53bfffff,1769.0,10.55,162095.4477129818,96.3,measured
882830c53dfffff,283.0,16.12,123926.3349962634,86.17,measured
882830c541fffff,90.0,20.9,140400.99618148452,82.42,measured
882830c543fffff,105.0,10.36,229887.80145305122,95.14,measured
882830c545fffff,197.0,21.28,129068.10812289032,91.66,measured
882830c547fffff,80.0,21.31,138611.71561883617,79.91,measured
882830c549fffff,423.0,19.85,133215.85625420843,95.7,measured
882830c54bfffff,247.0,27.26,146207.36687614303,87.31,measured
882830c54dfffff,343.0,21.24,126290.86262168472,95.17,measured
882830c551fffff,131.0,13.48,213689.44311961049,92.94,measured
882830c553fffff,106.0,9.89,233816.0,95.8,measured
882830c555fffff,106.0,9.89,233816.00000000003,95.8,measured
882830c557fffff,106.0,9.89,233816.00000000003,95.8,measured
882830c559fffff,865.0,24.28,138823.2737614784,83.36,measured
882830c55bfffff,949.0,19.96,152662.4029460265,86.54,measured
882830c55dfffff,146.0,17.42,199086.15104228226,92.17,measured
882830c561fffff,82.0,21.31,138289.0202470577,80.26,measured
882830c563fffff,80.0,21.31,138576.0,79.9,measured
882830c565fffff,92.0,17.85,131287.20971304097,86.0,measured
882830c567fffff,80.0,21.31,138576.0,79.9,measured
882830c569fffff,333.0,21.22,126379.92800942082,95.13,measured
882830c56bfffff,80.0,21.31,138576.0,79.9,measured
882830c56dfffff,52.0,15.26,140147.4707925643,97.37,measured
882830c581fffff,207.0,11.27,128686.0,93.3,measured
882830c583fffff,179.0,11.43,128548.51788675196,93.3,measured
882830c585fffff,426.0,12.49,101762.30537710465,79.94,measured
882830c587fffff,192.0,9.76,93402.24390606365,78.62,measured
882830c589fffff,206.0,11.25,128591.77019442237,93.31,measured
882830c58bfffff,207.0,11.27,128686.00000000001,93.3,measured
882830c58dfffff,188.0,10.33,123981.39130616696,93.62,measured
882830c591fffff,146.0,11.71,128311.2454845083,93.3,measured
882830c593fffff,17.0,22.88,118828.0,93.3,measured
882830c595fffff,56.0,14.09,126291.39878755852,93.3,measured
882830c597fffff,17.0,22.88,118828.0,93.3,measured
882830c599fffff,206.0,11.27,128686.0,93.3,measured
882830c59bfffff,134.0,11.84,128196.11263998972,93.3,measured
882830c59dfffff,206.0,11.27,128686.0,93.3,measured
882830c5a1fffff,406.0,9.52,80739.82798328678,73.62,measured
882830c5a3fffff,255.0,8.93,81612.0,73.6,measured
882830c5a5fffff,236.0,2.93,86530.91938520024,75.41,measured
882830c5a7fffff,254.0,8.66,81837.80030080759,73.68,measured
882830c5a9fffff,2275.0,11.77,83458.8724061929,73.6,measured
882830c5abfffff,255.0,8.93,81612.0,73.6,measured
882830c5adfffff,1249.0,11.4,80556.82880902576,74.92,measured
882830c5b1fffff,72.0,11.52,88504.2421826193,77.25,measured
882830c5b3fffff,17.0,22.88,118828.0,93.3,measured
882830c5b5fffff,255.0,8.93,81612.0,73.6,measured
882830c5b7fffff,146.0,9.69,83624.59219661145,74.67,measured
882830c5b9fffff,18.0,22.43,117621.16375014414,92.66,measured
882830c5bbfffff,17.0,22.88,118828.0,93.3,measured
882830c5bdfffff,248.0,8.96,81691.92625706027,73.64,measured
882830c5c1fffff,116.0,3.84,91544.0,95.8,measured
882830c5c3fffff,141.0,6.85,106595.49538165148,94.79,measured
882830c5c5fffff,107.0,9.08,214851.2430949438,95.8,measured
882830c5c7fffff,113.0,6.66,153306.25999329097,95.72,measured
882830c5c9fffff,115.0,4.53,107804.9143961969,95.8,measured
882830c5cbfffff,116.0,3.84,91544.0,95.8,measured
882830c5cdfffff,110.0,7.5,177589.17459236275,95.8,measured
882830c5d1fffff,67.0,13.48,126809.35795240299,93.3,measured
882830c5d3fffff,129.0,11.9,128144.89623393156,93.3,measured
882830c5d5fffff,206.0,11.27,128683.7890898482,93.3,measured
882830c5d7fffff,206.0,11.27,128686.00000000001,93.3,measured
882830c5d9fffff,99.0,4.45,93708.78423705592,95.73,measured
882830c5dbfffff,21.0,21.02,130994.85495059153,89.76,measured
882830c5ddfffff,102.0,5.51,97559.9756058318,95.37,measured
882830c5e1fffff,901.0,14.05,156806.44556878685,87.84,measured
882830c5e3fffff,429.0,12.61,102923.9706648844,81.04,measured
882830c5e5fffff,1889.0,18.17,107951.82335842868,72.95,measured
882830c5e7fffff,3078.0,9.4,82615.61106860056,74.74,measured
882830c5e9fffff,378.0,10.88,187894.9871495763,96.2,measured
882830c5ebfffff,109.0,7.63,180574.35873491317,95.8,measured
882830c5edfffff,1324.0,11.1,167543.56516629475,96.3,measured
882830c601fffff,1352.0,20.97,159195.2940097625,89.98,measured
882830c603fffff,1937.0,27.17,124633.65904015594,78.33,measured
882830c605fffff,1049.0,28.23,212907.26178348516,89.37,measured
882830c607fffff,876.0,32.83,218282.13799203568,88.19,measured
882830c609fffff,1266.0,25.18,194810.85107132103,86.42,measured
882830c60bfffff,1242.0,23.54,183723.3749745509,84.24,measured
882830c60dfffff,848.0,27.65,220787.02220949033,88.54,measured
882830c611fffff,2895.0,10.79,153333.7899690806,77.67,measured
882830c613fffff,2004.0,10.6,113542.22686582028,77.58,measured
882830c615fffff,2671.0,18.71,172969.00767009254,76.24,measured
882830c617fffff,4572.0,7.43,120691.71282012678,79.81,measured
882830c619fffff,2167.0,14.79,165391.32805733936,77.44,measured
882830c61bfffff,1762.0,10.78,148737.3843833463,76.9,measured
882830c61dfffff,1463.0,18.05,163647.6116883937,76.26,measured
882830c621fffff,1107.0,24.67,245759.30883304155,92.07,measured
882830c623fffff,1780.0,17.5,180953.3284821436,83.31,measured
882830c625fffff,187.0,21.42,250001.0,95.3,measured
882830c627fffff,677.0,24.21,227724.6825980584,83.37,measured
882830c629fffff,1183.0,22.44,207914.6118776725,91.7,measured
882830c62bfffff,923.0,25.73,219018.08160619764,88.38,measured
882830c62dfffff,367.0,21.21,218924.87539405897,95.3,measured
882830c631fffff,1283.0,22.63,196513.5247808714,85.67,measured
882830c633fffff,1816.0,20.28,150969.29641062024,78.51,measured
882830c635fffff,1907.0,18.38,115616.84207305606,78.82,measured
882830c637fffff,1645.0,20.29,138824.07503689668,74.92,measured
882830c639fffff,789.0,30.19,205180.66083364037,83.31,measured
882830c63bfffff,1715.0,19.67,187502.56773812015,82.26,measured
882830c63dfffff,561.0,32.56,236357.0,85.8,measured
882830c641fffff,574.0,35.54,207701.2057080322,87.16,measured
882830c643fffff,472.0,29.43,165843.720562244,85.91,measured
882830c645fffff,407.0,32.01,179661.59190887032,87.86,measured
882830c647fffff,571.0,30.48,202969.79659922293,87.54,measured
882830c649fffff,576.0,29.53,187274.67553794282,87.51,measured
882830c64bfffff,1242.0,30.46,214255.74296660122,86.9,measured
882830c64dfffff,394.0,32.44,176717.90822982983,87.71,measured
882830c651fffff,3332.0,10.41,114220.35432450753,81.37,measured
882830c653fffff,2969.0,10.22,124996.94990896783,77.1,measured
882830c655fffff,1512.0,17.44,157624.24464863504,85.81,measured
882830c657fffff,1683.0,19.35,164027.1906014215,80.93,measured
882830c659fffff,1638.0,8.77,115662.66129958544,77.29,measured
882830c65bfffff,2323.0,14.5,119743.86255229381,74.59,measured
882830c65dfffff,1158.0,21.73,160223.9608147261,86.85,measured
882830c661fffff,241.0,34.49,205079.79913374872,90.0,measured
882830c663fffff,638.0,26.66,220652.63771237814,89.9,measured
882830c665fffff,217.0,30.78,218136.5644087412,91.61,measured
882830c667fffff,409.0,24.85,197000.72675836715,93.35,measured
882830c669fffff,301.0,32.87,198675.44603295616,89.3,measured
882830c66bfffff,557.0,27.54,220942.7421166851,90.0,measured
882830c66dfffff,223.0,35.15,206026.39117190242,90.27,measured
882830c681fffff,1453.0,23.86,183950.17298827422,79.9,measured
882830c683fffff,1135.0,21.11,150970.53195477123,84.44,measured
882830c685fffff,1620.0,24.95,180534.2091858405,78.08,measured
882830c687fffff,1043.0,23.31,153803.5725961042,79.6,measured
882830c689fffff,1267.0,24.79,185511.61786013911,86.05,measured
882830c68bfffff,1599.0,10.69,213724.42615256837,94.33,measured
882830c68dfffff,1682.0,19.02,141614.21597009504,74.03,measured
882830c691fffff,409.0,24.57,182983.03159848828,91.21,measured
882830c693fffff,407.0,24.76,183704.46032295874,91.2,measured
882830c695fffff,681.0,24.08,168203.76529697626,89.95,measured
882830c697fffff,839.0,22.83,154607.51907887388,89.83,measured
882830c699fffff,245.0,18.14,181217.81778172744,92.81,measured
882830c69bfffff,127.0,23.33,229900.784251183,94.13,measured
882830c69dfffff,1317.0,15.66,147978.18661795484,91.53,measured
882830c6a1fffff,410.0,21.25,66883.4182933788,78.77,measured
882830c6a3fffff,1648.0,10.85,87582.5595137669,79.31,measured
882830c6a5fffff,1544.0,10.1,68071.4963674866,69.53,measured
882830c6a7fffff,256.0,27.76,56750.0,78.8,measured
882830c6a9fffff,1539.0,18.44,135024.7230475078,78.1,measured
882830c6abfffff,845.0,16.41,67589.0,79.6,measured
882830c6adfffff,1289.0,21.25,88872.86131092238,72.73,measured
882830c6b1fffff,714.0,26.34,145554.91222069546,89.5,measured
882830c6b3fffff,1016.0,28.84,128112.59338568614,86.87,measured
882830c6b5fffff,2215.0,17.0,101920.00053698494,79.88,measured
882830c6b7fffff,1953.0,14.32,159539.1101250933,85.29,measured
882830c6b9fffff,830.0,27.78,162147.12797067987,86.36,measured
882830c6bbfffff,935.0,23.6,156918.3683350939,89.5,measured
882830c6bdfffff,757.0,27.9,145990.84632674017,86.77,measured
882830c6c1fffff,1568.0,22.11,147789.64421151896,77.25,measured
882830c6c3fffff,712.0,28.57,182215.8605043134,88.9,measured
882830c6c5fffff,1631.0,16.73,139730.38143840712,75.72,measured
882830c6c7fffff,1317.0,23.1,156697.4833397352,77.31,measured
882830c6c9fffff,1551.0,16.72,171202.5788942308,82.27,measured
882830c6cbfffff,807.0,33.2,164365.453294297,86.69,measured
882830c6cdfffff,1727.0,14.14,145127.3791645968,76.71,measured
882830c6d1fffff,99.0,22.6,249689.99891591506,95.4,measured
882830c6d3fffff,98.0,22.7,250001.0,95.4,measured
882830c6d5fffff,512.0,14.93,231626.44563515412,95.4,measured
882830c6d7fffff,461.0,11.37,235207.98986923066,95.4,measured
882830c6d9fffff,119.0,21.34,245728.07442504357,95.4,measured
882830c6dbfffff,98.0,22.7,250001.00000000003,95.4,measured
882830c6ddfffff,418.0,16.78,231421.39999346173,95.4,measured
882830c6e1fffff,1572.0,19.46,90143.32729347813,73.88,measured
882830c6e3fffff,2044.0,13.61,136460.35550471733,74.5,measured
882830c6e5fffff,4677.0,8.85,80461.74014526964,67.7,measured
882830c6e7fffff,1995.0,13.93,103656.31462486474,73.29,measured
882830c6e9fffff,1425.0,23.85,90369.03303111647,73.63,measured
882830c6ebfffff,1543.0,17.65,107700.03307675093,75.62,measured
882830c6edfffff,1512.0,26.59,112759.76744512266,77.31,measured
882830c701fffff,528.0,19.35,176063.03448252598,96.09,measured
882830c703fffff,1029.0,18.96,175938.0,96.1,measured
882830c705fffff,310.0,30.2,186357.59458878764,96.07,measured
882830c707fffff,967.0,21.76,160492.89070477674,93.42,measured
882830c709fffff,9.0,24.25,121500.00000000001,94.6,measured
882830c70bfffff,451.0,17.87,197762.59730255554,96.1,measured
882830c70dfffff,9.0,24.25,121500.00000000001,94.6,measured
882830c711fffff,213.0,15.25,250000.99999999997,96.1,measured
882830c713fffff,839.0,15.41,200839.9300871049,88.98,measured
882830c715fffff,349.0,16.76,212888.37222292097,95.53,measured
882830c717fffff,1212.0,16.8,183483.09830914662,90.18,measured
882830c719fffff,194.0,19.58,250001.00000000003,95.54,measured
882830c71bfffff,216.0,21.25,250001.0,92.28,measured
882830c71dfffff,352.0,17.09,213178.28110110055,96.1,measured
882830c721fffff,1302.0,12.89,170464.19312671816,97.56,measured
882830c723fffff,1057.0,15.49,176782.08212196955,97.81,measured
882830c725fffff,733.0,10.91,185854.6360717894,95.88,measured
882830c727fffff,774.0,10.23,183438.37763640308,95.75,measured
882830c729fffff,942.0,17.87,166500.98364949154,94.71,measured
882830c72bfffff,1043.0,17.55,183544.41054461183,94.97,measured
882830c72dfffff,419.0,23.65,178850.33193224086,97.91,measured
882830c731fffff,2446.0,14.32,102696.58803414261,85.4,measured
882830c733fffff,2473.0,13.44,131797.85235441054,83.89,measured
882830c735fffff,709.0,23.81,146906.59026693506,90.59,measured
882830c737fffff,1057.0,29.42,138576.15869190995,84.51,measured
882830c739fffff,1575.0,16.56,109640.80593394677,87.36,measured
882830c73bfffff,2418.0,10.88,150897.41325856603,86.18,measured
882830c73dfffff,1626.0,21.84,126063.31865193647,89.61,measured
882830c741fffff,9.0,24.25,121500.0,94.6,measured
882830c743fffff,9.0,24.25,121500.0,94.6,measured
882830c745fffff,9.0,24.25,121500.0,94.6,measured
882830c747fffff,9.0,24.25,121500.0,94.6,measured
882830c749fffff,9.0,24.25,121499.99999999999,94.6,measured
882830c74bfffff,9.0,24.25,121500.0,94.6,measured
882830c74dfffff,9.0,24.25,121500.0,94.6,measured
882830c751fffff,189.0,21.05,250001.00000000003,95.35,measured
882830c753fffff,187.0,21.42,250001.0,95.3,measured
882830c755fffff,97.0,15.72,243200.11421862434,96.02,measured
882830c757fffff,209.0,16.24,250001.0,95.97,measured
882830c759fffff,163.0,21.44,249008.4290596075,95.29,measured
882830c75bfffff,190.0,21.56,248533.01442686847,95.24,measured
882830c75dfffff,25.0,22.07,207936.9409768954,95.11,measured
882830c761fffff,178.0,21.81,146558.70735956222,94.6,measured
882830c763fffff,137.0,22.25,145287.12565094966,94.6,measured
882830c765fffff,492.0,19.25,165569.44026391563,94.65,measured
882830c767fffff,1186.0,17.82,158315.336395218,94.6,measured
882830c769fffff,9.0,24.25,121499.99999999999,94.6,measured
882830c76bfffff,9.0,24.25,121499.99999999999,94.6,measured
882830c76dfffff,9.0,24.25,121500.00000000001,94.6,measured
882830c801fffff,410.0,5.86,140952.0,99.1,measured
882830c803fffff,410.0,5.86,140952.0,99.1,measured
882830c805fffff,138.0,5.77,93291.07972193748,97.12,measured
882830c807fffff,378.0,5.86,138891.1045729068,99.01,measured
882830c809fffff,196.0,10.36,124539.66092558613,99.1,measured
882830c80bfffff,401.0,5.96,140612.1062153666,99.1,measured
882830c80dfffff,176.0,8.1,120146.07463258748,98.52,measured
882830c811fffff,291.0,6.42,143388.133320596,99.24,measured
882830c813fffff,149.0,8.24,151423.0,99.7,measured
882830c815fffff,383.0,5.87,141011.05963580412,99.09,measured
882830c817fffff,242.0,6.67,144530.76039321497,99.28,measured
882830c819fffff,297.0,6.38,143226.55754334966,99.23,measured
882830c81bfffff,149.0,8.24,151423.0,99.7,measured
882830c81dfffff,410.0,5.86,140952.0,99.1,measured
882830c821fffff,95.0,9.1,66597.05585176514,95.9,measured
882830c823fffff,59.0,22.75,87960.90627140216,95.9,measured
882830c825fffff,101.0,27.89,75206.86580956985,95.9,measured
882830c827fffff,106.0,31.37,78911.0,95.9,measured
882830c829fffff,98.0,5.71,64008.99999999999,95.9,measured
882830c82bfffff,98.0,5.71,64009.0,95.9,measured
882830c82dfffff,98.0,5.71,64009.0,95.9,measured
882830c831fffff,19.0,8.31,158608.0,95.9,measured
882830c833fffff,19.0,8.31,158608.0,95.9,measured
882830c835fffff,67.0,32.04,88440.83293074468,95.9,measured
882830c837fffff,60.0,31.01,91459.63166471671,95.9,measured
882830c839fffff,318.0,5.9,141198.1663074919,99.06,measured
882830c83bfffff,19.0,8.3,158302.90309018336,96.06,measured
882830c83dfffff,128.0,6.02,126944.4287127979,98.22,measured
882830c841fffff,139.0,13.92,111546.0,99.1,measured
882830c843fffff,138.0,13.92,111546.0,99.1,measured
882830c845fffff,139.0,13.92,111546.0,99.1,measured
882830c847fffff,139.0,13.92,111546.0,99.1,measured
882830c849fffff,96.0,14.63,126217.06384155694,95.33,measured
882830c84bfffff,566.0,7.7,161973.11831166342,98.46,measured
882830c84dfffff,112.0,14.31,119558.43842481294,97.04,measured
882830c851fffff,1463.0,7.04,160507.92570744586,98.41,measured
882830c853fffff,1370.0,12.11,130646.60555843315,95.57,measured
882830c855fffff,169.0,12.41,123469.71590014557,98.97,measured
882830c857fffff,330.0,6.86,137315.611653257,99.1,measured
882830c859fffff,985.0,9.3,118278.0399043981,97.66,measured
882830c85bfffff,956.0,11.09,127575.1152723934,94.39,measured
882830c85dfffff,1648.0,6.73,165694.66167037035,98.4,measured
882830c861fffff,21.0,8.01,147768.42731617,95.9,measured
882830c863fffff,85.0,5.81,67470.32763754223,95.9,measured
882830c865fffff,46.0,6.4,88932.81090543978,95.9,measured
882830c867fffff,96.0,5.73,64513.63246731956,95.9,measured
882830c869fffff,77.0,13.22,117455.51721508185,98.7,measured
882830c86bfffff,77.0,13.22,117456.271942153,98.7,measured
882830c86dfffff,19.0,8.31,158608.0,95.9,measured
882830c881fffff,8.0,8.31,158608.0,95.9,measured
882830c885fffff,11.0,8.31,158608.0,95.9,measured
882830c889fffff,19.0,8.31,158608.0,95.9,measured
882830c88bfffff,2.0,8.31,158608.0,95.9,measured
882830c88dfffff,19.0,8.31,158608.0,95.9,measured
882830c8a1fffff,10.0,8.31,158608.0,95.9,measured
882830c8a5fffff,19.0,8.31,158608.0,95.9,measured
882830c8a7fffff,1.0,8.31,158608.0,95.9,measured
882830c8a9fffff,18.0,8.31,158608.0,95.9,measured
882830c8adfffff,19.0,8.31,158608.0,95.9,measured
882830c8c1fffff,149.0,8.24,151423.0,99.7,measured
882830c8c3fffff,147.0,8.24,151431.5665468023,99.7,measured
882830c8c5fffff,149.0,8.24,151423.0,99.7,measured
882830c8c7fffff,68.0,8.25,152664.93443385384,99.04,measured
882830c8c9fffff,267.0,9.73,128740.26925183093,99.7,measured
882830c8cbfffff,244.0,9.56,131391.7948013915,99.7,measured
882830c8cdfffff,149.0,8.24,151423.0,99.7,measured
882830c8d1fffff,229.0,10.31,120000.0,99.7,measured
882830c8d5fffff,145.0,9.58,131284.8555560813,99.58,measured
882830c8d9fffff,385.0,10.31,120000.0,99.7,measured
882830c8dbfffff,224.0,10.04,120002.7723864667,96.79,measured
882830c8ddfffff,322.0,10.05,123839.03639110316,99.7,measured
882830c8e1fffff,41.0,8.26,154139.27366128739,98.26,measured
882830c8e3fffff,19.0,8.31,158608.0,95.9,measured
882830c8e5fffff,19.0,8.31,158608.0,95.9,measured
882830c8e7fffff,19.0,8.31,158608.0,95.9,measured
882830c8e9fffff,149.0,8.24,151423.0,99.7,measured
882830c8ebfffff,74.0,8.25,152473.236502158,99.14,measured
882830c8edfffff,33.0,8.27,155078.44371395637,97.77,measured
882830c901fffff,19.0,8.31,158608.0,95.9,measured
882830c903fffff,19.0,8.31,158608.0,95.9,measured
882830c905fffff,19.0,8.31,158608.0,95.9,measured
882830c907fffff,19.0,8.31,158608.0,95.9,measured
882830c909fffff,19.0,8.31,158608.0,95.9,measured
882830c90bfffff,19.0,8.31,158608.0,95.9,measured
882830c90dfffff,19.0,8.31,158608.0,95.9,measured
882830c911fffff,120.0,21.23,78911.0,95.9,measured
882830c913fffff,124.0,18.72,,95.9,measured
882830c915fffff,36.0,15.16,149891.52869586932,95.9,measured
882830c917fffff,61.0,16.82,158608.0,95.9,measured
882830c919fffff,90.0,34.45,81300.9819794384,95.9,measured
882830c91bfffff,115.0,24.49,78911.0,95.9,measured
882830c91dfffff,64.0,31.58,89725.20271089861,95.9,measured
882830c921fffff,17.0,8.31,158608.0,95.9,measured
882830c923fffff,16.0,8.31,158608.0,95.9,measured
882830c927fffff,1.0,8.31,158608.0,95.9,measured
882830c929fffff,14.0,8.31,158608.0,95.9,measured
882830c92bfffff,19.0,8.31,158608.0,95.9,measured
882830c92dfffff,11.0,8.31,158608.0,95.9,measured
882830c931fffff,19.0,8.31,158608.0,95.9,measured
882830c933fffff,19.0,8.31,158608.0,95.9,measured
882830c935fffff,10.0,8.31,158608.0,95.9,measured
882830c937fffff,19.0,8.31,158608.0,95.9,measured
882830c939fffff,19.0,8.31,158608.0,95.9,measured
882830c93bfffff,19.0,8.31,158608.0,95.9,measured
882830c93dfffff,19.0,8.31,158608.0,95.9,measured
882830c941fffff,19.0,8.31,158608.0,95.9,measured
882830c943fffff,19.0,8.31,158608.0,95.9,measured
882830c945fffff,15.0,8.31,158607.99999999997,95.9,measured
882830c947fffff,19.0,8.31,158608.0,95.9,measured
882830c949fffff,19.0,8.31,158608.0,95.9,measured
882830c94bfffff,19.0,8.31,158608.0,95.9,measured
882830c94dfffff,15.0,8.31,158608.0,95.9,measured
882830c951fffff,19.0,8.31,158608.0,95.9,measured
882830c953fffff,34.0,10.52,107207.51210669623,95.9,measured
882830c955fffff,19.0,8.31,158608.0,95.9,measured
882830c957fffff,19.0,8.39,158346.27744538643,95.9,measured
882830c959fffff,21.0,7.91,144174.82754348312,95.9,measured
882830c95bfffff,78.0,5.87,69778.94068259466,95.9,measured
882830c95dfffff,19.0,8.31,158608.0,95.9,measured
882830c961fffff,2.0,8.31,158608.0,95.9,measured
882830c963fffff,6.0,8.31,158608.0,95.9,measured
882830c967fffff,2.0,8.31,158608.0,95.9,measured
882830c969fffff,1.0,8.31,158608.0,95.9,measured
882830c96bfffff,14.0,8.31,158608.0,95.9,measured
882830c981fffff,19.0,8.31,158608.0,95.9,measured
882830c983fffff,19.0,8.31,158608.0,95.9,measured
882830c985fffff,19.0,8.31,158608.0,95.9,measured
882830c987fffff,19.0,8.31,158608.0,95.9,measured
882830c989fffff,60.0,30.99,91539.11546855172,95.9,measured
882830c98bfffff,19.0,8.31,158608.0,95.9,measured
882830c98dfffff,39.0,17.17,136604.96081200842,95.9,measured
882830c991fffff,19.0,8.31,158608.0,95.9,measured
882830c993fffff,15.0,8.31,158608.0,95.9,measured
882830c995fffff,19.0,8.31,158608.0,95.9,measured
882830c997fffff,19.0,8.31,158608.0,95.9,measured
882830c999fffff,19.0,8.31,158608.0,95.9,measured
882830c99bfffff,13.0,8.31,158608.0,95.9,measured
882830c99dfffff,19.0,8.31,158608.0,95.9,measured
882830c9a1fffff,19.0,8.31,158608.0,95.9,measured
882830c9a3fffff,19.0,8.31,158608.0,95.9,measured
882830c9a5fffff,19.0,8.31,158608.0,95.9,measured
882830c9a7fffff,19.0,8.31,158608.0,95.9,measured
882830c9a9fffff,19.0,8.31,158608.0,95.9,measured
882830c9abfffff,19.0,8.31,158608.0,95.9,measured
882830c9adfffff,19.0,8.31,158608.0,95.9,measured
882830c9b1fffff,19.0,8.31,158608.0,95.9,measured
882830c9b3fffff,19.0,8.31,158608.0,95.9,measured
882830c9b5fffff,19.0,8.31,158608.0,95.9,measured
882830c9b7fffff,14.0,8.31,158608.0,95.9,measured
882830c9b9fffff,19.0,8.31,158608.0,95.9,measured
882830c9bbfffff,19.0,8.31,158608.0,95.9,measured
882830c9bdfffff,19.0,8.31,158608.0,95.9,measured
882830c9c1fffff,106.0,31.32,78911.0,95.9,measured
882830c9c3fffff,102.0,35.26,78911.0,95.9,measured
882830c9c5fffff,124.0,18.72,,95.9,measured
882830c9c7fffff,113.0,25.7,78911.0,95.9,measured
882830c9c9fffff,102.0,35.23,78911.0,95.9,measured
882830c9cbfffff,102.0,35.26,78911.0,95.9,measured
882830c9cdfffff,123.0,19.25,78911.0,95.9,measured
882830c9d1fffff,63.0,31.43,90217.04640985311,95.9,measured
882830c9d3fffff,19.0,8.31,158608.0,95.9,measured
882830c9d5fffff,80.0,33.58,83868.51955149526,95.9,measured
882830c9d7fffff,19.0,8.31,158608.0,95.9,measured
882830c9d9fffff,68.0,32.17,88053.84671196627,95.9,measured
882830c9dbfffff,30.0,20.85,121503.60001883023,95.9,measured
882830c9ddfffff,102.0,35.26,78911.0,95.9,measured
882830c9e1fffff,19.0,8.31,158608.0,95.9,measured
882830c9e3fffff,19.0,8.31,158608.0,95.9,measured
882830c9e5fffff,19.0,8.31,158608.0,95.9,measured
882830c9e7fffff,19.0,8.31,158608.0,95.9,measured
882830c9e9fffff,54.0,16.29,158608.0,95.9,measured
882830c9ebfffff,53.0,16.21,158608.0,95.9,measured
882830c9edfffff,19.0,8.31,158608.0,95.9,measured
882830ca01fffff,1900.0,10.3,106618.66668306958,95.73,measured
882830ca03fffff,1524.0,10.98,110845.52286323701,95.32,measured
882830ca05fffff,818.0,13.0,88765.4444369948,94.86,measured
882830ca07fffff,1573.0,12.44,104293.92120447723,94.3,measured
882830ca09fffff,1603.0,10.42,136583.9188965665,96.26,measured
882830ca0bfffff,1852.0,7.13,128985.13033821153,96.98,measured
882830ca0dfffff,1206.0,4.74,149808.30544233884,96.56,measured
882830ca11fffff,1430.0,9.03,140552.60081868648,97.7,measured
882830ca13fffff,1365.0,11.5,141933.58685360668,97.91,measured
882830ca15fffff,1235.0,4.69,173606.33821257728,97.5,measured
882830ca17fffff,1073.0,10.6,152905.641775402,97.5,measured
882830ca19fffff,1942.0,13.49,168333.88127726785,97.8,measured
882830ca1bfffff,1300.0,12.75,161927.64935690543,98.27,measured
882830ca1dfffff,1510.0,5.43,144444.04138050138,97.66,measured
882830ca21fffff,89.0,14.82,130230.00000000001,94.3,measured
882830ca23fffff,89.0,14.82,130230.0,94.3,measured
882830ca25fffff,89.0,14.82,130230.0,94.3,measured
882830ca27fffff,89.0,14.82,130229.99999999999,94.3,measured
882830ca29fffff,89.0,14.82,130229.99999999999,94.3,measured
882830ca2bfffff,262.0,11.63,133195.62258583712,94.3,measured
882830ca2dfffff,89.0,14.82,130230.0,94.3,measured
882830ca31fffff,89.0,14.82,130230.0,94.3,measured
882830ca33fffff,706.0,11.66,137264.12611480933,97.48,measured
882830ca35fffff,89.0,14.82,130230.0,94.3,measured
882830ca37fffff,823.0,8.51,136871.88800552834,98.24,measured
882830ca39fffff,928.0,9.68,141910.66801020582,94.66,measured
882830ca3bfffff,867.0,12.23,143936.15952596054,97.45,measured
882830ca3dfffff,505.0,10.57,137735.528833215,94.3,measured
882830ca41fffff,498.0,5.35,148924.99662949174,96.43,measured
882830ca43fffff,491.0,16.82,128192.83184127684,95.22,measured
882830ca45fffff,482.0,4.98,137368.0564747479,96.3,measured
882830ca47fffff,1457.0,7.01,139632.06862610162,96.6,measured
882830ca49fffff,266.0,6.07,162308.0,96.2,measured
882830ca4bfffff,329.0,9.2,151253.64235015432,96.2,measured
882830ca4dfffff,335.0,5.61,149626.98973419904,96.23,measured
882830ca51fffff,1364.0,20.34,126220.25302284468,93.94,measured
882830ca53fffff,1885.0,13.04,171802.6600975995,95.27,measured
882830ca55fffff,1847.0,18.31,82458.50944273331,93.16,measured
882830ca57fffff,1862.0,9.63,115145.37532807072,96.64,measured
882830ca59fffff,745.0,26.89,113823.96086372742,97.59,measured
882830ca5bfffff,1168.0,34.49,127545.11684895257,96.37,measured
882830ca5dfffff,373.0,10.75,145799.0,96.2,measured
882830ca61fffff,89.0,14.82,130230.00000000001,94.3,measured
882830ca63fffff,89.0,14.82,130230.00000000001,94.3,measured
882830ca65fffff,89.0,14.82,130229.99999999999,94.3,measured
882830ca67fffff,89.0,14.82,130230.0,94.3,measured
882830ca69fffff,89.0,14.82,130229.99999999999,94.3,measured
882830ca6bfffff,126.0,11.25,132821.99141170265,95.03,measured
882830ca6dfffff,89.0,14.82,130230.0,94.3,measured
882830ca81fffff,506.0,15.97,161201.15238666808,98.95,measured
882830ca83fffff,487.0,13.3,140423.58159824778,98.64,measured
882830ca85fffff,1606.0,10.37,160554.00332367542,97.59,measured
882830ca87fffff,1367.0,13.3,139227.41056677126,98.75,measured
882830ca89fffff,648.0,11.24,156561.4198406399,98.8,measured
882830ca8bfffff,654.0,11.1,153611.9653113294,98.79,measured
882830ca8dfffff,919.0,12.16,164488.15834628957,97.81,measured
882830ca91fffff,872.0,7.16,118034.28224684093,98.4,measured
882830ca93fffff,836.0,14.44,110626.03726457052,96.04,measured
882830ca95fffff,448.0,9.24,121217.16798748853,97.0,measured
882830ca97fffff,261.0,9.58,119666.84803115415,93.68,measured
882830ca99fffff,1408.0,11.55,105396.06626612933,98.55,measured
882830ca9bfffff,1090.0,10.34,121365.97862882151,97.86,measured
882830ca9dfffff,798.0,7.35,117664.27948756219,98.44,measured
882830caa1fffff,1818.0,13.62,109501.3120030309,94.5,measured
882830caa3fffff,2144.0,7.27,98149.22692403811,94.0,measured
882830caa5fffff,1234.0,12.41,119657.07356901537,94.55,measured
882830caa7fffff,418.0,7.4,119343.06206768773,95.78,measured
882830caa9fffff,1485.0,11.93,133463.37052865585,97.33,measured
882830caabfffff,2356.0,14.22,106930.52404753357,95.31,measured
882830caadfffff,1348.0,15.89,111150.22008089557,94.2,measured
882830cab1fffff,578.0,27.11,43855.93476772195,93.83,measured
882830cab3fffff,431.0,18.72,81585.30300026911,96.01,measured
882830cab5fffff,1087.0,7.86,99917.05592143117,95.16,measured
882830cab7fffff,386.0,10.48,119235.38757324318,99.64,measured
882830cab9fffff,521.0,19.24,151160.19054581202,98.66,measured
882830cabbfffff,381.0,21.12,76516.82037825801,93.87,measured
882830cabdfffff,1725.0,13.71,107443.90108155576,95.34,measured
882830cac1fffff,1169.0,4.58,121528.88683337157,99.28,measured
882830cac3fffff,1188.0,9.75,132519.15022580116,98.97,measured
882830cac5fffff,963.0,12.42,184465.4683434736,98.96,measured
882830cac7fffff,665.0,12.29,186523.62414482448,98.93,measured
882830cac9fffff,1169.0,5.48,124919.73033161109,99.4,measured
882830cacbfffff,1216.0,8.19,132471.33701330138,99.77,measured
882830cacdfffff,947.0,10.86,177046.19616725715,99.3,measured
882830cad1fffff,2255.0,13.28,127111.78014814128,98.28,measured
882830cad3fffff,2302.0,12.82,116620.20987283839,98.42,measured
882830cad5fffff,1380.0,11.16,105202.19934069677,98.8,measured
882830cad7fffff,1039.0,12.97,123846.09098687337,98.63,measured
882830cad9fffff,1612.0,9.02,121022.87326119236,99.71,measured
882830cadbfffff,1266.0,8.65,120763.50878806227,99.05,measured
882830caddfffff,1885.0,8.78,111764.67818300605,99.14,measured
882830cae1fffff,1112.0,11.2,148422.05144201237,96.96,measured
882830cae3fffff,1317.0,11.35,157019.29404781974,97.5,measured
882830cae5fffff,885.0,9.41,139102.50057776083,95.08,measured
882830cae7fffff,925.0,9.47,138568.40904950732,94.99,measured
882830cae9fffff,1340.0,10.22,173378.2557309352,97.5,measured
882830caebfffff,1284.0,11.12,163710.87112868152,97.6,measured
882830caedfffff,1005.0,12.19,144152.0,97.5,measured
882830cb01fffff,67.0,15.95,165842.0,99.6,measured
882830cb03fffff,67.0,15.95,165842.0,99.6,measured
882830cb05fffff,67.0,15.95,165842.0,99.6,measured
882830cb07fffff,67.0,15.95,165842.0,99.6,measured
882830cb09fffff,67.0,15.95,165842.0,99.6,measured
882830cb0bfffff,67.0,15.95,165842.0,99.6,measured
882830cb0dfffff,67.0,15.95,165842.0,99.6,measured
882830cb11fffff,77.0,15.39,148648.55324300172,97.46,measured
882830cb13fffff,128.0,14.06,114339.85555681019,98.38,measured
882830cb15fffff,88.0,15.03,141250.36041066272,99.37,measured
882830cb17fffff,124.0,13.83,112485.54703342113,99.04,measured
882830cb19fffff,82.0,15.1,139075.71096610962,95.62,measured
882830cb1bfffff,89.0,14.82,130230.00000000001,94.3,measured
882830cb1dfffff,67.0,15.95,165842.0,99.6,measured
882830cb21fffff,67.0,15.92,165811.26708054057,99.58,measured
882830cb23fffff,52.0,15.09,165024.46163998573,99.18,measured
882830cb25fffff,61.0,15.73,165626.42431867684,99.49,measured
882830cb27fffff,20.0,8.72,159000.65302636952,96.1,measured
882830cb29fffff,67.0,15.95,165842.0,99.6,measured
882830cb2bfffff,67.0,15.95,165842.0,99.6,measured
882830cb2dfffff,67.0,15.95,165842.0,99.6,measured
882830cb31fffff,35.0,13.15,161763.85831203542,98.26,measured
882830cb33fffff,19.0,8.31,158608.0,95.9,measured
882830cb35fffff,21.0,9.44,159682.533084556,96.45,measured
882830cb37fffff,19.0,8.31,158608.0,95.9,measured
882830cb39fffff,82.0,15.27,147487.65220666022,99.43,measured
882830cb3bfffff,89.0,13.44,115632.3637541904,98.82,measured
882830cb3dfffff,67.0,15.95,165841.4876926884,99.6,measured
882830cb41fffff,67.0,15.95,165842.0,99.6,measured
882830cb43fffff,67.0,15.95,165842.0,99.6,measured
882830cb45fffff,67.0,15.95,165842.0,99.6,measured
882830cb47fffff,67.0,15.95,165842.0,99.6,measured
882830cb49fffff,67.0,15.95,165842.0,99.6,measured
882830cb4bfffff,67.0,15.95,165842.0,99.6,measured
882830cb4dfffff,67.0,15.95,165842.0,99.6,measured
882830cb51fffff,72.0,15.64,156119.76591601808,98.15,measured
882830cb53fffff,88.0,14.85,131094.81168791626,94.43,measured
882830cb55fffff,67.0,15.95,165842.0,99.6,measured
882830cb57fffff,67.0,15.95,165713.5392776607,99.58,measured
882830cb59fffff,79.0,15.25,143641.14230636414,96.3,measured
882830cb5bfffff,89.0,14.82,130230.0,94.3,measured
882830cb5dfffff,67.0,15.95,165842.0,99.6,measured
882830cb61fffff,67.0,15.95,165842.0,99.6,measured
882830cb63fffff,67.0,15.95,165842.0,99.6,measured
882830cb65fffff,67.0,15.95,165842.0,99.6,measured
882830cb67fffff,67.0,15.95,165842.0,99.6,measured
882830cb69fffff,67.0,15.95,165842.0,99.6,measured
882830cb6bfffff,67.0,15.95,165842.0,99.6,measured
882830cb6dfffff,67.0,15.95,165842.0,99.6,measured
882830cc01fffff,1.0,23.29,85750.0,95.2,measured
882830cc03fffff,0.0,23.29,85750.0,95.2,measured
882830cc09fffff,29.0,23.29,85749.99999999999,95.2,measured
882830cc0bfffff,35.0,23.29,85750.0,95.2,measured
882830cc1dfffff,12.0,23.29,85750.00000000001,95.2,measured
882830cc41fffff,31.0,23.29,85750.0,95.2,measured
882830cc43fffff,39.0,23.29,85750.0,95.2,measured
882830cc47fffff,8.0,23.29,85750.0,95.2,measured
882830cc49fffff,43.0,19.4,85750.0,94.16,measured
882830cc4bfffff,39.0,23.29,85750.0,95.2,measured
882830cc4dfffff,19.0,23.24,85750.0,95.19,measured
882830cc51fffff,39.0,23.29,85750.0,95.2,measured
882830cc53fffff,3.0,23.29,85750.0,95.2,measured
882830cc55fffff,39.0,23.29,85750.0,95.2,measured
882830cc57fffff,31.0,23.29,85750.0,95.2,measured
882830cc59fffff,39.0,23.29,85750.0,95.2,measured
882830cc5bfffff,31.0,23.29,85750.0,95.2,measured
882830cc5dfffff,39.0,23.29,85750.0,95.2,measured
882830ce01fffff,1929.0,13.47,74864.39521035585,91.7,measured
882830ce03fffff,1584.0,6.66,70476.1954319341,79.17,measured
882830ce05fffff,1658.0,15.81,87967.6138719028,87.77,measured
882830ce07fffff,1204.0,12.2,61950.451892358054,85.81,measured
882830ce09fffff,2314.0,14.39,178371.113258835,93.41,measured
882830ce0bfffff,1962.0,15.01,97680.00907845661,77.11,measured
882830ce0dfffff,1477.0,18.33,103462.40545380005,89.6,measured
882830ce11fffff,2208.0,17.31,60652.368593859646,72.39,measured
882830ce13fffff,2903.0,9.67,83694.9192686719,71.81,measured
882830ce15fffff,1600.0,9.92,63565.94743757298,79.07,measured
882830ce17fffff,2300.0,15.27,97280.10289121985,74.95,measured
882830ce19fffff,2227.0,16.65,71822.73533406152,76.26,measured
882830ce1bfffff,2974.0,14.2,76871.36988739135,71.2,measured
882830ce1dfffff,2439.0,20.82,62718.44657670537,71.41,measured
882830ce21fffff,94.0,0.0,,89.0,measured
882830ce23fffff,82.0,2.52,85750.0,89.67,measured
882830ce25fffff,94.0,0.0,,89.0,measured
882830ce27fffff,88.0,1.11,85750.0,89.3,measured
882830ce29fffff,187.0,7.95,80908.38358645036,87.75,measured
882830ce2bfffff,101.0,0.89,58971.0,88.63,measured
882830ce2dfffff,415.0,6.75,59403.39108662428,89.0,measured
882830ce31fffff,39.0,23.29,85750.0,95.2,measured
882830ce33fffff,39.0,23.29,85750.0,95.2,measured
882830ce35fffff,39.0,23.29,85750.0,95.2,measured
882830ce37fffff,39.0,23.29,85750.0,95.2,measured
882830ce39fffff,548.0,12.94,62054.55792659911,83.87,measured
882830ce3bfffff,1669.0,16.9,77908.62315006569,79.09,measured
882830ce3dfffff,54.0,11.98,85749.99999999999,92.19,measured
882830ce41fffff,233.0,11.68,112722.0,94.5,measured
882830ce43fffff,889.0,12.32,187253.3710182275,94.13,measured
882830ce45fffff,243.0,12.25,93993.24702091244,90.76,measured
882830ce47fffff,908.0,12.49,190211.47738881301,94.5,measured
882830ce49fffff,223.0,11.71,113046.01318680582,94.55,measured
882830ce4bfffff,233.0,11.68,112722.0,94.5,measured
882830ce4dfffff,69.0,13.59,130537.32770535599,97.04,measured
882830ce51fffff,896.0,15.94,147556.80844931264,86.75,measured
882830ce53fffff,1686.0,9.41,81658.5663783659,79.45,measured
882830ce55fffff,1976.0,12.0,152670.02057881994,85.38,measured
882830ce57fffff,1858.0,16.62,108582.29213285915,75.09,measured
882830ce59fffff,233.0,11.68,112722.0,94.5,measured
882830ce5bfffff,122.0,16.27,125038.14922313107,87.54,measured
882830ce5dfffff,233.0,11.68,112721.99999999999,94.5,measured
882830ce61fffff,2259.0,14.27,72816.48403107586,89.47,measured
882830ce63fffff,1884.0,13.69,70475.0645999629,86.62,measured
882830ce65fffff,2756.0,11.28,95648.32042268828,90.83,measured
882830ce67fffff,2635.0,6.96,57727.84080650743,83.12,measured
882830ce69fffff,1045.0,13.06,78631.91605111516,88.09,measured
882830ce6bfffff,930.0,12.87,70172.04838363612,87.79,measured
882830ce6dfffff,2118.0,14.91,103185.38281813347,90.73,measured
882830ce81fffff,191.0,13.01,100625.0,80.3,measured
882830ce85fffff,31.0,22.04,67899.012418784,94.43,measured
882830ce89fffff,488.0,13.01,100625.0,80.3,measured
882830ce8bfffff,343.0,10.45,98089.78695767214,79.43,measured
882830ce8dfffff,481.0,16.19,89103.73191365856,85.28,measured
882830ce91fffff,4.0,0.66,88393.0,76.1,measured
882830ce99fffff,228.0,0.66,88393.0,76.1,measured
882830ce9bfffff,172.0,1.99,87304.32962894141,75.7,measured
882830ce9dfffff,80.0,0.66,88393.0,76.1,measured
882830cec1fffff,2048.0,14.37,87607.20210365941,80.18,measured
882830cec3fffff,515.0,12.74,100114.1587542408,80.2,measured
882830cec5fffff,2414.0,8.81,100736.0844034295,76.64,measured
882830cec7fffff,684.0,11.43,98087.02881202615,79.74,measured
882830cec9fffff,980.0,12.38,115963.33620501534,81.78,measured
882830cecbfffff,2424.0,5.3,96299.85985164823,77.95,measured
882830cecdfffff,1714.0,12.52,99691.51940359893,74.78,measured
882830ced1fffff,229.0,0.66,88393.0,76.1,measured
882830ced3fffff,272.0,3.12,86759.91938104993,76.1,measured
882830ced5fffff,315.0,6.99,94659.8977100657,78.25,measured
882830ced7fffff,229.0,0.66,88393.0,76.1,measured
882830ced9fffff,1756.0,14.36,61028.352761715185,70.43,measured
882830cedbfffff,1324.0,10.17,77391.5837256132,75.9,measured
882830ceddfffff,1619.0,4.25,76781.27101835223,72.95,measured
882830cee1fffff,633.0,19.73,78939.63376368888,95.2,measured
882830cee3fffff,424.0,22.47,66338.55517936178,95.11,measured
882830cee5fffff,73.0,22.9,75642.01479764418,95.2,measured
882830cee7fffff,248.0,22.56,66976.35703987614,95.2,measured
882830cee9fffff,2218.0,10.06,103673.9489145219,81.47,measured
882830ceebfffff,824.0,15.21,96967.73972598939,90.85,measured
882830ceedfffff,992.0,18.4,100268.70718354246,84.07,measured
882830cf01fffff,39.0,9.73,120006.0,93.4,measured
882830cf09fffff,1425.0,17.17,89602.49457942748,91.51,measured
882830cf0bfffff,243.0,10.04,92223.09990926858,90.47,measured
882830cf0dfffff,230.0,10.01,117245.91289484805,93.37,measured
882830cf19fffff,52.0,0.0,,89.0,measured
882830cf1bfffff,36.0,0.21,85750.0,89.05,measured
882830cf1dfffff,0.0,0.0,,89.0,measured
882830cf29fffff,1.0,9.73,120006.0,93.4,measured
882830cf2dfffff,0.0,9.73,120006.0,93.4,measured
882830cf41fffff,1471.0,15.75,97849.73103058148,88.87,measured
882830cf43fffff,2211.0,14.81,71105.23815210462,87.02,measured
882830cf45fffff,964.0,22.16,103542.29954689393,93.37,measured
882830cf47fffff,1393.0,17.94,85869.46856648417,92.3,measured
882830cf49fffff,2945.0,8.37,107804.2232927631,92.5,measured
882830cf4bfffff,1255.0,26.6,79226.41619854276,91.77,measured
882830cf4dfffff,1075.0,11.4,125244.38240271529,96.23,measured
882830cf51fffff,1572.0,17.52,57693.250628363436,87.6,measured
882830cf53fffff,1668.0,29.38,44384.644674533265,89.0,measured
882830cf55fffff,2733.0,14.09,65097.56430817358,86.81,measured
882830cf57fffff,692.0,21.55,58509.14790368281,89.0,measured
882830cf59fffff,3465.0,11.79,68712.10915528104,83.46,measured
882830cf5bfffff,3035.0,5.16,58996.861797187266,82.71,measured
882830cf5dfffff,2825.0,18.63,62906.89694334191,85.47,measured
882830cf61fffff,251.0,9.73,120006.0,93.4,measured
882830cf63fffff,201.0,9.73,120006.0,93.4,measured
882830cf65fffff,260.0,9.78,120005.43392292078,93.99,measured
882830cf67fffff,228.0,9.73,120006.0,93.4,measured
882830cf69fffff,493.0,17.93,108781.2516918326,93.37,measured
882830cf6bfffff,536.0,14.23,76411.50051089638,92.91,measured
882830cf6dfffff,251.0,9.73,120006.0,93.4,measured
882830d001fffff,2.0,12.82,164920.0,98.6,measured
882830d003fffff,5.0,12.82,164920.0,98.6,measured
882830d005fffff,2.0,12.82,164920.0,98.6,measured
882830d007fffff,5.0,12.82,164920.0,98.6,measured
882830d00bfffff,2.0,12.82,164920.0,98.6,measured
882830d011fffff,5.0,12.82,164920.0,98.6,measured
882830d013fffff,5.0,12.82,164920.0,98.6,measured
882830d015fffff,5.0,12.82,164920.0,98.6,measured
882830d017fffff,5.0,12.82,164920.0,98.6,measured
882830d019fffff,5.0,12.82,164920.0,98.6,measured
882830d01bfffff,5.0,12.82,164920.0,98.6,measured
882830d01dfffff,5.0,12.82,164920.0,98.6,measured
882830d021fffff,5.0,12.82,164920.0,98.6,measured
882830d023fffff,5.0,12.82,164920.0,98.6,measured
882830d025fffff,5.0,12.82,164920.0,98.6,measured
882830d027fffff,5.0,12.82,164920.0,98.6,measured
882830d029fffff,1.0,12.82,164920.0,98.6,measured
882830d02bfffff,5.0,12.82,164920.0,98.6,measured
882830d02dfffff,1.0,12.82,164920.0,98.6,measured
882830d031fffff,5.0,12.82,164920.0,98.6,measured
882830d033fffff,5.0,12.82,164920.0,98.6,measured
882830d035fffff,5.0,12.82,164920.0,98.6,measured
882830d037fffff,5.0,12.82,164920.0,98.6,measured
882830d039fffff,5.0,12.82,164920.0,98.6,measured
882830d03bfffff,5.0,12.82,164920.0,98.6,measured
882830d03dfffff,5.0,12.82,164920.0,98.6,measured
882830d053fffff,2.0,12.82,164920.0,98.6,measured
882830d057fffff,2.0,12.82,164920.0,98.6,measured
882830d081fffff,353.0,13.93,250001.00000000003,100.0,measured
882830d083fffff,1268.0,6.21,193848.66143898325,98.51,measured
882830d085fffff,244.0,13.93,249508.9006133631,99.99,measured
882830d087fffff,142.0,13.91,248352.37570391333,99.97,measured
882830d089fffff,333.0,13.72,250001.00000000003,100.0,measured
882830d08bfffff,576.0,13.02,250000.99999999997,99.18,measured
882830d08dfffff,353.0,13.93,250001.0,100.0,measured
882830d091fffff,1060.0,18.65,239610.59027767854,98.3,measured
882830d093fffff,654.0,23.69,239756.77175339704,98.3,measured
882830d095fffff,918.0,14.38,232562.7682164234,98.3,measured
882830d097fffff,1113.0,18.19,242469.68899892844,98.3,measured
882830d099fffff,772.0,20.58,230664.4858883332,98.34,measured
882830d09bfffff,1010.0,18.43,243879.8831875509,98.88,measured
882830d09dfffff,1736.0,11.88,244805.9239643137,98.3,measured
882830d0a1fffff,5.0,12.82,164920.0,98.6,measured
882830d0a3fffff,5.0,12.82,164920.0,98.6,measured
882830d0a5fffff,5.0,12.82,164920.0,98.6,measured
882830d0a7fffff,5.0,12.82,164920.0,98.6,measured
882830d0a9fffff,5.0,12.82,164920.0,98.6,measured
882830d0abfffff,5.0,12.82,164920.0,98.6,measured
882830d0adfffff,5.0,12.82,164920.0,98.6,measured
882830d0b1fffff,123.0,49.28,229291.43879973376,98.6,measured
882830d0b3fffff,133.0,49.39,229479.0,98.6,measured
882830d0b5fffff,12.0,36.42,206586.44748660948,98.6,measured
882830d0b7fffff,131.0,49.36,229436.32640001236,98.6,measured
882830d0b9fffff,188.0,29.01,239285.64794237673,98.41,measured
882830d0bbfffff,476.0,20.98,244042.18656405678,98.34,measured
882830d0bdfffff,6.0,21.26,179820.60007148955,98.6,measured
882830d0c1fffff,340.0,13.8,250001.0,100.0,measured
882830d0c3fffff,268.0,12.78,250001.0,100.0,measured
882830d0c5fffff,260.0,13.93,249604.44852742905,99.99,measured
882830d0c7fffff,347.0,13.88,250000.99999999997,100.0,measured
882830d0c9fffff,334.0,13.72,250001.0,100.0,measured
882830d0cbfffff,618.0,8.64,250001.00000000003,98.94,measured
882830d0cdfffff,254.0,13.93,249568.07618574743,99.99,measured
882830d0d1fffff,597.0,6.97,234597.02492802954,99.13,measured
882830d0d3fffff,518.0,5.54,245565.43358047135,99.3,measured
882830d0d5fffff,300.0,13.3,250001.0,100.0,measured
882830d0d7fffff,1056.0,13.43,245047.50280307842,98.47,measured
882830d0d9fffff,2347.0,5.28,198198.32359890008,97.58,measured
882830d0dbfffff,1168.0,4.93,246228.86836591558,98.91,measured
882830d0ddfffff,323.0,11.12,239717.0134564361,99.67,measured
882830d0e1fffff,5.0,12.82,164920.0,98.6,measured
882830d0e3fffff,35.0,13.8,240021.03484460784,99.84,measured
882830d0e5fffff,5.0,12.82,164920.0,98.6,measured
882830d0e7fffff,5.0,12.82,164920.0,98.6,measured
882830d0e9fffff,5.0,12.82,164920.0,98.6,measured
882830d0ebfffff,191.0,13.92,249054.53842564113,99.98,measured
882830d0edfffff,5.0,12.82,164920.0,98.6,measured
882830d101fffff,1.0,12.82,164920.0,98.6,measured
882830d103fffff,5.0,12.82,164920.0,98.6,measured
882830d105fffff,1.0,12.82,164920.0,98.6,measured
882830d107fffff,5.0,12.82,164920.0,98.6,measured
882830d10bfffff,1.0,12.82,164920.0,98.6,measured
882830d111fffff,5.0,12.82,164920.0,98.6,measured
882830d113fffff,5.0,12.82,164920.0,98.6,measured
882830d115fffff,5.0,12.82,164920.0,98.6,measured
882830d117fffff,5.0,12.82,164920.0,98.6,measured
882830d119fffff,5.0,12.82,164920.0,98.6,measured
882830d11bfffff,5.0,12.82,164920.0,98.6,measured
882830d11dfffff,5.0,12.82,164920.0,98.6,measured
882830d121fffff,5.0,12.82,164920.0,98.6,measured
882830d123fffff,5.0,12.82,164920.0,98.6,measured
882830d125fffff,4.0,12.82,164920.0,98.6,measured
882830d127fffff,5.0,12.82,164920.0,98.6,measured
882830d129fffff,1.0,12.82,164920.0,98.6,measured
882830d12bfffff,5.0,12.82,164920.0,98.6,measured
882830d12dfffff,0.0,12.82,164920.0,98.6,measured
882830d131fffff,5.0,12.82,164920.0,98.6,measured
882830d133fffff,5.0,12.82,164920.0,98.6,measured
882830d135fffff,5.0,12.82,164920.0,98.6,measured
882830d137fffff,5.0,12.82,164920.0,98.6,measured
882830d139fffff,5.0,12.82,164920.0,98.6,measured
882830d13bfffff,5.0,12.82,164920.0,98.6,measured
882830d13dfffff,5.0,12.82,164920.0,98.6,measured
882830d153fffff,1.0,12.82,164920.0,98.6,measured
882830d157fffff,1.0,12.82,164920.0,98.6,measured
882830d181fffff,5.0,12.82,164920.0,98.6,measured
882830d183fffff,5.0,12.82,164920.0,98.6,measured
882830d185fffff,5.0,12.82,164920.0,98.6,measured
882830d187fffff,5.0,12.82,164920.0,98.6,measured
882830d189fffff,5.0,12.82,164920.0,98.6,measured
882830d18bfffff,5.0,12.82,164920.0,98.6,measured
882830d18dfffff,5.0,12.82,164920.0,98.6,measured
882830d191fffff,5.0,12.82,164920.0,98.6,measured
882830d193fffff,5.0,12.82,164920.0,98.6,measured
882830d195fffff,5.0,12.82,164920.0,98.6,measured
882830d197fffff,5.0,12.82,164920.0,98.6,measured
882830d199fffff,5.0,12.82,164920.0,98.6,measured
882830d19bfffff,5.0,12.82,164920.0,98.6,measured
882830d19dfffff,5.0,12.82,164920.0,98.6,measured
882830d1a1fffff,5.0,12.82,164920.0,98.6,measured
882830d1a3fffff,5.0,12.82,164920.0,98.6,measured
882830d1a5fffff,5.0,12.82,164920.0,98.6,measured
882830d1a7fffff,5.0,12.82,164920.0,98.6,measured
882830d1a9fffff,5.0,12.82,164920.0,98.6,measured
882830d1abfffff,5.0,12.82,164920.0,98.6,measured
882830d1adfffff,5.0,12.82,164920.0,98.6,measured
882830d1b1fffff,5.0,12.82,164920.0,98.6,measured
882830d1b3fffff,5.0,12.82,164920.0,98.6,measured
882830d1b5fffff,5.0,12.82,164920.0,98.6,measured
882830d1b7fffff,5.0,12.82,164920.0,98.6,measured
882830d1b9fffff,5.0,12.82,164920.0,98.6,measured
882830d1bbfffff,5.0,12.82,164920.0,98.6,measured
882830d1bdfffff,5.0,12.82,164920.0,98.6,measured
882830d1c1fffff,5.0,12.82,164920.0,98.6,measured
882830d1c3fffff,5.0,12.82,164920.0,98.6,measured
882830d1c5fffff,5.0,12.82,164920.0,98.6,measured
882830d1c7fffff,5.0,12.82,164920.0,98.6,measured
882830d1c9fffff,5.0,12.82,164920.0,98.6,measured
882830d1cbfffff,5.0,12.82,164920.0,98.6,measured
882830d1cdfffff,5.0,12.82,164920.0,98.6,measured
882830d1d1fffff,5.0,12.82,164920.0,98.6,measured
882830d1d3fffff,5.0,12.82,164920.0,98.6,measured
882830d1d5fffff,5.0,12.82,164920.0,98.6,measured
882830d1d7fffff,5.0,12.82,164920.0,98.6,measured
882830d1d9fffff,5.0,12.82,164920.0,98.6,measured
882830d1dbfffff,5.0,12.82,164920.0,98.6,measured
882830d1ddfffff,5.0,12.82,164920.0,98.6,measured
882830d1e1fffff,5.0,12.82,164920.0,98.6,measured
882830d1e3fffff,5.0,12.82,164920.0,98.6,measured
882830d1e5fffff,5.0,12.82,164920.0,98.6,measured
882830d1e7fffff,5.0,12.82,164920.0,98.6,measured
882830d1e9fffff,5.0,12.82,164920.0,98.6,measured
882830d1ebfffff,5.0,12.82,164920.0,98.6,measured
882830d1edfffff,5.0,12.82,164920.0,98.6,measured
882830d281fffff,65.0,8.81,250001.0,97.8,measured
882830d283fffff,118.0,8.81,250001.0,97.8,measured
882830d285fffff,62.0,8.81,250001.0,97.8,measured
882830d287fffff,118.0,8.81,250000.99999999997,97.8,measured
882830d28bfffff,221.0,5.73,246004.97559115844,87.31,measured
882830d291fffff,546.0,12.19,249236.83852868748,93.21,measured
882830d293fffff,921.0,11.07,230388.73101533318,88.32,measured
882830d295fffff,540.0,6.87,249151.52718281042,96.22,measured
882830d297fffff,536.0,11.72,249398.99815938622,93.8,measured
882830d299fffff,982.0,25.99,237337.1720999107,84.95,measured
882830d29bfffff,1347.0,16.57,215590.31773965782,84.66,measured
882830d29dfffff,653.0,6.93,246504.68613802554,87.56,measured
882830d2a1fffff,161.0,11.59,249677.5729409709,98.99,measured
882830d2a3fffff,353.0,13.93,250001.0,100.0,measured
882830d2a5fffff,5.0,12.82,164920.0,98.6,measured
882830d2a7fffff,264.0,13.93,249625.217957286,99.99,measured
882830d2a9fffff,59.0,8.81,250001.0,97.8,measured
882830d2abfffff,235.0,12.64,250001.0,99.44,measured
882830d2adfffff,12.0,9.41,237364.88032502867,97.92,measured
882830d2b1fffff,1496.0,5.36,250001.00000000003,99.39,measured
882830d2b3fffff,3958.0,8.93,159387.550548945,94.49,measured
882830d2b5fffff,1238.0,6.17,250000.99999999994,99.59,measured
882830d2b7fffff,2473.0,5.67,249299.05266374038,98.84,measured
882830d2b9fffff,1137.0,2.88,250000.99999999997,97.8,measured
882830d2bbfffff,2476.0,6.88,161542.3532514509,94.86,measured
882830d2bdfffff,1058.0,2.96,250001.0,99.58,measured
882830d2d3fffff,2335.0,11.52,178336.3299744141,84.16,measured
882830d2d7fffff,614.0,28.62,245089.0,84.9,measured
882830d401fffff,578.0,13.56,205681.90577855633,84.2,measured
882830d403fffff,215.0,13.61,176556.85614295755,84.2,measured
882830d405fffff,1257.0,18.73,190646.67058768542,85.26,measured
882830d407fffff,1695.0,9.48,141051.22203087938,84.28,measured
882830d409fffff,68.0,24.74,224766.0,84.2,measured
882830d40bfffff,68.0,24.74,224766.0,84.2,measured
882830d40dfffff,797.0,16.56,214432.37099226017,85.75,measured
882830d411fffff,95.0,19.71,249207.9638603054,87.3,measured
882830d413fffff,96.0,19.55,250001.0,87.4,measured
882830d415fffff,584.0,11.81,206199.72245911273,84.27,measured
882830d417fffff,109.0,18.39,243601.02128881862,86.95,measured
882830d419fffff,73.0,23.53,230629.03369675047,84.94,measured
882830d41bfffff,96.0,19.55,249987.85130498424,87.4,measured
882830d41dfffff,69.0,24.61,225402.30885125912,84.28,measured
882830d421fffff,377.0,18.95,250000.99999999997,97.1,measured
882830d423fffff,480.0,21.47,248520.53665434502,92.52,measured
882830d425fffff,293.0,25.05,249253.75602710803,96.49,measured
882830d427fffff,451.0,22.18,245419.47415450905,92.62,measured
882830d429fffff,1717.0,9.81,220579.64569894542,92.74,measured
882830d42bfffff,1110.0,14.79,226985.285785387,90.73,measured
882830d42dfffff,411.0,17.43,249830.85498803557,97.07,measured
882830d431fffff,492.0,21.32,250001.0,92.5,measured
882830d433fffff,401.0,22.39,243873.6447354546,92.5,measured
882830d435fffff,321.0,23.84,235518.2276810652,92.5,measured
882830d437fffff,356.0,26.0,240415.83440649303,92.91,measured
882830d439fffff,937.0,10.91,180426.39065642323,84.82,measured
882830d43bfffff,625.0,13.62,214876.86311911483,86.0,measured
882830d43dfffff,667.0,21.96,228935.01043655077,88.62,measured
882830d441fffff,69.0,24.72,224776.95040136573,84.26,measured
882830d443fffff,68.0,24.74,224766.0,84.2,measured
882830d445fffff,314.0,23.99,216030.68146418367,92.07,measured
882830d447fffff,116.0,23.6,225619.53093827312,88.88,measured
882830d449fffff,68.0,24.74,224766.0,84.2,measured
882830d44bfffff,68.0,24.74,224766.0,84.2,measured
882830d44dfffff,362.0,12.95,195691.79865037688,92.0,measured
882830d451fffff,68.0,24.74,224766.0,84.2,measured
882830d453fffff,70.0,24.39,226481.1763106273,84.42,measured
882830d455fffff,68.0,24.74,224766.0,84.2,measured
882830d457fffff,68.0,24.74,224766.0,84.2,measured
882830d459fffff,68.0,24.74,224766.0,84.2,measured
882830d45bfffff,68.0,24.74,224766.0,84.2,measured
882830d45dfffff,68.0,24.74,224766.0,84.2,measured
882830d461fffff,812.0,16.42,241290.59812575876,89.24,measured
882830d463fffff,1199.0,20.76,194555.9534182508,86.6,measured
882830d465fffff,603.0,17.41,250001.0,92.5,measured
882830d467fffff,954.0,20.88,192791.51515764347,87.51,measured
882830d469fffff,1298.0,29.8,162536.52264949295,87.71,measured
882830d46bfffff,699.0,15.83,237664.69856448728,87.9,measured
882830d46dfffff,973.0,11.5,246407.40435427675,92.29,measured
882830d481fffff,498.0,71.36,144745.85266619574,77.83,measured
882830d483fffff,572.0,85.64,112238.81719414679,74.86,measured
882830d485fffff,372.0,23.96,248430.00626457852,87.01,measured
882830d487fffff,399.0,22.59,237710.22711789672,85.13,measured
882830d489fffff,659.0,94.21,83856.88933932917,73.82,measured
882830d48bfffff,682.0,94.47,85911.35014373572,73.6,measured
882830d48dfffff,327.0,26.0,248156.0,87.4,measured
882830d491fffff,936.0,79.17,83139.58750888062,76.38,measured
882830d493fffff,865.0,60.74,134081.14034489283,78.65,measured
882830d495fffff,410.0,84.63,97080.24034145521,74.28,measured
882830d497fffff,1226.0,88.95,67252.70986754242,77.51,measured
882830d499fffff,476.0,44.62,212545.88919798244,86.34,measured
882830d49bfffff,490.0,29.52,249964.45333018166,89.89,measured
882830d49dfffff,1032.0,90.77,78207.50181977708,73.48,measured
882830d4a1fffff,847.0,23.22,250000.99999999997,96.78,measured
882830d4a3fffff,844.0,21.88,204397.15695655538,91.63,measured
882830d4a5fffff,304.0,27.81,250001.0,96.72,measured
882830d4a7fffff,635.0,24.24,216208.31214045951,92.87,measured
882830d4a9fffff,794.0,20.42,250001.0,90.75,measured
882830d4abfffff,697.0,21.52,249859.71212220812,91.36,measured
882830d4adfffff,645.0,20.32,250000.99999999997,94.93,measured
882830d4b1fffff,879.0,20.53,220177.43835081623,84.24,measured
882830d4b3fffff,1187.0,45.56,107564.76583624088,86.0,measured
882830d4b5fffff,1097.0,16.91,151903.48305447237,84.62,measured
882830d4b7fffff,2385.0,12.24,137491.61619650509,79.75,measured
882830d4b9fffff,411.0,35.23,208709.36475422335,82.85,measured
882830d4bbfffff,864.0,51.79,142525.42054300377,84.98,measured
882830d4bdfffff,479.0,18.13,231784.5122833132,87.08,measured
882830d4c1fffff,96.0,19.55,250001.00000000003,87.4,measured
882830d4c3fffff,220.0,51.94,175598.7359817588,83.56,measured
882830d4c5fffff,161.0,23.25,248943.0986208049,87.4,measured
882830d4c7fffff,287.0,40.64,211443.8308925441,84.35,measured
882830d4c9fffff,96.0,19.57,249889.6652576868,87.39,measured
882830d4cbfffff,102.0,19.23,250001.00000000003,88.16,measured
882830d4cdfffff,96.0,19.55,250001.0,87.4,measured
882830d4d1fffff,232.0,16.69,250001.0,94.2,measured
882830d4d3fffff,232.0,16.69,250001.0,94.2,measured
882830d4d5fffff,323.0,50.74,176722.68947415467,85.32,measured
882830d4d7fffff,403.0,67.14,152135.07183019526,81.21,measured
882830d4d9fffff,232.0,16.69,250001.0,94.2,measured
882830d4dbfffff,232.0,16.69,250001.0,94.2,measured
882830d4ddfffff,220.0,16.8,250001.0,93.94,measured
882830d4e1fffff,520.0,22.03,240004.26354701127,87.41,measured
882830d4e3fffff,541.0,22.43,248156.0,86.54,measured
882830d4e5fffff,334.0,24.35,235731.96045093416,93.13,measured
882830d4e7fffff,673.0,19.71,249729.1500856566,93.58,measured
882830d4e9fffff,172.0,23.59,248843.4387707428,87.4,measured
882830d4ebfffff,327.0,26.0,248156.0,87.4,measured
882830d4edfffff,192.0,21.51,232817.3280561335,89.96,measured
882830d501fffff,225.0,25.27,233846.0,98.6,measured
882830d503fffff,224.0,25.47,233616.20900165767,98.46,measured
882830d505fffff,225.0,25.27,233845.99999999997,98.6,measured
882830d507fffff,214.0,27.85,230807.23100245371,96.74,measured
882830d509fffff,255.0,26.52,246844.1852992605,97.39,measured
882830d50bfffff,236.0,25.76,238876.11551706516,98.13,measured
882830d50dfffff,226.0,25.33,234387.22346277043,98.55,measured
882830d511fffff,480.0,21.99,242180.95093245766,91.71,measured
882830d513fffff,459.0,22.5,241470.06100725976,91.6,measured
882830d515fffff,203.0,31.8,226249.76125008348,93.88,measured
882830d517fffff,263.0,29.26,231213.51918928412,91.6,measured
882830d519fffff,422.0,22.67,244500.7736500928,92.89,measured
882830d51bfffff,529.0,21.29,243295.0,91.6,measured
882830d51dfffff,232.0,25.87,233526.29816713644,97.41,measured
882830d521fffff,7.0,21.57,131681.04404891978,95.54,measured
882830d523fffff,8.0,21.94,130273.19829477568,95.41,measured
882830d525fffff,5.0,16.28,151796.88725028522,97.39,measured
882830d527fffff,5.0,13.34,162969.75862607945,98.42,measured
882830d529fffff,203.0,25.27,233323.31510427504,98.58,measured
882830d52bfffff,83.0,25.2,225825.4860368265,98.31,measured
882830d52dfffff,81.0,29.11,226785.14010570722,98.4,measured
882830d531fffff,32.0,19.8,220926.91116679562,93.96,measured
882830d533fffff,53.0,13.39,246898.05618514994,94.6,measured
882830d535fffff,9.0,24.25,121499.99999999999,94.6,measured
882830d537fffff,9.0,24.11,123082.50309736928,94.6,measured
882830d539fffff,171.0,33.83,223067.31901351703,92.37,measured
882830d53bfffff,169.0,33.55,224346.999299829,91.79,measured
882830d53dfffff,14.0,27.63,158555.57595089907,93.58,measured
882830d541fffff,680.0,18.59,249581.51780718056,97.15,measured
882830d543fffff,321.0,24.35,250001.0,97.1,measured
882830d545fffff,412.0,24.92,238208.73944102335,98.32,measured
882830d547fffff,437.0,21.1,249026.0544707078,97.19,measured
882830d549fffff,758.0,18.03,237560.06500615063,95.9,measured
882830d54bfffff,499.0,20.11,249888.32616112576,97.09,measured
882830d54dfffff,636.0,22.69,242775.5825625351,97.89,measured
882830d551fffff,326.0,21.95,250001.00000000003,97.1,measured
882830d553fffff,342.0,20.99,250000.99999999997,97.1,measured
882830d555fffff,263.0,26.82,250001.0,97.1,measured
882830d557fffff,260.0,26.71,248816.8079010065,97.21,measured
882830d559fffff,476.0,18.57,249341.22978772133,94.28,measured
882830d55bfffff,414.0,19.38,249372.52420618242,95.44,measured
882830d55dfffff,275.0,25.8,250001.0,97.1,measured
882830d561fffff,208.0,28.25,233307.36426264152,98.6,measured
882830d563fffff,225.0,25.27,233846.0,98.6,measured
882830d565fffff,133.0,49.39,229479.0,98.6,measured
882830d567fffff,204.0,28.97,233176.28594345218,98.6,measured
882830d569fffff,547.0,23.41,239259.60539901612,98.34,measured
882830d56bfffff,225.0,25.27,233846.0,98.6,measured
882830d56dfffff,231.0,34.46,235667.11084687,98.46,measured
882830d581fffff,60.0,13.12,250001.0,94.6,measured
882830d583fffff,80.0,29.16,250001.0,95.84,measured
882830d585fffff,60.0,13.12,250001.0,94.6,measured
882830d587fffff,75.0,30.94,248271.1123457569,95.97,measured
882830d589fffff,64.0,13.58,250001.00000000003,94.6,measured
882830d58bfffff,106.0,16.22,250001.0,94.6,measured
882830d58dfffff,60.0,13.12,250000.99999999997,94.6,measured
882830d591fffff,109.0,41.5,250001.0,96.8,measured
882830d593fffff,318.0,33.25,183313.7740342171,88.54,measured
882830d595fffff,109.0,41.5,250001.0,96.8,measured
882830d597fffff,159.0,37.58,220629.18591883776,92.83,measured
882830d599fffff,172.0,29.89,250000.99999999997,95.66,measured
882830d59bfffff,115.0,40.85,244746.88936275395,96.15,measured
882830d59dfffff,119.0,23.44,250000.99999999997,95.19,measured
882830d5a1fffff,9.0,24.25,121500.0,94.6,measured
882830d5a3fffff,9.0,24.25,121500.00000000001,94.6,measured
882830d5a5fffff,9.0,24.25,121499.99999999999,94.6,measured
882830d5a7fffff,9.0,24.25,121500.00000000001,94.6,measured
882830d5a9fffff,18.0,17.9,194767.19769263858,94.6,measured
882830d5abfffff,17.0,19.8,190467.79984595004,94.72,measured
882830d5adfffff,9.0,24.25,121500.0,94.6,measured
882830d5b1fffff,10.0,25.91,133858.74471468173,94.81,measured
882830d5b3fffff,121.0,26.36,236535.640342435,94.26,measured
882830d5b5fffff,9.0,24.25,121500.0,94.6,measured
882830d5b7fffff,9.0,24.25,121500.0,94.6,measured
882830d5b9fffff,101.0,41.36,249025.2554155406,96.78,measured
882830d5bbfffff,106.0,41.45,249649.51086535276,96.79,measured
882830d5bdfffff,9.0,24.61,124214.03158497115,94.65,measured
882830d5c1fffff,109.0,27.44,232014.0128680871,92.63,measured
882830d5c3fffff,130.0,26.35,245787.41037909247,94.6,measured
882830d5c5fffff,193.0,34.96,222574.0,91.6,measured
882830d5c7fffff,154.0,32.47,225708.67454389666,91.94,measured
882830d5c9fffff,394.0,21.3,248209.1086818626,92.46,measured
882830d5cbfffff,139.0,28.09,241658.82336287166,94.17,measured
882830d5cdfffff,462.0,22.44,241555.7304506443,91.6,measured
882830d5d1fffff,370.0,19.14,249972.30464304078,94.6,measured
882830d5d3fffff,381.0,19.51,250001.00000000003,94.64,measured
882830d5d5fffff,356.0,22.55,248421.1273801937,94.6,measured
882830d5d7fffff,358.0,19.04,250001.0,94.6,measured
882830d5d9fffff,326.0,28.77,240594.41126479083,93.98,measured
882830d5dbfffff,507.0,24.24,247817.2003286341,94.6,measured
882830d5ddfffff,336.0,36.84,241970.0975728009,94.6,measured
882830d5e1fffff,60.0,13.12,250001.0,94.6,measured
882830d5e3fffff,59.0,13.13,249853.06577541234,94.6,measured
882830d5e5fffff,49.0,13.58,244742.68114312235,94.6,measured
882830d5e7fffff,33.0,14.73,231448.29655444482,94.6,measured
882830d5e9fffff,180.0,31.21,227821.1859100329,91.83,measured
882830d5ebfffff,110.0,27.61,231806.17712569854,92.61,measured
882830d5edfffff,71.0,18.25,243556.67219987544,93.9,measured
882830d60dfffff,5.0,14.75,206338.74319002786,92.69,measured
882830d621fffff,402.0,13.67,205778.40604800856,88.23,measured
882830d623fffff,55.0,24.74,224766.0,84.2,measured
882830d625fffff,1649.0,7.36,156618.35126753993,91.03,measured
882830d627fffff,139.0,15.49,200506.97071429613,88.79,measured
882830d629fffff,129.0,14.55,216813.0,87.6,measured
882830d62bfffff,0.0,24.74,224766.0,84.2,measured
882830d62dfffff,590.0,14.13,209881.86771598374,87.6,measured
882830d631fffff,1.0,24.74,224766.0,84.2,measured
882830d633fffff,15.0,24.74,224766.0,84.2,measured
882830d635fffff,57.0,24.74,224766.0,84.2,measured
882830d637fffff,67.0,24.74,224766.0,84.2,measured
882830d661fffff,163.0,14.75,206323.99999999997,92.7,measured
882830d663fffff,284.0,14.61,213879.32547760315,89.03,measured
882830d665fffff,163.0,14.75,206324.0,92.7,measured
882830d667fffff,242.0,14.66,211265.2604948591,90.3,measured
882830d669fffff,93.0,14.75,206324.0,92.7,measured
882830d66bfffff,96.0,14.75,206324.0,92.7,measured
882830d66dfffff,163.0,14.75,206324.00000000003,92.7,measured
882830d681fffff,19.0,24.21,250001.00000000003,90.6,measured
882830d683fffff,50.0,24.21,250001.0,90.6,measured
882830d685fffff,46.0,24.53,234830.66512759705,86.75,measured
882830d687fffff,55.0,24.38,241733.17887692738,88.5,measured
882830d68bfffff,1.0,24.21,250001.0,90.6,measured
882830d691fffff,50.0,24.21,250001.0,90.6,measured
882830d693fffff,50.0,24.21,250001.00000000003,90.6,measured
882830d695fffff,50.0,24.21,250001.0,90.6,measured
882830d697fffff,50.0,24.21,250001.00000000003,90.6,measured
882830d699fffff,13.0,23.73,250001.0,90.6,measured
882830d69bfffff,91.0,21.19,250001.00000000003,90.6,measured
882830d69dfffff,34.0,24.21,250001.00000000003,90.6,measured
882830d6a1fffff,69.0,24.69,225012.3588158361,84.23,measured
882830d6a3fffff,69.0,24.59,225470.9322609492,84.29,measured
882830d6a5fffff,93.0,19.99,247855.95534389626,87.13,measured
882830d6a7fffff,93.0,19.89,248357.65269528067,87.19,measured
882830d6a9fffff,68.0,24.74,224766.0,84.2,measured
882830d6abfffff,68.0,24.74,224766.0,84.2,measured
882830d6adfffff,69.0,24.61,225414.77529593723,84.28,measured
882830d6b1fffff,50.0,24.21,250001.0,90.6,measured
882830d6b3fffff,60.0,22.57,250001.0,91.39,measured
882830d6b5fffff,71.0,23.65,231128.62917331018,85.16,measured
882830d6b7fffff,127.0,18.49,249081.8990788979,92.46,measured
882830d6b9fffff,50.0,24.21,249866.6793312373,90.57,measured
882830d6bbfffff,50.0,24.21,250001.0,90.6,measured
882830d6bdfffff,62.0,24.59,231737.41776403607,85.97,measured
882830d6e3fffff,3.0,24.74,224766.0,84.2,measured
882830d6e5fffff,22.0,24.74,224766.00000000003,84.2,measured
882830d6e7fffff,37.0,24.74,224766.0,84.2,measured
882830d701fffff,862.0,19.93,186819.22057672357,90.0,measured
882830d703fffff,515.0,25.35,157958.59878520193,87.83,measured
882830d705fffff,1695.0,13.31,247630.74140538758,91.94,measured
882830d707fffff,1273.0,19.09,199097.95454087958,91.2,measured
882830d709fffff,925.0,14.33,141058.4928680517,83.76,measured
882830d70bfffff,468.0,18.61,163938.0,86.9,measured
882830d70dfffff,1282.0,22.23,141169.5251706362,89.94,measured
882830d711fffff,1548.0,13.13,170457.9969520091,88.91,measured
882830d713fffff,862.0,16.48,186209.83262752704,89.49,measured
882830d715fffff,1300.0,39.55,162092.51876270902,92.35,measured
882830d717fffff,1703.0,16.05,203443.22430851051,90.32,measured
882830d719fffff,1566.0,5.03,130289.05028951062,91.6,measured
882830d71bfffff,1608.0,6.96,175106.4057215191,92.88,measured
882830d71dfffff,728.0,17.15,158630.27582824277,87.91,measured
882830d721fffff,1162.0,11.96,188585.80371757655,96.07,measured
882830d723fffff,674.0,20.28,229702.7533520405,93.5,measured
882830d725fffff,1240.0,13.86,248615.19096251216,99.26,measured
882830d727fffff,1047.0,16.67,237142.87189961443,97.02,measured
882830d729fffff,1467.0,8.8,211115.8704456243,93.8,measured
882830d72bfffff,1059.0,11.99,157237.7426686512,93.68,measured
882830d72dfffff,632.0,6.31,242198.44117851148,98.06,measured
882830d731fffff,668.0,20.14,231353.64708840186,93.44,measured
882830d733fffff,637.0,17.98,235939.69514139064,92.88,measured
882830d735fffff,703.0,18.84,213236.6056799518,93.56,measured
882830d737fffff,599.0,19.1,219690.08221816213,94.1,measured
882830d739fffff,831.0,48.83,159039.50608068044,92.45,measured
882830d73bfffff,890.0,24.98,215641.3674686663,92.51,measured
882830d73dfffff,685.0,21.09,236640.72292534428,93.33,measured
882830d741fffff,1894.0,12.86,194825.8709099447,82.87,measured
882830d743fffff,1182.0,15.27,231311.83726811534,80.93,measured
882830d745fffff,997.0,12.02,233052.5197316122,85.87,measured
882830d747fffff,2845.0,8.14,129252.73663235536,81.63,measured
882830d749fffff,1973.0,13.59,185507.88162599757,84.31,measured
882830d74bfffff,924.0,18.23,225229.54372933507,85.94,measured
882830d74dfffff,1753.0,12.0,210394.48810498498,84.47,measured
882830d751fffff,1716.0,18.73,226286.62159684324,90.14,measured
882830d753fffff,1755.0,13.36,185823.8143426885,88.16,measured
882830d755fffff,645.0,17.89,185886.9466539885,87.21,measured
882830d757fffff,1003.0,14.93,181799.8125197259,89.58,measured
882830d759fffff,457.0,20.92,237464.69187822117,92.7,measured
882830d75bfffff,366.0,18.02,225805.87037448757,91.3,measured
882830d75dfffff,1372.0,22.28,247161.7489117843,91.71,measured
882830d761fffff,497.0,9.82,241397.54277346953,93.79,measured
882830d763fffff,1003.0,11.17,220647.44625030883,92.93,measured
882830d765fffff,3472.0,5.96,208140.02662533402,93.52,measured
882830d767fffff,1114.0,6.75,245644.01940276174,96.07,measured
882830d769fffff,491.0,9.99,241735.0863450759,93.8,measured
882830d76bfffff,670.0,14.85,191801.76958844345,92.17,measured
882830d76dfffff,1299.0,8.67,162764.87400793636,93.58,measured
882830d801fffff,5.0,12.82,164920.0,98.6,measured
882830d803fffff,5.0,12.82,164920.0,98.6,measured
882830d805fffff,9.0,13.93,112536.102776402,94.44,measured
882830d807fffff,5.0,12.82,164920.0,98.6,measured
882830d809fffff,5.0,12.82,164920.0,98.6,measured
882830d80bfffff,5.0,12.82,164920.0,98.6,measured
882830d80dfffff,12.0,14.15,102031.94284712289,93.61,measured
882830d811fffff,5.0,12.82,164920.0,98.6,measured
882830d813fffff,5.0,12.82,164920.0,98.6,measured
882830d815fffff,5.0,12.82,164920.0,98.6,measured
882830d817fffff,5.0,12.82,164920.0,98.6,measured
882830d819fffff,5.0,12.82,164920.0,98.6,measured
882830d81bfffff,5.0,12.82,164920.0,98.6,measured
882830d81dfffff,5.0,12.82,164920.0,98.6,measured
882830d821fffff,16.0,14.34,93125.0,92.9,measured
882830d823fffff,16.0,14.34,93125.0,92.9,measured
882830d825fffff,16.0,14.34,93125.0,92.9,measured
882830d827fffff,16.0,14.34,93125.0,92.9,measured
882830d829fffff,16.0,14.34,93125.0,92.9,measured
882830d82bfffff,14.0,14.26,96695.16607443844,93.18,measured
882830d82dfffff,16.0,14.34,93125.0,92.9,measured
882830d831fffff,14.0,14.24,97831.9238532099,93.27,measured
882830d833fffff,15.0,14.3,94994.13576660614,93.05,measured
882830d835fffff,16.0,14.34,93125.0,92.9,measured
882830d837fffff,16.0,14.34,93125.0,92.9,measured
882830d839fffff,5.0,12.82,164920.0,98.6,measured
882830d83bfffff,5.0,12.85,163810.65561838826,98.51,measured
882830d83dfffff,12.0,14.14,102286.5636488937,93.63,measured
882830d841fffff,12.0,14.13,102897.05944976749,93.68,measured
882830d843fffff,5.0,12.82,164920.0,98.6,measured
882830d845fffff,16.0,14.34,93125.0,92.9,measured
882830d847fffff,12.0,14.15,102120.40681694601,93.61,measured
882830d849fffff,16.0,14.33,93282.20919901274,92.91,measured
882830d84bfffff,5.0,12.91,160905.67067464217,98.28,measured
882830d84dfffff,16.0,14.34,93125.0,92.9,measured
882830d851fffff,5.0,12.82,164920.0,98.6,measured
882830d853fffff,5.0,12.82,164920.0,98.6,measured
882830d855fffff,5.0,12.82,164920.0,98.6,measured
882830d857fffff,5.0,12.82,164920.0,98.6,measured
882830d859fffff,5.0,12.82,164920.0,98.6,measured
882830d85bfffff,5.0,12.82,164920.0,98.6,measured
882830d85dfffff,5.0,12.82,164920.0,98.6,measured
882830d861fffff,16.0,14.34,93125.0,92.9,measured
882830d863fffff,16.0,14.34,93125.0,92.9,measured
882830d865fffff,16.0,14.34,93125.0,92.9,measured
882830d867fffff,16.0,14.34,93125.0,92.9,measured
882830d869fffff,16.0,14.34,93125.0,92.9,measured
882830d86bfffff,16.0,14.34,93125.0,92.9,measured
882830d86dfffff,16.0,14.34,93125.0,92.9,measured
882830d881fffff,110.0,45.91,128971.65613822847,100.0,measured
882830d883fffff,110.0,45.91,128971.0,100.0,measured
882830d885fffff,86.0,45.48,129336.52195140091,99.97,measured
882830d887fffff,110.0,45.91,128971.0,100.0,measured
882830d889fffff,11.0,33.53,142424.09069891754,99.48,measured
882830d88bfffff,105.0,45.84,129047.31217052459,100.0,measured
882830d88dfffff,51.0,44.24,130788.61766503926,99.93,measured
882830d891fffff,110.0,45.91,128971.0,100.0,measured
882830d893fffff,110.0,45.91,128971.0,100.0,measured
882830d895fffff,110.0,45.91,128971.0,100.0,measured
882830d897fffff,110.0,45.91,128971.0,100.0,measured
882830d899fffff,110.0,45.91,128971.0,100.0,measured
882830d89bfffff,110.0,45.91,128971.0,100.0,measured
882830d89dfffff,110.0,45.91,128971.00000000001,100.0,measured
882830d8a1fffff,74.0,7.42,150977.10906019964,95.66,measured
882830d8a3fffff,276.0,6.92,159259.89318611615,96.2,measured
882830d8a5fffff,154.0,6.45,159128.92255950696,96.05,measured
882830d8a7fffff,266.0,6.07,162308.0,96.2,measured
882830d8a9fffff,14.0,14.25,97177.63202830039,93.22,measured
882830d8abfffff,60.0,39.29,124932.16896609853,98.76,measured
882830d8adfffff,16.0,14.34,93125.0,92.9,measured
882830d8b1fffff,348.0,13.43,142837.91321764066,96.47,measured
882830d8b3fffff,917.0,33.92,107425.97014823096,97.88,measured
882830d8b5fffff,362.0,10.39,147041.000193789,96.2,measured
882830d8b7fffff,373.0,10.75,145799.0,96.2,measured
882830d8b9fffff,152.0,32.16,135549.91827774508,98.51,measured
882830d8bbfffff,251.0,36.97,113545.8268848136,98.75,measured
882830d8bdfffff,304.0,14.07,144206.72173555987,96.56,measured
882830d8c1fffff,5.0,12.82,164920.0,98.6,measured
882830d8c3fffff,5.0,12.82,164920.0,98.6,measured
882830d8c5fffff,5.0,12.82,164920.0,98.6,measured
882830d8c7fffff,5.0,12.82,164920.0,98.6,measured
882830d8c9fffff,5.0,12.82,164920.0,98.6,measured
882830d8cbfffff,5.0,12.82,164920.0,98.6,measured
882830d8cdfffff,5.0,12.82,164920.0,98.6,measured
882830d8d1fffff,24.0,40.83,134491.50163352193,99.79,measured
882830d8d3fffff,107.0,45.87,129020.60398360238,100.0,measured
882830d8d5fffff,12.0,34.58,141284.40686783558,99.52,measured
882830d8d7fffff,110.0,45.91,128971.69195303848,100.0,measured
882830d8d9fffff,5.0,12.82,164920.0,98.6,measured
882830d8dbfffff,9.0,29.89,146373.58365774676,99.32,measured
882830d8ddfffff,5.0,12.82,164920.0,98.6,measured
882830d8e1fffff,5.0,13.11,151330.36475480357,97.52,measured
882830d8e3fffff,5.0,18.7,158376.02291261847,98.84,measured
882830d8e5fffff,16.0,14.33,93284.34812373076,92.91,measured
882830d8e7fffff,15.0,14.3,94886.03789453105,93.04,measured
882830d8e9fffff,5.0,12.82,164920.0,98.6,measured
882830d8ebfffff,5.0,12.82,164920.0,98.6,measured
882830d8edfffff,5.0,13.05,154205.49518013297,97.75,measured
882830d901fffff,16.0,14.34,93125.0,92.9,measured
882830d903fffff,16.0,14.34,93125.0,92.9,measured
882830d905fffff,9.0,14.34,93125.0,92.9,measured
882830d907fffff,16.0,14.34,93125.0,92.9,measured
882830d909fffff,16.0,14.34,93125.0,92.9,measured
882830d90bfffff,16.0,14.34,93125.0,92.9,measured
882830d90dfffff,16.0,14.34,93125.0,92.9,measured
882830d911fffff,16.0,14.34,93125.0,92.9,measured
882830d913fffff,16.0,14.34,93125.0,92.9,measured
882830d915fffff,16.0,14.34,93125.0,92.9,measured
882830d917fffff,16.0,14.34,93125.0,92.9,measured
882830d919fffff,16.0,14.34,93125.0,92.9,measured
882830d91bfffff,16.0,14.34,93125.0,92.9,measured
882830d91dfffff,16.0,14.34,93125.0,92.9,measured
882830d929fffff,0.0,14.34,93125.0,92.9,measured
882830d92bfffff,2.0,14.34,93125.0,92.9,measured
882830d92dfffff,1.0,14.34,93125.0,92.9,measured
882830d931fffff,16.0,14.34,93125.0,92.9,measured
882830d933fffff,16.0,14.34,93125.0,92.9,measured
882830d935fffff,8.0,14.34,93125.0,92.9,measured
882830d937fffff,41.0,21.24,130834.8388322965,97.03,measured
882830d939fffff,16.0,14.34,93125.0,92.9,measured
882830d93bfffff,16.0,14.34,93125.0,92.9,measured
882830d93dfffff,8.0,14.34,93125.0,92.9,measured
882830d941fffff,16.0,14.34,93125.0,92.9,measured
882830d943fffff,16.0,14.34,93125.0,92.9,measured
882830d945fffff,16.0,14.34,93125.0,92.9,measured
882830d947fffff,16.0,14.34,93125.0,92.9,measured
882830d949fffff,16.0,14.34,93125.0,92.9,measured
882830d94bfffff,16.0,14.34,93125.0,92.9,measured
882830d94dfffff,16.0,14.34,93125.0,92.9,measured
882830d951fffff,16.0,14.34,93125.0,92.9,measured
882830d953fffff,16.0,14.34,93125.0,92.9,measured
882830d955fffff,16.0,14.34,93125.0,92.9,measured
882830d957fffff,16.0,14.34,93125.0,92.9,measured
882830d959fffff,16.0,14.34,93125.0,92.9,measured
882830d95bfffff,16.0,14.34,93125.0,92.9,measured
882830d95dfffff,16.0,14.34,93125.0,92.9,measured
882830d961fffff,16.0,14.34,93125.0,92.9,measured
882830d963fffff,14.0,14.34,93125.0,92.9,measured
882830d965fffff,16.0,14.34,93125.0,92.9,measured
882830d967fffff,14.0,14.34,93125.0,92.9,measured
882830d969fffff,16.0,14.34,93125.0,92.9,measured
882830d96bfffff,16.0,14.34,93125.0,92.9,measured
882830d96dfffff,16.0,14.34,93125.0,92.9,measured
882830d981fffff,344.0,0.89,162751.45867657653,99.98,measured
882830d983fffff,157.0,6.66,149285.8021881159,97.63,measured
882830d985fffff,358.0,1.59,161456.33376527485,100.0,measured
882830d987fffff,348.0,0.83,162878.0,100.0,measured
882830d989fffff,145.0,1.73,158246.4621654176,99.53,measured
882830d98bfffff,47.0,13.56,125403.2261497189,94.49,measured
882830d98dfffff,305.0,0.92,162401.10329911968,99.95,measured
882830d991fffff,89.0,14.82,130230.0,94.3,measured
882830d993fffff,89.0,14.82,130230.0,94.3,measured
882830d995fffff,89.0,14.82,130230.0,94.3,measured
882830d997fffff,89.0,14.82,130230.0,94.3,measured
882830d999fffff,110.0,11.08,143162.15179339147,95.08,measured
882830d99bfffff,167.0,8.66,152806.91148402012,95.64,measured
882830d99dfffff,89.0,14.82,130230.0,94.3,measured
882830d9a1fffff,845.0,20.52,132244.19187263303,99.95,measured
882830d9a3fffff,321.0,16.9,156918.35081042445,99.97,measured
882830d9a5fffff,538.0,18.13,138734.07952746152,99.29,measured
882830d9a7fffff,139.0,16.6,158258.6651371753,99.78,measured
882830d9a9fffff,960.0,24.3,133848.0182235577,99.65,measured
882830d9abfffff,790.0,18.02,133026.98979645647,100.0,measured
882830d9adfffff,625.0,19.3,138132.2350148449,99.3,measured
882830d9b1fffff,133.0,16.45,157970.72794296834,99.46,measured
882830d9b3fffff,86.0,14.93,133822.96719541764,94.83,measured
882830d9b5fffff,68.0,15.95,165826.16014549785,99.6,measured
882830d9b7fffff,67.0,15.95,165842.0,99.6,measured
882830d9b9fffff,280.0,12.51,154649.33206233318,99.27,measured
882830d9bbfffff,89.0,14.82,130230.00000000001,94.3,measured
882830d9bdfffff,417.0,16.12,156687.64659814895,100.0,measured
882830d9c1fffff,16.0,14.34,93125.0,92.9,measured
882830d9c3fffff,16.0,14.34,93125.0,92.9,measured
882830d9c5fffff,16.0,14.34,93125.0,92.9,measured
882830d9c7fffff,16.0,14.34,93125.0,92.9,measured
882830d9c9fffff,16.0,14.34,93125.0,92.9,measured
882830d9cbfffff,16.0,14.34,93125.0,92.9,measured
882830d9cdfffff,16.0,14.34,93125.0,92.9,measured
882830d9d1fffff,16.0,14.34,93125.0,92.9,measured
882830d9d3fffff,16.0,14.34,93125.0,92.9,measured
882830d9d5fffff,16.0,14.34,93125.0,92.9,measured
882830d9d7fffff,22.0,14.51,106213.29336614595,93.39,measured
882830d9d9fffff,16.0,14.34,93125.0,92.9,measured
882830d9dbfffff,16.0,14.34,93125.0,92.9,measured
882830d9ddfffff,16.0,14.34,93125.0,92.9,measured
882830d9e1fffff,312.0,29.59,140535.4013889916,99.08,measured
882830d9e3fffff,628.0,21.92,147995.60602286045,99.5,measured
882830d9e5fffff,422.0,30.76,153951.15174504224,99.09,measured
882830d9e7fffff,913.0,30.13,142239.7857650444,99.3,measured
882830d9e9fffff,16.0,14.34,93125.0,92.9,measured
882830d9ebfffff,52.0,9.06,140356.55478847318,97.92,measured
882830d9edfffff,16.0,14.34,93125.0,92.9,measured
882830da01fffff,0.0,14.34,93125.00000000001,92.9,measured
882830da03fffff,15.0,14.34,93125.0,92.9,measured
882830da05fffff,0.0,14.34,93125.0,92.9,measured
882830da07fffff,15.0,14.34,93125.0,92.9,measured
882830da0bfffff,1.0,14.34,93125.0,92.9,measured
882830da11fffff,5.0,12.82,164920.0,98.6,measured
882830da13fffff,5.0,12.82,164920.0,98.6,measured
882830da15fffff,6.0,13.29,142817.20223813146,96.85,measured
882830da17fffff,5.0,12.82,164920.0,98.6,measured
882830da19fffff,4.0,12.82,164920.0,98.6,measured
882830da1bfffff,5.0,12.82,164920.0,98.6,measured
882830da1dfffff,8.0,13.78,119437.68779221085,94.99,measured
882830da21fffff,14.0,14.34,93125.0,92.9,measured
882830da23fffff,16.0,14.34,93125.0,92.9,measured
882830da25fffff,14.0,14.34,93125.0,92.9,measured
882830da27fffff,16.0,14.34,93125.0,92.9,measured
882830da29fffff,0.0,14.34,93125.0,92.9,measured
882830da2bfffff,14.0,14.34,93125.0,92.9,measured
882830da2dfffff,0.0,14.34,93125.0,92.9,measured
882830da31fffff,5.0,12.82,164920.0,98.6,measured
882830da33fffff,5.0,12.82,164920.0,98.6,measured
882830da35fffff,10.0,14.02,108244.98006084762,94.1,measured
882830da37fffff,5.0,12.82,164920.0,98.6,measured
882830da39fffff,9.0,13.89,114100.17405680135,94.57,measured
882830da3bfffff,5.0,12.82,164920.0,98.6,measured
882830da3dfffff,14.0,14.26,96898.05448741713,93.2,measured
882830da53fffff,0.0,12.82,164920.0,98.6,measured
882830da57fffff,0.0,12.82,164920.0,98.6,measured
882830da81fffff,5.0,12.82,164920.0,98.6,measured
882830da83fffff,5.0,12.82,164920.0,98.6,measured
882830da85fffff,5.0,12.82,164920.0,98.6,measured
882830da87fffff,5.0,12.82,164920.0,98.6,measured
882830da89fffff,5.0,12.82,164920.0,98.6,measured
882830da8bfffff,5.0,12.82,164920.0,98.6,measured
882830da8dfffff,5.0,12.82,164920.0,98.6,measured
882830da91fffff,5.0,12.82,164920.0,98.6,measured
882830da93fffff,5.0,12.82,164920.0,98.6,measured
882830da95fffff,5.0,12.82,164920.0,98.6,measured
882830da97fffff,5.0,12.82,164920.0,98.6,measured
882830da99fffff,5.0,12.82,164920.0,98.6,measured
882830da9bfffff,5.0,12.82,164920.0,98.6,measured
882830da9dfffff,5.0,12.82,164920.0,98.6,measured
882830daa1fffff,5.0,12.82,164920.0,98.6,measured
882830daa3fffff,5.0,12.82,164920.0,98.6,measured
882830daa5fffff,5.0,12.82,164920.0,98.6,measured
882830daa7fffff,5.0,12.82,164920.0,98.6,measured
882830daa9fffff,5.0,12.82,164920.0,98.6,measured
882830daabfffff,5.0,12.82,164920.0,98.6,measured
882830daadfffff,5.0,12.82,164920.0,98.6,measured
882830dab1fffff,5.0,12.82,164920.0,98.6,measured
882830dab3fffff,5.0,12.82,164920.0,98.6,measured
882830dab5fffff,5.0,12.82,164920.0,98.6,measured
882830dab7fffff,5.0,12.82,164920.0,98.6,measured
882830dab9fffff,5.0,12.82,164920.0,98.6,measured
882830dabbfffff,5.0,12.82,164920.0,98.6,measured
882830dabdfffff,5.0,12.82,164920.0,98.6,measured
882830dac1fffff,5.0,12.82,164920.0,98.6,measured
882830dac3fffff,5.0,12.82,164920.0,98.6,measured
882830dac5fffff,5.0,12.82,164920.0,98.6,measured
882830dac7fffff,5.0,12.82,164920.0,98.6,measured
882830dac9fffff,5.0,12.82,164920.0,98.6,measured
882830dacbfffff,5.0,12.82,164920.0,98.6,measured
882830dacdfffff,5.0,12.82,164920.0,98.6,measured
882830dad1fffff,5.0,12.82,164920.0,98.6,measured
882830dad3fffff,5.0,12.82,164920.0,98.6,measured
882830dad5fffff,5.0,12.82,164920.0,98.6,measured
882830dad7fffff,5.0,12.82,164920.0,98.6,measured
882830dad9fffff,5.0,12.82,164920.0,98.6,measured
882830dadbfffff,5.0,12.82,164920.0,98.6,measured
882830daddfffff,5.0,12.82,164920.0,98.6,measured
882830dae1fffff,5.0,12.82,164920.0,98.6,measured
882830dae3fffff,5.0,12.82,164920.0,98.6,measured
882830dae5fffff,5.0,12.82,164920.0,98.6,measured
882830dae7fffff,5.0,12.82,164920.0,98.6,measured
882830dae9fffff,5.0,12.82,164920.0,98.6,measured
882830daebfffff,5.0,12.82,164920.0,98.6,measured
882830daedfffff,5.0,12.82,164920.0,98.6,measured
882830db03fffff,13.0,14.34,93125.0,92.9,measured
882830db07fffff,12.0,14.34,93125.0,92.9,measured
882830db11fffff,16.0,14.34,93125.0,92.9,measured
882830db13fffff,16.0,14.34,93125.0,92.9,measured
882830db15fffff,16.0,14.34,93125.0,92.9,measured
882830db17fffff,16.0,14.34,93125.0,92.9,measured
882830db19fffff,15.0,14.34,93125.0,92.9,measured
882830db1bfffff,16.0,14.34,93125.0,92.9,measured
882830db1dfffff,14.0,14.34,93124.99999999999,92.9,measured
882830db21fffff,11.0,14.34,93125.0,92.9,measured
882830db23fffff,16.0,14.34,93125.0,92.9,measured
882830db25fffff,11.0,14.34,93125.0,92.9,measured
882830db27fffff,16.0,14.34,93125.0,92.9,measured
882830db2bfffff,12.0,14.34,93125.0,92.9,measured
882830db31fffff,16.0,14.34,93125.0,92.9,measured
882830db33fffff,16.0,14.34,93125.0,92.9,measured
882830db35fffff,16.0,14.34,93125.0,92.9,measured
882830db37fffff,16.0,14.34,93125.0,92.9,measured
882830db39fffff,16.0,14.34,93125.0,92.9,measured
882830db3bfffff,16.0,14.34,93125.0,92.9,measured
882830db3dfffff,16.0,14.34,93125.0,92.9,measured
882830db53fffff,0.0,14.34,93125.0,92.9,measured
882830db57fffff,0.0,14.34,93125.0,92.9,measured
8828346d85fffff,134.0,20.07,224236.0,92.7,measured
8828346d87fffff,106.0,19.25,221467.29486676835,92.7,measured
8828346d95fffff,6.0,14.75,206323.99999999997,92.7,measured
8828346d97fffff,35.0,14.75,206324.0,92.7,measured
8828346da1fffff,649.0,23.62,181461.92759139297,87.98,measured
8828346da3fffff,375.0,20.08,221338.72437247864,92.17,measured
8828346da5fffff,2049.0,14.68,212446.1694177554,84.1,measured
8828346da7fffff,1633.0,17.17,208095.90241834067,84.06,measured
8828346da9fffff,238.0,20.07,224236.0,92.7,measured
8828346dabfffff,375.0,20.07,224236.0,92.7,measured
8828346dadfffff,787.0,18.16,184389.05317042436,85.16,measured
8828346db1fffff,163.0,14.75,206324.0,92.7,measured
8828346db3fffff,163.0,14.75,206324.00000000003,92.7,measured
8828346db5fffff,294.0,18.94,220434.83070812677,92.7,measured
8828346db7fffff,163.0,14.75,206324.0,92.7,measured
8828346db9fffff,91.0,14.75,206324.0,92.7,measured
8828346dbbfffff,163.0,14.75,206324.0,92.7,measured
8828346dbdfffff,197.0,16.37,211791.33415599263,92.7,measured
882836265bfffff,0.0,8.31,158608.0,95.9,measured
8828362681fffff,1.0,8.31,158608.0,95.9,measured
8828362683fffff,15.0,8.31,158608.0,95.9,measured
882836268bfffff,11.0,8.31,158608.0,95.9,measured
8828362691fffff,19.0,8.31,158608.0,95.9,measured
8828362693fffff,19.0,8.31,158608.0,95.9,measured
8828362695fffff,19.0,8.31,158608.0,95.9,measured
8828362697fffff,19.0,8.31,158608.0,95.9,measured
8828362699fffff,19.0,8.31,158608.0,95.9,measured
882836269bfffff,19.0,8.31,158608.0,95.9,measured
882836269dfffff,19.0,8.31,158608.0,95.9,measured
88283626b3fffff,0.0,8.31,158608.0,95.9,measured
88283626b9fffff,5.0,8.31,158608.0,95.9,measured
88283626bbfffff,17.0,8.31,158608.0,95.9,measured
88283626c3fffff,0.0,8.31,158608.0,95.9,measured
88283626c9fffff,10.0,8.31,158608.0,95.9,measured
88283626cbfffff,2.0,8.31,158608.0,95.9,measured
88283626d1fffff,19.0,8.31,158608.0,95.9,measured
88283626d3fffff,19.0,8.31,158608.0,95.9,measured
88283626d5fffff,12.0,8.31,158608.0,95.9,measured
88283626d7fffff,19.0,8.31,158608.0,95.9,measured
88283626d9fffff,19.0,8.31,158608.0,95.9,measured
88283626dbfffff,19.0,8.31,158608.0,95.9,measured
88283626ddfffff,18.0,8.31,158608.0,95.9,measured
8828363499fffff,0.0,15.95,165842.0,99.6,measured
882836349bfffff,9.0,8.75,159023.93988923915,96.11,measured
88283634d1fffff,18.0,15.95,165842.0,99.6,measured
88283634d3fffff,39.0,15.95,165842.0,99.6,measured
88283634d9fffff,43.0,15.95,165842.0,99.6,measured
88283634dbfffff,54.0,15.95,165842.0,99.6,measured
88283634ddfffff,0.0,0.0,,66.44,income-model
8828363659fffff,6.0,14.34,93124.99999999999,92.9,measured
882836365bfffff,6.0,14.34,93125.0,92.9,measured
8828363681fffff,63.0,24.45,150238.14290504702,99.11,measured
8828363683fffff,70.0,16.47,164888.69346632654,99.57,measured
8828363687fffff,37.0,15.95,165842.0,99.6,measured
8828363689fffff,46.0,24.7,149763.0,99.1,measured
882836368bfffff,217.0,24.68,149801.98895142114,99.1,measured
8828363691fffff,74.0,17.12,163700.31456689918,99.53,measured
8828363693fffff,67.0,15.95,165842.0,99.6,measured
8828363695fffff,67.0,15.95,165842.0,99.6,measured
8828363697fffff,67.0,15.95,165842.0,99.6,measured
8828363699fffff,211.0,24.58,149983.1954499713,99.11,measured
882836369bfffff,74.0,16.78,163443.02353860834,99.55,measured
882836369dfffff,148.0,22.87,153133.0140022739,99.2,measured
88283636b1fffff,55.0,15.95,165842.0,99.6,measured
88283636b3fffff,64.0,15.95,165842.0,99.6,measured
88283636b7fffff,21.0,15.95,165842.0,99.6,measured
88283636b9fffff,67.0,15.95,165842.0,99.6,measured
88283636bbfffff,67.0,15.95,165842.0,99.6,measured
88283636bdfffff,20.0,15.95,165842.0,99.6,measured
88283636c1fffff,0.0,24.7,149763.0,99.1,measured
88283636c3fffff,158.0,24.7,149763.0,99.1,measured
88283636cbfffff,65.0,24.28,147439.08442027014,98.85,measured
88283636d1fffff,317.0,28.11,156432.9972986348,99.1,measured
88283636d3fffff,218.0,24.7,149763.0,99.1,measured
88283636d5fffff,207.0,24.7,149763.0,99.1,measured
88283636d7fffff,218.0,24.7,149763.0,99.1,measured
88283636d9fffff,485.0,31.11,162196.30488501594,99.08,measured
88283636dbfffff,523.0,30.88,160885.70350329633,99.11,measured
88283636ddfffff,218.0,24.7,149763.0,99.1,measured
882836ac91fffff,16.0,14.34,93125.0,92.9,measured
882836ac93fffff,16.0,14.34,93125.0,92.9,measured
882836ac95fffff,1.0,14.34,93125.0,92.9,measured
882836ac97fffff,15.0,14.34,93125.0,92.9,measured
882836ac99fffff,10.0,14.34,93125.0,92.9,measured
882836ac9bfffff,16.0,14.34,93125.0,92.9,measured
882836ac9dfffff,3.0,14.34,93125.0,92.9,measured
882836acb3fffff,15.0,14.34,93125.0,92.9,measured
882836acbbfffff,11.0,14.34,93125.0,92.9,measured
