h3,pop,pct65,income,ac_est
8929ac48043ffff,0.0,11.39,43542.01977999264,42.18
8929ac48047ffff,0.0,11.39,43542.97137998991,42.22
8929ac4804bffff,0.0,11.39,43542.06992926932,42.2
8929ac48053ffff,0.0,11.39,43542.0,41.94
8929ac48057ffff,0.0,11.39,43542.0,41.94
8929ac4805bffff,0.0,11.39,43542.0,41.94
8929ac480c3ffff,0.0,11.39,43542.0,41.94
8929ac480cbffff,0.0,11.39,43542.0,41.94
8929ac480cfffff,0.0,11.39,43542.0,41.94
8929ac480d3ffff,0.0,11.39,43542.0,41.94
8929ac480dbffff,0.0,11.39,43542.0,41.94
8929ac48203ffff,0.0,11.61,63750.00000000001,51.08
8929ac4820bffff,2.0,11.61,63750.0,49.85
8929ac4820fffff,0.0,11.61,63749.99999999999,48.68
8929ac48213ffff,0.0,11.61,63750.0,49.85
8929ac4821bffff,2.0,11.61,63750.0,49.85
8929ac48223ffff,2.0,11.61,63750.00000000001,51.08
8929ac48227ffff,2.0,11.61,63750.0,49.85
8929ac4822bffff,2.0,11.61,63750.0,49.85
8929ac4822fffff,2.0,11.61,63750.00000000001,51.08
8929ac48233ffff,0.0,11.61,63750.0,49.85
8929ac48237ffff,1.0,11.61,63750.0,49.85
8929ac4823bffff,1.0,11.61,63750.0,49.85
8929ac48243ffff,2.0,11.61,63750.0,49.85
8929ac48247ffff,2.0,11.61,63750.0,49.85
8929ac4824bffff,2.0,11.61,63750.0,49.85
8929ac4824fffff,2.0,11.61,63750.0,49.85
8929ac48253ffff,2.0,11.61,63750.0,49.85
8929ac48257ffff,2.0,11.61,63750.00000000001,51.08
8929ac4825bffff,2.0,11.61,63750.0,49.85
8929ac48263ffff,2.0,11.61,63750.0,49.85
8929ac48267ffff,2.0,11.61,63750.0,49.85
8929ac4826bffff,1.0,11.61,63750.0,49.85
8929ac4826fffff,1.0,11.61,63750.0,49.85
8929ac48273ffff,2.0,11.61,63750.0,49.85
8929ac48277ffff,2.0,11.61,63749.99999999999,48.68
8929ac4827bffff,2.0,11.61,63750.00000000001,51.08
8929ac48283ffff,0.0,11.39,43542.0,41.94
8929ac4828bffff,0.0,11.61,63750.0,49.85
8929ac48293ffff,0.0,11.39,43542.0,41.94
8929ac48297ffff,0.0,11.39,43542.0054667704,42.17
8929ac4829bffff,0.0,11.46,49886.76327783028,44.65
8929ac482c3ffff,2.0,11.61,63750.00000000001,51.08
8929ac482c7ffff,2.0,11.61,63750.0,49.85
8929ac482cbffff,2.0,11.61,63750.00000000001,51.08
8929ac482cfffff,2.0,11.61,63750.0,49.85
8929ac482d3ffff,1.0,11.61,63749.72521046016,48.45
8929ac482d7ffff,2.0,11.61,63750.0,49.85
8929ac482dbffff,2.0,11.61,63750.0,49.85
8929ac48343ffff,2.0,11.61,63750.0,49.85
8929ac48347ffff,0.0,11.61,63750.0,49.85
8929ac4834bffff,2.0,11.61,63750.0,49.85
8929ac4834fffff,2.0,11.61,63750.0,49.85
8929ac48353ffff,2.0,11.61,63750.0,49.85
8929ac48357ffff,0.0,11.61,63750.0,49.85
8929ac4835bffff,2.0,11.61,63750.0,49.85
8929ac48363ffff,1.0,11.61,63750.0,49.85
8929ac48367ffff,2.0,11.61,63750.0,49.85
8929ac4836bffff,2.0,11.61,63750.0,49.85
8929ac4836fffff,2.0,11.61,63750.00000000001,51.08
8929ac4837bffff,0.0,11.61,63750.0,49.85
8929ac483c3ffff,0.0,11.61,63750.0,49.85
8929ac483cbffff,2.0,11.61,63750.0,49.85
8929ac483cfffff,0.0,11.61,63750.00000000001,51.08
8929ac48603ffff,0.0,11.39,43542.0,41.94
8929ac48607ffff,0.0,11.39,43542.0,41.94
8929ac4860bffff,0.0,11.39,43542.0,41.94
8929ac4860fffff,0.0,11.39,43542.0,41.94
8929ac4861bffff,0.0,11.39,43542.0,41.94
8929ac48623ffff,0.0,11.39,43542.0,41.94
8929ac48627ffff,0.0,11.39,43542.0,41.94
8929ac4862bffff,0.0,11.39,43542.0,41.94
8929ac4862fffff,0.0,11.39,43542.0,41.94
8929ac48633ffff,0.0,11.39,43542.0,41.94
8929ac48637ffff,0.0,11.39,43542.0,41.94
8929ac4863bffff,0.0,11.39,43542.0,41.94
8929ac48663ffff,0.0,11.39,43542.0,41.94
8929ac48667ffff,0.0,11.39,43542.0,41.94
8929ac4866fffff,0.0,11.59,61651.29693569199,47.83
8929ac48673ffff,0.0,11.39,43542.0,41.94
8929ac48677ffff,0.0,11.39,43542.0,41.94
8929ac486a7ffff,0.0,11.39,43542.0,41.94
8929ac486abffff,0.0,11.39,43542.0,41.94
8929ac486afffff,0.0,11.39,43542.0,41.94
8929ac48827ffff,0.0,4.91,147596.0,87.9
8929ac48867ffff,0.0,4.91,147596.0,87.9
8929ac4886fffff,5.0,4.98,145140.16239856006,86.91
8929ac48923ffff,93.0,7.62,145159.77154555937,86.92
8929ac48927ffff,234.0,7.24,150374.69009442537,88.65
8929ac4892bffff,133.0,15.18,69490.1514777831,52.99
8929ac4892fffff,253.0,7.77,145008.02508021976,86.89
8929ac48933ffff,7.0,4.91,147596.0,87.9
8929ac48937ffff,9.0,4.91,147596.0,87.9
8929ac4893bffff,0.0,4.91,147596.0,87.9
8929ac48943ffff,8.0,4.91,147596.0,87.9
8929ac48947ffff,3.0,4.91,147596.0,87.9
8929ac4894bffff,7.0,4.91,147596.0,87.9
8929ac4894fffff,41.0,6.28,98421.25875528836,66.55
8929ac48953ffff,8.0,4.91,147596.0,87.9
8929ac48957ffff,3.0,4.91,147596.0,87.9
8929ac4895bffff,0.0,4.91,147596.0,87.9
8929ac48963ffff,250.0,8.56,82493.54361288671,59.56
8929ac48967ffff,139.0,15.21,69124.0,52.85
8929ac4896bffff,325.0,6.61,86406.0,61.75
8929ac4896fffff,245.0,8.72,82173.37417316457,59.5
8929ac48973ffff,7.0,7.54,84531.95031270826,61.25
8929ac48977ffff,66.0,15.21,69124.0,52.85
8929ac4897bffff,198.0,6.6,86744.72484893518,61.85
8929ac489a3ffff,0.0,4.91,147596.0,87.9
8929ac489a7ffff,5.0,4.91,147596.0,87.9
8929ac489abffff,4.0,4.91,147596.0,87.9
8929ac489afffff,9.0,4.91,147596.0,87.9
8929ac489b7ffff,2.0,4.91,147596.0,87.9
8929ac489cbffff,3.0,4.91,147596.0,87.9
8929ac489cfffff,3.0,4.91,147596.0,87.9
8929ac48a37ffff,5.0,8.04,49728.00000413655,44.63
8929ac48a6fffff,0.0,8.04,49728.0,44.49
8929ac48aa7ffff,1.0,8.04,49728.00000000001,44.62
8929ac48aafffff,6.0,8.04,49728.0,44.49
8929ac48b03ffff,318.0,2.68,118575.94983432392,75.63
8929ac48b07ffff,315.0,3.01,119214.0811229251,75.78
8929ac48b0bffff,122.0,9.18,77596.4528784484,55.47
8929ac48b0fffff,283.0,2.77,119095.0,75.7
8929ac48b13ffff,208.0,2.56,119095.00000001804,75.72
8929ac48b17ffff,222.0,3.57,119366.39038930315,75.83
8929ac48b1bffff,221.0,10.65,83508.35228235989,59.68
8929ac48b23ffff,299.0,4.63,119648.65200002394,75.91
8929ac48b27ffff,298.0,5.28,119252.88450136075,75.8
8929ac48b2bffff,308.0,4.0,121727.7096539694,76.42
8929ac48b2fffff,293.0,6.16,126237.52782096369,78.53
8929ac48b33ffff,307.0,3.82,119432.02597236443,75.85
8929ac48b37ffff,298.0,4.91,118049.23693535196,74.32
8929ac48b3bffff,320.0,2.6,119104.34852008386,75.74
8929ac48b47ffff,40.0,3.06,145804.0,87.19
8929ac48b4bffff,51.0,2.39,145804.0,87.19
8929ac48b4fffff,257.0,2.13,145804.0,87.19
8929ac48b57ffff,34.0,13.51,70874.0,54.0
8929ac48b63ffff,109.0,3.85,68856.41881457905,52.8
8929ac48b67ffff,196.0,4.25,104133.85006830124,68.0
8929ac48b6bffff,427.0,8.41,96052.01707925547,65.79
8929ac48b6fffff,130.0,1.35,67014.31522750609,52.24
8929ac48b73ffff,94.0,6.46,145804.0,87.19
8929ac48b77ffff,235.0,3.15,119095.0,75.7
8929ac48b7bffff,341.0,2.29,145400.49623378014,86.95
8929ac48b83ffff,3.0,4.91,147596.0,87.9
8929ac48b87ffff,3.0,4.91,147596.0,87.9
8929ac48b8bffff,95.0,2.71,120943.63939975611,76.18
8929ac48b8fffff,2.0,2.57,119200.92812979648,75.77
8929ac48b97ffff,2.0,4.91,147596.0,87.9
8929ac48b9bffff,5.0,4.91,147596.0,87.9
8929ac48ba3ffff,45.0,5.12,114067.93366207498,72.75
8929ac48ba7ffff,314.0,6.57,87166.52357368212,61.97
8929ac48babffff,291.0,4.82,119700.0,75.95
8929ac48bafffff,211.0,4.91,117974.51462272288,74.29
8929ac48bb3ffff,34.0,5.08,116135.72351301437,73.67
8929ac48bb7ffff,308.0,6.57,87154.36741502794,61.96
8929ac48bbbffff,26.0,4.82,119700.00000000001,75.97
8929ac48bc3ffff,91.0,12.99,68809.08126351125,52.78
8929ac48bc7ffff,223.0,8.08,94750.68142897861,65.38
8929ac48bcbffff,38.0,13.49,70748.65533922556,53.66
8929ac48bcfffff,45.0,13.52,70874.0,54.0
8929ac48bd3ffff,8.0,8.04,49728.0,44.49
8929ac48bd7ffff,11.0,6.52,97089.56040309354,65.99
8929ac48bdbffff,15.0,8.04,49728.0,44.49
8929ac49183ffff,0.0,11.61,63749.9999999815,48.49
8929ac49187ffff,0.0,11.61,63750.00000000001,51.08
8929ac49193ffff,0.0,11.61,63750.0,49.85
8929ac49197ffff,2.0,11.61,63749.99999999999,48.68
8929ac491a3ffff,0.0,11.61,63750.0,49.85
8929ac491b3ffff,0.0,11.61,63750.00000000001,51.08
8929ac491b7ffff,2.0,11.61,63750.0,49.85
8929ac49507ffff,0.0,11.61,63749.99613520551,48.48
8929ac49523ffff,2.0,11.61,63750.0,49.85
8929ac49527ffff,2.0,11.61,63750.0,49.85
8929ac4952bffff,0.0,11.61,63750.0,49.85
8929ac4952fffff,2.0,11.61,63750.0,49.85
8929ac49533ffff,2.0,11.61,63750.0,49.85
8929ac49537ffff,2.0,11.61,63750.0,49.85
8929ac4953bffff,0.0,11.61,63750.0,49.85
8929ac495a7ffff,0.0,11.61,63748.22519491243,48.4
8929ac495abffff,0.0,11.61,63749.72057457022,48.43
8929ac495afffff,1.0,11.61,63749.77296027101,48.46
8929ac49803ffff,2.0,11.61,63749.99999999999,48.68
8929ac49807ffff,2.0,11.61,63750.0,49.85
8929ac4980bffff,1.0,11.61,63750.0,49.85
8929ac4980fffff,0.0,11.61,63750.0,49.85
8929ac49813ffff,2.0,11.61,63749.99999999999,48.68
8929ac49817ffff,2.0,11.61,63750.0,49.85
8929ac4981bffff,1.0,11.61,63750.0,49.85
8929ac49827ffff,0.0,11.61,63750.0,49.85
8929ac49833ffff,1.0,11.61,63750.00000000001,51.08
8929ac49837ffff,0.0,11.61,63750.0,49.85
8929ac49883ffff,2.0,11.61,63749.99999999999,48.68
8929ac49887ffff,2.0,11.61,63750.0,49.85
8929ac4988bffff,2.0,11.61,63750.0,49.85
8929ac4988fffff,2.0,11.61,63749.99999999999,48.68
8929ac49893ffff,1.0,11.61,63750.0,49.85
8929ac49897ffff,2.0,11.61,63750.0,49.85
8929ac4989bffff,2.0,11.61,63749.99999999999,48.68
8929ac498a3ffff,2.0,11.61,63749.99999999999,48.68
8929ac498a7ffff,2.0,11.61,63750.0,49.85
8929ac498abffff,2.0,11.61,63749.99999999999,48.68
8929ac498afffff,2.0,11.61,63750.0,49.85
8929ac498b3ffff,2.0,11.61,63749.99999999999,48.68
8929ac498b7ffff,2.0,11.61,63750.00000000001,51.08
8929ac498bbffff,2.0,11.61,63750.00000000001,51.08
8929ac498c7ffff,1.0,11.61,63750.00000000001,51.08
8929ac498d7ffff,1.0,11.61,63750.0,49.85
8929ac49923ffff,3.0,4.37,65072.152526007405,51.53
8929ac49927ffff,4.0,3.2,62803.18512325252,48.07
8929ac4992bffff,2.0,11.61,63750.0,49.85
8929ac4992fffff,1.0,11.58,63759.57409780613,51.32
8929ac49933ffff,2.0,8.04,49728.0,44.49
8929ac49937ffff,14.0,8.04,49728.0,44.49
8929ac4993bffff,0.0,11.61,63750.0,49.85
8929ac4994bffff,0.0,11.61,63750.0,49.85
8929ac4994fffff,0.0,11.61,63750.0,49.85
8929ac4995bffff,0.0,11.61,63749.99999999999,48.68
8929ac49963ffff,2.0,11.61,63750.0,49.85
8929ac49967ffff,2.0,11.61,63749.99999999999,48.68
8929ac4996bffff,2.0,11.61,63750.0,49.85
8929ac4996fffff,2.0,11.61,63749.99999999999,48.68
8929ac49973ffff,0.0,11.61,63750.00000000001,51.08
8929ac49977ffff,1.0,11.61,63750.0,49.85
8929ac4997bffff,1.0,11.61,63750.0,49.85
8929ac499a7ffff,1.0,8.04,49728.0,44.49
8929ac499abffff,0.0,8.04,49728.0,44.49
8929ac499afffff,10.0,8.04,49728.0,44.49
8929ac499dbffff,1.0,11.61,63750.0,49.85
8929ac49b03ffff,2.0,11.61,63750.0,49.85
8929ac49b07ffff,2.0,11.61,63750.00000000001,51.08
8929ac49b0bffff,1.0,11.61,63750.00000000001,51.08
8929ac49b0fffff,2.0,11.61,63750.0,49.85
8929ac49b13ffff,2.0,11.61,63749.99999999999,48.68
8929ac49b17ffff,2.0,11.61,63750.0,49.85
8929ac49b1bffff,1.0,11.61,63750.0,49.85
8929ac49b23ffff,2.0,11.61,63750.0,49.85
8929ac49b27ffff,4.0,7.34,50558.321171225485,44.77
8929ac49b2bffff,5.0,6.64,48398.775048420735,44.03
8929ac49b2fffff,10.0,4.92,43095.84072272124,41.52
8929ac49b33ffff,2.0,11.61,63750.0,49.85
8929ac49b37ffff,2.0,11.61,63750.0,49.85
8929ac49b3bffff,2.0,11.61,63749.99999999999,48.68
8929ac49b63ffff,4.0,6.11,46772.91010014531,43.5
8929ac49b67ffff,11.0,4.81,42757.339287282644,41.48
8929ac49b6fffff,8.0,4.7,42429.0,40.16
8929ac49b73ffff,1.0,11.61,63750.0,49.85
8929ac49b77ffff,2.0,11.61,63750.0,49.85
8929ac49b87ffff,0.0,11.61,63750.0,49.85
8929ac49b8bffff,1.0,11.61,63750.00000000001,51.08
8929ac49b8fffff,2.0,11.61,63750.0,49.85
8929ac49ba3ffff,2.0,11.61,63750.00000000001,51.08
8929ac49ba7ffff,2.0,11.61,63750.00000000001,51.08
8929ac49babffff,2.0,11.61,63750.00000000001,51.08
8929ac49bafffff,2.0,11.61,63750.0,49.85
8929ac49bb3ffff,2.0,11.61,63750.0,49.85
8929ac49bb7ffff,2.0,11.61,63749.99999999999,48.68
8929ac49bbbffff,2.0,11.61,63749.99999999999,48.68
8929ac49bc7ffff,1.0,11.61,63750.0,49.85
8929ac49c13ffff,1.0,11.61,63750.0,49.85
8929ac49c2fffff,0.0,11.61,63750.0,49.85
8929ac49c67ffff,0.0,11.61,63750.0,49.85
8929ac49c6fffff,1.0,11.61,63750.0,49.85
8929ac49c83ffff,2.0,11.61,63750.0,49.85
8929ac49c87ffff,2.0,11.61,63750.0,49.85
8929ac49c8bffff,2.0,11.61,63750.0,49.85
8929ac49c8fffff,2.0,11.61,63750.0,49.85
8929ac49c93ffff,2.0,11.61,63750.00000000001,51.08
8929ac49c97ffff,2.0,11.61,63750.0,49.85
8929ac49c9bffff,2.0,11.61,63750.0,49.85
8929ac49ca3ffff,0.0,11.61,63750.0,49.85
8929ac49ca7ffff,0.0,11.61,63750.0,49.85
8929ac49cb3ffff,2.0,11.61,63750.0,49.85
8929ac49cb7ffff,1.0,11.61,63749.99999999999,48.68
8929ac49cbbffff,1.0,11.61,63750.0,49.85
8929ac49cc7ffff,0.0,11.61,63750.0,49.85
8929ac49cd3ffff,0.0,11.61,63750.0,49.85
8929ac49cd7ffff,0.0,11.61,63749.99999999999,48.68
8929ac49d03ffff,1.0,11.61,63750.00000000001,51.08
8929ac49d07ffff,0.0,11.61,63750.00000000001,51.08
8929ac49d0bffff,0.0,11.61,63750.0,49.85
8929ac49d0fffff,0.0,11.61,63750.0,49.85
8929ac49d13ffff,2.0,11.61,63750.0,49.85
8929ac49d17ffff,0.0,11.61,63750.0,49.85
8929ac49d1bffff,2.0,11.61,63750.0,49.85
8929ac49d43ffff,2.0,11.61,63750.0,49.85
8929ac49d4bffff,2.0,11.61,63749.99999999999,48.68
8929ac49d4fffff,2.0,11.61,63750.0,49.85
8929ac49d53ffff,0.0,11.61,63750.0,49.85
8929ac49d57ffff,1.0,11.61,63749.99999999999,48.68
8929ac49d5bffff,1.0,11.61,63750.0,49.85
8929ac49d63ffff,2.0,11.61,63750.0,49.85
8929ac49d67ffff,0.0,11.61,63750.0,49.85
8929ac49d6bffff,2.0,11.61,63749.99999999999,48.68
8929ac49d6fffff,1.0,11.61,63750.0,49.85
8929ac49d73ffff,1.0,11.61,63750.0,49.85
8929ac49d77ffff,1.0,11.61,63750.0,49.85
8929ac49d7bffff,2.0,11.61,63750.0,49.85
8929ac49d83ffff,0.0,11.61,63750.0,49.85
8929ac49d8bffff,2.0,11.61,63750.00000000001,51.08
8929ac49d8fffff,1.0,11.61,63750.0,49.85
8929ac49d93ffff,0.0,11.61,63750.0,49.85
8929ac49d9bffff,2.0,11.61,63750.00000000001,51.08
8929ac49dc3ffff,2.0,11.61,63750.00000000001,51.08
8929ac49dc7ffff,2.0,11.61,63750.0,49.85
8929ac49dcbffff,0.0,11.61,63750.0,49.85
8929ac49dcfffff,2.0,11.61,63750.0,49.85
8929ac49dd3ffff,2.0,11.61,63750.0,49.85
8929ac49dd7ffff,2.0,11.61,63750.00000000001,51.08
8929ac49ddbffff,0.0,11.61,63750.0,49.85
8929ac4c00bffff,2.0,0.27,127250.0,79.99
8929ac4c01bffff,2.0,0.27,127250.0,79.99
8929ac4c043ffff,4.0,0.27,127250.0,79.99
8929ac4c047ffff,4.0,0.27,127250.0,79.99
8929ac4c04bffff,4.0,0.27,127250.0,79.99
8929ac4c04fffff,4.0,0.27,127250.0,79.99
8929ac4c053ffff,4.0,0.27,127250.0,79.99
8929ac4c057ffff,4.0,0.27,127249.99999999999,78.71
8929ac4c05bffff,4.0,0.27,127250.0,79.99
8929ac4c063ffff,2.0,0.27,127250.0,79.99
8929ac4c06bffff,4.0,0.27,127250.0,79.99
8929ac4c06fffff,2.0,0.27,127250.0,79.99
8929ac4c073ffff,2.0,0.27,127250.00000000001,81.26
8929ac4c07bffff,4.0,0.27,127250.0,79.99
8929ac4c0c3ffff,4.0,0.27,127250.0,79.99
8929ac4c0c7ffff,2.0,0.27,127250.0,79.99
8929ac4c0cbffff,4.0,0.27,127250.0,79.99
8929ac4c0cfffff,4.0,0.27,127250.0,79.99
8929ac4c0d3ffff,4.0,0.27,127250.0,79.99
8929ac4c0d7ffff,3.0,0.27,127250.0,79.99
8929ac4c0dbffff,4.0,0.27,127250.0,79.99
8929ac4c123ffff,1.0,0.27,127250.0,79.99
8929ac4c127ffff,3.0,0.27,127250.0,79.99
8929ac4c12bffff,3.0,0.27,127250.0,79.99
8929ac4c12fffff,4.0,0.27,127250.0,79.99
8929ac4c14fffff,0.0,0.27,127250.0,79.99
8929ac4c163ffff,4.0,0.27,127250.0,79.99
8929ac4c167ffff,4.0,0.27,127250.0,79.99
8929ac4c16bffff,4.0,0.27,127250.0,79.99
8929ac4c16fffff,4.0,0.27,127250.0,79.99
8929ac4c173ffff,0.0,0.27,127250.0,79.99
8929ac4c177ffff,2.0,0.27,127250.0,79.99
8929ac4c17bffff,2.0,0.27,127249.99999999999,78.71
8929ac4c203ffff,14.0,3.04,141042.0,86.19
8929ac4c207ffff,19.0,2.73,139507.79278291325,84.8
8929ac4c20bffff,59.0,3.04,141042.0,86.19
8929ac4c20fffff,77.0,4.35,138771.40594581616,84.63
8929ac4c213ffff,46.0,3.04,141042.0,86.19
8929ac4c217ffff,8.0,2.33,137490.4902907004,84.43
8929ac4c21bffff,58.0,3.04,141042.0,86.19
8929ac4c223ffff,4.0,0.27,127250.0,79.99
8929ac4c227ffff,4.0,0.27,127250.0,79.99
8929ac4c22bffff,113.0,7.43,133014.58480745708,82.05
8929ac4c22fffff,4.0,0.27,127250.0,79.99
8929ac4c233ffff,4.0,0.27,127250.0,79.99
8929ac4c237ffff,4.0,0.27,127250.0,79.99
8929ac4c23bffff,82.0,6.85,133901.61393041056,82.29
8929ac4c243ffff,59.0,3.04,141042.0,86.19
8929ac4c247ffff,99.0,5.22,121644.50197773614,76.4
8929ac4c24bffff,114.0,6.28,107802.56587888801,68.55
8929ac4c24fffff,258.0,7.17,93523.48392361558,64.78
8929ac4c253ffff,59.0,3.04,141042.0,86.19
8929ac4c257ffff,59.0,3.04,141042.0,86.19
8929ac4c25bffff,51.0,3.05,138937.61893386833,84.65
8929ac4c263ffff,314.0,7.59,133139.0,82.12
8929ac4c267ffff,314.0,7.59,133139.0,82.12
8929ac4c26bffff,312.0,7.45,106245.78394259706,68.4
8929ac4c26fffff,354.0,5.89,135689.9425111609,84.28
8929ac4c273ffff,233.0,7.22,133781.63056643368,82.26
8929ac4c277ffff,314.0,7.59,133139.0,82.12
8929ac4c27bffff,312.0,7.45,105449.01329917615,68.3
8929ac4c283ffff,32.0,2.89,140271.93878294676,85.63
8929ac4c287ffff,4.0,0.27,127250.0,79.99
8929ac4c28bffff,59.0,3.04,141042.0,86.19
8929ac4c28fffff,30.0,2.87,140172.1885787279,85.61
8929ac4c293ffff,34.0,2.9,140358.43480641657,85.69
8929ac4c297ffff,4.0,0.27,127250.0,79.99
8929ac4c29bffff,59.0,3.04,141042.0,86.19
8929ac4c2a3ffff,4.0,0.27,127250.0,79.99
8929ac4c2a7ffff,4.0,0.27,127250.0,79.99
8929ac4c2abffff,4.0,0.27,127250.0,79.99
8929ac4c2afffff,4.0,0.27,127250.0,79.99
8929ac4c2b3ffff,4.0,0.27,127250.0,79.99
8929ac4c2b7ffff,4.0,0.27,127250.0,79.99
8929ac4c2bbffff,4.0,0.27,127250.0,79.99
8929ac4c2c3ffff,59.0,3.04,141042.0,86.19
8929ac4c2c7ffff,59.0,3.04,141042.0,86.19
8929ac4c2cbffff,59.0,3.04,141042.0,86.19
8929ac4c2cfffff,59.0,3.04,141042.0,86.19
8929ac4c2d3ffff,59.0,3.04,141042.0,86.19
8929ac4c2d7ffff,59.0,3.04,141042.0,86.19
8929ac4c2dbffff,59.0,3.04,141042.0,86.19
8929ac4c303ffff,4.0,0.27,127249.99999999999,78.71
8929ac4c307ffff,4.0,0.27,127250.0,79.99
8929ac4c30bffff,4.0,0.27,127250.0,79.99
8929ac4c30fffff,4.0,0.27,127250.0,79.99
8929ac4c313ffff,4.0,0.27,127250.0,79.99
8929ac4c317ffff,4.0,0.27,127250.0,79.99
8929ac4c31bffff,4.0,0.27,127250.0,79.99
8929ac4c323ffff,4.0,0.27,127250.0,79.99
8929ac4c327ffff,5.0,3.76,158762.6185862486,89.6
8929ac4c32bffff,5.0,5.41,173717.0847724558,91.65
8929ac4c32fffff,9.0,10.6,220652.88601310528,93.32
8929ac4c333ffff,4.0,0.27,127250.0,79.99
8929ac4c337ffff,4.0,0.27,127250.0,79.99
8929ac4c33bffff,4.0,0.27,127250.0,79.99
8929ac4c343ffff,4.0,0.27,127250.0,79.99
8929ac4c347ffff,4.0,0.27,127250.0,79.99
8929ac4c34bffff,4.0,0.27,127250.0,79.99
8929ac4c34fffff,4.0,0.27,127250.0,79.99
8929ac4c353ffff,4.0,0.27,127250.0,79.99
8929ac4c357ffff,4.0,0.27,127250.0,79.99
8929ac4c35bffff,4.0,0.27,127250.0,79.99
8929ac4c363ffff,6.0,6.86,186858.58402108826,92.16
8929ac4c367ffff,10.0,11.08,224966.90683294673,93.4
8929ac4c36bffff,10.0,11.45,228301.15166796077,93.46
8929ac4c36fffff,11.0,11.77,231172.0,94.12
8929ac4c373ffff,4.0,0.27,127250.0,79.99
8929ac4c377ffff,4.0,0.27,127250.0,79.99
8929ac4c37bffff,4.0,0.27,127250.0,79.99
8929ac4c387ffff,1.0,0.27,127250.0,79.99
8929ac4c38bffff,1.0,0.27,127250.0,79.99
8929ac4c38fffff,3.0,0.27,127250.0,79.99
8929ac4c3a3ffff,4.0,0.27,127250.0,79.99
8929ac4c3a7ffff,4.0,0.27,127250.0,79.99
8929ac4c3abffff,4.0,0.27,127250.0,79.99
8929ac4c3afffff,4.0,0.27,127250.0,79.99
8929ac4c3b3ffff,2.0,0.27,127250.0,79.99
8929ac4c3b7ffff,4.0,0.27,127250.0,79.99
8929ac4c3bbffff,4.0,0.27,127250.0,79.99
8929ac4c3c3ffff,4.0,0.27,127250.0,79.99
8929ac4c3c7ffff,3.0,0.27,127250.0,79.99
8929ac4c3cbffff,4.0,0.27,127250.0,79.99
8929ac4c3cfffff,4.0,0.27,127250.0,79.99
8929ac4c3d3ffff,4.0,0.27,127250.0,79.99
8929ac4c3d7ffff,2.0,0.27,127250.0,79.99
8929ac4c3dbffff,4.0,0.27,127250.0,79.99
8929ac4c46bffff,1.0,0.27,127250.00000000001,81.26
8929ac4c46fffff,2.0,0.27,127249.9999954073,78.62
8929ac4c603ffff,57.0,3.04,141042.0,86.19
8929ac4c607ffff,39.0,2.94,140563.02428867266,85.79
8929ac4c60bffff,59.0,3.04,141042.0,86.19
8929ac4c60fffff,59.0,3.04,141042.0,86.19
8929ac4c617ffff,15.0,2.96,140663.25853052118,85.81
8929ac4c61bffff,29.0,3.04,141042.0,86.19
8929ac4c623ffff,4.0,0.27,127250.0,79.99
8929ac4c627ffff,4.0,0.27,127250.0,79.99
8929ac4c62bffff,36.0,2.92,140432.9920211194,85.73
8929ac4c62fffff,4.0,0.27,127250.0,79.99
8929ac4c633ffff,4.0,0.27,127250.0,79.99
8929ac4c637ffff,4.0,0.27,127250.0,79.99
8929ac4c63bffff,37.0,2.93,140500.8971400959,85.76
8929ac4c643ffff,59.0,3.04,141042.0,86.19
8929ac4c647ffff,59.0,3.04,141042.0,86.19
8929ac4c64bffff,41.0,3.04,141036.33708668323,85.85
8929ac4c64fffff,59.0,3.04,141042.0,86.19
8929ac4c653ffff,36.0,3.04,141041.99497690782,85.93
8929ac4c657ffff,59.0,3.04,141042.0,86.19
8929ac4c65bffff,36.0,3.04,141035.270354711,85.84
8929ac4c663ffff,59.0,3.04,141042.0,86.19
8929ac4c667ffff,59.0,3.04,141042.0,86.19
8929ac4c66bffff,59.0,3.04,141042.0,86.19
8929ac4c66fffff,59.0,3.04,141042.0,86.19
8929ac4c673ffff,59.0,3.04,141042.0,86.19
8929ac4c677ffff,59.0,3.04,141042.0,86.19
8929ac4c67bffff,59.0,3.04,141042.0,86.19
8929ac4c6a3ffff,1.0,0.27,127250.0,79.99
8929ac4c6a7ffff,3.0,0.27,127250.0,79.99
8929ac4c6abffff,3.0,0.27,127249.99999999999,78.71
8929ac4c6afffff,4.0,0.27,127250.0,79.99
8929ac4c6cfffff,2.0,3.04,141042.0,86.19
8929ac4c803ffff,10.0,11.13,225446.75270442275,93.42
8929ac4c807ffff,7.0,8.72,203625.2201750524,93.13
8929ac4c80bffff,11.0,11.77,231171.99999999997,93.57
8929ac4c80fffff,11.0,11.19,218351.70379326126,93.28
8929ac4c813ffff,4.0,3.2,153760.0951986247,88.95
8929ac4c817ffff,4.0,0.27,127250.0,79.99
8929ac4c81bffff,9.0,11.77,231172.0,94.12
8929ac4c823ffff,10.0,6.66,118239.0,74.88
8929ac4c827ffff,9.0,6.66,118239.0,74.88
8929ac4c82bffff,10.0,6.66,118239.0,74.88
8929ac4c82fffff,6.0,6.66,118239.0,74.88
8929ac4c833ffff,6.0,4.68,128640.86219090944,81.76
8929ac4c837ffff,10.0,6.66,118239.0,74.88
8929ac4c83bffff,10.0,7.78,142836.5664159134,86.56
8929ac4c843ffff,11.0,11.77,231172.0,94.12
8929ac4c847ffff,11.0,11.77,231172.00000000003,94.65
8929ac4c84bffff,11.0,11.77,231172.0,94.12
8929ac4c84fffff,11.0,11.77,231172.0,94.12
8929ac4c853ffff,6.0,11.77,231172.0,94.12
8929ac4c857ffff,11.0,11.77,231172.0,94.12
8929ac4c85bffff,9.0,11.77,231172.0,94.12
8929ac4c863ffff,9.0,6.66,118239.00000000001,75.35
8929ac4c867ffff,5.0,6.66,118239.00000000001,75.35
8929ac4c86bffff,9.0,6.66,118239.00000000001,75.35
8929ac4c86fffff,0.0,6.66,118238.99999999999,74.44
8929ac4c873ffff,10.0,10.25,197487.47397649413,92.96
8929ac4c877ffff,10.0,6.75,120120.56504600547,76.04
8929ac4c87bffff,10.0,10.16,195489.44545284013,92.92
8929ac4c887ffff,3.0,0.27,127250.00000000001,81.26
8929ac4c88bffff,2.0,0.27,127250.0,79.99
8929ac4c88fffff,3.0,0.27,127249.99999999999,78.71
8929ac4c897ffff,0.0,0.27,127250.0,79.99
8929ac4c89bffff,2.0,0.27,127250.0,79.99
8929ac4c8a3ffff,4.0,0.27,127250.0,79.99
8929ac4c8a7ffff,5.0,2.5,124101.75824165337,77.04
8929ac4c8abffff,4.0,0.27,127250.0,79.99
8929ac4c8afffff,6.0,4.17,121756.64359585017,76.45
8929ac4c8b3ffff,4.0,0.27,127250.0,79.99
8929ac4c8b7ffff,4.0,0.27,127250.00000000001,81.26
8929ac4c8bbffff,4.0,0.27,127250.0,79.99
8929ac4c8c3ffff,0.0,0.27,127250.0,79.99
8929ac4c8c7ffff,1.0,0.27,127249.99999999999,78.71
8929ac4c8cfffff,2.0,11.77,231172.0,94.12
8929ac4c8d3ffff,3.0,0.27,127250.0,79.99
8929ac4c8d7ffff,4.0,0.27,127250.0,79.99
8929ac4c953ffff,1.0,6.66,118239.0,74.88
8929ac4c95bffff,1.0,6.66,118239.0,74.88
8929ac4c9c3ffff,3.0,6.66,118239.0,74.88
8929ac4c9cbffff,2.0,6.66,118239.0,74.88
8929ac4c9d3ffff,10.0,6.66,118240.01899889017,75.44
8929ac4c9d7ffff,2.0,6.66,118239.0,74.88
8929ac4c9dbffff,10.0,6.66,118239.0,74.88
8929ac4ca03ffff,3.0,11.77,231171.99999999997,93.57
8929ac4ca07ffff,10.0,8.32,154949.35107895534,89.07
8929ac4ca0bffff,11.0,11.77,231172.00000000003,94.65
8929ac4ca0fffff,10.0,9.56,182343.89008353322,91.92
8929ac4ca13ffff,0.0,11.77,231172.0,94.12
8929ac4ca17ffff,9.0,11.77,231171.99999999997,93.57
8929ac4ca1bffff,7.0,11.77,231171.99999999997,93.57
8929ac4ca23ffff,10.0,6.66,118239.00000000001,75.35
8929ac4ca27ffff,2.0,6.66,118238.99999999999,74.44
8929ac4ca2bffff,10.0,6.66,118239.0,74.88
8929ac4ca2fffff,2.0,6.66,118239.0,74.88
8929ac4ca33ffff,10.0,6.66,118238.99999999999,74.44
8929ac4ca37ffff,7.0,6.66,118239.0,74.88
8929ac4ca3bffff,10.0,6.66,118239.0,74.88
8929ac4ca43ffff,11.0,11.77,231172.0,94.12
8929ac4ca47ffff,11.0,11.77,231171.99999999997,93.57
8929ac4ca4bffff,11.0,11.77,231172.0,94.12
8929ac4ca4fffff,11.0,11.77,231172.0,94.12
8929ac4ca53ffff,11.0,11.77,231171.99999999997,93.57
8929ac4ca57ffff,11.0,11.77,231171.99999999997,93.57
8929ac4ca5bffff,11.0,11.77,231172.0,94.12
8929ac4ca63ffff,10.0,6.74,119829.97786876214,76.01
8929ac4ca67ffff,10.0,6.66,118239.0,74.88
8929ac4ca6bffff,10.0,7.13,128644.93317738912,81.78
8929ac4ca6fffff,10.0,6.66,118239.00000000001,75.35
8929ac4ca73ffff,10.0,9.78,187207.00527436048,92.18
8929ac4ca77ffff,10.0,6.66,118239.0,74.88
8929ac4ca7bffff,11.0,11.72,230038.81513254592,93.48
8929ac4ca87ffff,8.0,11.77,231172.0,94.12
8929ac4ca97ffff,7.0,11.77,231172.0,94.12
8929ac4caa3ffff,10.0,6.72,119592.73928385906,75.89
8929ac4caa7ffff,10.0,6.66,118239.0,74.88
8929ac4caabffff,10.0,8.96,168978.4238507203,91.5
8929ac4caafffff,10.0,6.66,118239.0,74.88
8929ac4cab3ffff,11.0,11.64,228234.3835191782,93.45
8929ac4cab7ffff,10.0,8.77,164793.48203397123,91.38
8929ac4cabbffff,9.0,11.56,226511.04734275918,93.43
8929ac4cac3ffff,9.0,11.77,231172.0,94.12
8929ac4cac7ffff,1.0,11.77,231172.00000000003,94.65
8929ac4cacbffff,11.0,11.77,231172.00000000003,94.65
8929ac4cacfffff,11.0,11.77,231172.0,94.12
8929ac4cad3ffff,3.0,11.77,231172.0,94.12
8929ac4cadbffff,11.0,11.77,231172.0,94.12
8929ac4cb03ffff,0.0,6.66,118239.0,74.88
8929ac4cb0bffff,6.0,6.66,118239.0,74.88
8929ac4cb0fffff,2.0,6.66,118239.0,74.88
8929ac4cb43ffff,7.0,6.66,118239.0,74.88
8929ac4cb47ffff,10.0,6.66,118239.0,74.88
8929ac4cb4bffff,10.0,6.66,118239.0,74.88
8929ac4cb4fffff,10.0,6.66,118239.00000000001,75.35
8929ac4cb57ffff,1.0,6.66,118239.0,74.88
8929ac4cb5bffff,2.0,6.66,118238.99999999999,74.44
8929ac4cb63ffff,6.0,6.66,118239.0,74.88
8929ac4cb67ffff,0.0,6.66,118239.0,74.88
8929ac4cb6bffff,0.0,6.66,118239.0,74.88
8929ac4cb73ffff,10.0,6.66,118239.0,74.88
8929ac4cb77ffff,2.0,6.66,118239.0,74.88
8929ac4cb7bffff,10.0,6.66,118239.0,74.88
8929ac4cb93ffff,0.0,6.66,118239.0,74.88
8929ac4cbc3ffff,6.0,6.66,118239.0,74.88
8929ac4cbcbffff,0.0,6.66,118239.0,74.88
8929ac4cbd3ffff,9.0,6.66,118239.0,74.88
8929ac4cbd7ffff,0.0,6.66,118239.0,74.88
8929ac4cbdbffff,10.0,6.66,118239.0,74.88
8929ac4cc03ffff,2.0,0.27,127250.0,79.99
8929ac4cc0bffff,4.0,0.27,127250.0,79.99
8929ac4cc0fffff,2.0,0.27,127250.0,79.99
8929ac4cc13ffff,2.0,0.27,127250.0,79.99
8929ac4cc1bffff,4.0,0.27,127250.0,79.99
8929ac4cc43ffff,4.0,0.27,127250.0,79.99
8929ac4cc47ffff,4.0,0.27,127250.0,79.99
8929ac4cc4bffff,4.0,0.27,127250.0,79.99
8929ac4cc4fffff,4.0,0.27,127250.0,79.99
8929ac4cc53ffff,4.0,0.27,127250.0,79.99
8929ac4cc57ffff,4.0,0.27,127250.0,79.99
8929ac4cc5bffff,4.0,0.27,127250.0,79.99
8929ac4cc63ffff,4.0,0.27,127250.0,79.99
8929ac4cc67ffff,2.0,0.27,127250.0,79.99
8929ac4cc6bffff,4.0,0.27,127250.0,79.99
8929ac4cc6fffff,4.0,0.27,127250.0,79.99
8929ac4cc73ffff,4.0,0.27,127250.0,79.99
8929ac4cc77ffff,2.0,0.27,127249.99999999999,78.71
8929ac4cc7bffff,4.0,0.27,127250.00000000001,81.26
8929ac4ccc7ffff,1.0,0.27,127249.99999999999,78.71
8929ac4cccbffff,1.0,0.27,127250.0,79.99
8929ac4cccfffff,3.0,0.27,127250.0,79.99
8929ac4cd03ffff,4.0,0.27,127250.0,79.99
8929ac4cd07ffff,4.0,0.27,127250.0,79.99
8929ac4cd0bffff,4.0,0.27,127250.0,79.99
8929ac4cd0fffff,4.0,0.27,127250.0,79.99
8929ac4cd13ffff,2.0,0.27,127250.0,79.99
8929ac4cd17ffff,4.0,0.27,127250.00000000001,81.26
8929ac4cd1bffff,4.0,0.27,127250.0,79.99
8929ac4cd23ffff,9.0,6.66,118239.00000000001,75.35
8929ac4cd27ffff,3.0,6.66,118238.99999999999,74.44
8929ac4cd2bffff,9.0,6.66,118239.00000000001,75.35
8929ac4cd2fffff,3.0,6.66,118239.0,74.88
8929ac4cd33ffff,7.0,5.14,120389.97170506862,76.12
8929ac4cd37ffff,8.0,6.66,118239.0,74.88
8929ac4cd3bffff,8.0,5.62,119704.16235121523,75.98
8929ac4cd43ffff,4.0,0.27,127250.0,79.99
8929ac4cd47ffff,4.0,0.27,127250.0,79.99
8929ac4cd4bffff,3.0,0.27,127250.0,79.99
8929ac4cd4fffff,4.0,0.27,127250.0,79.99
8929ac4cd53ffff,0.0,0.27,127250.0,79.99
8929ac4cd57ffff,4.0,0.27,127250.0,79.99
8929ac4cd5bffff,0.0,0.27,127249.99999999999,78.71
8929ac4cd63ffff,6.0,4.95,120652.18725723402,76.13
8929ac4cd67ffff,4.0,6.66,118239.0,74.88
8929ac4cd6bffff,7.0,4.84,120805.45906522727,76.16
8929ac4cd6fffff,3.0,6.66,118239.0,74.88
8929ac4cd73ffff,4.0,0.27,127250.0,79.99
8929ac4cd77ffff,7.0,5.45,119943.53314950663,76.03
8929ac4cd7bffff,4.0,0.27,127250.0,79.99
8929ac4cd8fffff,0.0,0.27,127250.00000000001,81.26
8929ac4cda3ffff,4.0,0.27,127250.0,79.99
8929ac4cda7ffff,4.0,0.27,127250.0,79.99
8929ac4cdabffff,4.0,0.27,127250.0,79.99
8929ac4cdafffff,5.0,3.48,122722.99107299701,76.6
8929ac4cdb3ffff,0.0,0.27,127250.00000000001,81.26
8929ac4cdb7ffff,2.0,0.27,127250.0,79.99
8929ac4cdbbffff,2.0,0.27,127250.00000000001,81.26
8929ac4cdcfffff,0.0,0.27,127250.0,79.99
8929ac4ce03ffff,0.0,0.68,130960.98903294594,81.85
8929ac4ce13ffff,4.0,0.27,127250.0,79.99
8929ac4ce17ffff,2.0,0.27,127253.13332648549,81.35
8929ac4ce1bffff,2.0,0.29,127433.0690695922,81.51
8929ac4ce2fffff,0.0,11.77,231172.0,94.12
8929ac4ce43ffff,4.0,11.77,231172.0,94.12
8929ac4ce4bffff,11.0,11.77,231172.0,94.12
8929ac4ce4fffff,3.0,11.77,231172.0,94.12
8929ac4ce53ffff,4.0,8.05,197573.58193335377,92.98
8929ac4ce5bffff,11.0,11.77,231172.00000000003,94.65
8929ac4ce83ffff,4.0,0.27,127250.0,79.99
8929ac4ce87ffff,4.0,0.27,127250.0,79.99
8929ac4ce8bffff,4.0,0.27,127249.99999999999,78.71
8929ac4ce8fffff,4.0,0.27,127250.0,79.99
8929ac4ce93ffff,4.0,0.27,127250.0,79.99
8929ac4ce97ffff,4.0,0.27,127250.0,79.99
8929ac4ce9bffff,4.0,0.27,127250.0,79.99
8929ac4cea3ffff,3.0,0.27,127250.0,79.99
8929ac4cea7ffff,2.0,0.27,127250.00000000003,81.34
8929ac4ceabffff,0.0,0.27,127250.0,79.99
8929ac4ceb3ffff,4.0,0.27,127250.0,79.99
8929ac4ceb7ffff,4.0,0.27,127250.0,79.99
8929ac4cebbffff,4.0,0.27,127250.0,79.99
8929ac4cec3ffff,4.0,0.27,127250.0,79.99
8929ac4cec7ffff,4.0,0.27,127250.0,79.99
8929ac4cecbffff,4.0,0.27,127250.0,79.99
8929ac4cecfffff,4.0,0.27,127250.0,79.99
8929ac4ced3ffff,4.0,0.27,127250.0,79.99
8929ac4ced7ffff,4.0,0.27,127250.0,79.99
8929ac4cedbffff,4.0,0.27,127250.0,79.99
8929ac4d003ffff,19.0,8.21,94137.06968267709,65.25
8929ac4d007ffff,97.0,10.54,64546.16171303937,51.48
8929ac4d00bffff,178.0,10.14,84453.88891569569,61.22
8929ac4d00fffff,354.0,11.06,62160.19533384315,47.92
8929ac4d013ffff,21.0,8.82,94417.27445284663,65.31
8929ac4d017ffff,12.0,3.37,91920.0,64.07
8929ac4d01bffff,123.0,15.33,97405.20221510755,66.15
8929ac4d023ffff,397.0,9.73,104931.31237023814,68.22
8929ac4d027ffff,386.0,9.09,122145.0,76.51
8929ac4d02bffff,422.0,11.03,69720.00025144669,53.22
8929ac4d02fffff,385.0,9.47,121377.21532536781,76.36
8929ac4d033ffff,302.0,10.24,89017.06314538479,62.77
8929ac4d037ffff,386.0,9.09,122145.0,76.51
8929ac4d03bffff,428.0,11.34,61493.0,47.75
8929ac4d043ffff,305.0,8.97,98478.22757921762,66.56
8929ac4d047ffff,291.0,5.99,74115.12317864229,54.76
8929ac4d04bffff,265.0,19.57,110127.8475487917,69.13
8929ac4d04fffff,291.0,9.93,84521.37007122749,61.23
8929ac4d053ffff,333.0,5.69,101336.38275774568,67.27
8929ac4d057ffff,125.0,15.36,97417.0,66.22
8929ac4d05bffff,531.0,3.54,102229.6947954816,67.53
8929ac4d063ffff,339.0,5.96,75008.20179260173,55.08
8929ac4d067ffff,376.0,11.63,66299.9070081389,51.69
8929ac4d06bffff,511.0,4.98,85777.981519597,61.6
8929ac4d06fffff,542.0,4.84,88295.0,62.42
8929ac4d073ffff,310.0,6.02,72659.45065957248,54.37
8929ac4d077ffff,423.0,11.2,61786.6888661241,47.85
8929ac4d07bffff,304.0,5.69,73351.0,54.49
8929ac4d083ffff,12.0,3.37,91920.0,64.07
8929ac4d087ffff,12.0,3.37,91920.0,64.07
8929ac4d08bffff,22.0,9.39,94681.43166516963,65.37
8929ac4d08fffff,12.0,3.37,91920.0,64.07
8929ac4d093ffff,12.0,3.37,91920.0,64.07
8929ac4d097ffff,12.0,3.37,91920.0,64.07
8929ac4d09bffff,24.0,9.93,94928.05140328755,65.43
8929ac4d0a3ffff,12.0,3.37,91920.0,64.07
8929ac4d0a7ffff,12.0,3.37,91920.0,64.07
8929ac4d0abffff,12.0,3.37,91920.0,64.07
8929ac4d0afffff,52.0,7.9,115840.18120919137,73.64
8929ac4d0b3ffff,12.0,3.37,91920.0,64.07
8929ac4d0b7ffff,12.0,3.37,91920.0,64.07
8929ac4d0bbffff,12.0,3.37,91920.0,64.07
8929ac4d0c3ffff,125.0,15.36,97417.0,66.22
8929ac4d0c7ffff,123.0,15.34,97408.98324657927,66.17
8929ac4d0cbffff,311.0,5.82,114887.70772177029,73.48
8929ac4d0cfffff,125.0,15.36,97417.0,66.22
8929ac4d0d3ffff,125.0,15.36,97417.0,66.22
8929ac4d0d7ffff,124.0,15.35,97412.01298058263,66.18
8929ac4d0dbffff,251.0,6.32,162467.04139309327,89.99
8929ac4d103ffff,162.0,7.56,118361.00000000001,75.6
8929ac4d107ffff,158.0,4.96,118361.0,75.54
8929ac4d10bffff,158.0,4.96,118361.0,75.54
8929ac4d10fffff,158.0,4.96,118361.0,75.54
8929ac4d113ffff,173.0,15.42,,64.97
8929ac4d117ffff,171.0,14.05,118361.00000000001,75.6
8929ac4d11bffff,170.0,13.13,118361.0,75.54
8929ac4d123ffff,203.0,4.54,112638.44775553574,69.67
8929ac4d127ffff,317.0,9.33,157260.1501784392,89.42
8929ac4d12bffff,275.0,4.02,107891.74142376435,68.57
8929ac4d12fffff,303.0,7.23,103813.45267056882,67.92
8929ac4d133ffff,160.0,5.0,117908.1852319567,74.26
8929ac4d137ffff,297.0,7.26,92460.06002611322,64.66
8929ac4d13bffff,158.0,4.96,118361.0,75.54
8929ac4d143ffff,350.0,15.25,80074.1441027812,55.85
8929ac4d147ffff,166.0,5.58,114302.23822086686,72.78
8929ac4d14bffff,358.0,15.19,78590.59437967431,55.6
8929ac4d14fffff,315.0,12.19,70914.50747694208,54.05
8929ac4d153ffff,371.0,12.4,115578.43423843844,73.58
8929ac4d157ffff,171.0,8.18,115803.45838552236,73.63
8929ac4d15bffff,361.0,18.15,103974.04392053625,67.98
8929ac4d163ffff,281.0,3.99,107574.0,68.52
8929ac4d167ffff,295.0,6.09,102661.97665502047,67.69
8929ac4d16bffff,276.0,3.99,107574.0,68.52
8929ac4d16fffff,304.0,7.22,100010.97278331034,66.76
8929ac4d173ffff,161.0,4.93,118003.62264787444,74.31
8929ac4d177ffff,216.0,4.37,111747.3837150186,69.54
8929ac4d17bffff,226.0,4.31,110374.11914799192,69.2
8929ac4d183ffff,71.0,14.1,91920.0,64.07
8929ac4d187ffff,154.0,15.29,91801.85093881418,63.48
8929ac4d18bffff,167.0,15.38,91920.0,64.07
8929ac4d18fffff,173.0,15.42,,64.97
8929ac4d193ffff,12.0,3.37,91920.0,64.07
8929ac4d197ffff,12.0,3.37,91920.06726898623,64.58
8929ac4d19bffff,12.0,3.37,91920.00000000001,64.53
8929ac4d1a3ffff,295.0,7.94,91087.90098644364,63.36
8929ac4d1a7ffff,312.0,7.38,91087.0,63.32
8929ac4d1abffff,164.0,8.7,117913.60658754811,74.28
8929ac4d1afffff,295.0,7.24,92630.55150035434,64.69
8929ac4d1b3ffff,293.0,8.03,91087.0,63.32
8929ac4d1b7ffff,312.0,7.38,91087.0,63.32
8929ac4d1bbffff,174.0,15.38,91087.0,63.32
8929ac4d1c3ffff,191.0,14.34,122145.0,76.51
8929ac4d1c7ffff,173.0,15.42,,64.97
8929ac4d1cbffff,383.0,9.14,122145.0,76.51
8929ac4d1cfffff,188.0,14.54,122145.0,76.51
8929ac4d1d3ffff,16.0,6.7,91920.0,64.07
8929ac4d1d7ffff,91.0,14.58,91920.0,64.07
8929ac4d1dbffff,239.0,9.02,121540.78009106369,76.39
8929ac4d203ffff,207.0,9.61,69625.0,53.13
8929ac4d207ffff,179.0,9.57,69625.0,53.13
8929ac4d20bffff,180.0,10.88,67152.43460077269,52.27
8929ac4d20fffff,183.0,11.7,70126.01212426953,53.31
8929ac4d213ffff,340.0,9.05,67248.47393879465,52.42
8929ac4d217ffff,230.0,9.36,69147.23462713962,52.89
8929ac4d21bffff,181.0,10.95,66874.60610656855,52.18
8929ac4d223ffff,1.0,0.0,,64.97
8929ac4d227ffff,1.0,0.0,,64.97
8929ac4d22bffff,74.0,28.47,74167.0,54.82
8929ac4d22fffff,1.0,0.0,,64.97
8929ac4d233ffff,1.0,0.0,,64.97
8929ac4d237ffff,1.0,0.0,,64.97
8929ac4d23bffff,102.0,19.84,72085.87822961612,54.28
8929ac4d243ffff,117.0,16.18,56827.0,46.68
8929ac4d247ffff,109.0,19.78,61872.46301291708,47.88
8929ac4d24bffff,107.0,20.93,63489.21040193024,48.36
8929ac4d24fffff,95.0,27.67,72938.99604711687,54.38
8929ac4d253ffff,117.0,16.18,56827.0,46.68
8929ac4d257ffff,117.0,16.18,56827.0,46.68
8929ac4d25bffff,117.0,16.18,56827.0,46.68
8929ac4d263ffff,94.0,28.55,74167.0,54.82
8929ac4d267ffff,94.0,28.55,74167.0,54.82
8929ac4d26bffff,116.0,23.74,71043.98542542724,54.09
8929ac4d26fffff,252.0,17.17,67227.03151574553,52.37
8929ac4d273ffff,108.0,23.9,72612.2778205151,54.35
8929ac4d277ffff,94.0,28.55,74167.0,54.82
8929ac4d27bffff,94.0,28.55,74167.0,54.82
8929ac4d283ffff,417.0,9.53,69160.99245755971,52.9
8929ac4d287ffff,265.0,19.55,109715.54630601441,68.95
8929ac4d28bffff,434.0,8.86,66442.0,51.71
8929ac4d28fffff,414.0,9.67,69742.16059767087,53.23
8929ac4d293ffff,504.0,5.06,73661.34621812298,54.56
8929ac4d297ffff,383.0,9.76,104765.55663642395,68.21
8929ac4d29bffff,457.0,7.48,68164.76760085527,52.62
8929ac4d2a3ffff,253.0,10.18,101987.18957194961,67.45
8929ac4d2a7ffff,436.0,5.38,88295.0,62.42
8929ac4d2abffff,193.0,8.52,69625.0,53.13
8929ac4d2afffff,70.0,8.45,,64.97
8929ac4d2b3ffff,264.0,19.66,110173.0,69.16
8929ac4d2b7ffff,345.0,9.06,87823.99227337899,62.2
8929ac4d2bbffff,254.0,16.63,109923.33758162534,69.02
8929ac4d2c3ffff,356.0,4.65,67500.0,52.52
8929ac4d2c7ffff,407.0,7.58,66763.4654848113,51.82
8929ac4d2cbffff,341.0,4.9,67276.3247544418,52.45
8929ac4d2cfffff,226.0,7.9,64494.695184372744,51.47
8929ac4d2d3ffff,322.0,5.16,71261.36072234952,54.17
8929ac4d2d7ffff,405.0,7.48,66787.92556288597,51.83
8929ac4d2dbffff,356.0,4.65,67500.0,52.52
8929ac4d303ffff,9.0,11.09,67179.0,52.32
8929ac4d307ffff,150.0,11.09,67179.0,52.32
8929ac4d30bffff,249.0,5.49,36151.08216761219,37.63
8929ac4d30fffff,307.0,11.09,67179.0,52.32
8929ac4d313ffff,0.0,0.0,,64.97
8929ac4d317ffff,0.0,0.0,,64.97
8929ac4d31bffff,1.0,0.0,,64.97
8929ac4d323ffff,302.0,13.66,77707.35798849369,55.5
8929ac4d327ffff,302.0,14.12,80010.67711398128,55.83
8929ac4d32bffff,305.0,11.93,70629.40634265561,53.61
8929ac4d32fffff,311.0,13.42,89291.1422911627,62.85
8929ac4d333ffff,291.0,12.98,74909.41205752567,55.02
8929ac4d337ffff,300.0,14.35,80531.0,56.35
8929ac4d33bffff,307.0,11.09,67179.0,52.32
8929ac4d343ffff,327.0,5.49,75045.5811669866,55.09
8929ac4d347ffff,425.0,4.83,36977.00342129585,37.79
8929ac4d34bffff,542.0,7.79,63165.2093164832,48.16
8929ac4d34fffff,410.0,7.04,75651.79006838372,55.18
8929ac4d353ffff,1.0,0.0,,64.97
8929ac4d357ffff,48.0,4.79,43402.19119453141,41.67
8929ac4d35bffff,135.0,9.42,54444.0,45.74
8929ac4d363ffff,389.0,6.67,44473.48987867966,42.47
8929ac4d367ffff,307.0,11.09,67179.0,52.32
8929ac4d36bffff,357.0,10.8,75140.63545624836,55.11
8929ac4d36fffff,334.0,10.75,47321.019612950346,43.71
8929ac4d373ffff,403.0,5.57,36575.36577869534,37.67
8929ac4d377ffff,307.0,11.09,67179.0,52.32
8929ac4d37bffff,376.0,8.93,63227.34517164529,48.18
8929ac4d383ffff,358.0,14.4,76079.1587856873,55.29
8929ac4d387ffff,293.0,12.69,70599.86505134308,53.6
8929ac4d38bffff,14.0,12.38,69643.0,53.19
8929ac4d38fffff,51.0,12.39,69643.0,53.19
8929ac4d393ffff,364.0,15.79,90063.16339541433,63.14
8929ac4d397ffff,353.0,21.19,97820.55142487225,66.34
8929ac4d39bffff,192.0,12.21,70084.77036937444,53.29
8929ac4d3a3ffff,0.0,0.0,,64.97
8929ac4d3a7ffff,24.0,3.99,107574.0,68.52
8929ac4d3abffff,0.0,0.0,,64.97
8929ac4d3afffff,111.0,14.35,80531.0,56.35
8929ac4d3b3ffff,103.0,12.39,69643.0,53.19
8929ac4d3b7ffff,19.0,3.99,107574.0,68.52
8929ac4d3bbffff,0.0,0.0,,64.97
8929ac4d3c3ffff,1.0,0.0,,64.97
8929ac4d3c7ffff,1.0,0.0,,64.97
8929ac4d3cbffff,1.0,0.0,,64.97
8929ac4d3cfffff,1.0,0.0,,64.97
8929ac4d3d3ffff,245.0,4.83,88295.0,62.42
8929ac4d3d7ffff,1.0,0.75,88295.0,62.42
8929ac4d3dbffff,1.0,0.0,,64.97
8929ac4d403ffff,59.0,6.59,140456.0769964018,85.75
8929ac4d407ffff,12.0,3.37,91920.0,64.07
8929ac4d40bffff,268.0,7.25,150389.0,88.69
8929ac4d40fffff,54.0,5.32,127281.16218110167,81.37
8929ac4d413ffff,49.0,6.61,142686.3232284248,86.55
8929ac4d417ffff,12.0,3.37,91920.0,64.07
8929ac4d41bffff,268.0,7.25,150389.0,88.69
8929ac4d423ffff,12.0,3.37,91920.0,64.07
8929ac4d427ffff,12.0,3.37,91920.0,64.07
8929ac4d42bffff,12.0,3.37,91919.99999999999,63.59
8929ac4d42fffff,12.0,3.37,91920.0,64.07
8929ac4d433ffff,12.0,3.37,91920.0,64.07
8929ac4d437ffff,12.0,3.37,91920.0,64.07
8929ac4d43bffff,12.0,3.37,91920.0,64.07
8929ac4d443ffff,268.0,7.05,148424.86296745163,88.39
8929ac4d447ffff,268.0,5.15,129422.80427049377,81.82
8929ac4d44bffff,268.0,4.64,124227.53809564395,77.08
8929ac4d44fffff,268.0,3.23,110107.0,69.09
8929ac4d453ffff,268.0,7.25,150389.0,88.69
8929ac4d457ffff,268.0,7.25,150389.0,88.69
8929ac4d45bffff,268.0,7.25,150389.0,88.69
8929ac4d463ffff,267.0,3.23,110105.31257925958,69.05
8929ac4d467ffff,43.0,3.51,105268.88966336682,68.28
8929ac4d46bffff,230.0,4.95,108303.67314256378,68.6
8929ac4d46fffff,156.0,10.81,102168.14566216402,67.5
8929ac4d473ffff,268.0,3.33,111107.88448840332,69.31
8929ac4d477ffff,48.0,3.26,106157.23986869323,68.37
8929ac4d47bffff,268.0,3.23,110107.0,69.09
8929ac4d483ffff,8.0,4.91,147596.0,87.9
8929ac4d487ffff,2.0,4.91,147596.0,87.9
8929ac4d48bffff,9.0,4.91,147596.0,87.9
8929ac4d48fffff,1.0,4.14,119653.35087675219,75.92
8929ac4d493ffff,9.0,4.91,147596.0,87.9
8929ac4d497ffff,7.0,4.91,147596.0,87.9
8929ac4d49bffff,9.0,4.91,147596.0,87.9
8929ac4d4a3ffff,12.0,3.37,91920.0,64.07
8929ac4d4a7ffff,12.0,3.37,91920.00000000001,64.53
8929ac4d4abffff,12.0,3.37,91920.0,64.07
8929ac4d4afffff,12.0,3.37,91920.0,64.07
8929ac4d4b7ffff,7.0,3.8,107384.4908874917,68.48
8929ac4d4bbffff,7.0,3.37,91919.99999999999,63.59
8929ac4d4c3ffff,9.0,4.91,147596.0,87.9
8929ac4d4c7ffff,45.0,6.85,149912.2684226468,88.57
8929ac4d4cbffff,71.0,7.02,150119.32143296205,88.62
8929ac4d4cfffff,208.0,7.22,150361.25703033802,88.63
8929ac4d4d3ffff,9.0,4.91,147596.0,87.9
8929ac4d4d7ffff,9.0,4.91,147596.0,87.9
8929ac4d4dbffff,9.0,4.91,147596.0,87.9
8929ac4d503ffff,10.0,3.37,91920.0,64.07
8929ac4d507ffff,10.0,3.37,91920.0,64.07
8929ac4d50bffff,12.0,3.37,91920.0,64.07
8929ac4d50fffff,12.0,3.37,91920.0,64.07
8929ac4d513ffff,10.0,3.37,91920.0,64.07
8929ac4d51bffff,12.0,3.37,91920.0,64.07
8929ac4d523ffff,12.0,3.37,91920.0,64.07
8929ac4d527ffff,50.0,3.06,138604.3380093617,84.6
8929ac4d52bffff,12.0,3.37,91920.00000000001,64.53
8929ac4d52fffff,12.0,3.37,91920.0,64.07
8929ac4d533ffff,12.0,3.37,91919.99999999999,63.59
8929ac4d537ffff,49.0,3.06,138255.85285827375,84.49
8929ac4d53bffff,12.0,3.37,91920.00000000001,64.53
8929ac4d543ffff,12.0,3.37,91920.0,64.07
8929ac4d547ffff,12.0,3.37,91920.0,64.07
8929ac4d54bffff,12.0,3.37,91920.0,64.07
8929ac4d54fffff,12.0,3.37,91920.0,64.07
8929ac4d553ffff,12.0,3.37,91920.0,64.07
8929ac4d557ffff,12.0,3.37,91920.0,64.07
8929ac4d55bffff,12.0,3.37,91920.0,64.07
8929ac4d563ffff,12.0,3.37,91919.99999999999,63.59
8929ac4d567ffff,12.0,3.37,91920.0,64.07
8929ac4d56bffff,12.0,3.37,91920.0,64.07
8929ac4d56fffff,12.0,3.37,91919.99999999999,63.59
8929ac4d573ffff,12.0,3.37,91919.99999999999,63.59
8929ac4d577ffff,12.0,3.37,91920.0,64.07
8929ac4d57bffff,12.0,3.37,91919.99999999999,63.59
8929ac4d583ffff,0.0,3.37,91920.0,64.07
8929ac4d58bffff,10.0,3.37,91920.0,64.07
8929ac4d593ffff,0.0,3.37,91920.0,64.07
8929ac4d59bffff,10.0,3.37,91920.0,64.07
8929ac4d5a3ffff,43.0,3.04,141040.59294680943,85.9
8929ac4d5a7ffff,59.0,3.04,141042.0,86.19
8929ac4d5abffff,3.0,3.37,91920.0,64.07
8929ac4d5afffff,47.0,3.06,138465.66608386667,84.58
8929ac4d5b3ffff,42.0,3.04,141038.6738988539,85.87
8929ac4d5b7ffff,59.0,3.04,141042.0,86.19
8929ac4d5c3ffff,12.0,3.37,91919.99999999999,63.59
8929ac4d5c7ffff,12.0,3.37,91920.0,64.07
8929ac4d5cbffff,12.0,3.37,91919.99999999999,63.59
8929ac4d5cfffff,12.0,3.37,91920.0,64.07
8929ac4d5d3ffff,12.0,3.37,91920.00000000001,64.53
8929ac4d5d7ffff,12.0,3.37,91920.00000000001,64.53
8929ac4d5dbffff,12.0,3.37,91920.0,64.07
8929ac4d603ffff,358.0,5.0,110524.0,69.23
8929ac4d607ffff,358.0,4.94,113278.56864594924,69.79
8929ac4d60bffff,370.0,7.85,109777.39744528107,68.99
8929ac4d60fffff,358.0,5.0,110524.0,69.23
8929ac4d613ffff,150.0,14.06,73772.15465730902,54.58
8929ac4d617ffff,255.0,7.54,101248.32332385544,67.26
8929ac4d61bffff,320.0,8.36,102344.69801287615,67.56
8929ac4d623ffff,498.0,3.56,112845.98691738973,69.7
8929ac4d627ffff,532.0,3.51,102218.0,67.51
8929ac4d62bffff,509.0,4.83,73439.77218500116,54.52
8929ac4d62fffff,532.0,3.54,101641.79908190145,67.33
8929ac4d633ffff,362.0,3.63,179448.7531428274,91.82
8929ac4d637ffff,392.0,3.56,163193.3663849108,90.11
8929ac4d63bffff,398.0,4.91,100343.2322573081,66.97
8929ac4d643ffff,383.0,10.8,109194.50602123665,68.83
8929ac4d647ffff,384.0,10.85,108992.0,68.69
8929ac4d64bffff,301.0,6.91,125221.38385989935,77.25
8929ac4d64fffff,287.0,10.08,105210.34364672322,68.27
8929ac4d653ffff,368.0,9.85,104423.13949447674,68.1
8929ac4d657ffff,384.0,10.85,108992.00000000001,68.71
8929ac4d65bffff,299.0,6.82,125620.2625415877,78.49
8929ac4d663ffff,375.0,5.74,76996.24682201924,55.39
8929ac4d667ffff,507.0,4.93,71359.0,54.18
8929ac4d66bffff,193.0,8.69,97364.00000000001,66.12
8929ac4d66fffff,386.0,5.97,74949.1364310331,55.05
8929ac4d673ffff,367.0,6.97,97621.87044105874,66.29
8929ac4d677ffff,491.0,4.93,74451.84717732733,54.97
8929ac4d67bffff,199.0,8.81,98032.36115460262,66.44
8929ac4d683ffff,141.0,14.96,69998.1730928338,53.25
8929ac4d687ffff,257.0,3.76,108266.68654684811,68.58
8929ac4d68bffff,139.0,15.21,69124.0,52.85
8929ac4d68fffff,142.0,14.8,70543.85694219262,53.38
8929ac4d693ffff,140.0,15.12,70035.56836964856,53.26
8929ac4d697ffff,255.0,7.12,140298.33873260894,85.64
8929ac4d69bffff,139.0,15.21,69124.0,52.85
8929ac4d6a3ffff,305.0,3.39,143593.97549309424,86.73
8929ac4d6a7ffff,257.0,5.84,157672.45388830247,89.46
8929ac4d6abffff,360.0,3.64,177208.2344214165,91.72
8929ac4d6afffff,362.0,3.57,182250.0,91.89
8929ac4d6b3ffff,268.0,3.23,110107.0,69.09
8929ac4d6b7ffff,268.0,3.23,110107.0,69.09
8929ac4d6bbffff,259.0,3.66,108636.40021400299,68.66
8929ac4d6c3ffff,325.0,6.61,86406.0,61.75
8929ac4d6c7ffff,236.0,9.05,81494.98103541382,56.74
8929ac4d6cbffff,324.0,6.56,87397.02402784406,62.03
8929ac4d6cfffff,332.0,7.22,89677.42999710733,62.95
8929ac4d6d3ffff,325.0,6.61,86406.0,61.75
8929ac4d6d7ffff,240.0,8.88,81840.76637258836,59.42
8929ac4d6dbffff,324.0,6.54,87755.25418854429,62.17
8929ac4d803ffff,106.0,41.79,146883.18146940717,87.48
8929ac4d807ffff,130.0,15.51,193288.44331426555,92.8
8929ac4d80bffff,118.0,30.89,183893.8944234573,92.09
8929ac4d80fffff,141.0,15.12,224765.5734119275,93.38
8929ac4d813ffff,106.0,42.07,145616.6015556288,87.14
8929ac4d817ffff,102.0,20.82,244193.10543405186,94.82
8929ac4d81bffff,106.0,42.66,142869.0,86.64
8929ac4d823ffff,235.0,7.1,110142.59022169386,69.14
8929ac4d827ffff,90.0,11.35,134710.18744441887,82.34
8929ac4d82bffff,219.0,7.3,111505.5752914007,69.49
8929ac4d82fffff,96.0,10.96,132464.32098181185,81.96
8929ac4d833ffff,200.0,8.76,128809.41127997325,81.79
8929ac4d837ffff,234.0,7.11,110212.16330971729,69.17
8929ac4d83bffff,232.0,7.17,112272.99271567682,69.63
8929ac4d843ffff,120.0,26.93,190458.22940517063,92.72
8929ac4d847ffff,139.0,13.66,243985.46345536865,94.8
8929ac4d84bffff,34.0,17.44,88297.40070144064,62.46
8929ac4d84fffff,132.0,12.05,246379.8973044758,94.85
8929ac4d853ffff,108.0,41.72,141775.139228169,86.49
8929ac4d857ffff,106.0,42.66,142869.0,86.64
8929ac4d85bffff,151.0,25.06,122268.59042451081,76.55
8929ac4d863ffff,108.0,10.64,169121.27109347194,91.51
8929ac4d867ffff,104.0,10.74,162761.88501378664,90.03
8929ac4d86bffff,107.0,10.62,168125.0,91.45
8929ac4d86fffff,74.0,12.0,150670.06323204326,88.77
8929ac4d873ffff,140.0,11.87,246374.60685379576,94.83
8929ac4d877ffff,124.0,10.46,180514.12756778297,91.86
8929ac4d87bffff,138.0,11.81,242497.74884433267,94.77
8929ac4d883ffff,342.0,11.94,194482.07991752468,92.89
8929ac4d887ffff,104.0,19.33,248468.5027679241,94.88
8929ac4d88bffff,109.0,41.41,145363.62911893963,86.94
8929ac4d88fffff,102.0,21.22,242324.71649260115,94.76
8929ac4d893ffff,323.0,12.06,177875.49513634806,91.75
8929ac4d897ffff,340.0,11.31,197440.3987200066,92.95
8929ac4d89bffff,109.0,41.65,144511.156382008,86.8
8929ac4d8a3ffff,101.0,19.57,250001.0,94.97
8929ac4d8a7ffff,101.0,19.57,250001.0,94.97
8929ac4d8abffff,101.0,19.57,250001.0,94.97
8929ac4d8afffff,116.0,16.8,218977.15766934608,93.29
8929ac4d8b3ffff,101.0,19.57,250000.99999999997,94.92
8929ac4d8b7ffff,101.0,19.57,250001.0,94.97
8929ac4d8bbffff,101.0,19.57,250001.0,94.97
8929ac4d8c3ffff,106.0,42.66,142869.0,86.64
8929ac4d8c7ffff,106.0,42.66,142869.0,86.64
8929ac4d8cbffff,106.0,42.66,142869.0,86.64
8929ac4d8cfffff,106.0,42.66,142869.0,86.64
8929ac4d8d3ffff,106.0,42.66,142869.0,86.64
8929ac4d8d7ffff,106.0,42.66,142869.0,86.64
8929ac4d8dbffff,106.0,42.66,142869.0,86.64
8929ac4d903ffff,135.0,12.47,109275.13818452452,68.87
8929ac4d907ffff,160.0,12.54,109167.0,68.75
8929ac4d90bffff,160.0,12.54,109167.0,68.75
8929ac4d90fffff,160.0,12.54,109167.00000000001,68.78
8929ac4d913ffff,10.0,10.11,194429.57062691412,92.87
8929ac4d917ffff,42.0,11.5,110774.5047267855,69.26
8929ac4d91bffff,41.0,11.61,114549.17087610438,72.8
8929ac4d923ffff,148.0,21.81,112083.82884197669,69.61
8929ac4d927ffff,132.0,33.26,116824.78328462121,73.78
8929ac4d92bffff,130.0,37.49,117015.83331781733,74.09
8929ac4d92fffff,130.0,37.7,117083.0,74.15
8929ac4d933ffff,160.0,12.54,109167.0,68.75
8929ac4d937ffff,152.0,12.52,109197.739423637,68.86
8929ac4d93bffff,160.0,12.56,109172.94129387726,68.8
8929ac4d943ffff,105.0,12.91,124172.84920386464,77.05
8929ac4d947ffff,160.0,12.54,109166.99999999999,68.72
8929ac4d94bffff,125.0,12.74,117303.94891069068,74.18
8929ac4d94fffff,148.0,19.49,104556.9823621297,68.12
8929ac4d953ffff,69.0,13.49,147109.0,87.52
8929ac4d957ffff,81.0,13.11,133809.6225635445,82.28
8929ac4d95bffff,69.0,13.49,147109.0,87.52
8929ac4d963ffff,13.0,39.15,114704.77941948186,72.9
8929ac4d967ffff,19.0,37.7,117083.00000000001,74.17
8929ac4d96bffff,89.0,62.81,75833.0,55.23
8929ac4d96fffff,0.0,62.81,75833.0,55.23
8929ac4d973ffff,154.0,13.47,109461.10790863154,68.9
8929ac4d977ffff,95.0,19.11,111234.47802234786,69.34
8929ac4d97bffff,120.0,40.95,92323.10481549834,64.63
8929ac4d983ffff,11.0,11.77,231172.0,94.12
8929ac4d987ffff,11.0,11.77,231172.0,94.12
8929ac4d98bffff,11.0,11.77,231171.99999999997,93.57
8929ac4d98fffff,11.0,11.32,221329.81577138658,93.34
8929ac4d993ffff,11.0,11.77,231172.0,94.12
8929ac4d997ffff,11.0,11.77,231172.0,94.12
8929ac4d99bffff,11.0,11.77,231172.00000000003,94.65
8929ac4d9a3ffff,33.0,11.09,111433.42128520456,69.48
8929ac4d9a7ffff,15.0,8.84,114877.34935337049,73.46
8929ac4d9abffff,125.0,12.43,109327.96076531596,68.89
8929ac4d9afffff,152.0,12.52,109195.80380766641,68.84
8929ac4d9b3ffff,11.0,11.45,224059.70771432196,93.37
8929ac4d9b7ffff,10.0,10.52,203591.86000730674,93.11
8929ac4d9bbffff,10.0,8.29,154131.67425299346,89.01
8929ac4d9c3ffff,67.0,13.48,147615.05272336546,88.25
8929ac4d9c7ffff,13.0,12.13,213304.38065213448,93.26
8929ac4d9cbffff,77.0,12.6,141957.63104622817,86.5
8929ac4d9cfffff,65.0,13.47,147966.92223505743,88.27
8929ac4d9d3ffff,98.0,19.44,248184.35362252351,94.86
8929ac4d9d7ffff,15.0,13.37,223621.91762628575,93.35
8929ac4d9dbffff,119.0,12.63,164425.48843375937,90.2
8929ac4da03ffff,33.0,17.56,80234.0,56.07
8929ac4da07ffff,33.0,17.56,80234.0,56.07
8929ac4da0bffff,33.0,17.56,80234.0,56.07
8929ac4da0fffff,33.0,17.56,80234.0,56.07
8929ac4da13ffff,33.0,17.56,80234.0,56.07
8929ac4da17ffff,33.0,17.56,80234.0,56.07
8929ac4da1bffff,33.0,17.56,80234.0,56.07
8929ac4da23ffff,33.0,17.56,80234.0,56.07
8929ac4da27ffff,94.0,27.58,97085.32787092532,65.97
8929ac4da2bffff,34.0,18.27,81442.38477335183,56.48
8929ac4da2fffff,120.0,28.76,99077.51226628081,66.65
8929ac4da33ffff,33.0,17.56,80234.0,56.07
8929ac4da37ffff,33.0,17.56,80234.0,56.07
8929ac4da3bffff,33.0,17.56,80234.0,56.07
8929ac4da43ffff,97.0,19.19,192208.0846332994,92.75
8929ac4da47ffff,33.0,17.56,80234.0,56.07
8929ac4da4bffff,211.0,10.13,116767.6340616936,73.76
8929ac4da4fffff,229.0,5.58,67580.79194622868,52.57
8929ac4da53ffff,96.0,19.71,192879.36207347925,92.78
8929ac4da57ffff,33.0,17.56,80234.0,56.07
8929ac4da5bffff,127.0,19.39,205813.0,93.18
8929ac4da63ffff,36.0,19.14,82889.56081530568,59.6
8929ac4da67ffff,127.0,27.44,99216.99648119502,66.67
8929ac4da6bffff,52.0,23.35,89985.38887927688,63.11
8929ac4da6fffff,223.0,17.05,100341.79138859239,66.95
8929ac4da73ffff,33.0,17.56,80234.0,56.07
8929ac4da77ffff,33.0,17.56,80234.0,56.07
8929ac4da7bffff,33.0,17.56,80234.0,56.07
8929ac4da83ffff,33.0,17.56,80234.0,56.07
8929ac4da87ffff,33.0,17.56,80234.0,56.07
8929ac4da8bffff,33.0,17.56,80234.0,56.07
8929ac4da8fffff,33.0,17.56,80234.0,56.07
8929ac4da93ffff,148.0,31.55,105476.24081371557,68.31
8929ac4da97ffff,85.0,23.3,113095.41544968236,69.75
8929ac4da9bffff,73.0,29.46,93511.91806043716,64.75
8929ac4daa3ffff,35.0,17.04,95741.02621841576,65.72
8929ac4daa7ffff,102.0,10.82,167878.210536311,91.44
8929ac4daabffff,33.0,17.56,80234.0,56.07
8929ac4daafffff,33.0,17.36,82781.40568171658,59.59
8929ac4dab3ffff,34.0,17.19,91397.02131023351,63.42
8929ac4dab7ffff,121.0,11.6,219026.54858408126,93.31
8929ac4dabbffff,33.0,17.56,80234.0,56.07
8929ac4dac3ffff,273.0,1.4,102532.37667828391,67.59
8929ac4dac7ffff,33.0,17.56,80234.0,56.07
8929ac4dacbffff,79.0,24.65,175508.71082122295,91.69
8929ac4dacfffff,33.0,17.56,80234.0,56.07
8929ac4dad3ffff,721.0,0.41,103956.87636962022,67.97
8929ac4dad7ffff,79.0,6.76,95136.5404730622,65.51
8929ac4dadbffff,258.0,7.41,128461.60537006536,81.73
8929ac4db03ffff,93.0,5.46,182327.186335076,91.91
8929ac4db07ffff,149.0,24.95,133754.902706306,82.25
8929ac4db0bffff,161.0,12.4,138969.0212617782,84.66
8929ac4db0fffff,196.0,13.21,133652.3065629257,82.23
8929ac4db13ffff,87.0,2.19,193750.0,92.83
8929ac4db17ffff,92.0,28.54,142489.0512662796,86.53
8929ac4db1bffff,87.0,2.19,193750.00000000003,92.86
8929ac4db23ffff,193.0,7.45,160536.0,89.85
8929ac4db27ffff,177.0,8.49,161295.97951488217,89.9
8929ac4db2bffff,155.0,9.08,149701.26321298603,88.54
8929ac4db2fffff,98.0,13.88,117838.89824656837,74.25
8929ac4db33ffff,191.0,8.05,159620.6226293791,89.7
8929ac4db37ffff,193.0,7.45,160536.0,89.85
8929ac4db3bffff,193.0,7.45,160536.0,89.85
8929ac4db43ffff,171.0,17.73,124613.10063993609,77.14
8929ac4db47ffff,197.0,14.57,127292.00000000001,81.42
8929ac4db4bffff,158.0,28.45,102900.20526933832,67.77
8929ac4db4fffff,197.0,14.57,127292.0,81.39
8929ac4db53ffff,116.0,17.92,140551.57901368305,85.78
8929ac4db57ffff,105.0,5.99,173353.50390113215,91.6
8929ac4db5bffff,156.0,29.71,100680.0,67.12
8929ac4db63ffff,159.0,12.19,110921.12787883489,69.28
8929ac4db67ffff,113.0,9.62,88344.49919631485,62.49
8929ac4db6bffff,31.0,7.6,79453.0,55.73
8929ac4db6fffff,68.0,7.6,79453.0,55.73
8929ac4db73ffff,197.0,14.57,127292.0,81.39
8929ac4db77ffff,196.0,13.06,134362.45893649512,82.32
8929ac4db7bffff,196.0,14.5,126768.64843524706,78.58
8929ac4db83ffff,56.0,7.58,155183.14780424422,89.1
8929ac4db87ffff,92.0,4.28,179045.50138749785,91.8
8929ac4db8bffff,56.0,7.15,157107.06727768006,89.4
8929ac4db8fffff,87.0,2.19,193750.0,92.83
8929ac4db93ffff,64.0,13.78,142365.9773683351,86.52
8929ac4db97ffff,69.0,13.42,147135.831716304,87.54
8929ac4db9bffff,33.0,17.56,80243.94976429605,56.28
8929ac4dba3ffff,100.0,62.81,75833.0,55.23
8929ac4dba7ffff,100.0,62.81,75833.0,55.23
8929ac4dbabffff,100.0,62.81,75833.0,55.23
8929ac4dbafffff,137.0,31.96,123034.6746873278,76.72
8929ac4dbb3ffff,103.0,45.96,100066.20583438921,66.79
8929ac4dbb7ffff,100.0,62.81,75833.0,55.23
8929ac4dbbbffff,93.0,34.09,131690.6405652666,81.91
8929ac4dbc3ffff,37.0,14.39,103627.30998651248,67.89
8929ac4dbc7ffff,78.0,3.28,185759.95440593964,92.15
8929ac4dbcbffff,61.0,13.51,136154.7639571478,84.33
8929ac4dbcfffff,87.0,2.19,193750.0,92.83
8929ac4dbd3ffff,74.0,12.0,150612.84494597613,88.75
8929ac4dbd7ffff,33.0,17.56,80234.0,56.07
8929ac4dbdbffff,67.0,12.41,145446.6274894725,86.97
8929ac4dc03ffff,324.0,5.76,101739.0,67.38
8929ac4dc07ffff,73.0,6.5,117046.66417516775,74.12
8929ac4dc0bffff,328.0,6.27,101522.81653609592,67.32
8929ac4dc0fffff,360.0,9.77,100038.19302930725,66.77
8929ac4dc13ffff,353.0,5.1,116161.10896651977,73.7
8929ac4dc17ffff,83.0,6.36,114717.75950392908,72.92
8929ac4dc1bffff,324.0,5.76,101739.0,67.38
8929ac4dc23ffff,236.0,11.57,115843.43157636112,73.66
8929ac4dc27ffff,126.0,11.57,120687.44855896119,76.15
8929ac4dc2bffff,246.0,12.13,114781.191179683,72.95
8929ac4dc2fffff,254.0,11.44,130421.52514087051,81.84
8929ac4dc33ffff,51.0,11.6,135684.6918779544,84.27
8929ac4dc37ffff,20.0,11.67,175408.3202931339,91.68
8929ac4dc3bffff,258.0,11.78,111653.56213365692,69.51
8929ac4dc43ffff,316.0,10.41,168584.31647495512,91.48
8929ac4dc47ffff,315.0,11.62,114843.28056580931,73.45
8929ac4dc4bffff,258.0,14.43,122577.64824778409,76.58
8929ac4dc4fffff,232.0,16.88,94519.0,65.34
8929ac4dc53ffff,322.0,10.09,172212.0,91.59
8929ac4dc57ffff,323.0,8.14,140410.00249466405,85.72
8929ac4dc5bffff,321.0,10.06,171796.7557043056,91.57
8929ac4dc63ffff,310.0,14.85,109744.37351911415,68.98
8929ac4dc67ffff,267.0,17.17,112561.65202237258,69.66
8929ac4dc6bffff,222.0,19.67,109741.65915784435,68.96
8929ac4dc6fffff,139.0,32.68,130990.38670414768,81.87
8929ac4dc73ffff,389.0,12.42,98944.1511288555,66.64
8929ac4dc77ffff,358.0,13.25,102628.37403001622,67.62
8929ac4dc7bffff,290.0,14.9,100467.88219718389,66.98
8929ac4dc83ffff,122.0,4.0,138157.67658426543,84.48
8929ac4dc87ffff,4.0,0.27,127250.0,79.99
8929ac4dc8bffff,409.0,4.08,138397.0,84.55
8929ac4dc8fffff,109.0,4.08,137400.6899689872,84.42
8929ac4dc93ffff,113.0,6.2,134844.82139823638,82.35
8929ac4dc97ffff,4.0,0.27,127250.0,79.99
8929ac4dc9bffff,402.0,4.31,138063.10866150577,84.46
8929ac4dca3ffff,11.0,11.74,230879.19660579818,93.49
8929ac4dca7ffff,11.0,11.77,231172.0,94.12
8929ac4dcabffff,11.0,11.77,231172.0,94.12
8929ac4dcafffff,11.0,11.77,231172.0,94.12
8929ac4dcb3ffff,4.0,0.27,127295.74081447841,81.43
8929ac4dcb7ffff,7.0,8.13,198284.59795145367,92.99
8929ac4dcbbffff,8.0,9.2,207958.42012854986,93.22
8929ac4dcc3ffff,350.0,5.85,113002.88551962744,69.72
8929ac4dcc7ffff,397.0,4.28,134167.84328668326,82.31
8929ac4dccbffff,314.0,8.05,110951.53186941835,69.29
8929ac4dccfffff,330.0,7.66,135622.34836471794,84.21
8929ac4dcd3ffff,348.0,5.94,112000.39936621484,69.55
8929ac4dcd7ffff,409.0,4.08,138397.0,84.55
8929ac4dcdbffff,312.0,7.38,91087.0,63.32
8929ac4dd03ffff,11.0,11.77,231172.0,94.12
8929ac4dd07ffff,11.0,11.77,231171.99999999997,93.57
8929ac4dd0bffff,67.0,10.99,199598.00730784514,93.02
8929ac4dd0fffff,11.0,11.77,231172.0,94.12
8929ac4dd13ffff,11.0,11.77,231172.0,94.12
8929ac4dd17ffff,11.0,11.77,231172.0,94.12
8929ac4dd1bffff,11.0,11.77,231172.0,94.12
8929ac4dd23ffff,11.0,11.77,231171.99999999997,93.57
8929ac4dd27ffff,11.0,11.77,231172.0,94.12
8929ac4dd2bffff,11.0,11.77,231172.0,94.12
8929ac4dd2fffff,11.0,11.77,231172.0,94.12
8929ac4dd33ffff,11.0,11.77,231172.0,94.12
8929ac4dd37ffff,11.0,11.77,231172.00000000003,94.65
8929ac4dd3bffff,11.0,11.77,231172.0,94.12
8929ac4dd43ffff,325.0,11.47,198446.3669830014,93.01
8929ac4dd47ffff,377.0,10.96,195196.87704184788,92.9
8929ac4dd4bffff,112.0,18.42,242674.06126543577,94.79
8929ac4dd4fffff,101.0,19.57,250000.99999999997,94.92
8929ac4dd53ffff,28.0,11.2,208192.56529548427,93.23
8929ac4dd57ffff,208.0,10.89,195514.8776050042,92.93
8929ac4dd5bffff,302.0,10.99,181098.83506414437,91.88
8929ac4dd63ffff,22.0,15.06,234736.6606534612,94.73
8929ac4dd67ffff,11.0,11.77,231172.0,94.12
8929ac4dd6bffff,100.0,19.56,249976.16978504282,94.89
8929ac4dd6fffff,18.0,15.16,239368.02757691487,94.74
8929ac4dd73ffff,59.0,11.01,200491.83794654848,93.04
8929ac4dd77ffff,11.0,11.77,231172.0,94.12
8929ac4dd7bffff,219.0,13.22,209585.62063993717,93.25
8929ac4dd83ffff,11.0,11.77,231172.0,94.12
8929ac4dd87ffff,11.0,11.77,231172.0,94.12
8929ac4dd8bffff,11.0,11.77,231172.0,94.12
8929ac4dd8fffff,11.0,11.77,231172.0,94.12
8929ac4dd93ffff,11.0,11.77,231172.0,94.12
8929ac4dd97ffff,11.0,11.77,231172.0,94.12
8929ac4dd9bffff,11.0,11.77,231172.0,94.12
8929ac4dda3ffff,11.0,11.77,231172.0,94.12
8929ac4dda7ffff,10.0,11.77,231172.00000000003,94.65
8929ac4ddabffff,11.0,11.77,231172.0,94.12
8929ac4ddafffff,11.0,11.77,231172.0,94.12
8929ac4ddb3ffff,11.0,11.77,231172.0,94.12
8929ac4ddb7ffff,5.0,11.77,231172.0,94.12
8929ac4ddbbffff,11.0,11.77,231172.0,94.12
8929ac4ddc3ffff,11.0,11.77,231172.00000000003,94.65
8929ac4ddc7ffff,11.0,11.77,231172.0,94.12
8929ac4ddcbffff,11.0,11.77,231172.0,94.12
8929ac4ddcfffff,11.0,11.77,231172.0,94.12
8929ac4ddd3ffff,11.0,11.77,231172.0,94.12
8929ac4ddd7ffff,11.0,11.77,231172.0,94.12
8929ac4dddbffff,11.0,11.77,231172.0,94.12
8929ac4de03ffff,171.0,9.53,188277.3154754794,92.71
8929ac4de07ffff,162.0,17.76,165455.79138824227,91.39
8929ac4de0bffff,198.0,22.46,114942.07909808602,73.51
8929ac4de0fffff,159.0,34.04,101399.43322240435,67.29
8929ac4de13ffff,320.0,12.58,81979.04332017242,59.45
8929ac4de17ffff,209.0,9.6,152097.09199111347,88.87
8929ac4de1bffff,219.0,11.67,137353.86577712678,84.4
8929ac4de23ffff,152.0,24.98,121752.95718662626,76.43
8929ac4de27ffff,142.0,27.9,125606.94186421974,78.47
8929ac4de2bffff,157.0,31.49,106509.08412802506,68.42
8929ac4de2fffff,152.0,24.86,122044.99999999999,76.46
8929ac4de33ffff,158.0,16.5,163182.68640058662,90.09
8929ac4de37ffff,124.0,34.06,132813.14673854632,81.99
8929ac4de3bffff,159.0,34.03,100647.35116291315,67.03
8929ac4de43ffff,342.0,11.57,67250.48343614767,52.43
8929ac4de47ffff,332.0,23.14,56250.0,46.44
8929ac4de4bffff,343.0,9.45,71158.64903328051,54.14
8929ac4de4fffff,344.0,11.66,67527.13111059624,52.55
8929ac4de53ffff,331.0,12.3,70511.65892533051,53.37
8929ac4de57ffff,332.0,23.14,56251.998975952054,46.46
8929ac4de5bffff,340.0,9.7,71095.74353309556,54.11
8929ac4de63ffff,219.0,22.86,100226.19031314246,66.89
8929ac4de67ffff,159.0,34.59,99241.0,66.69
8929ac4de6bffff,649.0,2.09,101970.54455558537,67.44
8929ac4de6fffff,182.0,24.21,99557.85307951397,66.71
8929ac4de73ffff,188.0,31.23,86622.27582062804,61.82
8929ac4de77ffff,159.0,34.59,99241.0,66.69
8929ac4de7bffff,524.0,7.36,90449.22320144324,63.23
8929ac4de83ffff,337.0,10.26,94835.78365962321,65.42
8929ac4de87ffff,307.0,9.26,100340.80039704569,66.94
8929ac4de8bffff,332.0,11.13,87537.67287796752,62.08
8929ac4de8fffff,324.0,8.19,100676.12730260736,67.08
8929ac4de93ffff,357.0,13.31,85713.1567650088,61.54
8929ac4de97ffff,345.0,12.06,98672.6149944073,66.61
8929ac4de9bffff,360.0,13.56,85117.0,61.37
8929ac4dea3ffff,179.0,23.43,106797.51801927008,68.43
8929ac4dea7ffff,116.0,38.65,135350.43564729838,83.71
8929ac4deabffff,155.0,12.83,192430.48796147405,92.77
8929ac4deafffff,110.0,39.29,148219.38588658345,88.31
8929ac4deb3ffff,232.0,16.88,94519.0,65.34
8929ac4deb7ffff,232.0,16.88,94519.0,65.34
8929ac4debbffff,301.0,9.52,101186.28220480528,67.24
8929ac4dec3ffff,330.0,12.7,78260.5758563438,55.56
8929ac4dec7ffff,330.0,12.69,78250.0,55.54
8929ac4decbffff,304.0,14.13,80222.53412771052,55.88
8929ac4decfffff,330.0,14.13,75347.31447145839,55.15
8929ac4ded3ffff,335.0,11.86,87055.77420263275,61.94
8929ac4ded7ffff,341.0,13.01,80722.95694696264,56.39
8929ac4dedbffff,268.0,14.14,80249.49880854331,56.3
8929ac4f20fffff,0.0,8.65,133124.0751383366,82.09
8929ac4f223ffff,7.0,4.91,147596.00000000003,88.24
8929ac4f227ffff,0.0,4.91,147596.0,87.9
8929ac4f22bffff,9.0,4.91,147596.0,87.9
8929ac4f22fffff,7.0,4.91,147596.0,87.9
8929ac4f23bffff,4.0,4.91,147596.0,87.9
8929ac4f247ffff,0.0,4.91,147595.99932725372,87.56
8929ac4f24fffff,1.0,4.91,147596.0,87.9
8929ac4f263ffff,3.0,4.91,147596.0,87.9
8929ac4f267ffff,6.0,4.91,147596.0,87.9
8929ac4f26bffff,9.0,4.91,147596.0,87.9
8929ac4f26fffff,5.0,4.91,147596.0,87.9
8929ac4f277ffff,5.0,5.15,146640.320902038,87.45
8929ac4f27bffff,4.0,4.91,147596.0,87.9
8929ac4f327ffff,2.0,3.04,141040.9778942984,85.91
8929ac4f34fffff,2.0,4.91,147596.0,87.9
8929ac4f363ffff,4.0,3.37,91930.14475037159,64.62
8929ac4f367ffff,9.0,3.37,91920.97994671819,64.6
8929ac4f36bffff,11.0,3.4,92726.22570663608,64.71
8929ac4f36fffff,12.0,3.37,91920.0,64.07
8929ac4f37bffff,3.0,4.91,147596.0,87.9
8929ac7b0c3ffff,0.0,8.63,70750.0,53.72
8929ac7b0cbffff,0.0,8.63,70750.0,53.72
8929ac7b0cfffff,0.0,8.63,70750.0,53.72
8929ac7b0dbffff,0.0,8.63,70750.0,53.72
8929ac7b29bffff,1.0,6.66,118239.0,74.88
8929ac7b2c3ffff,4.0,6.66,118239.0,74.88
8929ac7b2c7ffff,0.0,6.66,118239.0,74.88
8929ac7b2d3ffff,8.0,5.78,119489.65469953351,75.86
8929ac7b2d7ffff,3.0,6.66,118239.0,74.88
8929ac7b2dbffff,8.0,6.02,119142.1059497031,75.75
8929ac7b623ffff,0.0,7.87,89137.34286339032,62.82
8929ac7b62bffff,8.0,6.66,118238.71775376712,74.38
8929ac7b62fffff,0.0,6.66,118233.72300966707,74.37
8929ac7b633ffff,0.0,8.63,70750.0,53.72
8929ac7b637ffff,0.0,8.63,70750.0,53.72
8929ac7b63bffff,3.0,5.02,120138.2507000367,76.06
8929ac7b663ffff,3.0,0.91,126348.44217420719,78.55
8929ac7b667ffff,5.0,6.59,118340.06638619171,75.48
8929ac7b66bffff,4.0,0.46,126985.20249077966,78.59
8929ac7b66fffff,9.0,6.49,118480.6422534382,75.62
8929ac7b677ffff,6.0,6.14,118977.20074544993,75.68
8929ac7b67bffff,1.0,0.27,127250.0,79.99
8929ac7b6afffff,0.0,8.63,70750.0,53.72
8929aeb0003ffff,401.0,10.45,34940.18368038908,37.57
8929aeb0007ffff,309.0,10.68,33670.393589400956,37.23
8929aeb000bffff,40.0,7.68,34887.69738744747,37.51
8929aeb000fffff,98.0,8.25,32243.131905601305,37.04
8929aeb0013ffff,279.0,2.74,39976.03656585101,38.08
8929aeb0017ffff,559.0,5.98,37040.113223563974,37.81
8929aeb001bffff,0.0,8.08,45188.0,42.88
8929aeb0023ffff,204.0,14.49,44303.189011667,42.4
8929aeb0027ffff,185.0,11.77,44928.36753668581,42.64
8929aeb002bffff,238.0,9.47,33651.11537213882,37.22
8929aeb002fffff,331.0,9.23,34288.59522841355,37.38
8929aeb0033ffff,182.0,12.61,40934.402631808654,38.23
8929aeb0037ffff,202.0,13.43,45000.0,42.7
8929aeb003bffff,92.0,8.01,32102.0,36.99
8929aeb0063ffff,228.0,9.07,32546.0,37.11
8929aeb0067ffff,409.0,7.36,31947.459412063636,36.86
8929aeb006fffff,413.0,4.93,34973.93982674622,37.58
8929aeb0073ffff,90.0,8.3,32222.956968764534,37.02
8929aeb0077ffff,216.0,8.85,32456.78711101745,37.08
8929aeb0083ffff,214.0,2.76,47949.75066301334,43.85
8929aeb0087ffff,390.0,1.43,47371.33012892592,43.72
8929aeb008bffff,76.0,8.08,45188.0,42.88
8929aeb008fffff,576.0,1.53,41538.10464461753,38.49
8929aeb0093ffff,92.0,7.58,45446.14411539593,43.03
8929aeb0097ffff,367.0,1.49,48847.882802696775,44.12
8929aeb009bffff,87.0,8.08,45188.0,42.88
8929aeb00a3ffff,272.0,4.79,45893.38310490167,43.2
8929aeb00a7ffff,149.0,8.78,46143.0,43.26
8929aeb00abffff,449.0,10.72,34540.146879132866,37.42
8929aeb00afffff,252.0,7.63,45820.13660282073,43.15
8929aeb00b3ffff,275.0,4.63,45857.43647981993,43.17
8929aeb00b7ffff,158.0,8.27,46143.0,43.26
8929aeb00bbffff,643.0,1.72,39938.38708511491,38.05
8929aeb00c3ffff,1.0,8.08,45188.0,42.88
8929aeb00c7ffff,17.0,8.08,45188.0,42.88
8929aeb00d3ffff,44.0,8.08,45188.0,42.88
8929aeb00d7ffff,50.0,8.08,45188.0,42.88
8929aeb0103ffff,105.0,19.37,15938.0,35.17
8929aeb0107ffff,104.0,19.59,15938.0,35.17
8929aeb010bffff,173.0,8.35,26498.733545835043,35.88
8929aeb010fffff,79.0,23.2,24751.475369170723,35.72
8929aeb0113ffff,93.0,17.63,19943.543507317674,35.29
8929aeb0117ffff,104.0,19.59,15938.0,35.17
8929aeb011bffff,151.0,8.53,15938.0,35.17
8929aeb0123ffff,78.0,23.38,25211.56057974337,35.75
8929aeb0127ffff,84.0,22.29,22535.43354614495,35.42
8929aeb012bffff,90.0,23.16,27152.98616627638,35.91
8929aeb012fffff,218.0,17.76,17218.309221256557,35.24
8929aeb0133ffff,104.0,19.59,15938.0,35.17
8929aeb0137ffff,104.0,19.59,15938.0,35.17
8929aeb013bffff,77.0,23.6,25741.852230377408,35.8
8929aeb0143ffff,219.0,6.87,27917.0,35.97
8929aeb0147ffff,221.0,6.81,28007.722138133482,36.0
8929aeb014bffff,313.0,4.66,31715.295522796056,36.81
8929aeb014fffff,344.0,4.35,33679.02081073633,37.25
8929aeb0153ffff,161.0,7.82,27917.0,35.97
8929aeb0157ffff,172.0,7.59,27917.0,35.97
8929aeb015bffff,225.0,7.02,28363.84558737053,36.01
8929aeb0163ffff,216.0,8.96,46564.066086378865,43.42
8929aeb0167ffff,177.0,18.61,18827.25882590439,35.26
8929aeb016bffff,240.0,8.21,47050.979231319325,43.59
8929aeb016fffff,216.0,9.52,46318.648692834126,43.33
8929aeb0173ffff,196.0,8.13,31222.711491073445,36.69
8929aeb0177ffff,63.0,27.05,34839.640277479666,37.49
8929aeb017bffff,274.0,6.7,41848.48163659444,38.68
8929aeb0183ffff,160.0,6.89,34016.708884627864,37.37
8929aeb0187ffff,54.0,9.56,41964.0,38.71
8929aeb018bffff,57.0,9.4,41964.00000000001,38.73
8929aeb018fffff,60.0,11.67,36487.05497799089,37.66
8929aeb0193ffff,370.0,6.3,31427.605436144993,36.78
8929aeb0197ffff,420.0,10.34,27779.337782707353,35.94
8929aeb019bffff,336.0,5.9,33230.73638865994,37.17
8929aeb01a3ffff,104.0,19.59,15938.0,35.17
8929aeb01a7ffff,78.0,16.04,25152.127899890453,35.74
8929aeb01abffff,104.0,19.59,15938.0,35.17
8929aeb01afffff,104.0,19.59,15938.0,35.17
8929aeb01b3ffff,56.0,10.33,39979.71310632412,38.09
8929aeb01b7ffff,67.0,13.74,31128.138113398483,36.68
8929aeb01bbffff,86.0,17.3,21892.137070257988,35.41
8929aeb01c3ffff,155.0,7.95,,64.97
8929aeb01c7ffff,149.0,7.99,41703.28337802601,38.58
8929aeb01cbffff,155.0,7.95,,64.97
8929aeb01cfffff,155.0,7.95,,64.97
8929aeb01d3ffff,91.0,14.51,46833.0,43.52
8929aeb01d7ffff,240.0,5.2,46742.9553915936,43.47
8929aeb01dbffff,153.0,8.33,45957.072906468085,43.21
8929aeb0223ffff,17.0,25.0,62619.0,48.01
8929aeb0227ffff,133.0,13.26,46156.45909750637,43.29
8929aeb022bffff,151.0,24.44,60651.38370973684,47.66
8929aeb022fffff,135.0,21.09,48963.89802113098,44.16
8929aeb0237ffff,77.0,6.38,28803.92506907736,36.21
8929aeb0267ffff,16.0,19.65,43958.69419106152,42.32
8929aeb026fffff,76.0,19.15,42208.0000000001,38.89
8929aeb02afffff,17.0,6.37,28802.00233206972,36.16
8929aeb0307ffff,8.0,5.51,43231.0,41.55
8929aeb030bffff,40.0,12.5,60331.84740802711,47.62
8929aeb0317ffff,122.0,10.99,52254.674351547335,45.11
8929aeb032bffff,184.0,6.35,86264.34093442418,61.7
8929aeb033bffff,1.0,20.58,36718.0,37.78
8929aeb0343ffff,38.0,10.36,59656.10571231693,47.44
8929aeb0347ffff,204.0,17.83,51187.96939543322,44.87
8929aeb034bffff,183.0,16.52,50965.7807038997,44.83
8929aeb034fffff,286.0,19.72,40551.08339870716,38.18
8929aeb0353ffff,129.0,10.23,59615.0,47.4
8929aeb0357ffff,0.0,10.23,59615.0,47.4
8929aeb035bffff,116.0,16.2,47964.294730765316,43.88
8929aeb0363ffff,318.0,7.74,78760.50201722569,55.63
8929aeb0367ffff,351.0,3.59,95899.0,65.76
8929aeb036bffff,426.0,13.72,66924.40021230238,52.22
8929aeb036fffff,340.0,7.12,91518.14032613226,63.45
8929aeb0373ffff,61.0,20.08,39319.83019020923,37.99
8929aeb0377ffff,118.0,15.53,54306.32077126784,45.67
8929aeb037bffff,328.0,17.84,42557.89470029135,41.45
8929aeb0383ffff,533.0,4.2,28652.72207631537,36.12
8929aeb0387ffff,526.0,4.23,30968.965559754502,36.63
8929aeb038bffff,399.0,4.6,30527.136618716337,36.55
8929aeb038fffff,176.0,5.54,33005.978502414066,37.14
8929aeb0393ffff,634.0,4.37,30565.898261035163,36.58
8929aeb0397ffff,498.0,4.09,29880.236850347377,36.27
8929aeb039bffff,560.0,3.17,32407.248083605857,37.05
8929aeb03a3ffff,350.0,5.51,43231.0,41.55
8929aeb03a7ffff,262.0,6.18,44178.76615127449,42.38
8929aeb03abffff,261.0,5.51,43231.0,41.55
8929aeb03afffff,125.0,4.6,41548.03146235243,38.5
8929aeb03b3ffff,368.0,4.43,37111.68020556808,37.82
8929aeb03b7ffff,345.0,5.6,43358.51257097138,41.61
8929aeb03bbffff,377.0,5.45,40359.499720026426,38.17
8929aeb03c3ffff,73.0,6.37,28802.000003004036,36.15
8929aeb03cbffff,279.0,6.53,30052.68878797182,36.37
8929aeb03cfffff,19.0,6.37,28802.002967280237,36.18
8929aeb03d7ffff,548.0,2.48,36409.999999999985,37.64
8929aeb03dbffff,195.0,6.37,28802.06165437637,36.19
8929aeb0403ffff,10.0,4.7,42429.0,40.16
8929aeb0407ffff,1.0,4.7,42429.0,40.16
8929aeb040bffff,11.0,4.7,42429.0,40.16
8929aeb040fffff,5.0,4.7,42429.0,40.16
8929aeb0413ffff,11.0,4.7,42429.0,40.16
8929aeb0417ffff,0.0,4.7,42429.0,40.16
8929aeb041bffff,12.0,4.7,42429.0,40.16
8929aeb0423ffff,9.0,7.83,42429.0,40.16
8929aeb0427ffff,228.0,6.56,50693.25545021268,44.8
8929aeb042bffff,229.0,8.06,45162.80167749976,42.76
8929aeb042fffff,326.0,2.33,48942.04951712449,44.15
8929aeb0433ffff,39.0,13.28,41797.69298283653,38.67
8929aeb0437ffff,2.0,13.44,41786.0,38.62
8929aeb043bffff,11.0,4.7,42429.0,40.16
8929aeb0443ffff,12.0,4.7,42429.0,40.16
8929aeb0447ffff,12.0,4.7,42429.0,40.16
8929aeb044bffff,12.0,4.7,42429.0,40.16
8929aeb044fffff,12.0,4.7,42429.0,40.16
8929aeb0453ffff,12.0,4.7,42429.0,40.16
8929aeb0457ffff,12.0,4.7,42429.0,40.16
8929aeb045bffff,12.0,4.7,42429.0,40.16
8929aeb0463ffff,124.0,7.97,44960.897389896425,42.65
8929aeb0467ffff,100.0,8.08,45188.0,42.88
8929aeb046bffff,74.0,8.06,45172.0195687512,42.8
8929aeb046fffff,87.0,8.08,45188.0,42.88
8929aeb0473ffff,12.0,5.36,42429.0,40.16
8929aeb0477ffff,168.0,7.94,42429.0,40.16
8929aeb047bffff,12.0,4.7,42429.0,40.16
8929aeb0483ffff,12.0,4.7,42429.0,40.16
8929aeb0487ffff,309.0,9.73,43351.419467805135,41.6
8929aeb048bffff,12.0,4.7,42429.0,40.16
8929aeb048fffff,9.0,4.7,42429.0,40.16
8929aeb0493ffff,12.0,4.7,42429.0,40.16
8929aeb0497ffff,101.0,9.22,45641.32611848311,43.08
8929aeb049bffff,12.0,4.7,42429.0,40.16
8929aeb04a3ffff,21.0,13.44,41786.0,38.62
8929aeb04a7ffff,37.0,13.44,41786.0,38.62
8929aeb04abffff,61.0,13.44,41786.000000208674,38.65
8929aeb04afffff,219.0,13.44,41786.0,38.62
8929aeb04b3ffff,342.0,9.78,43359.99734911356,41.63
8929aeb04b7ffff,97.0,9.72,43702.36555425847,42.26
8929aeb04bbffff,74.0,9.72,43348.47284174795,41.58
8929aeb04c3ffff,12.0,4.7,42429.0,40.16
8929aeb04c7ffff,12.0,4.7,42429.0,40.16
8929aeb04cbffff,12.0,4.7,42429.0,40.16
8929aeb04cfffff,12.0,4.7,42429.0,40.16
8929aeb04d3ffff,12.0,4.7,42429.0,40.16
8929aeb04d7ffff,12.0,4.7,42429.0,40.16
8929aeb04dbffff,12.0,4.7,42429.0,40.16
8929aeb0503ffff,222.0,16.45,14159.0,35.03
8929aeb0507ffff,226.0,16.92,14159.0,35.03
8929aeb050bffff,207.0,12.53,30171.568748228477,36.42
8929aeb050fffff,223.0,16.53,14159.000000000002,35.06
8929aeb0513ffff,115.0,18.34,33635.56054073756,37.2
8929aeb0517ffff,170.0,18.07,20450.248581020165,35.3
8929aeb051bffff,178.0,11.93,33921.157797919775,37.26
8929aeb0523ffff,298.0,15.2,21009.92711919221,35.35
8929aeb0527ffff,517.0,14.05,24410.988873477545,35.69
8929aeb052bffff,265.0,12.91,20679.655091419965,35.32
8929aeb052fffff,429.0,10.59,27166.551692016885,35.92
8929aeb0533ffff,266.0,15.27,21385.06074846838,35.38
8929aeb0537ffff,338.0,13.28,30107.0,36.4
8929aeb053bffff,226.0,16.92,14159.0,35.03
8929aeb0543ffff,369.0,6.74,49597.30961286318,44.31
8929aeb0547ffff,352.0,6.43,31435.0,36.8
8929aeb054bffff,450.0,5.02,50472.77220011565,44.75
8929aeb054fffff,381.0,4.88,40056.76848321802,38.12
8929aeb0553ffff,340.0,7.07,49930.93037403626,44.68
8929aeb0557ffff,201.0,12.96,,64.97
8929aeb055bffff,469.0,5.01,50720.718497208974,44.81
8929aeb0563ffff,473.0,3.32,46556.065346658776,43.39
8929aeb0567ffff,295.0,10.72,25438.53987170371,35.78
8929aeb056bffff,72.0,18.73,46833.0,43.52
8929aeb056fffff,526.0,2.76,46541.809375444886,43.38
8929aeb0573ffff,305.0,7.68,31254.115966193738,36.71
8929aeb0577ffff,226.0,16.4,14758.870735750561,35.08
8929aeb057bffff,196.0,8.2,31937.47871050758,36.84
8929aeb0583ffff,67.0,21.01,36620.0,37.73
8929aeb0587ffff,167.0,15.26,43406.43181050476,41.69
8929aeb058bffff,86.0,18.77,36135.22876840246,37.61
8929aeb058fffff,103.0,21.01,36620.0,37.73
8929aeb0593ffff,86.0,21.01,36620.0,37.73
8929aeb0597ffff,124.0,16.65,38382.54832680471,37.93
8929aeb059bffff,6.0,21.01,36619.99971666803,37.69
8929aeb05a3ffff,356.0,11.77,42114.046348881275,38.77
8929aeb05a7ffff,317.0,12.93,46172.31650992577,43.3
8929aeb05abffff,262.0,15.35,21196.376711186807,35.36
8929aeb05afffff,338.0,13.28,30107.0,36.4
8929aeb05b3ffff,369.0,10.79,49904.0,44.66
8929aeb05b7ffff,367.0,9.64,53224.65313587118,45.34
8929aeb05bbffff,185.0,14.75,44760.177899027294,42.55
8929aeb05c3ffff,121.0,8.9,34000.0,37.31
8929aeb05c7ffff,134.0,8.9,34000.0,37.31
8929aeb05cbffff,224.0,8.24,34000.19252703199,37.35
8929aeb05cfffff,143.0,9.7,34000.0,37.31
8929aeb05d3ffff,2.0,8.9,34000.0,37.31
8929aeb05d7ffff,7.0,8.9,34000.0,37.31
8929aeb05dbffff,115.0,11.99,39682.26315025157,38.02
8929aeb0603ffff,174.0,5.92,,64.97
8929aeb0607ffff,136.0,7.56,56133.0,46.38
8929aeb060bffff,1.0,12.48,58056.0,47.08
8929aeb060fffff,26.0,5.92,,64.97
8929aeb0613ffff,160.0,5.9,42429.0,40.16
8929aeb0617ffff,202.0,8.01,56132.99999999999,46.36
8929aeb061bffff,170.0,5.93,53984.0,45.61
8929aeb0633ffff,1.0,10.24,56133.00000000001,46.4
8929aeb0643ffff,281.0,12.18,57831.87611826084,46.97
8929aeb0647ffff,127.0,12.48,58056.0,47.08
8929aeb064bffff,222.0,12.48,58055.95809368707,47.06
8929aeb064fffff,132.0,12.48,58055.948225341876,47.05
8929aeb0653ffff,44.0,7.15,53984.000000005275,45.63
8929aeb0657ffff,153.0,8.56,55077.754041616936,45.94
8929aeb065bffff,46.0,12.42,58013.57678903696,47.02
8929aeb0683ffff,12.0,4.7,42429.0,40.16
8929aeb0687ffff,12.0,4.7,42429.0,40.16
8929aeb068bffff,12.0,4.7,42429.0,40.16
8929aeb068fffff,27.0,6.31,47053.03615791206,43.6
8929aeb0693ffff,12.0,4.7,42429.0,40.16
8929aeb0697ffff,12.0,4.7,42429.0,40.16
8929aeb069bffff,12.0,4.7,42429.0,40.16
8929aeb06a3ffff,179.0,10.18,55870.364595026986,46.09
8929aeb06a7ffff,6.0,10.01,54933.93038625505,45.84
8929aeb06abffff,194.0,10.24,56132.99999999999,46.36
8929aeb06afffff,101.0,10.24,56132.99968229836,46.34
8929aeb06b3ffff,12.0,4.7,42429.0,40.16
8929aeb06b7ffff,42.0,7.61,45170.74856294135,42.79
8929aeb06bbffff,102.0,9.93,55358.37683564616,46.0
8929aeb06c3ffff,203.0,9.96,60322.72650750761,47.6
8929aeb06c7ffff,69.0,5.98,47768.58706910312,43.8
8929aeb06cbffff,142.0,9.54,60009.952731661855,47.51
8929aeb06cfffff,79.0,7.07,56397.344473430356,46.53
8929aeb06d3ffff,451.0,3.58,77576.93895523851,55.45
8929aeb06d7ffff,15.0,6.0,46836.80571552062,43.54
8929aeb06dbffff,226.0,9.66,61293.32658625265,47.72
8929aeb0893ffff,5.0,11.19,45097.581269458264,42.74
8929aeb0897ffff,8.0,11.06,60106.598094641995,47.54
8929aeb089bffff,0.0,10.97,29939.0,36.33
8929aeb08c3ffff,9.0,10.97,29939.0,36.33
8929aeb08cbffff,12.0,10.97,29938.999999999996,36.28
8929aeb08d3ffff,109.0,15.92,31385.633848767324,36.75
8929aeb08d7ffff,12.0,10.97,29939.0,36.33
8929aeb08dbffff,127.0,28.28,30950.99240991399,36.62
8929aeb0983ffff,1.0,13.3,84135.01007161669,61.13
8929aeb0993ffff,22.0,16.74,112661.43751172068,69.69
8929aeb099bffff,0.0,13.3,84135.0,60.5
8929aeb0ad3ffff,0.0,30.62,135476.0,83.99
8929aeb0c03ffff,221.0,16.0,87712.81211880935,62.15
8929aeb0c07ffff,144.0,12.99,94972.15847353077,65.45
8929aeb0c0bffff,141.0,13.18,85031.70420489382,61.32
8929aeb0c0fffff,196.0,12.99,95190.0,65.54
8929aeb0c13ffff,297.0,21.83,73216.62134679237,54.47
8929aeb0c17ffff,196.0,12.99,95190.0,65.54
8929aeb0c1bffff,185.0,20.46,68199.55169750165,52.63
8929aeb0c23ffff,10.0,13.3,84135.0,60.5
8929aeb0c27ffff,10.0,13.3,84135.0,60.5
8929aeb0c2bffff,23.0,11.91,51944.04433074327,45.05
8929aeb0c2fffff,10.0,13.3,84135.0,60.5
8929aeb0c33ffff,10.0,13.3,84135.0,60.5
8929aeb0c37ffff,10.0,13.3,84135.0,60.5
8929aeb0c3bffff,53.0,13.03,93552.10690153511,64.8
8929aeb0c43ffff,137.0,15.9,33286.17513954762,37.19
8929aeb0c47ffff,62.0,26.08,36087.938760007884,37.6
8929aeb0c4bffff,523.0,4.36,43370.28170419804,41.64
8929aeb0c4fffff,235.0,7.45,45753.39109510713,43.12
8929aeb0c53ffff,65.0,17.72,32509.819902009116,37.1
8929aeb0c57ffff,55.0,12.33,40829.63277046566,38.2
8929aeb0c5bffff,109.0,21.57,24230.713612072752,35.68
8929aeb0c63ffff,62.0,27.26,34702.0,37.45
8929aeb0c67ffff,130.0,12.75,30535.211857341797,36.57
8929aeb0c6bffff,62.0,27.26,34702.0,37.45
8929aeb0c6fffff,78.0,18.27,32071.70029232181,36.98
8929aeb0c73ffff,107.0,18.56,71557.2102178087,54.22
8929aeb0c77ffff,132.0,15.28,84296.241689396,61.17
8929aeb0c7bffff,62.0,27.26,34702.0,37.45
8929aeb0c83ffff,197.0,11.75,90769.96272948744,63.24
8929aeb0c87ffff,195.0,12.98,95176.47956059195,65.52
8929aeb0c8bffff,253.0,17.84,77364.20612111862,55.44
8929aeb0c8fffff,231.0,16.93,85315.43616441947,61.48
8929aeb0c93ffff,135.0,10.8,86520.81506815541,61.79
8929aeb0c97ffff,99.0,11.64,88521.90292375245,62.52
8929aeb0c9bffff,198.0,10.39,85954.0,61.64
8929aeb0ca3ffff,10.0,13.3,84135.0,60.5
8929aeb0ca7ffff,9.0,13.3,84135.0,60.5
8929aeb0cabffff,45.0,13.04,93147.78157220547,64.72
8929aeb0cafffff,10.0,13.3,84135.0,60.5
8929aeb0cb3ffff,77.0,12.37,91374.04956978754,63.41
8929aeb0cb7ffff,10.0,13.3,84135.0,60.5
8929aeb0cbbffff,165.0,12.99,95077.51191862964,65.48
8929aeb0cc3ffff,54.0,9.64,42154.20686931141,38.8
8929aeb0cc7ffff,245.0,21.55,70828.24359870965,53.97
8929aeb0ccbffff,75.0,15.51,26521.919945369547,35.89
8929aeb0ccfffff,54.0,9.56,41964.0,38.71
8929aeb0cd3ffff,54.0,9.56,41989.814624809864,38.76
8929aeb0cd7ffff,183.0,11.35,82964.99609129051,59.62
8929aeb0cdbffff,77.0,15.78,25824.445229079724,35.82
8929aeb0d07ffff,10.0,13.3,84135.0,60.5
8929aeb0d0fffff,6.0,13.3,84135.0,60.5
8929aeb0d17ffff,1.0,13.3,84135.0,60.5
8929aeb0d23ffff,135.0,17.92,122413.60683441721,76.57
8929aeb0d27ffff,200.0,18.04,123411.0,76.92
8929aeb0d2bffff,64.0,17.57,119508.31512326983,75.88
8929aeb0d2fffff,170.0,18.04,123410.99999999999,76.84
8929aeb0d33ffff,10.0,13.3,84135.0,60.5
8929aeb0d37ffff,153.0,17.98,122932.5252098161,76.69
8929aeb0d3bffff,10.0,13.3,84135.0,60.5
8929aeb0d43ffff,9.0,13.3,84135.0,60.5
8929aeb0d47ffff,0.0,13.3,84135.0,60.5
8929aeb0d4bffff,49.0,10.88,42536.08855922228,41.43
8929aeb0d4fffff,10.0,16.16,55602.24394704297,46.03
8929aeb0d53ffff,9.0,13.3,84135.0,60.5
8929aeb0d57ffff,0.0,13.3,84135.0,60.5
8929aeb0d5bffff,10.0,13.3,84135.0,60.5
8929aeb0d63ffff,0.0,13.3,84135.0,60.5
8929aeb0d67ffff,0.0,13.3,84135.0,60.5
8929aeb0d6bffff,0.0,19.57,21633.0,35.39
8929aeb0d73ffff,3.0,13.3,84135.0,60.5
8929aeb0d77ffff,7.0,13.3,84135.0,60.5
8929aeb0d7bffff,22.0,19.1,26287.761928136726,35.86
8929aeb0da3ffff,10.0,13.3,84135.0,60.5
8929aeb0da7ffff,6.0,13.3,84135.0,60.5
8929aeb0dabffff,10.0,13.3,84135.0,60.5
8929aeb0dafffff,7.0,13.3,84135.0,60.5
8929aeb0db3ffff,4.0,13.3,84135.0,60.5
8929aeb0db7ffff,10.0,13.3,84135.0,60.5
8929aeb0dbbffff,5.0,13.3,84135.0,60.5
8929aeb0dcbffff,8.0,13.3,84135.0,60.5
8929aeb0ddbffff,8.0,13.3,84135.0,60.5
8929aeb0e03ffff,198.0,7.97,32445.26710463218,37.07
8929aeb0e07ffff,111.0,60.69,32060.0,36.92
8929aeb0e0bffff,103.0,16.32,67352.63232043173,52.48
8929aeb0e0fffff,34.0,60.42,32881.671800170036,37.13
8929aeb0e13ffff,232.0,8.41,32060.0,36.92
8929aeb0e17ffff,124.0,51.63,31752.07307034399,36.83
8929aeb0e1bffff,200.0,13.0,63812.98256129973,51.36
8929aeb0e23ffff,140.0,30.03,30752.34053599411,36.6
8929aeb0e27ffff,52.0,10.97,29939.0,36.33
8929aeb0e2bffff,31.0,26.5,31343.422150420833,36.74
8929aeb0e2fffff,58.0,10.97,29939.0,36.33
8929aeb0e33ffff,111.0,60.69,32060.0,36.92
8929aeb0e37ffff,130.0,37.81,31084.211184329313,36.66
8929aeb0e3bffff,96.0,60.67,32116.378509825678,37.01
8929aeb0e47ffff,55.0,16.32,67362.98925367124,52.49
8929aeb0e4bffff,0.0,22.8,81210.99999999999,56.42
8929aeb0e4fffff,0.0,30.62,135475.54648311454,83.78
8929aeb0e57ffff,94.0,16.29,67235.0,52.4
8929aeb0e63ffff,0.0,30.62,135476.0,83.99
8929aeb0e67ffff,0.0,30.62,135476.0,83.99
8929aeb0e6bffff,0.0,30.62,135476.0,83.99
8929aeb0e6fffff,0.0,30.62,135476.0,83.99
8929aeb0e73ffff,0.0,30.62,135476.0,83.99
8929aeb0e77ffff,0.0,30.62,135476.0,83.99
8929aeb0e7bffff,0.0,30.62,135476.0,83.99
8929aeb0e83ffff,139.0,46.26,29168.72011802809,36.24
8929aeb0e87ffff,477.0,2.78,29108.202655747402,36.22
8929aeb0e8bffff,183.0,21.46,32060.0,36.92
8929aeb0e8fffff,131.0,49.05,31410.9061497864,36.77
8929aeb0e93ffff,320.0,16.54,14980.0,35.09
8929aeb0e97ffff,373.0,10.56,20915.7397009486,35.33
8929aeb0e9bffff,205.0,21.07,19731.383555955264,35.27
8929aeb0ea3ffff,349.0,11.84,44877.089457951704,42.62
8929aeb0ea7ffff,82.0,39.55,34453.685717689674,37.4
8929aeb0eabffff,111.0,60.69,32060.0,36.92
8929aeb0eafffff,111.0,60.69,32060.0,36.92
8929aeb0eb3ffff,560.0,3.21,46750.98262198379,43.48
8929aeb0eb7ffff,221.0,7.92,45487.78398695154,43.05
8929aeb0ebbffff,474.0,2.94,29328.97643495048,36.25
8929aeb0ec3ffff,145.0,13.2,45189.0,42.97
8929aeb0ec7ffff,299.0,11.42,45189.0,42.97
8929aeb0ecfffff,128.0,14.06,51298.66715678457,44.93
8929aeb0ed3ffff,276.0,11.72,45742.091888407325,43.11
8929aeb0ed7ffff,301.0,11.63,45189.0,42.97
8929aeb0edbffff,47.0,13.17,45167.07995026133,42.77
8929aeb1003ffff,422.0,10.05,28639.0,36.06
8929aeb1007ffff,16.0,20.66,28639.0,36.06
8929aeb100bffff,43.0,12.02,28639.0,36.06
8929aeb100fffff,72.0,12.99,28639.0,36.06
8929aeb1013ffff,129.0,10.05,28659.705003953288,36.13
8929aeb1017ffff,1.0,12.87,28639.0,36.06
8929aeb101bffff,35.0,10.05,28639.0,36.06
8929aeb1023ffff,22.0,20.96,,64.97
8929aeb1027ffff,22.0,20.96,,64.97
8929aeb102bffff,22.0,20.96,,64.97
8929aeb102fffff,22.0,20.96,,64.97
8929aeb1033ffff,42.0,15.91,70807.0,53.91
8929aeb1037ffff,22.0,20.96,,64.97
8929aeb103bffff,22.0,20.96,,64.97
8929aeb1043ffff,10.0,13.02,124294.12543545256,77.13
8929aeb1047ffff,21.0,20.96,,64.97
8929aeb104bffff,11.0,8.44,125547.0,77.87
8929aeb104fffff,22.0,20.88,125547.00000000001,78.37
8929aeb1053ffff,5.0,7.66,125547.0,77.87
8929aeb105bffff,11.0,7.66,125547.0,77.87
8929aeb1063ffff,22.0,20.96,,64.97
8929aeb1067ffff,22.0,20.96,,64.97
8929aeb106bffff,22.0,20.96,,64.97
8929aeb106fffff,22.0,20.96,,64.97
8929aeb1073ffff,22.0,20.96,,64.97
8929aeb1077ffff,22.0,20.96,,64.97
8929aeb107bffff,22.0,20.96,,64.97
8929aeb10a3ffff,100.0,11.27,70807.0,53.91
8929aeb10a7ffff,232.0,11.27,70807.0,53.91
8929aeb10abffff,107.0,12.06,69403.5131627202,52.98
8929aeb10afffff,192.0,11.48,70807.0,53.91
8929aeb10b3ffff,12.0,11.27,70806.99994322694,53.82
8929aeb10b7ffff,215.0,11.27,70807.0,53.91
8929aeb10cbffff,5.0,7.66,125547.0,77.87
8929aeb10dbffff,6.0,7.66,125547.0,77.87
8929aeb1103ffff,52.0,14.56,111250.0,69.42
8929aeb110bffff,44.0,16.79,111249.99999999999,69.36
8929aeb110fffff,66.0,10.27,103586.8946849849,67.88
8929aeb1113ffff,54.0,14.56,111250.0,69.42
8929aeb111bffff,51.0,16.19,111249.99999999999,69.36
8929aeb1123ffff,206.0,15.49,102257.52807635698,67.54
8929aeb1127ffff,226.0,22.44,74959.6845774391,55.06
8929aeb112bffff,185.0,29.09,118089.0,74.35
8929aeb112fffff,186.0,28.91,116867.32787050724,73.79
8929aeb1133ffff,9.0,0.0,85256.0,61.45
8929aeb1137ffff,117.0,1.2,84539.03249705394,61.26
8929aeb113bffff,139.0,3.08,88726.68039238507,62.55
8929aeb1143ffff,22.0,20.96,,64.97
8929aeb1147ffff,63.0,13.1,41477.0,38.43
8929aeb114bffff,71.0,12.66,41477.00000000001,38.47
8929aeb114fffff,286.0,9.84,41477.0,38.43
8929aeb1153ffff,22.0,20.96,,64.97
8929aeb1157ffff,22.0,20.96,,64.97
8929aeb115bffff,22.0,20.96,,64.97
8929aeb1163ffff,156.0,9.58,51018.15417986608,44.86
8929aeb1167ffff,181.0,22.01,109868.80894521743,69.01
8929aeb116bffff,88.0,11.31,113894.0,71.36
8929aeb116fffff,41.0,11.01,102049.9979680365,67.48
8929aeb1173ffff,266.0,9.32,45090.01785602986,42.73
8929aeb1177ffff,214.0,12.6,97369.13854028817,66.14
8929aeb117bffff,314.0,9.75,41477.0,38.43
8929aeb1183ffff,182.0,12.35,93384.77262014784,64.74
8929aeb1187ffff,29.0,14.56,111250.0,69.42
8929aeb118bffff,89.0,14.65,111250.0,69.42
8929aeb118fffff,40.0,14.56,111250.00000000001,69.46
8929aeb1193ffff,213.0,11.43,86007.0,61.66
8929aeb1197ffff,150.0,11.53,83464.63570686174,59.65
8929aeb119bffff,115.0,11.61,87389.92286389026,62.02
8929aeb11a7ffff,0.0,29.19,88857.96122423287,62.73
8929aeb11c3ffff,22.0,20.96,,64.97
8929aeb11c7ffff,34.0,17.98,111250.0,69.42
8929aeb11cbffff,22.0,20.96,,64.97
8929aeb11cfffff,22.0,20.96,,64.97
8929aeb11d3ffff,115.0,11.5,70807.0,53.91
8929aeb11d7ffff,15.0,20.66,111228.38983722878,69.32
8929aeb11dbffff,78.0,13.29,70807.0,53.91
8929aeb1203ffff,13.0,11.32,125546.99999999999,77.36
8929aeb1207ffff,22.0,20.96,,64.97
8929aeb120bffff,11.0,7.99,125547.00000000001,78.37
8929aeb120fffff,27.0,15.04,115234.06389936832,73.54
8929aeb1213ffff,11.0,7.66,125547.0,77.87
8929aeb1217ffff,15.0,15.01,125547.00000000001,78.37
8929aeb121bffff,11.0,7.66,125547.0,77.87
8929aeb1223ffff,53.0,3.13,114840.0,73.22
8929aeb1227ffff,141.0,6.83,136718.5783185676,84.36
8929aeb122bffff,53.0,3.13,114839.99999999999,73.04
8929aeb122fffff,196.0,7.45,140391.50494295344,85.7
8929aeb1233ffff,26.0,16.49,114840.00000000001,73.41
8929aeb1237ffff,46.0,5.05,114839.99999999999,73.04
8929aeb123bffff,44.0,5.65,114840.0,73.22
8929aeb1243ffff,11.0,7.66,125547.00000000001,78.37
8929aeb1247ffff,11.0,7.66,125547.0,77.87
8929aeb124bffff,8.0,7.66,125547.0,77.87
8929aeb124fffff,11.0,7.66,125547.0,77.87
8929aeb1253ffff,11.0,7.66,125547.0,77.87
8929aeb1257ffff,11.0,7.66,125547.0,77.87
8929aeb125bffff,11.0,7.66,125547.0,77.87
8929aeb1263ffff,46.0,3.38,114808.45658300225,72.98
8929aeb1267ffff,53.0,3.13,114840.00000000001,73.41
8929aeb126bffff,9.0,10.82,113894.0,71.36
8929aeb126fffff,42.0,3.55,114788.26304914728,72.96
8929aeb1273ffff,38.0,4.49,115771.22088457929,73.61
8929aeb1277ffff,53.0,3.13,114840.0,73.22
8929aeb127bffff,15.0,6.82,118259.71411547925,75.47
8929aeb1283ffff,11.0,7.66,125547.0,77.87
8929aeb1287ffff,11.0,7.66,125547.0,77.87
8929aeb128bffff,11.0,7.66,125547.0,77.87
8929aeb128fffff,11.0,7.66,125547.0,77.87
8929aeb1293ffff,11.0,7.66,125547.0,77.87
8929aeb1297ffff,11.0,7.66,125547.0,77.87
8929aeb129bffff,11.0,7.66,125546.99999999999,77.36
8929aeb12a3ffff,22.0,20.96,,64.97
8929aeb12a7ffff,22.0,20.96,,64.97
8929aeb12abffff,22.0,20.96,,64.97
8929aeb12afffff,22.0,20.96,,64.97
8929aeb12b3ffff,20.0,19.8,125547.0,77.87
8929aeb12b7ffff,22.0,20.96,,64.97
8929aeb12bbffff,18.0,17.79,125547.0,77.87
8929aeb12c3ffff,11.0,7.66,125547.0,77.87
8929aeb12c7ffff,11.0,7.66,125547.00000000001,78.37
8929aeb12cbffff,11.0,7.66,125547.0,77.87
8929aeb12cfffff,11.0,7.66,125547.0,77.87
8929aeb12d3ffff,8.0,7.66,125547.00000000001,78.37
8929aeb12d7ffff,11.0,7.66,125547.00000000001,78.37
8929aeb12dbffff,11.0,7.66,125546.99999999999,77.36
8929aeb1303ffff,53.0,3.13,114840.0,73.22
8929aeb1307ffff,53.0,3.13,114840.0,73.22
8929aeb130bffff,53.0,3.13,114840.0,73.22
8929aeb130fffff,53.0,3.13,114840.0,73.22
8929aeb1313ffff,53.0,3.13,114840.0,73.22
8929aeb1317ffff,53.0,3.13,114840.0,73.22
8929aeb131bffff,53.0,3.13,114840.0,73.22
8929aeb1323ffff,23.0,5.2,114585.04696546479,72.81
8929aeb1327ffff,9.0,10.82,113894.0,71.36
8929aeb132bffff,34.0,4.04,114727.79651272148,72.93
8929aeb132fffff,10.0,10.25,113963.78412840131,72.74
8929aeb1333ffff,24.0,5.03,114605.73387461802,72.83
8929aeb1337ffff,9.0,10.82,113893.99999999999,70.24
8929aeb133bffff,53.0,3.13,114840.0,73.22
8929aeb1343ffff,92.0,12.44,124982.50389526489,77.22
8929aeb1347ffff,53.0,3.13,114840.0,73.22
8929aeb134bffff,139.0,50.81,106184.12224488596,68.39
8929aeb134fffff,70.0,26.2,108555.87085452396,68.63
8929aeb1353ffff,110.0,6.21,133048.24390587155,82.08
8929aeb1357ffff,53.0,3.13,114840.0,73.22
8929aeb135bffff,279.0,7.92,143175.0,86.71
8929aeb1363ffff,29.0,4.44,114678.92453069898,72.87
8929aeb1367ffff,10.0,10.48,113936.15909113812,72.72
8929aeb136bffff,9.0,10.82,113894.0,71.36
8929aeb136fffff,9.0,10.82,113893.99999999999,70.24
8929aeb1373ffff,53.0,3.13,114840.00000000001,73.41
8929aeb1377ffff,53.0,3.13,114839.99420471402,73.01
8929aeb137bffff,51.0,3.2,114831.35697516578,72.99
8929aeb1383ffff,27.0,14.85,114839.99999999999,73.04
8929aeb1387ffff,237.0,9.6,44481.01452150391,42.49
8929aeb138bffff,46.0,4.87,114840.00000000001,73.41
8929aeb138fffff,53.0,3.13,114840.0,73.22
8929aeb1393ffff,22.0,20.96,,64.97
8929aeb1397ffff,22.0,20.96,,64.97
8929aeb139bffff,22.0,20.96,,64.97
8929aeb13a3ffff,185.0,10.2,41982.00752972959,38.74
8929aeb13a7ffff,37.0,11.23,113894.0,71.36
8929aeb13abffff,40.0,7.23,114666.865133393,72.86
8929aeb13afffff,9.0,10.82,113894.0,71.36
8929aeb13b3ffff,406.0,9.57,41477.0,38.43
8929aeb13b7ffff,222.0,10.08,41477.0,38.43
8929aeb13bbffff,240.0,9.12,47825.28015668892,43.83
8929aeb13c3ffff,48.0,4.3,114840.0,73.22
8929aeb13c7ffff,53.0,3.13,114840.0,73.22
8929aeb13cbffff,53.0,3.13,114840.0,73.22
8929aeb13cfffff,53.0,3.13,114840.0,73.22
8929aeb13d3ffff,22.0,20.96,,64.97
8929aeb13d7ffff,29.0,13.19,114840.0,73.22
8929aeb13dbffff,31.0,12.19,114840.0,73.22
8929aeb152fffff,18.0,12.05,62938.639694857346,48.1
8929aeb1567ffff,12.0,11.43,86007.0,61.66
8929aeb156bffff,127.0,11.27,70807.0,53.91
8929aeb157bffff,47.0,11.27,70806.9999995802,53.84
8929aeb1603ffff,11.0,7.66,125546.99999999999,77.36
8929aeb1607ffff,11.0,7.66,125546.99999999999,77.36
8929aeb160bffff,6.0,7.66,125547.0,77.87
8929aeb160fffff,11.0,7.66,125546.99999999999,77.36
8929aeb1613ffff,1.0,7.66,125547.0,77.87
8929aeb1617ffff,6.0,7.66,125547.0,77.87
8929aeb161bffff,4.0,7.66,125547.0,77.87
8929aeb1623ffff,11.0,7.66,125547.0,77.87
8929aeb1627ffff,11.0,7.66,125547.0,77.87
8929aeb162bffff,11.0,7.66,125546.99999999999,77.36
8929aeb162fffff,11.0,7.66,125547.0,77.87
8929aeb1633ffff,11.0,7.66,125546.99999999999,77.36
8929aeb1637ffff,11.0,7.66,125547.0,77.87
8929aeb163bffff,11.0,7.66,125547.0,77.87
8929aeb1663ffff,7.0,7.66,125547.0,77.87
8929aeb1667ffff,11.0,7.66,125547.0,77.87
8929aeb166fffff,7.0,7.66,125547.0,77.87
8929aeb1673ffff,6.0,7.66,125547.0,77.87
8929aeb1677ffff,11.0,7.66,125547.0,77.87
8929aeb16a3ffff,9.0,7.66,125547.0,77.87
8929aeb16a7ffff,5.0,7.66,125547.0,77.87
8929aeb16abffff,11.0,7.66,125547.0,77.87
8929aeb16afffff,11.0,7.66,125547.00000000001,78.37
8929aeb16b3ffff,4.0,7.66,125547.0,77.87
8929aeb16b7ffff,0.0,7.66,125547.0,77.87
8929aeb16bbffff,0.0,7.66,125547.0,77.87
8929aeb1803ffff,0.0,30.62,135476.0,83.99
8929aeb1807ffff,0.0,30.62,135476.0,83.99
8929aeb1817ffff,0.0,30.62,135476.0,83.99
8929aeb1833ffff,0.0,30.62,135476.0,83.99
8929aeb1853ffff,1.0,10.82,113894.0,71.36
8929aeb185bffff,1.0,10.82,113894.0,71.36
8929aeb1883ffff,12.0,14.98,93799.00000000006,65.07
8929aeb188bffff,18.0,14.98,93807.72379884117,65.1
8929aeb1893ffff,89.0,16.58,83880.40457434591,59.77
8929aeb1897ffff,25.0,14.98,93810.30767766968,65.11
8929aeb189bffff,77.0,14.98,93799.0,64.97
8929aeb18a3ffff,0.0,30.62,135476.0,83.99
8929aeb18a7ffff,0.0,30.62,135476.0,83.99
8929aeb18abffff,0.0,30.62,135476.0,83.99
8929aeb18afffff,1.0,42.65,69385.04800788547,52.96
8929aeb18c3ffff,77.0,14.98,93799.0,64.97
8929aeb18c7ffff,14.0,14.98,93799.0,64.97
8929aeb18cbffff,27.0,13.94,98818.80860756477,66.62
8929aeb18cfffff,11.0,14.93,94034.56031878316,65.2
8929aeb18d3ffff,77.0,14.98,93799.0,64.97
8929aeb18d7ffff,77.0,14.98,93799.0,64.97
8929aeb18dbffff,77.0,14.98,93799.0,64.97
8929aeb19d3ffff,2.0,46.88,46100.78938309007,43.24
8929aeb19dbffff,3.0,48.11,39371.19950064736,38.0
8929aeb1a03ffff,2.0,10.82,113894.0,71.36
8929aeb1a0bffff,9.0,10.82,113894.0,71.36
8929aeb1a0fffff,7.0,10.82,113894.0,71.36
8929aeb1a13ffff,2.0,10.82,113893.99999999999,70.24
8929aeb1a1bffff,9.0,10.82,113894.00000000001,72.46
8929aeb1a2bffff,1.0,10.82,113893.99999999999,70.24
8929aeb1a3bffff,1.0,10.82,113894.0,71.36
8929aeb1a43ffff,9.0,10.82,113893.99999999999,70.24
8929aeb1a47ffff,9.0,10.82,113893.99999999999,70.24
8929aeb1a4bffff,5.0,10.82,113893.99999999999,70.24
8929aeb1a4fffff,5.0,10.82,113893.99999999999,70.24
8929aeb1a53ffff,9.0,10.82,113894.0,71.36
8929aeb1a57ffff,9.0,10.82,113894.00000000001,72.46
8929aeb1a5bffff,9.0,10.82,113893.99999999999,70.24
8929aeb1a63ffff,8.0,10.82,113894.2927697356,72.69
8929aeb1a67ffff,5.0,10.84,113914.35243270386,72.71
8929aeb1a6bffff,0.0,10.82,113894.0,71.36
8929aeb1a73ffff,9.0,10.82,113894.0,71.36
8929aeb1a77ffff,9.0,10.82,113893.99999999999,70.24
8929aeb1a7bffff,7.0,10.82,113894.0,71.36
8929aeb1a8bffff,4.0,10.82,113894.0,71.36
8929aeb1a93ffff,7.0,10.82,113894.0,71.36
8929aeb1a97ffff,0.0,10.82,113894.0,71.36
8929aeb1a9bffff,8.0,10.82,113894.0,71.36
8929aeb1ac3ffff,9.0,10.82,113894.0,71.36
8929aeb1ac7ffff,9.0,10.82,113893.99999999999,70.24
8929aeb1acbffff,9.0,10.82,113894.0,71.36
8929aeb1acfffff,9.0,10.82,113894.0,71.36
8929aeb1ad3ffff,9.0,10.82,113894.0,71.36
8929aeb1ad7ffff,9.0,10.82,113894.00000000001,72.46
8929aeb1adbffff,9.0,10.82,113894.0,71.36
8929aeb1c03ffff,149.0,16.77,65198.78450675528,51.56
8929aeb1c07ffff,307.0,11.08,74109.10718593931,54.74
8929aeb1c0bffff,198.0,12.7,79056.51227357585,55.68
8929aeb1c0fffff,371.0,7.05,98147.06162569088,66.46
8929aeb1c13ffff,154.0,17.7,63748.55406002658,48.42
8929aeb1c17ffff,317.0,10.46,75517.51622064356,55.17
8929aeb1c1bffff,185.0,22.31,56594.06141026562,46.61
8929aeb1c23ffff,190.0,22.23,48993.0,44.19
8929aeb1c27ffff,112.0,22.23,48993.0,44.19
8929aeb1c2bffff,212.0,19.4,58202.66519688963,47.11
8929aeb1c2fffff,159.0,21.24,55125.64119116114,45.97
8929aeb1c33ffff,250.0,15.66,63661.54200523233,48.39
8929aeb1c37ffff,116.0,22.23,48993.0,44.19
8929aeb1c3bffff,216.0,18.95,59666.74665366146,47.45
8929aeb1c43ffff,322.0,11.52,76611.21602861492,55.38
8929aeb1c47ffff,373.0,10.08,93660.02715401625,64.84
8929aeb1c4bffff,271.0,23.72,85906.35661418643,61.63
8929aeb1c4fffff,285.0,23.77,86875.0,61.88
8929aeb1c53ffff,356.0,6.58,74353.71477212447,54.91
8929aeb1c57ffff,313.0,5.3,73184.54694809353,54.46
8929aeb1c5bffff,226.0,22.47,74383.57830107049,54.94
8929aeb1c63ffff,375.0,6.06,102615.07739802742,67.6
8929aeb1c67ffff,249.0,7.45,100679.17994976086,67.09
8929aeb1c6bffff,118.0,11.09,97639.18583139888,66.31
8929aeb1c6fffff,77.0,14.98,93799.0,64.97
8929aeb1c73ffff,475.0,5.57,103099.99999999999,67.8
8929aeb1c77ffff,471.0,5.67,102779.6084909693,67.75
8929aeb1c7bffff,474.0,5.62,103059.36696603385,67.78
8929aeb1c83ffff,139.0,19.15,42208.0,38.86
8929aeb1c87ffff,172.0,22.2,49169.092807830624,44.27
8929aeb1c8bffff,161.0,21.37,47276.73530061107,43.66
8929aeb1c8fffff,236.0,17.55,63047.87481181456,48.13
8929aeb1c93ffff,133.0,19.16,42245.7323082062,38.91
8929aeb1c97ffff,138.0,19.15,42208.0,38.86
8929aeb1c9bffff,139.0,19.15,42208.0,38.86
8929aeb1ca3ffff,390.0,10.2,68944.44155235945,52.81
8929aeb1ca7ffff,441.0,12.74,64726.71207411403,51.5
8929aeb1cabffff,341.0,10.07,76146.0,55.3
8929aeb1cafffff,328.0,14.81,79860.1315370885,55.78
8929aeb1cb3ffff,273.0,18.0,54976.77083195439,45.88
8929aeb1cb7ffff,448.0,11.5,56058.48386609647,46.32
8929aeb1cbbffff,323.0,11.19,74366.34414630265,54.92
8929aeb1cc3ffff,179.0,17.17,72142.49578654635,54.29
8929aeb1cc7ffff,193.0,23.4,53946.081175460764,45.55
8929aeb1ccbffff,302.0,3.62,78549.98226228586,55.59
8929aeb1ccfffff,340.0,6.96,70882.27709805737,54.02
8929aeb1cd3ffff,113.0,25.99,66815.63239814401,51.86
8929aeb1cd7ffff,139.0,19.15,42208.0,38.86
8929aeb1cdbffff,99.0,31.24,85721.27459114327,61.55
8929aeb1d03ffff,0.0,30.62,135476.0,83.99
8929aeb1d07ffff,0.0,31.05,133151.79905977155,82.17
8929aeb1d0bffff,0.0,30.62,135476.0,83.99
8929aeb1d0fffff,0.0,30.63,135415.28814154764,83.75
8929aeb1d13ffff,225.0,16.66,93880.27344281727,65.13
8929aeb1d17ffff,0.0,30.5,135119.7959946754,82.5
8929aeb1d1bffff,38.0,16.78,94239.37134173677,65.28
8929aeb1d47ffff,0.0,30.62,135476.0,83.99
8929aeb1d53ffff,0.0,30.62,135476.0,83.99
8929aeb1d57ffff,0.0,30.62,135476.0,83.99
8929aeb1d5bffff,46.0,18.97,69343.91988756083,52.93
8929aeb1d63ffff,2.0,47.44,43055.83886650741,41.49
8929aeb1d6bffff,0.0,30.62,135476.0,83.99
8929aeb1d6fffff,2.0,47.97,40142.10766024021,38.14
8929aeb1d73ffff,1.0,45.03,56295.35700132983,46.5
8929aeb1d7bffff,0.0,30.62,135476.0,83.99
8929aeb1d83ffff,227.0,10.64,64129.524111558814,51.41
8929aeb1d87ffff,164.0,22.8,81211.0,56.43
8929aeb1d8bffff,327.0,12.66,76174.21884435503,55.32
8929aeb1d8fffff,316.0,17.83,91432.64642366066,63.44
8929aeb1d93ffff,236.0,4.55,86615.02738948287,61.81
8929aeb1d9bffff,307.0,6.01,72455.16343680437,54.34
8929aeb1da3ffff,0.0,30.62,135476.0,83.99
8929aeb1da7ffff,0.0,30.62,135476.0,83.99
8929aeb1dabffff,0.0,30.62,135476.0,83.99
8929aeb1dafffff,0.0,42.35,70996.87397049593,54.08
8929aeb1db3ffff,6.0,22.94,82159.1000802018,59.48
8929aeb1db7ffff,0.0,30.62,135476.0,83.99
8929aeb1dbbffff,83.0,22.82,81360.71933099847,56.46
8929aeb1dc3ffff,6.0,22.83,87297.71006280236,62.0
8929aeb1dc7ffff,318.0,16.34,92459.2937209662,64.65
8929aeb1dcbffff,0.0,0.0,,64.97
8929aeb1dcfffff,0.0,17.78,97204.70963827067,66.03
8929aeb1dd3ffff,334.0,21.82,85026.3953190778,61.31
8929aeb1dd7ffff,267.0,9.59,58632.23187094527,47.21
8929aeb1ddbffff,158.0,23.02,87708.0,62.14
8929aeb1e03ffff,9.0,10.82,113894.0,71.36
8929aeb1e07ffff,9.0,10.82,113893.99999999999,70.24
8929aeb1e0bffff,9.0,10.82,113894.00000000001,72.46
8929aeb1e0fffff,9.0,10.82,113893.99999999999,70.24
8929aeb1e13ffff,173.0,14.96,113894.0,71.36
8929aeb1e17ffff,30.0,14.06,98225.818751342,66.49
8929aeb1e1bffff,16.0,12.58,113894.0,71.36
8929aeb1e23ffff,9.0,10.82,113894.0,71.36
8929aeb1e27ffff,9.0,10.82,113894.0,71.36
8929aeb1e2bffff,9.0,10.82,113894.0,71.36
8929aeb1e2fffff,9.0,10.82,113894.0,71.36
8929aeb1e33ffff,34.0,14.27,97238.39851081528,66.05
8929aeb1e37ffff,34.0,14.26,97260.71790065651,66.09
8929aeb1e3bffff,9.0,10.82,113894.0,71.36
8929aeb1e43ffff,9.0,10.82,113894.0,71.36
8929aeb1e47ffff,9.0,10.82,113894.00000000001,72.46
8929aeb1e4bffff,9.0,10.82,113894.0,71.36
8929aeb1e4fffff,9.0,10.82,113894.0,71.36
8929aeb1e53ffff,9.0,10.82,113893.99999999999,70.24
8929aeb1e57ffff,9.0,10.82,113894.00000000001,72.46
8929aeb1e5bffff,9.0,10.82,113894.00000000001,72.46
8929aeb1e63ffff,9.0,10.82,113894.0,71.36
8929aeb1e67ffff,9.0,10.82,113894.0,71.36
8929aeb1e6bffff,9.0,10.82,113894.0,71.36
8929aeb1e6fffff,9.0,10.82,113893.99999999999,70.24
8929aeb1e73ffff,9.0,10.82,113894.0,71.36
8929aeb1e77ffff,9.0,10.82,113894.0,71.36
8929aeb1e7bffff,9.0,10.82,113893.99999999999,70.24
8929aeb1e83ffff,77.0,14.98,93799.0,64.97
8929aeb1e87ffff,145.0,23.15,100176.79918522174,66.83
8929aeb1e8bffff,242.0,15.07,93806.08461456116,65.08
8929aeb1e8fffff,74.0,14.94,93986.8178382682,65.19
8929aeb1e93ffff,151.0,26.85,114231.41172434468,72.77
8929aeb1e97ffff,180.0,28.49,115728.75403021635,73.6
8929aeb1e9bffff,94.0,14.99,93905.80042010352,65.14
8929aeb1ea3ffff,77.0,14.98,93799.0,64.97
8929aeb1ea7ffff,77.0,14.98,93799.0,64.97
8929aeb1eabffff,73.0,14.94,93984.30547483149,65.17
8929aeb1eafffff,77.0,14.98,93799.0,64.97
8929aeb1eb3ffff,229.0,22.97,87508.61205798977,62.06
8929aeb1eb7ffff,202.0,14.06,95334.4138128613,65.58
8929aeb1ebbffff,77.0,14.98,93799.0,64.97
8929aeb1ec3ffff,9.0,10.82,113893.99999999999,70.24
8929aeb1ec7ffff,263.0,15.04,113893.99999999999,70.24
8929aeb1ecbffff,9.0,10.82,113894.00000000001,72.46
8929aeb1ecfffff,9.0,10.82,113894.0,71.36
8929aeb1ed3ffff,9.0,10.82,113894.0,71.36
8929aeb1ed7ffff,87.0,14.73,113894.0,71.36
8929aeb1edbffff,9.0,10.82,113894.0,71.36
8929aeb2003ffff,203.0,9.18,55073.99982241399,45.9
8929aeb2007ffff,367.0,9.67,52385.90751176822,45.14
8929aeb200bffff,5.0,6.46,24052.0,35.54
8929aeb200fffff,47.0,10.27,49043.59336005686,44.24
8929aeb2013ffff,193.0,9.18,55074.0,45.92
8929aeb2017ffff,394.0,9.18,55074.0,45.92
8929aeb2023ffff,244.0,11.03,43937.90985742559,42.31
8929aeb2027ffff,452.0,10.63,42145.01283864884,38.79
8929aeb202bffff,68.0,10.77,51467.785199620506,44.96
8929aeb202fffff,295.0,10.27,62683.03640799901,48.04
8929aeb2033ffff,358.0,10.18,47602.62154470495,43.75
8929aeb2037ffff,785.0,5.4,58222.640308025024,47.14
8929aeb203bffff,130.0,11.22,43817.0,42.29
8929aeb2043ffff,22.0,6.46,24052.0,35.54
8929aeb2047ffff,53.0,6.46,24052.0,35.54
8929aeb204bffff,54.0,6.46,24052.0,35.54
8929aeb204fffff,54.0,6.46,24052.0,35.54
8929aeb2053ffff,10.0,2.03,63355.54424319586,48.21
8929aeb205bffff,130.0,2.11,62642.12256643504,48.03
8929aeb2063ffff,49.0,6.46,24052.0,35.54
8929aeb2067ffff,48.0,8.22,53360.158795644405,45.38
8929aeb206bffff,54.0,6.46,24051.999999999996,35.44
8929aeb206fffff,54.0,6.46,24052.0,35.54
8929aeb2073ffff,23.0,6.46,24052.0,35.54
8929aeb2077ffff,10.0,6.46,24052.0,35.54
8929aeb207bffff,54.0,6.46,24052.0,35.54
8929aeb2083ffff,483.0,2.59,51913.0,45.04
8929aeb2087ffff,480.0,2.68,51878.84203018282,45.01
8929aeb208bffff,222.0,2.89,52060.708196566775,45.1
8929aeb208fffff,434.0,5.92,53509.7810064441,45.45
8929aeb2093ffff,451.0,3.6,57388.526053460315,46.89
8929aeb2097ffff,481.0,2.63,51891.10899880695,45.02
8929aeb209bffff,287.0,2.44,54879.11636937663,45.82
8929aeb20a3ffff,357.0,8.46,40886.796045326184,38.22
8929aeb20a7ffff,354.0,8.41,39886.0,38.03
8929aeb20abffff,393.0,9.16,54632.29746627555,45.78
8929aeb20afffff,454.0,7.17,47752.275913398924,43.78
8929aeb20b3ffff,329.0,9.78,44608.425215384195,42.5
8929aeb20b7ffff,350.0,8.61,40285.890691394176,38.15
8929aeb20bbffff,394.0,9.14,54758.64422327212,45.79
8929aeb20cbffff,32.0,2.03,63359.0,48.29
8929aeb20d3ffff,98.0,2.03,63359.0,48.29
8929aeb20d7ffff,35.0,2.03,63358.99999999999,48.23
8929aeb20dbffff,46.0,2.03,63359.00000000001,48.34
8929aeb2103ffff,357.0,8.48,54245.862744370264,45.66
8929aeb2107ffff,249.0,12.09,53194.90227577729,45.32
8929aeb210bffff,374.0,8.09,54358.99999999999,45.7
8929aeb210fffff,373.0,8.1,54356.02306333258,45.69
8929aeb2113ffff,230.0,13.1,52902.0,45.25
8929aeb2117ffff,234.0,12.88,52968.22685967572,45.31
8929aeb211bffff,283.0,10.68,53605.14303329951,45.48
8929aeb2123ffff,312.0,18.45,47247.685862460494,43.65
8929aeb2127ffff,501.0,12.94,41267.23485335185,38.29
8929aeb212bffff,373.0,20.08,46379.58924743311,43.36
8929aeb212fffff,380.0,21.15,44386.0,42.43
8929aeb2133ffff,230.0,13.1,52902.0,45.25
8929aeb2137ffff,333.0,10.05,59585.57281999743,47.38
8929aeb213bffff,255.0,12.99,52386.24845018267,45.16
8929aeb2143ffff,298.0,14.29,59032.0,47.29
8929aeb2147ffff,330.0,11.32,56795.36449083542,46.64
8929aeb214bffff,298.0,14.29,59032.0,47.29
8929aeb214fffff,323.0,13.06,57032.423247920924,46.77
8929aeb2153ffff,381.0,11.96,48295.98369201398,43.95
8929aeb2157ffff,330.0,11.47,56331.66407116256,46.52
8929aeb215bffff,298.0,14.2,59283.31592138548,47.35
8929aeb2163ffff,302.0,7.0,70769.0,53.78
8929aeb2167ffff,303.0,7.25,70305.62436843551,53.35
8929aeb216bffff,350.0,5.92,70637.6511927826,53.63
8929aeb216fffff,302.0,7.0,70769.0,53.78
8929aeb2173ffff,364.0,7.96,56268.26436415742,46.49
8929aeb2177ffff,327.0,7.55,64186.73604708286,51.42
8929aeb217bffff,348.0,7.05,67503.89957792067,52.54
8929aeb2183ffff,254.0,10.44,56134.84381686646,46.41
8929aeb2187ffff,172.0,16.64,57920.088457988226,46.98
8929aeb218bffff,230.0,13.1,52902.0,45.25
8929aeb218fffff,230.0,13.1,52902.0,45.25
8929aeb2193ffff,280.0,8.09,58986.0,47.27
8929aeb2197ffff,173.0,11.67,58030.733425394006,47.03
8929aeb219bffff,378.0,5.03,78526.41793699059,55.57
8929aeb21a3ffff,142.0,19.84,68403.91191282107,52.66
8929aeb21a7ffff,294.0,11.09,62826.57261003805,48.09
8929aeb21abffff,236.0,12.86,53519.24220891554,45.46
8929aeb21afffff,365.0,9.46,60870.7721054167,47.69
8929aeb21b3ffff,94.0,28.55,74167.0,54.82
8929aeb21b7ffff,94.0,28.55,74167.0,54.82
8929aeb21bbffff,200.0,14.69,55087.13474333363,45.96
8929aeb21c3ffff,620.0,6.14,58308.571570554916,47.15
8929aeb21c7ffff,230.0,13.1,52902.0,45.25
8929aeb21cbffff,606.0,7.58,51316.65852689759,44.95
8929aeb21cfffff,373.0,11.15,44420.77905974718,42.46
8929aeb21d3ffff,420.0,6.41,57945.38930778921,47.0
8929aeb21d7ffff,309.0,8.12,70559.60812649489,53.4
8929aeb21dbffff,713.0,5.44,56918.4280495259,46.74
8929aeb2203ffff,12.0,4.7,42429.0,40.16
8929aeb2207ffff,376.0,1.16,48900.73143977424,44.13
8929aeb220bffff,12.0,4.7,42429.0,40.16
8929aeb220fffff,12.0,4.7,42429.0,40.16
8929aeb2213ffff,12.0,4.7,42429.0,40.16
8929aeb2217ffff,12.0,4.7,42429.0,40.16
8929aeb221bffff,12.0,4.7,42429.0,40.16
8929aeb2223ffff,27.0,7.16,54227.885303556555,45.64
8929aeb2227ffff,34.0,7.54,56042.0,46.25
8929aeb222bffff,12.0,4.7,42429.0,40.16
8929aeb222fffff,28.0,7.19,54384.536975222836,45.72
8929aeb2233ffff,504.0,1.17,49009.98751999952,44.22
8929aeb2237ffff,221.0,1.77,49687.23105050644,44.34
8929aeb223bffff,131.0,1.37,48517.45588900627,44.04
8929aeb2243ffff,12.0,4.7,42429.0,40.16
8929aeb2247ffff,12.0,4.7,42429.0,40.16
8929aeb224bffff,12.0,4.7,42429.0,40.16
8929aeb224fffff,12.0,4.7,42429.0,40.16
8929aeb2253ffff,12.0,4.7,42429.0,40.16
8929aeb2257ffff,12.0,4.7,42429.0,40.16
8929aeb225bffff,12.0,4.7,42429.0,40.16
8929aeb2263ffff,12.0,4.7,42429.0,40.16
8929aeb2267ffff,12.0,4.7,42429.0,40.16
8929aeb226bffff,12.0,4.7,42429.0,40.16
8929aeb226fffff,12.0,4.7,42429.0,40.16
8929aeb2273ffff,12.0,4.7,42429.0,40.16
8929aeb2277ffff,12.0,4.7,42429.0,40.16
8929aeb227bffff,12.0,4.7,42429.0,40.16
8929aeb2283ffff,2.0,4.7,42429.0,40.16
8929aeb2287ffff,35.0,6.33,25425.89796103274,35.77
8929aeb228bffff,12.0,4.7,42429.0,40.16
8929aeb228fffff,12.0,4.7,42429.0,40.16
8929aeb2293ffff,0.0,4.7,42429.0,40.16
8929aeb2297ffff,55.0,3.57,49666.435587482774,44.33
8929aeb229bffff,8.0,4.7,42429.0,40.16
8929aeb22a3ffff,54.0,6.46,24052.0,35.54
8929aeb22a7ffff,129.0,3.05,39974.88713396313,38.06
8929aeb22abffff,165.0,2.05,44823.58196694694,42.59
8929aeb22afffff,457.0,1.27,48296.73557403563,43.97
8929aeb22b3ffff,54.0,6.46,24052.0,35.54
8929aeb22b7ffff,54.0,6.46,24052.0,35.54
8929aeb22bbffff,38.0,6.25,26167.68264958401,35.85
8929aeb22c3ffff,12.0,4.7,42429.0,40.16
8929aeb22c7ffff,12.0,4.7,42429.0,40.16
8929aeb22cbffff,12.0,4.7,42429.0,40.16
8929aeb22cfffff,12.0,4.7,42429.0,40.16
8929aeb22d3ffff,12.0,4.7,42429.0,40.16
8929aeb22d7ffff,12.0,4.7,42429.0,40.16
8929aeb22dbffff,12.0,4.7,42429.0,40.16
8929aeb2303ffff,59.0,10.64,46198.63405897138,43.32
8929aeb2307ffff,73.0,11.26,43970.639907211706,42.34
8929aeb230bffff,34.0,7.54,56042.0,46.25
8929aeb230fffff,10.0,7.54,56039.71325610209,46.15
8929aeb2313ffff,11.0,7.54,56041.987348055685,46.17
8929aeb2317ffff,174.0,11.98,44766.0,42.57
8929aeb231bffff,34.0,7.54,56042.0,46.25
8929aeb2327ffff,65.0,9.46,41286.0,38.33
8929aeb232bffff,48.0,21.0,36622.78002691736,37.76
8929aeb232fffff,116.0,16.94,38263.11757339093,37.91
8929aeb2333ffff,0.0,7.64,40000.0,38.11
8929aeb2343ffff,293.0,9.7,43809.441339759745,42.28
8929aeb2347ffff,34.0,7.54,56042.0,46.25
8929aeb234bffff,368.0,9.76,43481.246500789406,41.7
8929aeb234fffff,317.0,9.72,43689.58418843233,42.25
8929aeb2353ffff,34.0,7.54,56042.0,46.25
8929aeb2357ffff,34.0,7.54,56042.0,46.25
8929aeb235bffff,99.0,9.14,46973.31659706723,43.57
8929aeb2363ffff,14.0,7.54,56029.66062331778,46.12
8929aeb2367ffff,79.0,21.01,36619.99972730286,37.7
8929aeb2373ffff,34.0,7.54,56042.0,46.25
8929aeb2377ffff,10.0,9.07,53832.23919170794,45.52
8929aeb237bffff,31.0,7.54,56036.13260145212,46.14
8929aeb2383ffff,344.0,9.45,73824.0,54.62
8929aeb2387ffff,353.0,11.6,59128.7013637382,47.33
8929aeb238bffff,193.0,9.88,63003.058540573424,48.12
8929aeb238fffff,398.0,11.82,46577.09416582276,43.44
8929aeb2393ffff,277.0,9.45,73824.0,54.62
8929aeb2397ffff,333.0,10.45,70773.71194652782,53.81
8929aeb239bffff,233.0,9.18,69363.85722425646,52.95
8929aeb23a3ffff,390.0,10.27,51235.67597140229,44.89
8929aeb23a7ffff,384.0,5.2,70046.73482855895,53.28
8929aeb23abffff,246.0,11.93,44709.798147865455,42.52
8929aeb23afffff,158.0,8.89,48774.77380562291,44.1
8929aeb23b3ffff,397.0,12.23,46344.76277300658,43.35
8929aeb23b7ffff,396.0,6.31,66253.73754178511,51.66
8929aeb23bbffff,415.0,11.98,44766.0,42.57
8929aeb23c3ffff,43.0,6.92,37806.29304496481,37.85
8929aeb23c7ffff,34.0,7.53,55696.653356434574,46.06
8929aeb23cbffff,34.0,7.54,56042.0,46.25
8929aeb23cfffff,34.0,7.54,56042.0,46.25
8929aeb23d3ffff,55.0,6.37,24446.45203556215,35.71
8929aeb23d7ffff,54.0,6.46,24058.98488615,35.65
8929aeb23dbffff,468.0,1.24,48576.37569423163,44.06
8929aeb2403ffff,210.0,3.58,70649.70615362376,53.64
8929aeb2407ffff,326.0,5.25,74000.0,54.68
8929aeb240bffff,150.0,1.69,66868.0,52.06
8929aeb240fffff,214.0,4.88,75145.76050796385,55.12
8929aeb2413ffff,168.0,3.69,70187.4449833099,53.34
8929aeb2417ffff,326.0,5.25,74000.0,54.68
8929aeb241bffff,150.0,1.69,66868.0,52.06
8929aeb2423ffff,325.0,9.55,89401.26788360231,62.86
8929aeb2427ffff,155.0,3.6,73125.1633785902,54.44
8929aeb242bffff,325.0,9.55,89409.0,62.88
8929aeb242fffff,352.0,7.9,80534.11545606486,56.37
8929aeb2433ffff,326.0,6.99,80239.18921335838,56.27
8929aeb2437ffff,188.0,5.05,79197.16784815429,55.69
8929aeb243bffff,325.0,9.46,89087.1302501701,62.79
8929aeb2443ffff,16.0,1.69,66868.0,52.06
8929aeb2447ffff,146.0,1.69,66868.0,52.06
8929aeb244bffff,9.0,1.69,66868.0,52.06
8929aeb244fffff,136.0,1.69,66868.0,52.06
8929aeb2453ffff,60.0,1.69,66868.0,52.06
8929aeb2457ffff,134.0,1.69,66868.0,52.06
8929aeb2463ffff,150.0,1.69,66868.0,52.06
8929aeb2467ffff,240.0,5.25,73043.13144460096,54.4
8929aeb246bffff,153.0,1.82,65567.05425388874,51.57
8929aeb246fffff,157.0,1.99,63763.588562947705,51.33
8929aeb2473ffff,150.0,1.69,66868.0,52.06
8929aeb2477ffff,219.0,6.26,79980.92471850986,55.82
8929aeb247bffff,150.0,1.69,66868.0,52.06
8929aeb2483ffff,23.0,6.64,,64.97
8929aeb2487ffff,72.0,6.64,,64.97
8929aeb248bffff,26.0,7.06,49728.0,44.49
8929aeb248fffff,125.0,6.11,74000.0,54.68
8929aeb249bffff,2.0,8.04,49728.0,44.49
8929aeb24a3ffff,440.0,8.16,93620.66584685394,64.83
8929aeb24a7ffff,469.0,8.69,97168.0,66.02
8929aeb24abffff,326.0,5.25,74000.0,54.68
8929aeb24afffff,443.0,8.23,94105.25115937206,65.23
8929aeb24b3ffff,313.0,3.03,140305.43072822582,85.66
8929aeb24b7ffff,426.0,6.22,115425.37921534471,73.57
8929aeb24bbffff,249.0,5.42,74000.0,54.68
8929aeb24c3ffff,15.0,8.04,49728.0,44.49
8929aeb24c7ffff,46.0,3.3,62535.902522409626,48.0
8929aeb24cbffff,35.0,3.55,61851.77818394984,47.86
8929aeb24cfffff,130.0,1.8,66575.06022015255,51.72
8929aeb24d3ffff,8.0,8.04,49728.0,44.49
8929aeb24d7ffff,15.0,8.04,49728.0,44.49
8929aeb24dbffff,15.0,8.04,49728.0,44.49
8929aeb2503ffff,208.0,5.87,60198.05557235856,47.57
8929aeb2507ffff,217.0,9.63,58951.06666087411,47.26
8929aeb250bffff,288.0,7.92,57225.0,46.84
8929aeb250fffff,287.0,7.94,57488.84724579208,46.92
8929aeb2513ffff,129.0,1.31,66833.0,51.9
8929aeb2517ffff,234.0,5.38,115382.67405925655,73.55
8929aeb251bffff,133.0,1.7,66258.5557459759,51.68
8929aeb2523ffff,118.0,16.01,56872.945970668006,46.73
8929aeb2527ffff,132.0,14.27,58603.32230818172,47.2
8929aeb252bffff,274.0,8.22,58950.82627168349,47.24
8929aeb252fffff,139.0,13.93,57426.88960024294,46.91
8929aeb2533ffff,117.0,16.18,56827.0,46.68
8929aeb2537ffff,160.0,11.58,61085.115660708965,47.71
8929aeb253bffff,247.0,8.86,58573.55021099481,47.18
8929aeb2543ffff,292.0,12.17,47278.0,43.69
8929aeb2547ffff,291.0,11.14,49701.72170913177,44.37
8929aeb254bffff,310.0,10.78,47950.06774546676,43.86
8929aeb254fffff,292.0,12.17,47278.0,43.69
8929aeb2553ffff,144.0,3.36,63130.761647287094,48.15
8929aeb2557ffff,227.0,8.98,53418.45279583758,45.43
8929aeb255bffff,266.0,9.01,51637.93858176461,44.99
8929aeb2563ffff,423.0,4.05,83700.48736424347,59.71
8929aeb2567ffff,390.0,4.7,79931.39565496283,55.8
8929aeb256bffff,381.0,6.76,55985.96482409748,46.11
8929aeb256fffff,445.0,3.65,86435.0,61.78
8929aeb2573ffff,288.0,7.92,57225.0,46.84
8929aeb2577ffff,305.0,7.14,63816.62213701439,51.38
8929aeb257bffff,319.0,9.42,51281.58740392228,44.92
8929aeb2583ffff,290.0,6.36,127040.63309398694,78.61
8929aeb2587ffff,292.0,6.39,127386.00000000001,81.48
8929aeb258bffff,134.0,1.65,70962.9161978822,54.06
8929aeb258fffff,268.0,6.02,122998.6732054777,76.71
8929aeb2593ffff,292.0,6.39,127386.00000000001,81.48
8929aeb2597ffff,292.0,6.39,127386.0,81.45
8929aeb259bffff,161.0,3.09,88117.62883058572,62.37
8929aeb25a3ffff,279.0,6.6,124636.11284879303,77.16
8929aeb25a7ffff,235.0,7.11,85707.86561999454,61.52
8929aeb25abffff,226.0,8.32,113477.98300934554,69.87
8929aeb25afffff,172.0,10.77,73446.46208230057,54.53
8929aeb25b3ffff,281.0,6.57,125089.69819162747,77.23
8929aeb25b7ffff,194.0,8.68,97526.45233335618,66.26
8929aeb25bbffff,292.0,6.39,127386.0,81.45
8929aeb25c3ffff,180.0,4.2,78702.84044077201,55.62
8929aeb25c7ffff,129.0,1.31,66833.0,51.9
8929aeb25cbffff,129.0,1.31,66833.0,51.9
8929aeb25cfffff,129.0,1.31,66833.0,51.9
8929aeb25d3ffff,419.0,8.35,95796.12336532726,65.73
8929aeb25d7ffff,129.0,1.31,66843.8398753034,51.94
8929aeb25dbffff,367.0,7.9,93942.28276698392,65.16
8929aeb2603ffff,12.0,4.7,42429.0,40.16
8929aeb2607ffff,6.0,4.7,42429.0,40.16
8929aeb260bffff,11.0,4.7,42429.0,40.16
8929aeb260fffff,0.0,4.7,42429.0,40.16
8929aeb2613ffff,3.0,9.47,57145.14720092805,46.8
8929aeb2617ffff,7.0,4.91,43056.83851113266,41.51
8929aeb261bffff,8.0,5.25,44115.089013178236,42.35
8929aeb2623ffff,84.0,2.03,63359.0,48.29
8929aeb2627ffff,158.0,2.03,63359.0,48.29
8929aeb262fffff,88.0,2.03,63359.0,48.29
8929aeb2633ffff,81.0,2.04,63274.8505483941,48.19
8929aeb2637ffff,158.0,2.03,63358.99999999999,48.23
8929aeb2643ffff,12.0,4.7,42429.0,40.16
8929aeb2647ffff,12.0,4.7,42429.0,40.16
8929aeb264bffff,12.0,4.7,42429.0,40.16
8929aeb264fffff,12.0,4.7,42429.0,40.16
8929aeb2653ffff,9.0,5.06,43537.121310208,41.72
8929aeb2657ffff,12.0,4.7,42429.0,40.16
8929aeb265bffff,12.0,4.7,42429.0,40.16
8929aeb2663ffff,10.0,4.7,42429.0,40.16
8929aeb2667ffff,0.0,4.7,42429.0,40.16
8929aeb266bffff,12.0,4.7,42429.0,40.16
8929aeb266fffff,10.0,4.7,42429.0,40.16
8929aeb2673ffff,11.0,4.7,42429.0,40.16
8929aeb2677ffff,0.0,4.7,42429.0,40.16
8929aeb267bffff,12.0,4.7,42429.0,40.16
8929aeb2683ffff,0.0,11.61,63750.0,49.85
8929aeb2687ffff,6.0,1.69,66867.99999999894,51.95
8929aeb268bffff,0.0,11.61,63750.0,49.85
8929aeb268fffff,0.0,11.61,63750.0,49.85
8929aeb2693ffff,2.0,11.61,63750.0,49.85
8929aeb2697ffff,1.0,11.56,63764.40959980724,51.35
8929aeb269bffff,2.0,11.61,63750.00000000001,51.08
8929aeb26a3ffff,154.0,1.86,65182.12043708801,51.54
8929aeb26a7ffff,158.0,2.02,63522.81276434037,48.37
8929aeb26abffff,84.0,2.22,61887.130338402836,47.89
8929aeb26afffff,158.0,2.03,63359.0,48.29
8929aeb26b3ffff,90.0,1.69,66868.0,52.06
8929aeb26b7ffff,150.0,1.69,66868.0,52.06
8929aeb26bbffff,71.0,1.7,66802.63982175755,51.85
8929aeb26c3ffff,2.0,11.61,63750.0,49.85
8929aeb26c7ffff,2.0,11.61,63750.0,49.85
8929aeb26cbffff,2.0,11.61,63750.0,49.85
8929aeb26cfffff,3.0,8.25,53382.679796955235,45.4
8929aeb26d3ffff,2.0,11.61,63750.0,49.85
8929aeb26d7ffff,2.0,11.61,63750.0,49.85
8929aeb26dbffff,2.0,11.61,63750.0,49.85
8929aeb2803ffff,55.0,3.77,31982.24471117495,36.87
8929aeb2807ffff,479.0,5.36,31303.19342716323,36.72
8929aeb280bffff,61.0,22.14,45562.41121569403,43.06
8929aeb280fffff,141.0,17.51,33047.99241307428,37.16
8929aeb2813ffff,5.0,6.68,60133.19926048362,47.56
8929aeb2817ffff,413.0,3.71,39015.42777854239,37.94
8929aeb2823ffff,85.0,23.86,45648.6855543022,43.09
8929aeb2827ffff,53.0,19.34,88867.11387993547,62.74
8929aeb282bffff,100.0,24.97,34888.0,37.53
8929aeb282fffff,65.0,21.69,66896.06859234205,52.19
8929aeb2833ffff,207.0,15.89,62502.78594458269,47.97
8929aeb2837ffff,244.0,10.21,96612.46710671188,65.9
8929aeb283bffff,100.0,24.97,34888.0,37.53
8929aeb2843ffff,323.0,11.18,53983.76391218389,45.6
8929aeb2847ffff,353.0,29.21,39106.26470792266,37.96
8929aeb284bffff,326.0,4.67,66704.64582181924,51.8
8929aeb284fffff,429.0,10.0,57762.32264307048,46.95
8929aeb2853ffff,73.0,17.0,40956.0,38.27
8929aeb2857ffff,15.0,17.05,40940.44101488233,38.25
8929aeb285bffff,243.0,10.41,64061.65149793195,51.39
8929aeb2863ffff,267.0,19.53,55835.5717496538,46.08
8929aeb2867ffff,145.0,22.17,45443.73272469581,43.02
8929aeb286bffff,310.0,24.46,47385.865805214664,43.74
8929aeb286fffff,271.0,19.24,56487.0,46.56
8929aeb2873ffff,209.0,20.37,52494.48496998594,45.17
8929aeb2877ffff,100.0,24.97,34897.29450453911,37.55
8929aeb287bffff,363.0,29.79,38107.67919734081,37.9
8929aeb2883ffff,257.0,6.41,55208.45645598283,45.99
8929aeb2887ffff,190.0,10.72,57106.90322305944,46.79
8929aeb288bffff,617.0,9.97,45088.999676543,42.71
8929aeb288fffff,353.0,4.45,54957.11177074176,45.85
8929aeb2893ffff,295.0,7.05,55438.655629427,46.02
8929aeb2897ffff,187.0,8.36,59387.83559621781,47.36
8929aeb289bffff,678.0,9.98,44976.201464196354,42.68
8929aeb28a3ffff,107.0,67.08,30500.0,36.48
8929aeb28a7ffff,107.0,67.08,30500.0,36.48
8929aeb28abffff,466.0,11.62,45755.42900011991,43.14
8929aeb28afffff,153.0,41.93,59632.625646780616,47.42
8929aeb28b3ffff,107.0,67.08,30500.0,36.48
8929aeb28b7ffff,107.0,67.08,30500.0,36.48
8929aeb28bbffff,517.0,11.16,53308.08180386847,45.37
8929aeb28c3ffff,0.0,9.98,44966.0,42.67
8929aeb28c7ffff,193.0,10.38,44735.80209303165,42.53
8929aeb28cbffff,7.0,17.0,40956.0,38.27
8929aeb28d7ffff,449.0,9.93,45413.23755621104,43.0
8929aeb2903ffff,45.0,19.21,88608.98590592961,62.53
8929aeb2907ffff,24.0,17.7,87464.89139425414,62.05
8929aeb290bffff,30.0,18.36,87969.13139958082,62.34
8929aeb290fffff,10.0,13.3,84135.0,60.5
8929aeb2913ffff,339.0,18.07,71976.86300316373,54.26
8929aeb2917ffff,184.0,16.83,83950.35992854615,59.8
8929aeb291bffff,161.0,14.5,86698.72393772617,61.84
8929aeb2923ffff,5.0,13.3,84135.0,60.5
8929aeb2927ffff,9.0,13.3,84135.0,60.5
8929aeb292fffff,0.0,13.3,84135.0,60.5
8929aeb2933ffff,10.0,13.37,84190.78727232841,61.16
8929aeb2937ffff,10.0,13.3,84135.0,60.5
8929aeb293bffff,10.0,13.3,84135.0,60.5
8929aeb2943ffff,70.0,16.49,91289.8966385116,63.39
8929aeb2947ffff,26.0,17.95,87657.40841583506,62.09
8929aeb294bffff,51.0,19.39,88748.48835651836,62.56
8929aeb294fffff,20.0,16.95,86899.96802880385,61.9
8929aeb2953ffff,307.0,9.7,97046.15948806186,65.94
8929aeb2957ffff,101.0,13.79,93575.42518752403,64.81
8929aeb295bffff,53.0,19.22,88970.98156793736,62.76
8929aeb2963ffff,4.0,13.3,84135.0,60.5
8929aeb296bffff,5.0,13.3,84135.0,60.5
8929aeb2973ffff,10.0,13.3,84135.0,60.5
8929aeb2977ffff,4.0,13.3,84135.0,60.5
8929aeb297bffff,10.0,13.3,84135.0,60.5
8929aeb2983ffff,229.0,18.29,112007.13898256246,69.57
8929aeb2987ffff,160.0,6.26,114905.22184018332,73.49
8929aeb298bffff,359.0,18.05,71806.0,54.25
8929aeb298fffff,333.0,17.66,74723.12898757766,55.0
8929aeb2993ffff,67.0,19.39,205813.0,93.18
8929aeb2997ffff,127.0,19.39,205813.0,93.18
8929aeb299bffff,11.0,18.54,120262.56520309833,76.07
8929aeb29a3ffff,175.0,5.1,103809.59510812136,67.91
8929aeb29a7ffff,132.0,8.0,65749.69790733814,51.59
8929aeb29abffff,70.0,12.59,124969.52835045989,77.2
8929aeb29afffff,40.0,15.87,94065.02499933908,65.22
8929aeb29b3ffff,153.0,5.37,116155.774659547,73.69
8929aeb29b7ffff,238.0,4.86,60249.13446040536,47.59
8929aeb29bbffff,107.0,6.28,158482.0,89.57
8929aeb29c3ffff,347.0,9.46,97242.00000000001,66.08
8929aeb29c7ffff,352.0,13.37,85684.19085399703,61.51
8929aeb29cbffff,312.0,9.66,97076.73521516344,65.96
8929aeb29cfffff,347.0,9.46,97242.0,66.06
8929aeb29d3ffff,130.0,51.9,48086.34664953376,43.89
8929aeb29d7ffff,230.0,16.5,85753.46281764092,61.58
8929aeb29dbffff,280.0,15.61,90125.26876306352,63.17
8929aeb2a03ffff,351.0,8.75,52344.56926914875,45.13
8929aeb2a07ffff,397.0,9.02,56592.05788548488,46.59
8929aeb2a0bffff,341.0,9.88,46891.53329344592,43.56
8929aeb2a0fffff,265.0,8.68,52847.31252779995,45.2
8929aeb2a13ffff,309.0,9.66,56476.5932382054,46.55
8929aeb2a17ffff,403.0,8.12,56143.21331376111,46.43
8929aeb2a1bffff,313.0,9.2,48671.36806200447,44.07
8929aeb2a23ffff,40.0,7.59,68450.0,52.72
8929aeb2a27ffff,40.0,7.59,68450.0,52.72
8929aeb2a2bffff,47.0,8.12,71722.84237638155,54.23
8929aeb2a2fffff,40.0,7.59,68450.0,52.72
8929aeb2a33ffff,243.0,23.91,69343.82851927489,52.92
8929aeb2a37ffff,97.0,10.41,68445.2383563168,52.68
8929aeb2a3bffff,107.0,8.16,59813.77465591239,47.48
8929aeb2a43ffff,465.0,12.84,31012.117179734472,36.65
8929aeb2a47ffff,240.0,10.36,44151.61946440813,42.37
8929aeb2a4bffff,271.0,13.6,25998.86900219487,35.83
8929aeb2a4fffff,57.0,9.71,41652.252089401816,38.52
8929aeb2a53ffff,457.0,12.82,30524.26707302444,36.54
8929aeb2a57ffff,372.0,10.44,44375.0,42.41
8929aeb2a5bffff,534.0,14.09,24063.0,35.66
8929aeb2a63ffff,101.0,9.71,81661.81505380823,56.75
8929aeb2a67ffff,181.0,10.33,85539.73765980672,61.49
8929aeb2a6bffff,75.0,9.89,59111.66462043507,47.32
8929aeb2a6fffff,184.0,10.37,84705.45829651644,61.28
8929aeb2a73ffff,75.0,9.34,48301.62261200329,43.98
8929aeb2a77ffff,40.0,7.59,68450.0,52.72
8929aeb2a7bffff,52.0,9.38,44386.711274362286,42.44
8929aeb2a83ffff,184.0,15.45,101151.0,67.2
8929aeb2a87ffff,231.0,8.93,74946.22023665626,55.03
8929aeb2a8bffff,270.0,10.74,61317.668056032715,47.74
8929aeb2a8fffff,184.0,15.45,101151.00000000001,67.23
8929aeb2a93ffff,56.0,15.45,101151.0,67.2
8929aeb2a97ffff,226.0,9.27,76322.26678101893,55.36
8929aeb2a9bffff,239.0,13.4,88341.1770739355,62.47
8929aeb2aa3ffff,324.0,6.12,66910.12139990921,52.21
8929aeb2aa7ffff,395.0,6.36,62507.357184769055,47.98
8929aeb2aabffff,294.0,21.44,67900.36162731945,52.58
8929aeb2aafffff,280.0,11.48,68081.17840029635,52.6
8929aeb2ab3ffff,327.0,4.65,66695.9554799769,51.78
8929aeb2ab7ffff,427.0,10.79,56958.80388295752,46.76
8929aeb2abbffff,254.0,8.17,69561.06478124142,53.08
8929aeb2ac3ffff,247.0,9.1,67138.25580767608,52.25
8929aeb2ac7ffff,277.0,8.12,51491.63725373253,44.98
8929aeb2acbffff,342.0,11.86,34774.510290354,37.48
8929aeb2acfffff,249.0,6.94,53301.06463841708,45.35
8929aeb2ad3ffff,256.0,13.34,90062.0,63.12
8929aeb2ad7ffff,274.0,11.57,73414.36395696006,54.5
8929aeb2adbffff,310.0,13.29,46686.92613884349,43.45
8929aeb2b03ffff,12.0,14.49,85041.73816359854,61.34
8929aeb2b07ffff,10.0,13.3,84135.0,60.5
8929aeb2b0bffff,12.0,14.36,84938.05915460264,61.29
8929aeb2b0fffff,6.0,13.3,84135.00000000001,61.11
8929aeb2b13ffff,51.0,19.42,88766.3972926816,62.58
8929aeb2b17ffff,20.0,16.98,86924.37688994288,61.93
8929aeb2b1bffff,52.0,19.42,88770.26875686095,62.61
8929aeb2b23ffff,6.0,13.3,84135.0,60.5
8929aeb2b27ffff,1.0,13.3,84135.0,60.5
8929aeb2b2bffff,5.0,13.3,84135.0,60.5
8929aeb2b2fffff,0.0,13.3,84135.0,60.5
8929aeb2b33ffff,10.0,13.3,84135.0,60.5
8929aeb2b37ffff,6.0,13.3,84135.0,60.5
8929aeb2b3bffff,8.0,13.3,84135.0,60.5
8929aeb2b43ffff,42.0,9.76,72174.2249640685,54.31
8929aeb2b47ffff,17.0,16.22,86334.18307955348,61.72
8929aeb2b4bffff,60.0,9.84,79604.46404893017,55.77
8929aeb2b4fffff,20.0,9.53,73773.99421379123,54.59
8929aeb2b53ffff,43.0,11.07,74412.99349922274,54.95
8929aeb2b57ffff,51.0,19.42,88767.17681645854,62.59
8929aeb2b5bffff,40.0,7.59,68450.0,52.72
8929aeb2b63ffff,7.0,13.3,84135.0,60.5
8929aeb2b6bffff,6.0,13.3,84135.0,60.5
8929aeb2b6fffff,1.0,13.3,84135.0,60.5
8929aeb2b73ffff,10.0,13.3,84135.0,60.5
8929aeb2b77ffff,1.0,13.3,84135.0,60.5
8929aeb2b7bffff,10.0,13.3,84135.0,60.5
8929aeb2b83ffff,52.0,19.44,88785.0,62.66
8929aeb2b87ffff,52.0,19.44,88785.0,62.66
8929aeb2b8bffff,52.0,19.44,88785.0,62.66
8929aeb2b8fffff,52.0,19.44,88785.0,62.66
8929aeb2b93ffff,81.0,23.51,49070.408596157446,44.25
8929aeb2b97ffff,52.0,19.44,88785.00000000001,62.71
8929aeb2b9bffff,191.0,13.39,53841.60793193922,45.54
8929aeb2ba3ffff,10.0,13.3,84135.0,60.5
8929aeb2ba7ffff,10.0,13.3,84135.0,60.5
8929aeb2babffff,10.0,13.3,84135.0,60.5
8929aeb2bafffff,10.0,13.3,84135.0,60.5
8929aeb2bb3ffff,14.0,15.39,85722.42151487205,61.57
8929aeb2bb7ffff,10.0,13.3,84135.0,60.5
8929aeb2bbbffff,20.0,16.97,86917.40270934309,61.91
8929aeb2bc3ffff,81.0,13.39,72366.46435640243,54.32
8929aeb2bc7ffff,52.0,19.44,88785.0,62.66
8929aeb2bcbffff,47.0,14.92,81022.8621568672,56.4
8929aeb2bcfffff,52.0,19.44,88785.0,62.66
8929aeb2bd3ffff,378.0,8.95,50460.841305255686,44.74
8929aeb2bd7ffff,240.0,6.99,52916.8220002824,45.29
8929aeb2bdbffff,332.0,4.11,59683.038205373916,47.47
8929aeb2c03ffff,310.0,12.31,54781.12874834859,45.81
8929aeb2c07ffff,270.0,11.89,66690.0862328583,51.77
8929aeb2c0bffff,279.0,11.86,66146.24735162678,51.62
8929aeb2c0fffff,325.0,11.79,49693.21040064076,44.36
8929aeb2c13ffff,414.0,11.57,47733.70576801296,43.77
8929aeb2c17ffff,463.0,8.37,48173.99855718977,43.94
8929aeb2c1bffff,271.0,11.85,69607.51634202962,53.1
8929aeb2c23ffff,529.0,8.72,75195.26316454583,55.14
8929aeb2c27ffff,409.0,12.74,81832.5755846902,59.41
8929aeb2c2bffff,450.0,8.38,60063.0,47.53
8929aeb2c2fffff,304.0,9.12,62748.98293151235,48.06
8929aeb2c33ffff,483.0,7.7,82473.77986964982,59.54
8929aeb2c37ffff,605.0,9.03,85097.95779583868,61.35
8929aeb2c3bffff,443.0,8.59,58645.448648854974,47.23
8929aeb2c43ffff,541.0,8.09,43592.326282188136,42.23
8929aeb2c47ffff,290.0,14.65,58311.44106365249,47.17
8929aeb2c4bffff,248.0,13.35,49482.554571003006,44.3
8929aeb2c4fffff,266.0,20.46,37781.0,37.84
8929aeb2c53ffff,614.0,6.96,42744.90334016787,41.46
8929aeb2c57ffff,348.0,4.22,95470.87357741843,65.64
8929aeb2c5bffff,449.0,16.0,42337.72456427914,38.92
8929aeb2c63ffff,364.0,11.47,42531.07559957411,41.42
8929aeb2c67ffff,517.0,9.11,53408.34076752535,45.42
8929aeb2c6bffff,215.0,15.45,53800.10379586211,45.51
8929aeb2c6fffff,338.0,8.69,56254.843214049906,46.47
8929aeb2c73ffff,362.0,11.6,42460.17889243972,41.4
8929aeb2c77ffff,403.0,9.8,50132.764009655235,44.71
8929aeb2c7bffff,267.0,20.34,37843.65936288211,37.87
8929aeb2c83ffff,450.0,14.01,62419.319768568756,47.95
8929aeb2c87ffff,645.0,9.47,54444.00000000001,45.76
8929aeb2c8bffff,380.0,16.75,67232.0,52.39
8929aeb2c8fffff,468.0,12.65,58220.7807847415,47.12
8929aeb2c93ffff,191.0,18.02,66148.216019561,51.63
8929aeb2c97ffff,543.0,9.47,54444.0,45.74
8929aeb2c9bffff,371.0,16.86,67291.50775194977,52.46
8929aeb2ca3ffff,335.0,3.89,83750.0,59.75
8929aeb2ca7ffff,349.0,9.35,76282.84807464086,55.35
8929aeb2cabffff,335.0,3.89,83750.0,59.75
8929aeb2cafffff,403.0,5.92,83742.17243334197,59.72
8929aeb2cb3ffff,444.0,5.65,74266.73531254019,54.88
8929aeb2cb7ffff,365.0,8.67,77251.54720888105,55.42
8929aeb2cbbffff,410.0,5.91,73123.13731271765,54.43
8929aeb2cc3ffff,385.0,9.14,61564.99999999999,47.78
8929aeb2cc7ffff,348.0,14.54,66871.00759001481,52.16
8929aeb2ccbffff,486.0,8.01,50603.6317314351,44.78
8929aeb2ccfffff,353.0,4.7,91892.55030244142,63.5
8929aeb2cd3ffff,385.0,9.14,61565.00000000001,47.82
8929aeb2cd7ffff,381.0,15.22,66091.5254404738,51.6
8929aeb2cdbffff,385.0,9.14,61565.0,47.8
8929aeb2d03ffff,239.0,14.97,77787.23167852427,55.51
8929aeb2d07ffff,332.0,14.76,84071.5415085491,59.86
8929aeb2d0bffff,161.0,28.36,66689.19512226469,51.75
8929aeb2d0fffff,175.0,15.11,82422.37714600032,59.53
8929aeb2d13ffff,235.0,14.78,78977.15095318177,55.66
8929aeb2d17ffff,344.0,14.62,83898.95888750258,59.78
8929aeb2d1bffff,149.0,30.12,64310.406357525884,51.44
8929aeb2d23ffff,40.0,29.03,201203.82858822725,93.08
8929aeb2d27ffff,100.0,24.84,203208.51997676308,93.1
8929aeb2d2bffff,4.0,19.39,205813.0,93.18
8929aeb2d2fffff,121.0,20.43,205317.40564993542,93.14
8929aeb2d33ffff,86.0,20.15,126071.97669457996,78.52
8929aeb2d37ffff,33.0,29.76,200855.0,93.06
8929aeb2d3bffff,1.0,29.76,200855.0,93.06
8929aeb2d43ffff,111.0,55.68,41418.93921199438,38.38
8929aeb2d47ffff,114.0,48.72,48087.19589115649,43.91
8929aeb2d4bffff,110.0,58.05,39145.00064909892,37.97
8929aeb2d4fffff,107.0,67.08,30499.999999999996,36.43
8929aeb2d53ffff,116.0,42.61,53947.0,45.57
8929aeb2d57ffff,116.0,42.61,53947.0,45.57
8929aeb2d5bffff,116.0,42.78,53755.76914318995,45.49
8929aeb2d63ffff,47.0,63.94,44831.11095642881,42.61
8929aeb2d6bffff,107.0,67.08,30500.000000000004,36.52
8929aeb2d6fffff,43.0,63.43,47153.093561930036,43.63
8929aeb2d73ffff,87.0,43.25,60654.36097332126,47.68
8929aeb2d7bffff,107.0,67.08,30500.0,36.48
8929aeb2d83ffff,334.0,11.77,104722.00000000001,68.19
8929aeb2d87ffff,334.0,11.77,104722.0,68.18
8929aeb2d8bffff,334.0,11.77,104721.99999999999,68.16
8929aeb2d8fffff,332.0,11.96,103264.2036217911,67.83
8929aeb2d93ffff,318.0,11.39,83633.63418421564,59.69
8929aeb2d97ffff,335.0,11.48,100480.65275843689,67.0
8929aeb2d9bffff,318.0,11.39,84023.52920189309,59.82
8929aeb2da3ffff,328.0,9.65,71506.92933450732,54.2
8929aeb2da7ffff,361.0,7.09,91116.65808718505,63.38
8929aeb2dabffff,233.0,16.87,101821.94793692023,67.42
8929aeb2dafffff,91.0,28.33,191680.9032024528,92.74
8929aeb2db3ffff,342.0,9.64,73891.08221831432,54.64
8929aeb2db7ffff,409.0,6.86,80392.50227868848,56.31
8929aeb2dbbffff,336.0,11.55,97726.76367666293,66.32
8929aeb2dc3ffff,577.0,12.33,70884.17432037332,54.03
8929aeb2dc7ffff,225.0,20.18,66162.29376408477,51.65
8929aeb2dcbffff,651.0,12.08,77611.80105027922,55.48
8929aeb2dcfffff,129.0,39.09,56580.6939199215,46.58
8929aeb2dd3ffff,309.0,15.18,52710.990266918176,45.19
8929aeb2dd7ffff,302.0,14.64,64407.59984347174,51.45
8929aeb2ddbffff,664.0,11.77,74083.9747606348,54.73
8929aeb2e03ffff,6.0,6.86,41653.0,38.55
8929aeb2e13ffff,349.0,5.82,50985.54449345391,44.84
8929aeb2e17ffff,145.0,7.3,48163.16831110403,43.92
8929aeb2e1bffff,242.0,5.81,45890.05113747364,43.18
8929aeb2e27ffff,163.0,11.97,66631.28122258528,51.74
8929aeb2e2fffff,65.0,9.69,78958.0155340645,55.65
8929aeb2e33ffff,9.0,6.86,41653.0,38.55
8929aeb2e43ffff,183.0,9.46,41286.0,38.33
8929aeb2e47ffff,92.0,11.09,48364.86865474588,44.0
8929aeb2e4bffff,208.0,9.78,43372.36097185451,41.66
8929aeb2e4fffff,306.0,10.44,48397.079815919526,44.01
8929aeb2e53ffff,160.0,9.46,41286.0,38.33
8929aeb2e57ffff,78.0,9.46,41290.64258346547,38.37
8929aeb2e5bffff,183.0,9.46,41286.0,38.33
8929aeb2e63ffff,40.0,5.9,62262.92093590985,47.94
8929aeb2e67ffff,96.0,8.22,77148.14890663092,55.41
8929aeb2e6bffff,324.0,8.19,68637.32878801206,52.77
8929aeb2e6fffff,270.0,11.59,84064.79367445894,59.85
8929aeb2e7bffff,133.0,6.6,62022.0,47.91
8929aeb2e83ffff,214.0,10.26,54971.51489255524,45.87
8929aeb2e87ffff,196.0,7.93,57237.0,46.87
8929aeb2e8bffff,380.0,5.62,52002.66647853611,45.08
8929aeb2e8fffff,196.0,7.93,57237.0,46.87
8929aeb2e93ffff,374.0,20.29,45997.171364231006,43.23
8929aeb2e97ffff,328.0,18.92,46556.64805366404,43.41
8929aeb2e9bffff,341.0,6.65,61498.31647467831,47.77
8929aeb2ea3ffff,231.0,8.49,51264.24910297734,44.9
8929aeb2ea7ffff,74.0,4.62,90448.00143957998,63.21
8929aeb2eabffff,180.0,6.86,41653.0,38.55
8929aeb2eafffff,80.0,6.83,42162.006388847934,38.82
8929aeb2eb3ffff,211.0,11.32,51973.13069258759,45.07
8929aeb2eb7ffff,265.0,20.38,38029.878561051635,37.88
8929aeb2ebbffff,201.0,7.82,55617.82450358335,46.05
8929aeb2ec3ffff,336.0,4.95,49268.30381573407,44.28
8929aeb2ec7ffff,583.0,4.77,50069.0,44.69
8929aeb2ecfffff,281.0,5.28,48753.31668213506,44.09
8929aeb2ed3ffff,335.0,5.51,59858.48863500687,47.5
8929aeb2ed7ffff,576.0,4.8,50344.20082429558,44.72
8929aeb3023ffff,8.0,6.25,,64.97
8929aeb3027ffff,11.0,6.25,,64.97
8929aeb302bffff,0.0,6.25,,64.97
8929aeb302fffff,10.0,6.25,,64.97
8929aeb3033ffff,3.0,6.25,,64.97
8929aeb3037ffff,11.0,6.25,,64.97
8929aeb3063ffff,2.0,8.11,70583.0,53.5
8929aeb3067ffff,13.0,8.05,70583.0,53.5
8929aeb306bffff,8.0,8.11,70583.0,53.5
8929aeb306fffff,22.0,8.11,70583.0,53.5
8929aeb30afffff,1.0,6.25,,64.97
8929aeb3103ffff,12.0,4.7,42429.0,40.16
8929aeb3107ffff,12.0,4.7,42429.0,40.16
8929aeb310bffff,12.0,4.83,42429.0,40.16
8929aeb310fffff,12.0,4.7,42429.0,40.16
8929aeb3113ffff,12.0,4.7,42429.0,40.16
8929aeb3117ffff,12.0,4.7,42429.0,40.16
8929aeb311bffff,12.0,4.86,42429.0,40.16
8929aeb3123ffff,12.0,4.7,42429.0,40.16
8929aeb3127ffff,12.0,4.7,42429.0,40.16
8929aeb312bffff,12.0,4.7,42429.0,40.16
8929aeb312fffff,12.0,4.7,42429.0,40.16
8929aeb3133ffff,12.0,4.7,42429.0,40.16
8929aeb3137ffff,12.0,4.7,42429.0,40.16
8929aeb313bffff,12.0,4.7,42429.0,40.16
8929aeb3143ffff,11.0,6.25,,64.97
8929aeb3147ffff,11.0,6.22,42429.0,40.16
8929aeb314bffff,11.0,6.25,,64.97
8929aeb314fffff,119.0,2.37,81765.0,59.36
8929aeb3153ffff,11.0,6.25,,64.97
8929aeb3157ffff,11.0,6.23,42429.0,40.16
8929aeb315bffff,11.0,6.25,,64.97
8929aeb3163ffff,33.0,2.95,68397.19632926793,52.65
8929aeb3167ffff,12.0,4.7,42429.0,40.16
8929aeb316bffff,646.0,2.04,81722.65946130957,59.3
8929aeb316fffff,26.0,3.18,64944.552080181486,51.51
8929aeb3173ffff,12.0,4.8,42429.0,40.16
8929aeb3177ffff,12.0,4.7,42429.0,40.16
8929aeb317bffff,451.0,2.08,81718.61614315856,59.29
8929aeb3183ffff,12.0,4.7,42429.0,40.16
8929aeb3187ffff,12.0,4.7,42429.0,40.16
8929aeb318bffff,12.0,4.7,42429.0,40.16
8929aeb318fffff,12.0,4.7,42429.0,40.16
8929aeb3193ffff,12.0,4.7,42429.0,40.16
8929aeb3197ffff,12.0,4.7,42429.0,40.16
8929aeb319bffff,12.0,4.7,42429.0,40.16
8929aeb31a3ffff,12.0,4.7,42429.0,40.16
8929aeb31a7ffff,12.0,4.7,42429.0,40.16
8929aeb31abffff,12.0,4.7,42429.0,40.16
8929aeb31afffff,12.0,4.7,42429.0,40.16
8929aeb31b3ffff,12.0,4.7,42429.0,40.16
8929aeb31b7ffff,12.0,4.7,42429.0,40.16
8929aeb31bbffff,12.0,4.7,42429.0,40.16
8929aeb31c3ffff,11.0,6.25,42429.0,40.16
8929aeb31c7ffff,12.0,4.89,42429.0,40.16
8929aeb31cbffff,11.0,6.25,,64.97
8929aeb31cfffff,11.0,6.24,42429.0,40.16
8929aeb31d3ffff,1.0,6.25,42429.0,40.16
8929aeb31d7ffff,11.0,4.85,42429.0,40.16
8929aeb31dbffff,8.0,6.25,,64.97
8929aeb3327ffff,8.0,6.83,57650.96884410536,46.94
8929aeb3337ffff,127.0,9.99,60403.0,47.63
8929aeb3383ffff,11.0,6.33,70583.0,53.5
8929aeb3387ffff,6.0,6.25,,64.97
8929aeb338bffff,14.0,8.01,70583.0,53.5
8929aeb338fffff,1.0,6.25,,64.97
8929aeb3393ffff,12.0,6.36,70583.0,53.5
8929aeb3397ffff,11.0,6.25,,64.97
8929aeb339bffff,22.0,8.05,70583.0,53.5
8929aeb33a3ffff,375.0,2.04,81765.0,59.36
8929aeb33a7ffff,687.0,2.04,81765.0,59.36
8929aeb33afffff,253.0,4.09,76268.49067859644,55.33
8929aeb33b3ffff,274.0,2.06,81765.0,59.36
8929aeb33b7ffff,687.0,2.04,81765.0,59.36
8929aeb33c3ffff,5.0,8.11,70583.0,53.5
8929aeb33c7ffff,0.0,8.11,70583.0,53.5
8929aeb33d3ffff,12.0,8.11,70583.0,53.5
8929aeb33d7ffff,21.0,8.11,70583.0,53.5
8929aeb3503ffff,12.0,4.7,42429.0,40.16
8929aeb3507ffff,12.0,4.7,42429.0,40.16
8929aeb350bffff,9.0,4.7,42429.0,40.16
8929aeb350fffff,12.0,4.7,42429.0,40.16
8929aeb3513ffff,12.0,4.7,42429.0,40.16
8929aeb3517ffff,12.0,4.7,42429.0,40.16
8929aeb351bffff,9.0,4.7,42429.0,40.16
8929aeb3523ffff,12.0,4.7,42429.0,40.16
8929aeb3527ffff,12.0,4.7,42429.0,40.16
8929aeb352bffff,12.0,4.7,42429.0,40.16
8929aeb352fffff,12.0,4.7,42429.0,40.16
8929aeb3533ffff,12.0,4.7,42429.0,40.16
8929aeb3537ffff,12.0,4.7,42429.0,40.16
8929aeb353bffff,12.0,4.7,42429.0,40.16
8929aeb3563ffff,9.0,4.7,42429.0,40.16
8929aeb3567ffff,12.0,4.7,42429.0,40.16
8929aeb356fffff,10.0,4.7,42429.0,40.16
8929aeb3573ffff,9.0,4.7,42429.0,40.16
8929aeb3577ffff,12.0,4.7,42429.0,40.16
8929aeb3583ffff,12.0,4.7,42429.0,40.16
8929aeb3587ffff,12.0,4.7,42429.0,40.16
8929aeb358bffff,12.0,4.7,42429.0,40.16
8929aeb358fffff,12.0,4.7,42429.0,40.16
8929aeb3593ffff,12.0,4.7,42429.0,40.16
8929aeb3597ffff,12.0,4.7,42429.0,40.16
8929aeb359bffff,12.0,4.7,42429.0,40.16
8929aeb35a3ffff,12.0,4.7,42429.0,40.16
8929aeb35a7ffff,12.0,4.7,42429.0,40.16
8929aeb35abffff,12.0,4.7,42429.0,40.16
8929aeb35afffff,12.0,4.7,42429.0,40.16
8929aeb35b3ffff,12.0,4.7,42429.0,40.16
8929aeb35b7ffff,12.0,4.7,42429.0,40.16
8929aeb35bbffff,12.0,4.7,42429.0,40.16
8929aeb35c7ffff,8.0,4.7,42429.0,40.16
8929aeb35d7ffff,8.0,4.7,42429.0,40.16
8929aeb4003ffff,4.0,7.23,135298.0,83.09
8929aeb4007ffff,11.0,7.23,135298.0,83.09
8929aeb400fffff,0.0,7.23,135298.0000482387,83.69
8929aeb4013ffff,4.0,7.23,135298.0000000388,83.68
8929aeb4017ffff,17.0,7.23,135298.0,83.09
8929aeb4033ffff,2.0,7.23,135298.0,83.09
8929aeb4043ffff,24.0,4.96,187917.0,92.47
8929aeb4053ffff,63.0,4.96,187917.0,92.47
8929aeb4057ffff,18.0,4.96,187916.99999933114,92.24
8929aeb405bffff,57.0,4.96,187917.00000000003,92.69
8929aeb4083ffff,17.0,7.23,135298.0,83.09
8929aeb4087ffff,17.0,7.23,135298.0,83.09
8929aeb408bffff,13.0,7.23,135298.0,83.09
8929aeb408fffff,17.0,7.23,135298.0,83.09
8929aeb4093ffff,17.0,7.23,135298.0,83.09
8929aeb4097ffff,17.0,7.23,135298.0,83.09
8929aeb409bffff,17.0,7.23,135298.0,83.09
8929aeb40a3ffff,17.0,7.23,135298.0,83.09
8929aeb40a7ffff,17.0,7.23,135298.0,83.09
8929aeb40abffff,17.0,7.23,135298.0,83.09
8929aeb40afffff,13.0,7.23,135298.0,83.09
8929aeb40b3ffff,17.0,7.23,135298.0,83.09
8929aeb40b7ffff,17.0,7.23,135298.0,83.09
8929aeb40bbffff,17.0,7.23,135298.0,83.09
8929aeb40c3ffff,20.0,4.96,187917.0,92.47
8929aeb40cbffff,63.0,4.96,187917.0,92.47
8929aeb40cfffff,19.0,4.96,187917.0,92.47
8929aeb40d3ffff,24.0,5.17,183079.69595863888,91.94
8929aeb40d7ffff,8.0,7.2,135842.29818334524,84.3
8929aeb40dbffff,63.0,4.96,187917.0,92.47
8929aeb4183ffff,8.0,7.22,135298.0,83.09
8929aeb4187ffff,0.0,7.19,135298.0,83.09
8929aeb4193ffff,17.0,7.23,135298.0,83.09
8929aeb4197ffff,17.0,7.23,135298.0,83.09
8929aeb419bffff,16.0,7.23,135298.0,83.09
8929aeb41d3ffff,15.0,7.23,135298.0,83.09
8929aeb41d7ffff,6.0,7.22,135298.0,83.09
8929aeb41dbffff,4.0,7.23,135298.0,83.09
8929aeb4293ffff,51.0,4.96,187916.5901426977,92.22
8929aeb4297ffff,17.0,4.96,187917.0,92.47
8929aeb429bffff,11.0,4.96,187826.28280041134,92.19
8929aeb42d3ffff,12.0,9.18,150963.61710048115,88.81
8929aeb4403ffff,164.0,6.81,121293.39232317363,76.33
8929aeb4407ffff,20.0,7.17,133333.89887105612,82.2
8929aeb440bffff,158.0,6.81,121350.57199196269,76.34
8929aeb440fffff,73.0,6.87,123363.81136624678,76.77
8929aeb4413ffff,167.0,6.81,121257.72649861689,76.31
8929aeb4417ffff,20.0,7.16,133139.75979871806,82.15
8929aeb441bffff,176.0,6.81,121176.0,76.26
8929aeb4423ffff,17.0,7.23,135298.0,83.09
8929aeb4427ffff,17.0,7.23,135298.0,83.09
8929aeb442bffff,17.0,7.23,135298.0,83.09
8929aeb442fffff,17.0,7.23,135298.0,83.09
8929aeb4433ffff,17.0,7.23,135298.0,83.09
8929aeb4437ffff,17.0,7.23,135298.0,83.09
8929aeb443bffff,17.0,7.23,135298.0,83.09
8929aeb4443ffff,219.0,1.23,151732.44595774234,88.84
8929aeb4447ffff,81.0,4.65,146471.5818885555,87.42
8929aeb444bffff,97.0,3.16,170360.62868015675,91.53
8929aeb444fffff,63.0,4.96,187917.0,92.47
8929aeb4453ffff,259.0,1.0,149500.0,88.48
8929aeb4457ffff,211.0,3.84,135662.3681316053,84.25
8929aeb445bffff,259.0,1.0,149500.0,88.48
8929aeb4463ffff,17.0,7.23,135298.0,83.09
8929aeb4467ffff,17.0,7.23,135298.0,83.09
8929aeb446bffff,33.0,5.7,170615.64395882713,91.54
8929aeb446fffff,17.0,7.23,135298.0,83.09
8929aeb4473ffff,17.0,7.23,135298.0,83.09
8929aeb4477ffff,17.0,7.23,135298.0,83.09
8929aeb447bffff,34.0,5.7,170747.19445326802,91.56
8929aeb4483ffff,18.0,9.46,135640.05226664097,84.22
8929aeb4487ffff,18.0,8.1,138654.51247319003,84.62
8929aeb448bffff,176.0,6.81,121176.00000000001,76.29
8929aeb448fffff,62.0,6.89,123823.85548540347,77.01
8929aeb4493ffff,57.0,14.55,163327.03370939585,90.12
8929aeb4497ffff,72.0,14.33,162481.54334427236,90.0
8929aeb449bffff,67.0,6.81,121176.0,76.26
8929aeb44a3ffff,17.0,7.23,135298.0,83.09
8929aeb44a7ffff,17.0,7.23,135298.0,83.09
8929aeb44abffff,17.0,7.23,135298.0,83.09
8929aeb44afffff,17.0,7.23,135298.0,83.09
8929aeb44b3ffff,10.0,7.23,135298.0,83.09
8929aeb44b7ffff,11.0,7.23,135298.0,83.09
8929aeb44bbffff,17.0,7.23,135298.0,83.09
8929aeb44c3ffff,240.0,7.87,132780.46787634082,81.97
8929aeb44c7ffff,176.0,6.81,121175.99999999999,76.23
8929aeb44cbffff,288.0,5.53,143903.64467356846,86.74
8929aeb44cfffff,214.0,3.93,136185.34872001765,84.34
8929aeb44d3ffff,244.0,7.91,133256.25259252975,82.18
8929aeb44d7ffff,176.0,6.81,121176.00000000001,76.29
8929aeb44dbffff,312.0,8.55,140167.0,85.6
8929aeb4503ffff,17.0,7.23,135298.0,83.09
8929aeb4507ffff,16.0,7.2,135660.10367365973,84.24
8929aeb450bffff,17.0,7.23,135298.0,83.09
8929aeb450fffff,17.0,7.23,135298.0,83.09
8929aeb4513ffff,10.0,7.03,138368.73267181308,84.52
8929aeb4517ffff,5.0,6.48,146748.21265156387,87.47
8929aeb451bffff,17.0,7.23,135298.0,83.09
8929aeb4523ffff,17.0,7.23,135298.0,83.09
8929aeb4527ffff,17.0,7.21,135466.84754234765,83.77
8929aeb452bffff,17.0,7.23,135298.0,83.09
8929aeb452fffff,17.0,7.23,135298.0,83.09
8929aeb4533ffff,11.0,7.07,137660.161001995,84.45
8929aeb4537ffff,5.0,6.65,144164.96220819908,86.77
8929aeb453bffff,17.0,7.23,135298.0,83.09
8929aeb4543ffff,17.0,7.23,135298.0,83.09
8929aeb4547ffff,17.0,7.23,135298.0,83.09
8929aeb454bffff,17.0,7.23,135298.0,83.09
8929aeb454fffff,17.0,7.23,135298.0,83.09
8929aeb4553ffff,17.0,7.23,135298.0,83.09
8929aeb4557ffff,17.0,7.23,135298.0,83.09
8929aeb455bffff,17.0,7.23,135298.0,83.09
8929aeb4563ffff,17.0,7.23,135298.0,83.09
8929aeb4567ffff,17.0,7.23,135298.0,83.09
8929aeb456bffff,17.0,7.23,135298.0,83.09
8929aeb456fffff,17.0,7.23,135298.0,83.09
8929aeb4573ffff,17.0,7.23,135298.0,83.09
8929aeb4577ffff,17.0,7.23,135298.0,83.09
8929aeb457bffff,17.0,7.23,135298.0,83.09
8929aeb4583ffff,2.0,5.31,164665.0,90.8
8929aeb4587ffff,2.0,5.31,164665.0,90.8
8929aeb458bffff,2.0,5.31,164665.0,90.8
8929aeb458fffff,2.0,5.31,164665.0,90.8
8929aeb4593ffff,2.0,5.31,164665.0,90.8
8929aeb4597ffff,2.0,5.31,164665.0,90.8
8929aeb459bffff,2.0,5.31,164665.0,90.8
8929aeb45a3ffff,2.0,5.31,164665.0,90.8
8929aeb45a7ffff,2.0,5.31,164665.0,90.8
8929aeb45abffff,2.0,5.31,164665.0,90.8
8929aeb45afffff,2.0,5.31,164665.0,90.8
8929aeb45b3ffff,2.0,5.31,164665.0,90.8
8929aeb45b7ffff,2.0,5.31,164665.0,90.8
8929aeb45bbffff,2.0,5.31,164665.0,90.8
8929aeb45c3ffff,17.0,7.23,135298.0,83.09
8929aeb45c7ffff,15.0,7.19,135895.07545483255,84.31
8929aeb45cbffff,17.0,7.23,135298.0,83.09
8929aeb45cfffff,17.0,7.23,135298.0,83.09
8929aeb45d3ffff,17.0,7.22,135402.573160291,83.74
8929aeb45d7ffff,4.0,6.37,148453.66889042268,88.4
8929aeb45dbffff,17.0,7.23,135298.0,83.09
8929aeb4603ffff,35.0,4.96,187917.0,92.47
8929aeb4607ffff,52.0,4.96,187916.99999999997,92.25
8929aeb460bffff,63.0,4.96,187917.0,92.47
8929aeb460fffff,63.0,4.96,187917.0,92.47
8929aeb4613ffff,261.0,8.18,102012.29281098112,67.47
8929aeb4617ffff,97.0,9.04,93733.18606799327,64.87
8929aeb461bffff,103.0,5.34,153108.65875346313,88.92
8929aeb4623ffff,63.0,4.96,187917.0,92.47
8929aeb4627ffff,63.0,4.96,187917.0,92.47
8929aeb462bffff,63.0,4.96,187917.0,92.47
8929aeb462fffff,63.0,4.96,187917.0,92.47
8929aeb4633ffff,63.0,4.96,187917.0,92.47
8929aeb4637ffff,63.0,4.96,187917.0,92.47
8929aeb463bffff,63.0,4.96,187917.0,92.47
8929aeb4643ffff,142.0,9.81,145500.0,87.05
8929aeb4647ffff,142.0,9.19,150889.84478031468,88.8
8929aeb464bffff,170.0,9.81,145500.0,87.05
8929aeb464fffff,173.0,9.81,145500.0,87.05
8929aeb4653ffff,72.0,10.18,138431.3931670402,84.57
8929aeb4657ffff,69.0,9.35,149506.0021412064,88.52
8929aeb465bffff,12.0,9.81,145500.0,87.05
8929aeb4663ffff,63.0,4.96,187917.0,92.47
8929aeb4667ffff,63.0,4.96,187917.0,92.47
8929aeb466bffff,140.0,9.16,151161.8112787063,88.83
8929aeb466fffff,45.0,4.96,187901.28467086185,92.21
8929aeb4673ffff,63.0,4.96,187917.0,92.47
8929aeb4677ffff,63.0,4.96,187917.0,92.47
8929aeb467bffff,144.0,9.24,150451.09115859205,88.74
8929aeb4683ffff,321.0,8.48,97595.78241087958,66.28
8929aeb4687ffff,283.0,8.89,97271.17377141549,66.11
8929aeb468bffff,312.0,8.15,101757.93975665867,67.41
8929aeb468fffff,327.0,9.04,93732.0,64.86
8929aeb4693ffff,259.0,1.0,149500.0,88.48
8929aeb4697ffff,272.0,3.67,131415.57549521938,81.9
8929aeb469bffff,321.0,3.77,118077.91229395047,74.34
8929aeb46a3ffff,26.0,4.96,187917.0,92.47
8929aeb46a7ffff,28.0,4.96,187917.0,92.47
8929aeb46abffff,11.0,4.96,187917.0,92.47
8929aeb46afffff,30.0,4.96,187917.0,92.47
8929aeb46b3ffff,63.0,4.96,187917.0,92.47
8929aeb46b7ffff,62.0,4.96,187917.0,92.47
8929aeb46bbffff,248.0,8.84,98266.3994481306,66.5
8929aeb46c3ffff,269.0,6.8,127706.5145633436,81.55
8929aeb46c7ffff,278.0,5.66,124250.00000000001,77.11
8929aeb46cbffff,235.0,12.89,139122.04839798485,84.68
8929aeb46cfffff,197.0,10.63,140310.86341112826,85.67
8929aeb46d3ffff,279.0,5.65,124208.12134912479,77.07
8929aeb46d7ffff,278.0,5.66,124250.0,77.1
8929aeb46dbffff,231.0,12.73,144085.82552817644,86.76
8929aeb5403ffff,29.0,15.76,116875.0,73.91
8929aeb5407ffff,29.0,15.76,116875.0,73.91
8929aeb540bffff,8.0,15.76,116875.0,73.91
8929aeb540fffff,17.0,15.76,116875.0,73.91
8929aeb5413ffff,26.0,15.76,116875.0,73.91
8929aeb5417ffff,29.0,15.76,116875.0,73.91
8929aeb541bffff,27.0,15.76,116875.0,73.91
8929aeb5423ffff,29.0,15.76,116875.0,73.91
8929aeb5427ffff,31.0,14.95,120389.94935520513,76.1
8929aeb542bffff,2.0,15.76,116874.99999999999,73.82
8929aeb542fffff,9.0,15.76,116874.99999999999,73.82
8929aeb5433ffff,29.0,15.76,116875.0,73.91
8929aeb5437ffff,30.0,15.21,119277.91268140064,75.82
8929aeb543bffff,25.0,15.76,116875.00000000001,74.03
8929aeb5457ffff,0.0,15.76,116875.00000000001,74.03
8929aeb548fffff,8.0,15.76,116876.51448947056,74.06
8929aeb54a3ffff,29.0,15.58,117646.18551706303,74.22
8929aeb54a7ffff,69.0,7.23,153935.77614605107,88.98
8929aeb54abffff,29.0,15.76,116875.00000000001,74.03
8929aeb54afffff,30.0,15.42,118357.06419355677,75.5
8929aeb54b3ffff,5.0,15.78,117020.38613638032,74.11
8929aeb54b7ffff,47.0,7.41,153143.82156007527,88.93
8929aeb54bbffff,24.0,15.76,116887.51946452293,74.08
8929aeb54c7ffff,11.0,15.76,116875.0,73.91
8929aeb54cfffff,1.0,15.76,116875.00000000001,74.03
8929aeb5503ffff,25.0,6.88,155417.0,89.26
8929aeb5513ffff,53.0,6.88,155417.0,89.26
8929aeb5517ffff,70.0,6.99,155066.21763369828,89.08
8929aeb551bffff,62.0,6.88,155416.99921239814,89.14
8929aeb5553ffff,53.0,7.06,154644.2249696399,89.05
8929aeb5557ffff,17.0,6.88,155415.02435874986,89.13
8929aeb555bffff,2.0,15.75,116875.0,73.91
8929aeb5583ffff,58.0,6.9,155353.95303490726,89.11
8929aeb5587ffff,153.0,9.79,145574.30238348298,87.12
8929aeb558bffff,12.0,6.88,155417.0,89.26
8929aeb558fffff,9.0,7.28,154092.74275654505,88.99
8929aeb5593ffff,23.0,6.88,155417.0,89.26
8929aeb5597ffff,90.0,9.49,146583.5706769256,87.44
8929aeb559bffff,68.0,6.88,155417.0,89.26
8929aeb55a3ffff,173.0,9.81,145500.0,87.05
8929aeb55a7ffff,101.0,9.81,145500.0,87.05
8929aeb55abffff,77.0,9.74,145749.3258463387,87.15
8929aeb55afffff,2.0,9.81,145499.9331833428,86.98
8929aeb55b3ffff,173.0,9.81,145500.0,87.05
8929aeb55b7ffff,173.0,9.81,145500.0,87.05
8929aeb55bbffff,161.0,9.72,145808.65925071962,87.39
8929aeb55c3ffff,72.0,6.88,155417.0,89.26
8929aeb55c7ffff,47.0,6.88,155417.0,89.26
8929aeb55cbffff,70.0,7.08,154574.19137142677,89.04
8929aeb55cfffff,72.0,6.88,155417.0,89.26
8929aeb55d3ffff,72.0,6.88,155417.0,89.26
8929aeb55d7ffff,64.0,6.88,155417.0,89.26
8929aeb55dbffff,69.0,7.15,154280.13114778273,89.02
8929aeb60c3ffff,61.0,11.42,135069.0,82.42
8929aeb60c7ffff,13.0,11.32,144925.99533734383,86.86
8929aeb60d3ffff,68.0,11.42,135069.0,82.42
8929aeb60d7ffff,36.0,11.36,141039.65932342608,85.88
8929aeb60dbffff,1.0,11.42,135069.0,82.42
8929aeb6223ffff,2.0,14.55,163333.0,90.16
8929aeb6227ffff,24.0,14.55,163333.0,90.16
8929aeb622bffff,30.0,14.55,163333.0,90.16
8929aeb622fffff,79.0,14.55,163333.0,90.16
8929aeb6247ffff,12.0,5.25,148333.0,88.36
8929aeb624bffff,87.0,6.95,105069.174396649,68.24
8929aeb624fffff,126.0,7.13,113603.02568697456,69.9
8929aeb625bffff,23.0,4.21,106840.3197979727,68.45
8929aeb626bffff,23.0,8.02,132948.56154622848,82.02
8929aeb626fffff,81.0,6.81,121175.99999999999,76.23
8929aeb627bffff,8.0,6.62,123091.27094102143,76.74
8929aeb6283ffff,78.0,6.57,85242.02456943148,61.4
8929aeb628bffff,159.0,6.59,85251.21132740898,61.43
8929aeb6293ffff,5.0,6.57,85242.00011165622,61.38
8929aeb629bffff,266.0,6.72,85872.81097857325,61.61
8929aeb62c3ffff,27.0,8.52,86211.77004882434,61.69
8929aeb62d7ffff,272.0,6.58,85246.26209902563,61.42
8929aeb6327ffff,1.0,5.31,164665.0,90.8
8929aeb632bffff,1.0,5.31,164665.0,90.8
8929aeb632fffff,2.0,5.31,164665.0,90.8
8929aeb634bffff,10.0,7.23,135298.0,83.09
8929aeb635bffff,39.0,14.11,161636.64476758544,89.91
8929aeb6363ffff,2.0,6.21,150882.8050630715,88.78
8929aeb6367ffff,2.0,5.31,164665.0,90.8
8929aeb636bffff,17.0,7.22,135364.96117490908,83.72
8929aeb636fffff,3.0,6.01,153877.09629251523,88.96
8929aeb637bffff,1.0,7.23,135298.0,83.09
8929aeb6403ffff,39.0,6.38,128276.0,81.63
8929aeb640bffff,87.0,6.38,128275.99999999999,81.6
8929aeb6413ffff,54.0,6.41,127441.40641060306,81.52
8929aeb6417ffff,0.0,25.24,183660.99247785218,92.06
8929aeb641bffff,118.0,6.38,128276.0,81.63
8929aeb6443ffff,107.0,6.38,128276.0002224147,81.69
8929aeb6447ffff,49.0,6.38,128276.00000000001,81.66
8929aeb644bffff,2.0,6.38,128276.00000389473,81.67
8929aeb644fffff,0.0,11.42,135069.0,82.42
8929aeb6453ffff,119.0,7.16,127998.77965619123,81.57
8929aeb6457ffff,118.0,6.38,128276.0,81.63
8929aeb645bffff,99.0,35.29,120362.75080899209,76.09
8929aeb646bffff,33.0,11.42,135069.0,82.42
8929aeb646fffff,29.0,11.4,136826.0455181965,84.37
8929aeb647bffff,6.0,11.42,135069.0,82.42
8929aeb6483ffff,10.0,6.66,118239.0,74.88
8929aeb6487ffff,10.0,6.66,118239.0,74.88
8929aeb648bffff,10.0,6.66,118238.99999999999,74.44
8929aeb648fffff,9.0,6.65,118666.97738564241,75.65
8929aeb6493ffff,9.0,6.66,118238.99999999999,74.44
8929aeb6497ffff,8.0,6.66,118239.0,74.88
8929aeb649bffff,10.0,6.66,118239.0,74.88
8929aeb64abffff,0.0,25.24,183661.0,92.07
8929aeb64b3ffff,9.0,6.66,118239.0,74.88
8929aeb64b7ffff,5.0,6.66,118241.89727264622,75.45
8929aeb64bbffff,7.0,15.54,149791.3394862939,88.55
8929aeb64c3ffff,10.0,6.66,118239.00000000001,75.35
8929aeb64c7ffff,29.0,6.46,125545.04870241052,77.26
8929aeb64cbffff,46.0,7.15,124920.95086074618,77.19
8929aeb64cfffff,99.0,6.39,128108.86027981037,81.58
8929aeb64d3ffff,10.0,6.66,118239.00000000001,75.35
8929aeb64d7ffff,10.0,6.66,118239.00000000001,75.35
8929aeb64dbffff,14.0,8.77,114988.88637509022,73.52
8929aeb6603ffff,162.0,12.17,157936.0,89.49
8929aeb6607ffff,51.0,12.17,157936.73130149653,89.54
8929aeb660bffff,162.0,12.17,157936.0,89.49
8929aeb660fffff,162.0,12.17,157936.0,89.49
8929aeb6613ffff,12.0,17.34,161749.7679946369,89.93
8929aeb6617ffff,54.0,24.56,166581.68580099245,91.41
8929aeb661bffff,110.0,12.87,158448.11188941568,89.55
8929aeb662bffff,44.0,9.21,96538.0,65.86
8929aeb663bffff,50.0,11.27,139206.65377934938,84.71
8929aeb6643ffff,50.0,12.99,178949.99999999997,91.77
8929aeb6647ffff,29.0,12.17,157936.00005995014,89.52
8929aeb664bffff,0.0,12.99,178950.0,91.78
8929aeb6653ffff,152.0,11.41,173681.88830337327,91.62
8929aeb6657ffff,138.0,12.79,173706.28216925016,91.63
8929aeb665bffff,110.0,13.59,164656.32477190945,90.22
8929aeb6663ffff,194.0,9.21,96538.0,65.86
8929aeb6667ffff,151.0,9.21,96538.0,65.86
8929aeb666bffff,29.0,9.21,96538.0,65.86
8929aeb666fffff,151.0,8.5,93517.68351926492,64.77
8929aeb6673ffff,175.0,10.87,130992.1038787241,81.88
8929aeb6677ffff,191.0,9.46,101677.35692569235,67.35
8929aeb667bffff,38.0,9.24,97138.83601810827,66.0
8929aeb6687ffff,2.0,47.43,183950.0,92.12
8929aeb668fffff,19.0,47.43,183950.0,92.12
8929aeb6693ffff,58.0,38.09,119746.19882504879,76.0
8929aeb6697ffff,18.0,39.46,129154.41061375049,81.81
8929aeb66a3ffff,56.0,27.69,163061.29684040858,90.08
8929aeb66a7ffff,30.0,11.42,135069.0,82.42
8929aeb66abffff,12.0,25.12,162562.94888844708,90.02
8929aeb66afffff,7.0,24.4,161875.0,89.94
8929aeb66b3ffff,4.0,11.42,135070.0062904386,82.49
8929aeb66b7ffff,75.0,11.42,135069.0,82.42
8929aeb66bbffff,32.0,47.4,183920.621885373,92.1
8929aeb66c3ffff,162.0,7.45,160536.0,89.85
8929aeb66cbffff,193.0,7.45,160536.0,89.85
8929aeb66cfffff,153.0,8.26,162773.9923077209,90.05
8929aeb66d3ffff,127.0,25.86,132373.5601352535,81.94
8929aeb66d7ffff,0.0,7.45,160536.0,89.85
8929aeb66dbffff,187.0,9.51,157391.817552212,89.43
8929aeb6843ffff,1.0,5.31,164665.0,90.8
8929aeb684bffff,2.0,5.31,164665.0,90.8
8929aeb684fffff,1.0,5.31,164665.0,90.8
8929aeb685bffff,1.0,5.31,164665.0,90.8
8929aeb6a03ffff,2.0,5.31,164665.0,90.8
8929aeb6a07ffff,2.0,5.31,164665.0,90.8
8929aeb6a0bffff,2.0,5.47,162164.5685218502,89.97
8929aeb6a0fffff,2.0,5.31,164665.0,90.8
8929aeb6a13ffff,2.0,5.31,164665.0,90.8
8929aeb6a17ffff,2.0,5.31,164665.0,90.8
8929aeb6a1bffff,2.0,5.31,164665.0,90.8
8929aeb6a33ffff,2.0,5.31,164665.0,90.8
8929aeb6a37ffff,1.0,5.31,164665.0,90.8
8929aeb6a3bffff,1.0,5.31,164665.0,90.8
8929aeb6a43ffff,17.0,7.23,135298.0,83.09
8929aeb6a47ffff,3.0,7.21,135576.97954017567,84.19
8929aeb6a4bffff,10.0,7.22,135298.0,83.09
8929aeb6a4fffff,1.0,7.22,135298.0,83.09
8929aeb6a53ffff,12.0,7.11,137080.7527712953,84.39
8929aeb6a57ffff,5.0,6.59,144977.83933954514,86.88
8929aeb6a5bffff,17.0,7.23,135298.0,83.09
8929aeb6a73ffff,0.0,6.26,150043.01981754467,88.58
8929aeb6a83ffff,2.0,5.31,164665.0,90.8
8929aeb6a87ffff,2.0,5.31,164665.0,90.8
8929aeb6a8bffff,2.0,5.31,164665.0,90.8
8929aeb6a8fffff,2.0,5.31,164665.0,90.8
8929aeb6a93ffff,2.0,5.31,164665.0,90.8
8929aeb6a97ffff,2.0,5.31,164665.0,90.8
8929aeb6a9bffff,2.0,5.31,164665.0,90.8
8929aeb6aa3ffff,2.0,5.31,164665.0,90.8
8929aeb6aa7ffff,1.0,5.31,164665.0,90.8
8929aeb6aabffff,2.0,5.31,164665.0,90.8
8929aeb6aafffff,2.0,5.31,164665.0,90.8
8929aeb6ab3ffff,2.0,5.31,164665.0,90.8
8929aeb6ab7ffff,1.0,5.31,164665.0,90.8
8929aeb6abbffff,2.0,5.31,164665.0,90.8
8929aeb6ac3ffff,2.0,5.31,164665.0,90.8
8929aeb6ac7ffff,2.0,5.31,164665.0,90.8
8929aeb6acbffff,2.0,5.31,164662.34820766232,90.23
8929aeb6acfffff,2.0,5.31,164665.0,90.8
8929aeb6ad3ffff,2.0,5.31,164665.0,90.8
8929aeb6ad7ffff,2.0,5.31,164665.0,90.8
8929aeb6adbffff,2.0,5.31,164665.0,90.8
8929aeb6bdbffff,1.0,5.31,164665.0,90.8
8929aeb6e0bffff,1.0,5.31,164665.0,90.8
8929aeb6e1bffff,1.0,5.31,164665.0,90.8
8929aeb6e23ffff,2.0,5.31,164665.0,90.8
8929aeb6e27ffff,1.0,5.31,164665.0,90.8
8929aeb6e2bffff,2.0,5.31,164665.0,90.8
8929aeb6e2fffff,2.0,5.31,164665.0,90.8
8929aeb6e37ffff,0.0,5.31,164665.0,90.8
8929aeb6e3bffff,1.0,5.31,164665.0,90.8
8929aeb6e43ffff,2.0,5.31,164665.0,90.8
8929aeb6e47ffff,2.0,5.31,164665.0,90.8
8929aeb6e4bffff,2.0,5.31,164665.0,90.8
8929aeb6e4fffff,2.0,5.31,164665.0,90.8
8929aeb6e53ffff,2.0,5.31,164665.0,90.8
8929aeb6e57ffff,2.0,5.31,164665.0,90.8
8929aeb6e5bffff,2.0,5.31,164665.0,90.8
8929aeb6e63ffff,2.0,5.31,164665.0,90.8
8929aeb6e67ffff,2.0,5.31,164665.0,90.8
8929aeb6e6bffff,2.0,5.31,164665.0,90.8
8929aeb6e6fffff,2.0,5.31,164665.0,90.8
8929aeb6e73ffff,2.0,5.31,164665.0,90.8
8929aeb6e77ffff,2.0,5.31,164665.0,90.8
8929aeb6e7bffff,2.0,5.31,164665.0,90.8
8929aeb6ecfffff,0.0,5.31,164665.00000000003,91.36
8929aeb7003ffff,180.0,9.14,95942.18439495844,65.78
8929aeb7007ffff,168.0,12.72,112030.10663033476,69.58
8929aeb700bffff,172.0,7.44,57190.41793344634,46.82
8929aeb700fffff,111.0,16.84,162796.09999113853,90.06
8929aeb7013ffff,188.0,10.46,96991.79919435065,65.93
8929aeb7017ffff,197.0,11.73,98011.0,66.4
8929aeb701bffff,178.0,8.3,83494.4584820179,59.66
8929aeb7023ffff,186.0,5.54,156605.6476341484,89.38
8929aeb7027ffff,237.0,2.34,149468.6197340678,88.42
8929aeb702bffff,100.0,19.23,183088.0,92.0
8929aeb702fffff,189.0,12.82,128451.26853574136,81.72
8929aeb7033ffff,206.0,10.71,139507.98040204355,84.81
8929aeb7037ffff,237.0,2.17,150091.0,88.6
8929aeb703bffff,100.0,19.23,183088.0,92.0
8929aeb7043ffff,154.0,5.58,74346.9956908192,54.89
8929aeb7047ffff,187.0,7.12,56695.74643764251,46.62
8929aeb704bffff,107.0,1.65,168521.3610779063,91.47
8929aeb704fffff,223.0,9.71,82219.71035615866,59.51
8929aeb7053ffff,147.0,6.02,70135.33422255628,53.32
8929aeb7057ffff,177.0,6.73,47113.0,43.62
8929aeb705bffff,433.0,13.23,87285.52348234384,61.99
8929aeb7063ffff,182.0,11.46,121035.0389279752,76.19
8929aeb7067ffff,100.0,19.23,183088.00000000003,92.03
8929aeb706bffff,325.0,7.28,87670.0,62.12
8929aeb706fffff,260.0,8.6,98156.72080759135,66.47
8929aeb7073ffff,101.0,18.92,180072.5643870991,91.85
8929aeb7077ffff,100.0,19.23,183088.00000000003,92.03
8929aeb707bffff,323.0,7.32,87936.50849602278,62.31
8929aeb7083ffff,197.0,11.73,98011.00000000001,66.43
8929aeb7087ffff,120.0,16.5,95524.35698999916,65.66
8929aeb708bffff,196.0,11.56,97870.94880832528,66.35
8929aeb708fffff,197.0,11.73,98011.0,66.4
8929aeb7093ffff,160.0,11.73,98011.0,66.4
8929aeb7097ffff,128.0,16.74,95396.30317549937,65.61
8929aeb709bffff,196.0,11.67,97960.35565217832,66.37
8929aeb70a3ffff,262.0,25.71,94413.50245467923,65.29
8929aeb70abffff,298.0,21.87,95372.95089977005,65.6
8929aeb70afffff,247.0,21.5,104333.69425016179,68.09
8929aeb70b3ffff,128.0,25.88,94166.0115078228,65.26
8929aeb70bbffff,293.0,21.61,95439.56863035684,65.63
8929aeb70c3ffff,179.0,8.7,92618.62111422821,64.68
8929aeb70c7ffff,179.0,8.83,95691.00000000001,65.68
8929aeb70cbffff,115.0,6.74,47769.13146012166,43.82
8929aeb70cfffff,178.0,7.31,60437.80015161268,47.65
8929aeb70d3ffff,179.0,8.83,95691.00000000001,65.68
8929aeb70d7ffff,180.0,9.03,95853.36829947865,65.75
8929aeb70dbffff,121.0,8.26,85281.79927451223,61.46
8929aeb7103ffff,255.0,10.68,146440.67762176736,87.41
8929aeb7107ffff,351.0,7.18,177368.0,91.74
8929aeb710bffff,155.0,21.45,71154.0,54.12
8929aeb710fffff,270.0,10.53,152385.5358609416,88.9
8929aeb7113ffff,186.0,8.16,109593.45940695012,68.93
8929aeb7117ffff,241.0,7.45,133440.2130553064,82.22
8929aeb711bffff,165.0,13.27,100702.2528010866,67.15
8929aeb7123ffff,297.0,4.16,162087.41381928165,89.96
8929aeb7127ffff,259.0,1.01,149487.83649807365,88.43
8929aeb712bffff,259.0,1.0,149500.0,88.48
8929aeb712fffff,259.0,1.0,149500.0,88.48
8929aeb7133ffff,348.0,7.26,175006.9224179782,91.66
8929aeb7137ffff,312.0,8.49,140848.6687849883,85.82
8929aeb713bffff,344.0,6.83,175795.84349461013,91.71
8929aeb7143ffff,225.0,18.95,87959.39541740455,62.32
8929aeb7147ffff,155.0,21.45,71170.88681250399,54.15
8929aeb714bffff,236.0,18.7,89640.0,62.94
8929aeb714fffff,252.0,15.3,90903.70529515742,63.26
8929aeb7153ffff,229.0,10.31,119661.98034868726,75.94
8929aeb7157ffff,156.0,20.83,73465.52961406908,54.55
8929aeb715bffff,236.0,18.7,89639.99999999999,62.92
8929aeb7163ffff,490.0,0.64,103280.0,67.85
8929aeb7167ffff,340.0,0.82,126017.54420250973,78.5
8929aeb716bffff,451.0,1.21,105689.61284099029,68.33
8929aeb716fffff,466.0,0.98,104689.18334942692,68.13
8929aeb7173ffff,207.0,13.76,83028.05564514632,59.63
8929aeb7177ffff,328.0,3.28,132824.30551957057,82.0
8929aeb717bffff,419.0,2.25,100789.22958616506,67.18
8929aeb7183ffff,266.0,5.51,103353.34207796905,67.86
8929aeb7187ffff,202.0,7.53,104215.60453562575,68.01
8929aeb718bffff,186.0,8.2,109956.46062462902,69.04
8929aeb718fffff,199.0,7.63,104259.99999999999,68.03
8929aeb7193ffff,341.0,4.1,102749.99999999999,67.71
8929aeb7197ffff,335.0,4.1,102750.0,67.73
8929aeb719bffff,163.0,4.36,103241.69809498916,67.82
8929aeb71a3ffff,219.0,7.86,113212.16405396546,69.76
8929aeb71a7ffff,274.0,8.37,133036.74596160973,82.06
8929aeb71abffff,319.0,7.3,166585.70559452145,91.42
8929aeb71afffff,313.0,8.51,141251.4532046833,86.46
8929aeb71b3ffff,199.0,7.63,104260.00000000001,68.07
8929aeb71b7ffff,180.0,7.63,104260.0,68.05
8929aeb71bbffff,199.0,7.63,104260.0,68.05
8929aeb71c3ffff,173.0,8.7,117417.09741231769,74.2
8929aeb71c7ffff,172.0,8.87,116591.0,73.72
8929aeb71cbffff,231.0,2.59,147988.237758685,88.28
8929aeb71cfffff,172.0,8.77,117066.53583958234,74.14
8929aeb71d3ffff,20.0,8.87,116591.0,73.72
8929aeb71d7ffff,110.0,8.87,116591.663139839,73.75
8929aeb71dbffff,168.0,2.58,148026.95706727047,88.3
8929aeb7207ffff,16.0,27.04,89859.0,63.02
8929aeb720bffff,115.0,27.54,123411.0,76.92
8929aeb720fffff,57.0,31.31,,64.97
8929aeb7213ffff,102.0,31.31,,64.97
8929aeb7217ffff,3.0,29.8,89859.0,63.02
8929aeb721bffff,43.0,20.52,123411.0,76.92
8929aeb7233ffff,43.0,27.04,89859.0,63.02
8929aeb7243ffff,76.0,18.04,123411.0,76.92
8929aeb7247ffff,71.0,18.04,123410.99999993708,76.83
8929aeb7253ffff,197.0,18.04,123411.0,76.92
8929aeb7257ffff,200.0,18.04,123411.0,76.92
8929aeb725bffff,66.0,18.04,123411.0,76.92
8929aeb7273ffff,15.0,30.65,123410.99999889873,76.81
8929aeb7283ffff,83.0,9.63,105905.71618651545,68.34
8929aeb7287ffff,194.0,20.8,109192.68436470733,68.81
8929aeb728bffff,169.0,28.39,69545.0,53.04
8929aeb728fffff,234.0,30.04,89859.0,63.02
8929aeb7293ffff,128.0,13.5,81331.34832963595,56.45
8929aeb7297ffff,240.0,10.16,108752.88752562692,68.68
8929aeb729bffff,48.0,6.92,69545.0,53.04
8929aeb72a3ffff,24.0,27.04,89859.0,63.02
8929aeb72a7ffff,253.0,8.07,87756.51573997895,62.18
8929aeb72abffff,65.0,27.04,89859.0,63.02
8929aeb72afffff,185.0,27.04,89859.0,63.02
8929aeb72b3ffff,263.0,26.97,90068.57992211066,63.15
8929aeb72b7ffff,288.0,10.91,88071.75740492306,62.35
8929aeb72bbffff,155.0,27.04,89859.0,63.02
8929aeb72c3ffff,148.0,18.04,123404.82676113557,76.8
8929aeb72c7ffff,207.0,28.91,123411.0,76.92
8929aeb72cbffff,200.0,18.04,123411.0,76.92
8929aeb72cfffff,200.0,18.04,123411.00000000001,76.99
8929aeb72d3ffff,1.0,13.3,84135.0,60.5
8929aeb72d7ffff,71.0,16.7,73099.73703000408,54.41
8929aeb72dbffff,41.0,18.03,123365.48108058263,76.78
8929aeb7303ffff,148.0,9.36,145807.36911506223,87.38
8929aeb7307ffff,0.0,9.36,145806.00004886836,87.32
8929aeb730bffff,34.0,9.36,145807.11536867984,87.36
8929aeb7313ffff,197.0,9.36,145806.0,87.28
8929aeb7317ffff,159.0,9.36,145806.0,87.28
8929aeb731bffff,197.0,9.36,145806.0,87.28
8929aeb7323ffff,213.0,8.93,122905.0,76.64
8929aeb7327ffff,175.0,8.93,122905.0,76.64
8929aeb732fffff,16.0,8.93,122905.0,76.64
8929aeb7333ffff,207.0,8.93,122908.63210325953,76.68
8929aeb7337ffff,266.0,8.93,122905.0,76.64
8929aeb7343ffff,15.0,9.36,145806.5961488666,87.35
8929aeb7353ffff,162.0,9.36,145805.96289223185,87.23
8929aeb7357ffff,137.0,9.36,145806.17582775882,87.33
8929aeb7363ffff,28.0,6.88,155417.0,89.26
8929aeb736bffff,72.0,6.88,155417.0,89.26
8929aeb736fffff,57.0,6.88,155417.0,89.26
8929aeb737bffff,7.0,6.88,155417.0,89.26
8929aeb7383ffff,100.0,19.23,183087.99999999997,91.96
8929aeb7387ffff,198.0,17.76,114696.25953574016,72.89
8929aeb738bffff,105.0,18.27,179453.21899532658,91.83
8929aeb738fffff,170.0,10.98,151936.45785566178,88.86
8929aeb7393ffff,100.0,19.23,183087.99999999997,91.96
8929aeb7397ffff,192.0,18.79,105146.80911155003,68.25
8929aeb739bffff,100.0,19.23,183088.0,92.0
8929aeb73a3ffff,232.0,12.36,144526.55480651234,86.82
8929aeb73a7ffff,269.0,6.79,127674.01583060401,81.54
8929aeb73abffff,163.0,17.74,160362.8791098003,89.79
8929aeb73afffff,226.0,14.23,144570.41061035506,86.83
8929aeb73b3ffff,252.0,13.31,103941.24289718339,67.94
8929aeb73b7ffff,391.0,3.34,106134.9843634222,68.36
8929aeb73bbffff,199.0,16.17,158804.03040550006,89.61
8929aeb73c3ffff,281.0,7.78,101489.42715576345,67.3
8929aeb73c7ffff,223.0,8.95,123354.9797954033,76.75
8929aeb73cbffff,157.0,9.36,145805.97540494346,87.24
8929aeb73cfffff,197.0,9.36,145806.0,87.28
8929aeb73d3ffff,325.0,7.28,87670.0,62.12
8929aeb73d7ffff,270.0,8.37,96320.87387731823,65.82
8929aeb73dbffff,263.0,8.82,90352.67155783332,63.18
8929aeb7403ffff,70.0,12.41,81477.0,56.62
8929aeb7407ffff,8.0,12.41,81477.0,56.62
8929aeb740bffff,71.0,12.41,81477.0,56.62
8929aeb740fffff,61.0,12.41,81477.0,56.62
8929aeb7413ffff,106.0,12.58,89944.54819544168,63.09
8929aeb7417ffff,61.0,12.41,81477.0,56.62
8929aeb741bffff,71.0,12.41,81477.0,56.62
8929aeb742bffff,2.0,12.41,81477.0,56.62
8929aeb742fffff,24.0,16.12,95720.10808543288,65.7
8929aeb7433ffff,16.0,12.41,81477.0,56.62
8929aeb743bffff,50.0,12.41,81477.0,56.62
8929aeb7443ffff,20.0,12.8,82636.36551052755,59.57
8929aeb7447ffff,71.0,12.41,81477.0,56.62
8929aeb744bffff,9.0,13.3,84135.0,60.5
8929aeb744fffff,32.0,12.6,82029.35421167538,59.47
8929aeb7453ffff,34.0,12.57,81959.00745788043,59.44
8929aeb7457ffff,71.0,12.41,81477.0,56.62
8929aeb745bffff,10.0,13.3,84135.0,60.5
8929aeb7463ffff,67.0,12.41,81477.0,56.62
8929aeb7467ffff,62.0,11.8,96263.74617387855,65.81
8929aeb746bffff,114.0,10.17,90354.43856270464,63.2
8929aeb746fffff,169.0,9.19,95278.64530753146,65.57
8929aeb7473ffff,71.0,12.41,81477.0,56.62
8929aeb7477ffff,41.0,12.41,81477.0,56.62
8929aeb747bffff,71.0,12.41,81477.0,56.62
8929aeb7483ffff,157.0,29.43,100672.63496147655,67.06
8929aeb7487ffff,156.0,29.71,100680.0,67.12
8929aeb748bffff,255.0,13.37,100254.09236252338,66.91
8929aeb748fffff,138.0,27.63,98536.58228229044,66.58
8929aeb7493ffff,155.0,29.71,100672.60000611808,67.05
8929aeb7497ffff,156.0,29.71,100680.0,67.12
8929aeb749bffff,246.0,14.33,100278.9404045764,66.92
8929aeb74a3ffff,19.0,7.6,79453.0,55.73
8929aeb74abffff,11.0,12.41,81476.70434407891,56.49
8929aeb74b3ffff,177.0,16.82,121144.64951975955,76.21
8929aeb74b7ffff,85.0,14.08,123912.22540652967,77.02
8929aeb74bbffff,100.0,16.78,89614.16557714881,62.91
8929aeb74c3ffff,267.0,12.26,100225.0,66.87
8929aeb74c7ffff,211.0,12.27,98401.9377925802,66.53
8929aeb74cbffff,95.0,12.34,96859.44698358489,65.91
8929aeb74cfffff,90.0,12.37,86754.13013014461,61.87
8929aeb74d3ffff,230.0,15.4,100216.24398893084,66.85
8929aeb74d7ffff,267.0,12.26,100225.0,66.87
8929aeb74dbffff,114.0,18.36,99581.5551727726,66.73
8929aeb7523ffff,41.0,5.15,144167.40645413112,86.79
8929aeb7527ffff,6.0,5.25,148333.0,88.36
8929aeb752bffff,183.0,4.21,107115.1211088411,68.46
8929aeb752fffff,288.0,4.15,104714.40428749265,68.15
8929aeb753bffff,19.0,5.25,148333.0,88.36
8929aeb7543ffff,61.0,31.11,87885.0,62.28
8929aeb7547ffff,2.0,31.11,87885.0,62.28
8929aeb754bffff,53.0,31.11,87885.0,62.28
8929aeb7553ffff,6.0,31.1,87868.59516719359,62.22
8929aeb7557ffff,4.0,31.11,87883.77353793927,62.25
8929aeb755bffff,45.0,31.11,87882.81737948107,62.23
8929aeb7567ffff,130.0,4.1,102750.0,67.73
8929aeb7577ffff,2.0,5.25,148332.99999982104,88.33
8929aeb7583ffff,69.0,16.17,102656.0,67.66
8929aeb7587ffff,0.0,16.17,102656.0,67.66
8929aeb758bffff,26.0,9.44,84432.29943002199,61.2
8929aeb7593ffff,84.0,16.17,102655.99999999999,67.63
8929aeb7597ffff,26.0,16.17,102656.0,67.66
8929aeb759bffff,107.0,9.39,84303.70926202244,61.19
8929aeb75d7ffff,51.0,7.6,79453.0,55.73
8929aeb7613ffff,4.0,13.29,84118.061757305,59.89
8929aeb7617ffff,4.0,13.3,84135.0,60.5
8929aeb761bffff,0.0,13.28,84095.2838292428,59.88
8929aeb7623ffff,3.0,6.92,69545.0,53.04
8929aeb7627ffff,106.0,14.2,80500.3201950094,56.33
8929aeb762bffff,32.0,12.63,77917.85773524168,55.53
8929aeb762fffff,484.0,14.16,80156.967441246,55.86
8929aeb7637ffff,11.0,6.92,69545.0,53.04
8929aeb764fffff,5.0,13.3,84135.0,60.5
8929aeb766bffff,7.0,13.3,84135.0,60.5
8929aeb766fffff,13.0,6.95,69625.7155075796,53.16
8929aeb767bffff,0.0,13.3,84135.0,60.5
8929aeb7687ffff,3.0,13.3,84135.0,60.5
8929aeb768fffff,5.0,13.3,84135.0,60.5
8929aeb7697ffff,0.0,13.3,84135.0,60.5
8929aeb76a3ffff,14.0,9.18,74715.31993187674,54.98
8929aeb76a7ffff,117.0,8.6,91895.07597416811,63.51
8929aeb76abffff,4.0,6.92,69545.0,53.04
8929aeb76b3ffff,9.0,13.3,84135.0,60.5
8929aeb76b7ffff,44.0,12.5,81751.75571221054,59.32
8929aeb76bbffff,10.0,13.26,84047.31467225813,59.83
8929aeb76c3ffff,1.0,13.3,84135.0,60.5
8929aeb76cbffff,9.0,13.3,84135.0,60.5
8929aeb76cfffff,0.0,13.3,84135.0,60.5
8929aeb76d3ffff,2.0,13.3,84135.0,60.5
8929aeb76d7ffff,0.0,13.3,84135.0,60.5
8929aeb76dbffff,10.0,13.3,84135.0,60.5
8929aeb8403ffff,1.0,40.94,81667.0,58.0
8929aeb8407ffff,0.0,40.94,81667.0,58.0
8929aeb840bffff,1.0,40.94,81667.0,58.0
8929aeb840fffff,0.0,40.94,81667.0,58.0
8929aeb8413ffff,1.0,40.94,81667.0,58.0
8929aeb8417ffff,1.0,40.94,81667.0,58.0
8929aeb841bffff,1.0,40.94,81667.0,58.0
8929aeb8423ffff,0.0,40.94,81667.0,58.0
8929aeb8427ffff,1.0,40.94,81667.0,58.0
8929aeb842fffff,0.0,40.94,81667.0,58.0
8929aeb8433ffff,1.0,40.94,81667.0,58.0
8929aeb8437ffff,1.0,40.94,81667.0,58.0
8929aeb843bffff,0.0,40.94,81667.0,58.0
8929aeb8443ffff,1.0,40.94,81667.0,58.0
8929aeb8447ffff,1.0,40.94,81667.0,58.0
8929aeb844bffff,1.0,40.94,81667.0,58.0
8929aeb844fffff,1.0,40.94,81667.0,58.0
8929aeb8453ffff,1.0,40.94,81667.0,58.0
8929aeb8457ffff,1.0,40.94,81667.0,58.0
8929aeb845bffff,1.0,40.94,81667.0,58.0
8929aeb8463ffff,0.0,40.94,81667.0,58.0
8929aeb8473ffff,1.0,40.94,81667.0,58.0
8929aeb8477ffff,0.0,40.94,81667.0,58.0
8929aeb847bffff,0.0,40.94,81667.0,58.0
8929aeb8483ffff,1.0,40.94,81667.0,58.0
8929aeb8487ffff,1.0,40.94,81667.0,58.0
8929aeb848bffff,1.0,40.94,81667.0,58.0
8929aeb848fffff,1.0,40.94,81667.0,58.0
8929aeb8493ffff,1.0,40.94,81667.0,58.0
8929aeb8497ffff,1.0,40.94,81667.0,58.0
8929aeb849bffff,1.0,40.94,81667.0,58.0
8929aeb84a3ffff,1.0,40.94,81667.0,58.0
8929aeb84a7ffff,1.0,40.94,81667.0,58.0
8929aeb84abffff,1.0,40.94,81667.0,58.0
8929aeb84afffff,1.0,40.94,81667.0,58.0
8929aeb84b3ffff,1.0,40.94,81667.0,58.0
8929aeb84b7ffff,1.0,40.94,81667.0,58.0
8929aeb84bbffff,1.0,40.94,81667.0,58.0
8929aeb84c7ffff,0.0,40.94,81667.0,58.0
8929aeb84cbffff,0.0,40.94,81667.0,58.0
8929aeb84cfffff,0.0,40.94,81666.99999999999,56.77
8929aeb84d7ffff,0.0,40.94,81667.0,58.0
8929aeb850bffff,0.0,40.94,81667.0,58.0
8929aeb851bffff,0.0,40.94,81667.0,58.0
8929aeb8553ffff,1.0,40.94,81667.0,58.0
8929aeb8557ffff,0.0,40.94,81667.0,58.0
8929aeb855bffff,0.0,40.94,81667.0,58.0
8929aeb85c3ffff,1.0,40.94,81667.0,58.0
8929aeb85c7ffff,0.0,40.94,81667.0,58.0
8929aeb85cbffff,1.0,40.94,81667.0,58.0
8929aeb85cfffff,1.0,40.94,81667.0,58.0
8929aeb85d3ffff,1.0,40.94,81667.0,58.0
8929aeb85d7ffff,0.0,40.94,81667.0,58.0
8929aeb85dbffff,1.0,40.94,81667.0,58.0
8929aeb8617ffff,0.0,40.94,81667.0,58.0
8929aeb8683ffff,0.0,40.94,81667.0,58.0
8929aeb8687ffff,1.0,40.94,81667.0,58.0
8929aeb868fffff,0.0,40.94,81667.0,58.0
8929aeb8693ffff,1.0,40.94,81667.0,58.0
8929aeb8697ffff,1.0,40.94,81667.0,58.0
8929aeb869bffff,0.0,40.94,81667.0,58.0
8929aeb86a3ffff,0.0,40.94,81667.0,58.0
8929aeb86abffff,0.0,40.94,81667.0,58.0
8929aeb86b3ffff,1.0,40.94,81667.0,58.0
8929aeb86b7ffff,0.0,40.94,81667.0,58.0
8929aeb86bbffff,1.0,40.94,81667.0,58.0
8929aeb86d3ffff,0.0,40.94,81667.0,58.0
8929aeb86d7ffff,0.0,40.94,81667.0,58.0
8929aeb86dbffff,0.0,40.94,81667.0,58.0
8929aeba003ffff,17.0,35.54,139667.0,85.2
8929aeba007ffff,17.0,35.54,139667.0,85.2
8929aeba00bffff,17.0,35.54,139667.0,85.2
8929aeba00fffff,17.0,35.54,139667.0,85.2
8929aeba013ffff,17.0,35.54,139667.0,85.2
8929aeba017ffff,17.0,35.54,139667.0,85.2
8929aeba01bffff,17.0,35.54,139667.0,85.2
8929aeba023ffff,17.0,35.54,139667.0,85.2
8929aeba027ffff,17.0,35.54,139667.0,85.2
8929aeba02bffff,17.0,35.54,139667.0,85.2
8929aeba02fffff,17.0,35.54,139667.0,85.2
8929aeba033ffff,17.0,35.54,139667.0,85.2
8929aeba037ffff,17.0,35.54,139667.0,85.2
8929aeba03bffff,17.0,35.54,139667.0,85.2
8929aeba043ffff,0.0,39.72,94770.61614556027,65.4
8929aeba047ffff,15.0,35.56,139440.5341033322,84.74
8929aeba04bffff,0.0,40.94,81667.0,58.0
8929aeba04fffff,1.0,40.01,91712.42539212118,63.47
8929aeba053ffff,0.0,35.54,139667.0,85.2
8929aeba057ffff,15.0,35.54,139667.0,85.2
8929aeba063ffff,17.0,35.54,139667.0,85.2
8929aeba067ffff,17.0,35.54,139667.0,85.2
8929aeba06bffff,16.0,35.56,139482.33510385492,84.77
8929aeba06fffff,17.0,35.54,139667.0,85.2
8929aeba073ffff,17.0,35.54,139667.0,85.2
8929aeba077ffff,17.0,35.54,139667.0,85.2
8929aeba07bffff,15.0,35.56,139460.79586650565,84.75
8929aeba083ffff,17.0,35.54,139667.0,85.2
8929aeba087ffff,17.0,35.54,139667.0,85.2
8929aeba08bffff,17.0,35.54,139667.0,85.2
8929aeba08fffff,17.0,35.54,139667.0,85.2
8929aeba093ffff,12.0,35.54,139667.0,85.2
8929aeba097ffff,17.0,35.54,139667.0,85.2
8929aeba09bffff,17.0,35.54,139667.0,85.2
8929aeba0a3ffff,3.0,35.54,139667.0,85.2
8929aeba0abffff,17.0,35.54,139667.0,85.2
8929aeba0afffff,5.0,35.54,139667.0,85.2
8929aeba0b3ffff,4.0,35.54,139667.0,85.2
8929aeba0bbffff,17.0,35.54,139667.0,85.2
8929aeba0c3ffff,14.0,35.54,139667.0,85.2
8929aeba0c7ffff,17.0,35.54,139667.0,85.2
8929aeba0cbffff,0.0,35.54,139667.0,85.2
8929aeba0cfffff,15.0,35.54,139667.0,85.2
8929aeba0d3ffff,14.0,35.54,139667.0,85.2
8929aeba0d7ffff,17.0,35.54,139667.0,85.2
8929aeba103ffff,100.0,61.05,91056.19121108136,63.27
8929aeba107ffff,4.0,9.45,118963.9651727476,75.66
8929aeba10bffff,151.0,56.67,98672.05966262399,66.59
8929aeba10fffff,89.0,16.57,157662.0617388582,89.45
8929aeba117ffff,9.0,7.66,125546.99999999999,77.36
8929aeba11bffff,50.0,63.13,89202.55832321425,62.83
8929aeba123ffff,9.0,10.82,113894.0,71.36
8929aeba127ffff,9.0,10.82,113893.99999999999,70.24
8929aeba12bffff,9.0,10.82,113894.0,71.36
8929aeba12fffff,9.0,10.82,113894.0,71.36
8929aeba133ffff,6.0,10.82,113894.0,71.36
8929aeba137ffff,9.0,10.82,113894.0,71.36
8929aeba13bffff,9.0,10.9,114635.04045610662,72.84
8929aeba143ffff,163.0,63.7,88148.0,62.38
8929aeba147ffff,138.0,47.7,112079.1356141121,69.6
8929aeba14bffff,141.0,63.17,89126.75017547405,62.8
8929aeba14fffff,124.0,36.67,128583.03301852958,81.75
8929aeba153ffff,71.0,59.91,95096.86527259574,65.49
8929aeba157ffff,148.0,63.57,88391.08417884474,62.5
8929aeba15bffff,133.0,62.94,89541.06445694304,62.89
8929aeba163ffff,105.0,15.86,159712.0,89.75
8929aeba167ffff,56.0,15.43,155800.0042965901,89.37
8929aeba16bffff,105.0,15.86,159712.0,89.75
8929aeba16fffff,43.0,16.05,159127.8801075034,89.63
8929aeba173ffff,105.0,15.86,159712.0,89.75
8929aeba177ffff,84.0,15.74,158580.97008487652,89.58
8929aeba17bffff,105.0,15.86,159712.0,89.75
8929aeba183ffff,5.0,7.66,125547.0,77.87
8929aeba187ffff,1.0,7.66,125546.99999999999,77.36
8929aeba18fffff,3.0,7.66,125547.0,77.87
8929aeba193ffff,8.0,7.66,125547.00000000001,78.37
8929aeba197ffff,11.0,7.66,125547.0,77.87
8929aeba1a3ffff,4.0,9.8,117654.54342363325,74.23
8929aeba1a7ffff,9.0,10.82,113894.0,71.36
8929aeba1abffff,2.0,7.88,124730.72714448418,77.17
8929aeba1afffff,9.0,10.82,113894.0,71.36
8929aeba1b3ffff,3.0,7.66,125547.0,77.87
8929aeba1b7ffff,10.0,8.76,121503.14331470398,76.37
8929aeba1bbffff,4.0,7.66,125547.0,77.87
8929aeba1cbffff,14.0,35.54,139667.0,85.2
8929aeba1dbffff,9.0,35.54,139667.0,85.2
8929aeba203ffff,1.0,40.94,81667.0,58.0
8929aeba207ffff,1.0,40.94,81667.0,58.0
8929aeba20bffff,0.0,40.94,81667.00000000001,59.25
8929aeba20fffff,1.0,40.94,81667.0,58.0
8929aeba213ffff,1.0,40.94,81667.0,58.0
8929aeba217ffff,1.0,40.94,81667.0,58.0
8929aeba21bffff,0.0,40.94,81667.0,58.0
8929aeba223ffff,1.0,40.94,81667.0,58.0
8929aeba227ffff,1.0,40.94,81667.0,58.0
8929aeba22bffff,1.0,40.94,81667.0,58.0
8929aeba22fffff,1.0,40.94,81667.0,58.0
8929aeba233ffff,1.0,40.94,81667.0,58.0
8929aeba237ffff,1.0,40.94,81667.0,58.0
8929aeba23bffff,1.0,40.94,81667.0,58.0
8929aeba263ffff,0.0,40.94,81667.0,58.0
8929aeba267ffff,1.0,40.94,81667.0,58.0
8929aeba26fffff,0.0,40.94,81667.0,58.0
8929aeba273ffff,0.0,40.94,81667.0,58.0
8929aeba277ffff,1.0,40.94,81667.0,58.0
8929aeba283ffff,1.0,40.94,81667.0,58.0
8929aeba287ffff,1.0,40.94,81667.0,58.0
8929aeba28bffff,1.0,40.94,81667.0,58.0
8929aeba28fffff,1.0,40.94,81667.0,58.0
8929aeba297ffff,0.0,40.94,81667.00000000001,59.25
8929aeba29bffff,0.0,40.94,81667.0,58.0
8929aeba2a3ffff,1.0,40.94,81667.0,58.0
8929aeba2a7ffff,1.0,39.38,98382.96354802573,66.52
8929aeba2abffff,1.0,40.94,81667.0,58.0
8929aeba2afffff,1.0,40.94,81667.0,58.0
8929aeba2b3ffff,1.0,40.94,81667.0,58.0
8929aeba2b7ffff,1.0,39.7,95016.42251367608,65.46
8929aeba2bbffff,1.0,40.94,81667.0,58.0
8929aeba2c7ffff,0.0,40.94,81667.0,58.0
8929aeba2d7ffff,0.0,40.94,81666.99999999999,56.77
8929aeba303ffff,1.0,40.94,81667.0,58.0
8929aeba307ffff,1.0,40.94,81667.0,58.0
8929aeba30bffff,1.0,40.94,81667.0,58.0
8929aeba30fffff,1.0,40.94,81667.0,58.0
8929aeba313ffff,3.0,36.25,132024.68924777186,81.93
8929aeba317ffff,1.0,40.94,81667.0,58.0
8929aeba31bffff,1.0,40.94,81667.0,58.0
8929aeba323ffff,1.0,40.94,81667.0,58.0
8929aeba327ffff,0.0,40.94,81667.0,58.0
8929aeba32bffff,0.0,40.94,81667.0,58.0
8929aeba32fffff,0.0,40.94,81667.0,58.0
8929aeba333ffff,1.0,40.94,81667.0,58.0
8929aeba337ffff,1.0,40.94,81667.0,58.0
8929aeba33bffff,1.0,40.94,81667.0,58.0
8929aeba343ffff,1.0,40.94,81667.0,58.0
8929aeba347ffff,1.0,40.94,81667.0,58.0
8929aeba34bffff,1.0,40.94,81667.0,58.0
8929aeba34fffff,1.0,40.94,81667.0,58.0
8929aeba353ffff,1.0,40.94,81667.0,58.0
8929aeba357ffff,1.0,40.94,81667.0,58.0
8929aeba35bffff,1.0,40.94,81667.0,58.0
8929aeba363ffff,0.0,40.94,81667.0,58.0
8929aeba36bffff,1.0,40.94,81667.0,58.0
8929aeba36fffff,0.0,40.94,81667.0,58.0
8929aeba373ffff,1.0,40.94,81667.0,58.0
8929aeba377ffff,0.0,40.94,81667.0,58.0
8929aeba37bffff,1.0,40.94,81667.0,58.0
8929aeba383ffff,17.0,35.54,139667.0,85.2
8929aeba387ffff,22.0,30.59,144710.97607904594,86.85
8929aeba38bffff,15.0,35.57,139326.095247234,84.72
8929aeba38fffff,21.0,28.22,146909.12318508438,87.5
8929aeba393ffff,17.0,35.54,139667.0,85.2
8929aeba397ffff,17.0,35.83,139142.55208070137,84.69
8929aeba39bffff,17.0,35.54,139667.0,85.2
8929aeba3a3ffff,67.0,15.93,159481.8228010616,89.67
8929aeba3a7ffff,70.0,15.92,159514.48081961804,89.69
8929aeba3abffff,1.0,40.94,81667.0,58.0
8929aeba3afffff,1.0,40.94,81667.0,58.0
8929aeba3b3ffff,104.0,20.96,152174.0500090592,88.89
8929aeba3b7ffff,105.0,15.86,159712.0,89.75
8929aeba3bbffff,64.0,15.96,159441.96134521463,89.66
8929aeba3c3ffff,10.0,35.67,138338.26251964047,84.51
8929aeba3c7ffff,2.0,36.6,128293.23416648402,81.7
8929aeba3cbffff,1.0,40.94,81667.0,58.0
8929aeba3cfffff,1.0,40.94,81667.0,58.0
8929aeba3d3ffff,16.0,35.56,139502.39544902506,84.78
8929aeba3d7ffff,17.0,35.54,139667.0,85.2
8929aeba3dbffff,1.0,39.08,101698.71106182584,67.36
8929aeba42fffff,1.0,35.54,139667.0,85.2
8929aeba467ffff,2.0,35.54,139667.0,85.2
8929aeba46bffff,3.0,35.54,139667.0,85.2
8929aeba46fffff,13.0,35.54,139667.0,85.2
8929aeba507ffff,7.0,7.66,125547.0,77.87
8929aeba523ffff,11.0,7.66,125547.00000000001,78.37
8929aeba527ffff,11.0,7.66,125547.0,77.87
8929aeba52bffff,8.0,7.66,125547.0,77.87
8929aeba52fffff,11.0,7.66,125547.0,77.87
8929aeba533ffff,11.0,7.66,125547.00000000001,78.37
8929aeba537ffff,11.0,7.66,125546.99999999999,77.36
8929aeba53bffff,8.0,7.66,125547.0,77.87
8929aeba54bffff,5.0,35.54,139667.0,85.2
8929aeba55bffff,3.0,35.54,139667.0,85.2
8929aeba5a7ffff,2.0,7.66,125547.0,77.87
8929aeba5abffff,3.0,7.66,125546.99999999999,77.36
8929aeba5afffff,9.0,7.66,125547.00000000001,78.37
8929aeba883ffff,3.0,11.61,113051.59826128284,69.73
8929aeba887ffff,0.0,10.82,113894.0,71.36
8929aeba88bffff,0.0,40.94,81667.00000000001,59.25
8929aeba893ffff,9.0,10.82,113894.0,71.36
8929aeba897ffff,9.0,10.82,113894.0,71.36
8929aeba89bffff,7.0,11.28,113407.31141989082,69.82
8929aeba8b3ffff,0.0,10.82,113893.64097447351,69.94
8929aeba8b7ffff,0.0,11.22,113466.97337708072,69.84
8929aeba8c3ffff,0.0,40.94,81667.0,58.0
8929aeba8cbffff,0.0,40.94,81667.0,58.0
8929aeba8d3ffff,6.0,12.08,112552.15129656556,69.64
8929aeba8d7ffff,1.0,15.95,108402.29362915397,68.62
8929aeba8dbffff,1.0,40.94,81667.0,58.0
8929aeba983ffff,4.0,10.82,113894.0,71.36
8929aeba993ffff,9.0,10.82,113894.00000000001,72.46
8929aeba997ffff,9.0,10.82,113894.0,71.36
8929aeba99bffff,9.0,10.82,113894.0,71.36
8929aeba9d3ffff,1.0,10.82,113894.0,71.36
8929aeba9d7ffff,3.0,10.82,113894.0,71.36
8929aebac03ffff,9.0,10.82,113894.0,71.36
8929aebac07ffff,9.0,10.82,113894.0,71.36
8929aebac0bffff,9.0,10.82,113894.00000000001,72.46
8929aebac0fffff,9.0,10.82,113894.0,71.36
8929aebac13ffff,27.0,44.37,103942.1189706435,67.95
8929aebac17ffff,9.0,10.82,113894.00000000001,72.46
8929aebac1bffff,9.0,10.82,113894.0,71.36
8929aebac23ffff,9.0,10.82,113894.0,71.36
8929aebac27ffff,9.0,10.82,113894.0,71.36
8929aebac2bffff,9.0,10.82,113894.00000000001,72.46
8929aebac2fffff,9.0,10.82,113893.99999999999,70.24
8929aebac33ffff,9.0,10.82,113894.0,71.36
8929aebac37ffff,9.0,10.82,113893.99999999999,70.24
8929aebac3bffff,9.0,10.82,113894.0,71.36
8929aebac43ffff,9.0,10.82,113894.0,71.36
8929aebac47ffff,9.0,10.82,113894.00000000001,72.46
8929aebac4bffff,9.0,10.82,113894.0,71.36
8929aebac4fffff,9.0,10.82,113894.0,71.36
8929aebac53ffff,9.0,10.82,113894.0,71.36
8929aebac57ffff,9.0,10.82,113894.00000000001,72.46
8929aebac5bffff,9.0,10.82,113894.0,71.36
8929aebac63ffff,9.0,10.82,113894.0,71.36
8929aebac67ffff,9.0,10.82,113893.99999999999,70.24
8929aebac6bffff,9.0,10.82,113894.0,71.36
8929aebac6fffff,9.0,10.82,113894.0,71.36
8929aebac73ffff,9.0,10.82,113894.00000000001,72.46
8929aebac77ffff,9.0,10.82,113894.0,71.36
8929aebac7bffff,9.0,10.82,113894.00000000001,72.46
8929aebac83ffff,151.0,22.86,126593.33522868248,78.56
8929aebac87ffff,128.0,57.9,100072.30162839228,66.8
8929aebac8bffff,121.0,55.73,100511.6085176695,67.02
8929aebac8fffff,102.0,57.21,100133.30716754281,66.82
8929aebac93ffff,110.0,6.19,132964.02443071504,82.03
8929aebac97ffff,268.0,9.69,141653.1965127069,86.47
8929aebac9bffff,53.0,3.13,114840.0,73.22
8929aebaca3ffff,9.0,10.82,113894.0,71.36
8929aebaca7ffff,9.0,10.82,113894.0,71.36
8929aebacabffff,9.0,10.82,113894.0,71.36
8929aebacafffff,9.0,10.82,113894.00000000001,72.46
8929aebacb3ffff,114.0,57.68,99994.08127270172,66.74
8929aebacb7ffff,30.0,20.67,110289.13849375269,69.19
8929aebacbbffff,39.0,49.7,102358.91229411686,67.57
8929aebacc3ffff,9.0,10.82,113894.0,71.36
8929aebacc7ffff,71.0,55.2,100727.37344389071,67.17
8929aebaccbffff,9.0,10.82,113894.0,71.36
8929aebaccfffff,9.0,10.82,113894.00000000001,72.46
8929aebacd3ffff,9.0,10.82,113893.99999999999,70.24
8929aebacd7ffff,57.0,26.14,108614.15091705148,68.65
8929aebacdbffff,9.0,10.82,113894.00000000001,72.46
8929aebad03ffff,9.0,10.82,113893.99999999999,70.24
8929aebad07ffff,9.0,10.82,113894.00000000001,72.46
8929aebad0bffff,9.0,10.82,113894.00000000001,72.46
8929aebad0fffff,9.0,10.82,113894.00000000001,72.46
8929aebad13ffff,9.0,10.82,113894.00000000001,72.46
8929aebad17ffff,9.0,10.82,113894.0,71.36
8929aebad1bffff,9.0,10.82,113893.99999999999,70.24
8929aebad23ffff,9.0,10.82,113894.0,71.36
8929aebad27ffff,9.0,10.82,113894.0,71.36
8929aebad2bffff,9.0,10.82,113894.0,71.36
8929aebad2fffff,9.0,10.82,113893.99999999999,70.24
8929aebad33ffff,9.0,10.82,113894.0,71.36
8929aebad37ffff,9.0,10.82,113894.00000000001,72.46
8929aebad3bffff,9.0,10.82,113894.0,71.36
8929aebad43ffff,9.0,10.82,113893.99999999999,70.24
8929aebad47ffff,9.0,10.82,113894.00000000001,72.46
8929aebad4bffff,9.0,10.82,113894.0,71.36
8929aebad4fffff,8.0,10.82,113891.55955911987,69.93
8929aebad53ffff,9.0,10.82,113894.0,71.36
8929aebad57ffff,9.0,10.82,113894.0,71.36
8929aebad5bffff,9.0,10.82,113894.0,71.36
8929aebad63ffff,9.0,10.82,113894.0,71.36
8929aebad67ffff,9.0,10.82,113893.99999999999,70.24
8929aebad6bffff,2.0,10.82,113893.99999999983,69.97
8929aebad6fffff,9.0,10.82,113894.0,71.36
8929aebad73ffff,9.0,10.82,113894.0,71.36
8929aebad77ffff,9.0,10.82,113894.0,71.36
8929aebad7bffff,8.0,10.82,113893.96099420913,69.96
8929aebad83ffff,9.0,10.82,113894.00000000001,72.46
8929aebad87ffff,9.0,10.82,113893.99999999999,70.24
8929aebad8bffff,9.0,10.82,113894.0,71.36
8929aebad8fffff,9.0,10.82,113893.99999999999,70.24
8929aebad93ffff,9.0,10.82,113894.0,71.36
8929aebad97ffff,9.0,10.82,113894.0,71.36
8929aebad9bffff,9.0,10.82,113894.0,71.36
8929aebada3ffff,9.0,10.82,113894.0,71.36
8929aebada7ffff,9.0,10.82,113894.0,71.36
8929aebadabffff,9.0,10.82,113894.0,71.36
8929aebadafffff,9.0,10.82,113894.0,71.36
8929aebadb3ffff,9.0,10.82,113894.0,71.36
8929aebadb7ffff,9.0,10.82,113894.00000000001,72.46
8929aebadbbffff,9.0,10.82,113894.0,71.36
8929aebadc3ffff,9.0,10.82,113894.0,71.36
8929aebadc7ffff,9.0,10.82,113894.0,71.36
8929aebadcbffff,9.0,10.82,113894.0,71.36
8929aebadcfffff,9.0,10.82,113894.0,71.36
8929aebadd3ffff,9.0,10.82,113894.0,71.36
8929aebadd7ffff,9.0,10.82,113894.00000000001,72.46
8929aebaddbffff,9.0,10.82,113894.0,71.36
8929aebae03ffff,1.0,40.94,81667.0,58.0
8929aebae07ffff,1.0,38.63,84140.59720480767,61.14
8929aebae0bffff,1.0,40.94,81667.0,58.0
8929aebae0fffff,0.0,40.94,81667.0,58.0
8929aebae13ffff,3.0,14.87,109562.75106702397,68.92
8929aebae17ffff,8.0,11.17,113523.30173483623,69.88
8929aebae1bffff,1.0,40.94,81667.0,58.0
8929aebae23ffff,0.0,40.94,81667.0,58.0
8929aebae33ffff,0.0,40.94,81667.0,58.0
8929aebae37ffff,0.0,40.94,81667.0,58.0
8929aebae3bffff,0.0,40.94,81667.0,58.0
8929aebae47ffff,0.0,40.94,81667.0,58.0
8929aebae53ffff,0.0,40.94,81667.0,58.0
8929aebae57ffff,0.0,40.94,81667.0,58.0
8929aebae73ffff,0.0,40.94,81667.00000000001,59.25
8929aebae83ffff,9.0,10.82,113894.00000000001,72.46
8929aebae87ffff,9.0,10.82,113894.00000000001,72.46
8929aebae8bffff,7.0,11.43,113240.59367954935,69.78
8929aebae8fffff,9.0,10.82,113894.0,71.36
8929aebae93ffff,9.0,10.82,113893.99999999999,70.24
8929aebae97ffff,9.0,10.82,113893.99999999999,70.24
8929aebae9bffff,7.0,11.34,113469.78236528426,69.85
8929aebaea3ffff,9.0,10.82,113893.99999999999,70.24
8929aebaea7ffff,9.0,10.87,113838.51100726212,69.91
8929aebaeabffff,7.0,11.3,113382.62010079768,69.81
8929aebaeafffff,3.0,13.96,110533.67871215455,69.25
8929aebaeb3ffff,9.0,10.82,113894.0,71.36
8929aebaeb7ffff,9.0,10.82,113893.99999999999,70.24
8929aebaebbffff,9.0,10.82,113894.0,71.36
8929aebaec3ffff,1.0,40.94,81667.0,58.0
8929aebaec7ffff,1.0,40.94,81667.0,58.0
8929aebaecbffff,1.0,40.94,81667.0,58.0
8929aebaecfffff,1.0,40.94,81667.0,58.0
8929aebaed3ffff,48.0,16.01,159232.0965902655,89.64
8929aebaed7ffff,1.0,30.51,111712.95684002004,69.52
8929aebaedbffff,1.0,40.94,81667.0,58.0
8929aebb123ffff,0.0,40.94,81667.0,58.0
8929aebb127ffff,0.0,40.94,81667.0,58.0
8929aebb12bffff,1.0,40.94,81667.0,58.0
8929aebb12fffff,1.0,40.94,81667.0,58.0
8929aebb14fffff,0.0,40.94,81667.0,58.0
8929aebb163ffff,1.0,40.94,81667.0,58.0
8929aebb167ffff,1.0,40.94,81667.0,58.0
8929aebb16bffff,1.0,40.94,81667.0,58.0
8929aebb16fffff,1.0,40.94,81667.0,58.0
8929aebb173ffff,0.0,40.94,81667.0,58.0
8929aebb177ffff,0.0,40.94,81667.0,58.0
8929aebb17bffff,0.0,40.94,81667.0,58.0
8929aebb3a7ffff,1.0,40.94,81667.0,58.0
8929aebb3b7ffff,1.0,40.94,81667.0,58.0
