{"type": "FeatureCollection", "features": [{"type": "Feature", "properties": {"id": 0, "name": "Westlake", "lst": 33.6, "green": 23.9, "pop": 5211, "pct65": 9.9, "ac": 58.0, "holc": "C", "access_min": 42.0, "access_km": 3.33, "score": 31.1, "rank": 133}, "geometry": {"type": "Polygon", "coordinates": [[[-118.35432660758045, 33.87766112366039], [-118.3464825412225, 33.88954101125354], [-118.35477586599936, 33.90086315131749], [-118.37091381583033, 33.90030418028013], [-118.37875512982524, 33.888423946681776], [-118.37046124728553, 33.877103030056475], [-118.35432660758045, 33.87766112366039]]]}}, {"type": "Feature", "properties": {"id": 1, "name": "Boyle Heights", "lst": 40.0, "green": 10.2, "pop": 6885, "pct65": 14.5, "ac": 48.0, "holc": "D", "access_min": 46.0, "access_km": 3.65, "score": 62.3, "rank": 42}, "geometry": {"type": "Polygon", "coordinates": [[[-118.30591430083268, 33.87932303106317], [-118.29806317432966, 33.89120113498422], [-118.30635362499592, 33.90252768201864], [-118.3224957682022, 33.90197490277919], [-118.33034414774414, 33.8900964495062], [-118.32205313197551, 33.87877112475564], [-118.30591430083268, 33.87932303106317]]]}}, {"type": "Feature", "properties": {"id": 2, "name": "Watts", "lst": 41.6, "green": 3.7, "pop": 8090, "pct65": 17.1, "ac": 41.0, "holc": "D", "access_min": 65.0, "access_km": 5.21, "score": 79.1, "rank": 6}, "geometry": {"type": "Polygon", "coordinates": [[[-118.25748946261196, 33.880966365944126], [-118.24963128379063, 33.89284267678126], [-118.25791884673278, 33.904173626683765], [-118.27406516187737, 33.90362704456028], [-118.28192059915582, 33.891750381028324], [-118.2736324637685, 33.88042065224622], [-118.25748946261196, 33.880966365944126]]]}}, {"type": "Feature", "properties": {"id": 3, "name": "South Central", "lst": 39.4, "green": 8.0, "pop": 8373, "pct65": 10.2, "ac": 51.0, "holc": "D", "access_min": 97.0, "access_km": 7.75, "score": 62.5, "rank": 41}, "geometry": {"type": "Polygon", "coordinates": [[[-118.20905215726017, 33.88259111241927], [-118.20118693398429, 33.89446562076738], [-118.20947159559097, 33.905800969414344], [-118.22562206120188, 33.90526058969704], [-118.23348454836935, 33.893385725315056], [-118.22519930697153, 33.88205159661635], [-118.20905215726017, 33.88259111241927]]]}}, {"type": "Feature", "properties": {"id": 4, "name": "Pacoima", "lst": 33.1, "green": 25.3, "pop": 4237, "pct65": 10.8, "ac": 72.0, "holc": "B", "access_min": 128.0, "access_km": 10.24, "score": 24.7, "rank": 163}, "geometry": {"type": "Polygon", "coordinates": [[[-118.52391203551433, 33.88329517097515], [-118.51609196465272, 33.8951806889903], [-118.52439611752418, 33.90648638758926], [-118.54052087436061, 33.90590534108464], [-118.54833817347875, 33.89401948904296], [-118.54003348843291, 33.8827150174611], [-118.52391203551433, 33.88329517097515]]]}}, {"type": "Feature", "properties": {"id": 5, "name": "Sun Valley", "lst": 42.1, "green": 1.4, "pop": 7132, "pct65": 9.7, "ac": 36.0, "holc": "D", "access_min": 144.0, "access_km": 11.53, "score": 70.6, "rank": 20}, "geometry": {"type": "Polygon", "coordinates": [[[-118.16060244922365, 33.88419725468842], [-118.15273018939395, 33.89606995114913], [-118.16101193605603, 33.907409694395746], [-118.17716653062648, 33.90687552234683], [-118.18503605979836, 33.89500246651707], [-118.17675372599612, 33.88366394203791], [-118.16060244922365, 33.88419725468842]]]}}, {"type": "Feature", "properties": {"id": 6, "name": "Van Nuys", "lst": 33.8, "green": 21.1, "pop": 5665, "pct65": 13.0, "ac": 77.0, "holc": "B", "access_min": 120.0, "access_km": 9.62, "score": 31.8, "rank": 130}, "geometry": {"type": "Polygon", "coordinates": [[[-118.4755391377556, 33.88502329127509], [-118.46771197813796, 33.896907057251], [-118.47601330404171, 33.90821717789423], [-118.49214232999779, 33.90764230659754], [-118.49996672321834, 33.89575820323511], [-118.49166485781022, 33.88444930848507], [-118.4755391377556, 33.88502329127509]]]}}, {"type": "Feature", "properties": {"id": 7, "name": "Panorama City", "lst": 36.6, "green": 17.0, "pop": 6251, "pct65": 13.1, "ac": 62.0, "holc": "C", "access_min": 110.0, "access_km": 8.77, "score": 44.7, "rank": 86}, "geometry": {"type": "Polygon", "coordinates": [[[-118.42715348119518, 33.8867328885715], [-118.41931924052071, 33.898614893073], [-118.42761772583245, 33.90992943173422], [-118.44375099958816, 33.909360741063], [-118.4515824792283, 33.897478395818716], [-118.44328344707866, 33.886165081918165], [-118.42715348119518, 33.8867328885715]]]}}, {"type": "Feature", "properties": {"id": 8, "name": "Huntington Park", "lst": 37.2, "green": 12.2, "pop": 5290, "pct65": 10.7, "ac": 45.0, "holc": "D", "access_min": 55.0, "access_km": 4.41, "score": 47.4, "rank": 73}, "geometry": {"type": "Polygon", "coordinates": [[[-118.37875512982524, 33.888423946681776], [-118.37091381583033, 33.90030418028013], [-118.37920944692752, 33.911623132911835], [-118.39534694712734, 33.91106062825598], [-118.40318550546705, 33.899180050562364], [-118.3948893201951, 33.88786232155011], [-118.37875512982524, 33.888423946681776]]]}}, {"type": "Feature", "properties": {"id": 9, "name": "Florence", "lst": 36.9, "green": 15.5, "pop": 5570, "pct65": 7.5, "ac": 52.0, "holc": "D", "access_min": 18.0, "access_km": 1.41, "score": 41.2, "rank": 101}, "geometry": {"type": "Polygon", "coordinates": [[[-118.33034414774414, 33.8900964495062], [-118.3224957682022, 33.90197490277919], [-118.33078853146415, 33.913298265312704], [-118.3469302367172, 33.91274195203446], [-118.35477586599936, 33.90086315131749], [-118.3464825412225, 33.88954101125354], [-118.33034414774414, 33.8900964495062]]]}}, {"type": "Feature", "properties": {"id": 10, "name": "Vermont Sq", "lst": 39.4, "green": 14.1, "pop": 7858, "pct65": 14.6, "ac": 35.0, "holc": "D", "access_min": 48.0, "access_km": 3.8, "score": 66.8, "rank": 28}, "geometry": {"type": "Polygon", "coordinates": [[[-118.28192059915582, 33.891750381028324], [-118.27406516187737, 33.90362704456028], [-118.28235504368527, 33.91495481290574], [-118.29850093256555, 33.914404696339524], [-118.30635362499592, 33.90252768201864], [-118.29806317432966, 33.89120113498422], [-118.28192059915582, 33.891750381028324]]]}}, {"type": "Feature", "properties": {"id": 11, "name": "Exposition Pk", "lst": 40.2, "green": 12.0, "pop": 8144, "pct65": 13.9, "ac": 44.0, "holc": "D", "access_min": 66.0, "access_km": 5.25, "score": 67.2, "rank": 27}, "geometry": {"type": "Polygon", "coordinates": [[[-118.23348454836935, 33.893385725315056], [-118.22562206120188, 33.90526058969704], [-118.23390904793901, 33.91659275974337], [-118.2500590989855, 33.916048845195725], [-118.25791884673278, 33.904173626683765], [-118.24963128379063, 33.89284267678126], [-118.23348454836935, 33.893385725315056]]]}}, {"type": "Feature", "properties": {"id": 12, "name": "Cypress Park", "lst": 34.1, "green": 18.0, "pop": 5971, "pct65": 12.2, "ac": 66.0, "holc": "B", "access_min": 127.0, "access_km": 10.13, "score": 36.9, "rank": 116}, "geometry": {"type": "Polygon", "coordinates": [[[-118.54833817347875, 33.89401948904296], [-118.54052087436061, 33.90590534108464], [-118.54882731199078, 33.917207840814854], [-118.56495157825086, 33.91662326125116], [-118.57276610235536, 33.90473707709948], [-118.56445913614199, 33.893435804549895], [-118.54833817347875, 33.89401948904296]]]}}, {"type": "Feature", "properties": {"id": 13, "name": "Lincoln Heights", "lst": 40.1, "green": 10.6, "pop": 8429, "pct65": 16.8, "ac": 36.0, "holc": "D", "access_min": 112.0, "access_km": 8.98, "score": 74.8, "rank": 12}, "geometry": {"type": "Polygon", "coordinates": [[[-118.18503605979836, 33.89500246651707], [-118.17716653062648, 33.90687552234683], [-118.18545060867835, 33.91821208996173], [-118.20160480039509, 33.91767438271132], [-118.20947159559097, 33.905800969414344], [-118.20118693398429, 33.89446562076738], [-118.18503605979836, 33.89500246651707]]]}}, {"type": "Feature", "properties": {"id": 14, "name": "El Sereno", "lst": 32.7, "green": 25.2, "pop": 2157, "pct65": 12.2, "ac": 89.0, "holc": "B", "access_min": 105.0, "access_km": 8.4, "score": 17.3, "rank": 180}, "geometry": {"type": "Polygon", "coordinates": [[[-118.49996672321834, 33.89575820323511], [-118.49214232999779, 33.90764230659754], [-118.50044594695551, 33.918949231258146], [-118.51657449397744, 33.918370826423626], [-118.52439611752418, 33.90648638758926], [-118.51609196465272, 33.8951806889903], [-118.49996672321834, 33.89575820323511]]]}}, {"type": "Feature", "properties": {"id": 15, "name": "Highland Park", "lst": 42.7, "green": 3.5, "pop": 7026, "pct65": 16.9, "ac": 28.0, "holc": "D", "access_min": 165.0, "access_km": 13.19, "score": 80.0, "rank": 3}, "geometry": {"type": "Polygon", "coordinates": [[[-118.13657519796092, 33.896600588868914], [-118.12869863470613, 33.90847182675103], [-118.13697979046056, 33.91981278778098], [-118.15313810131687, 33.919281293078406], [-118.16101193605603, 33.907409694395746], [-118.15273018939395, 33.89606995114913], [-118.13657519796092, 33.896600588868914]]]}}, {"type": "Feature", "properties": {"id": 16, "name": "Wilmington", "lst": 37.0, "green": 15.9, "pop": 5284, "pct65": 8.8, "ac": 51.0, "holc": "C", "access_min": 110.0, "access_km": 8.83, "score": 41.8, "rank": 97}, "geometry": {"type": "Polygon", "coordinates": [[[-118.4515824792283, 33.897478395818716], [-118.44375099958816, 33.909360741063], [-118.4520517822441, 33.92067208664023], [-118.4681845887192, 33.92009986196867], [-118.47601330404171, 33.90821717789423], [-118.46771197813796, 33.896907057251], [-118.4515824792283, 33.897478395818716]]]}}, {"type": "Feature", "properties": {"id": 17, "name": "San Pedro", "lst": 35.8, "green": 21.3, "pop": 3803, "pct65": 13.3, "ac": 83.0, "holc": "B", "access_min": 80.0, "access_km": 6.39, "score": 29.3, "rank": 141}, "geometry": {"type": "Polygon", "coordinates": [[[-118.40318550546705, 33.899180050562364], [-118.39534694712734, 33.91106062825598], [-118.40364488185382, 33.92237639071491], [-118.41978192643784, 33.9218103516125], [-118.42761772583245, 33.90992943173422], [-118.41931924052071, 33.898614893073], [-118.40318550546705, 33.899180050562364]]]}}, {"type": "Feature", "properties": {"id": 18, "name": "Sylmar", "lst": 39.1, "green": 14.7, "pop": 5545, "pct65": 14.8, "ac": 48.0, "holc": "D", "access_min": 24.0, "access_km": 1.92, "score": 53.4, "rank": 58}, "geometry": {"type": "Polygon", "coordinates": [[[-118.35477586599936, 33.90086315131749], [-118.3469302367172, 33.91274195203446], [-118.35522530988835, 33.924062127318926], [-118.37136657120159, 33.923502279164204], [-118.37920944692752, 33.911623132911835], [-118.37091381583033, 33.90030418028013], [-118.35477586599936, 33.90086315131749]]]}}, {"type": "Feature", "properties": {"id": 19, "name": "Arleta", "lst": 38.2, "green": 11.0, "pop": 7731, "pct65": 14.7, "ac": 38.0, "holc": "D", "access_min": 32.0, "access_km": 2.55, "score": 64.9, "rank": 34}, "geometry": {"type": "Polygon", "coordinates": [[[-118.30635362499592, 33.90252768201864], [-118.29850093256555, 33.914404696339524], [-118.30679313055732, 33.9257292803722], [-118.32293858718482, 33.92517562851591], [-118.33078853146415, 33.913298265312704], [-118.3224957682022, 33.90197490277919], [-118.30635362499592, 33.90252768201864]]]}}, {"type": "Feature", "properties": {"id": 20, "name": "North Hills", "lst": 40.6, "green": 1.6, "pop": 7671, "pct65": 14.2, "ac": 46.0, "holc": "D", "access_min": 36.0, "access_km": 2.86, "score": 71.8, "rank": 18}, "geometry": {"type": "Polygon", "coordinates": [[[-118.25791884673278, 33.904173626683765], [-118.2500590989855, 33.916048845195725], [-118.25834840817588, 33.927377833878076], [-118.27449803866757, 33.92683038364316], [-118.28235504368527, 33.91495481290574], [-118.27406516187737, 33.90362704456028], [-118.25791884673278, 33.904173626683765]]]}}, {"type": "Feature", "properties": {"id": 21, "name": "Reseda", "lst": 40.6, "green": 8.4, "pop": 7407, "pct65": 12.3, "ac": 35.0, "holc": "D", "access_min": 81.0, "access_km": 6.45, "score": 68.1, "rank": 24}, "geometry": {"type": "Polygon", "coordinates": [[[-118.20947159559097, 33.905800969414344], [-118.20160480039509, 33.91767438271132], [-118.20989120716423, 33.92900777192354], [-118.22604499003508, 33.92846652860503], [-118.23390904793901, 33.91659275974337], [-118.22562206120188, 33.90526058969704], [-118.20947159559097, 33.905800969414344]]]}}, {"type": "Feature", "properties": {"id": 22, "name": "Canoga Park", "lst": 30.8, "green": 25.0, "pop": 5169, "pct65": 8.7, "ac": 85.0, "holc": "B", "access_min": 98.0, "access_km": 7.85, "score": 17.6, "rank": 177}, "geometry": {"type": "Polygon", "coordinates": [[[-118.52439611752418, 33.90648638758926], [-118.51657449397744, 33.918370826423626], [-118.52488039928588, 33.92967455238139], [-118.5410084613923, 33.92909261320594], [-118.54882731199078, 33.917207840814854], [-118.54052087436061, 33.90590534108464], [-118.52439611752418, 33.90648638758926]]]}}, {"type": "Feature", "properties": {"id": 23, "name": "Winnetka", "lst": 41.2, "green": 5.0, "pop": 6258, "pct65": 14.2, "ac": 18.0, "holc": "D", "access_min": 134.0, "access_km": 10.73, "score": 72.7, "rank": 15}, "geometry": {"type": "Polygon", "coordinates": [[[-118.16101193605603, 33.907409694395746], [-118.15313810131687, 33.919281293078406], [-118.16142159204718, 33.93061907867952], [-118.17757950577727, 33.93008404754444], [-118.18545060867835, 33.91821208996173], [-118.17716653062648, 33.90687552234683], [-118.16101193605603, 33.907409694395746]]]}}, {"type": "Feature", "properties": {"id": 24, "name": "Mar Vista", "lst": 33.2, "green": 23.0, "pop": 5743, "pct65": 16.1, "ac": 68.0, "holc": "C", "access_min": 88.0, "access_km": 7.06, "score": 35.4, "rank": 120}, "geometry": {"type": "Polygon", "coordinates": [[[-118.47601330404171, 33.90821717789423], [-118.4681845887192, 33.92009986196867], [-118.4764876660206, 33.9314080117341], [-118.49261999923169, 33.9308322522495], [-118.50044594695551, 33.918949231258146], [-118.49214232999779, 33.90764230659754], [-118.47601330404171, 33.90821717789423]]]}}, {"type": "Feature", "properties": {"id": 25, "name": "Palms", "lst": 34.5, "green": 23.1, "pop": 6734, "pct65": 12.6, "ac": 51.0, "holc": "C", "access_min": 85.0, "access_km": 6.78, "score": 41.6, "rank": 99}, "geometry": {"type": "Polygon", "coordinates": [[[-118.42761772583245, 33.90992943173422], [-118.41978192643784, 33.9218103516125], [-118.42808216209944, 33.93312292116321], [-118.44421874508218, 33.93255334679192], [-118.4520517822441, 33.92067208664023], [-118.44375099958816, 33.909360741063], [-118.42761772583245, 33.90992943173422]]]}}, {"type": "Feature", "properties": {"id": 26, "name": "Del Rey", "lst": 38.0, "green": 14.9, "pop": 5773, "pct65": 17.4, "ac": 50.0, "holc": "C", "access_min": 54.0, "access_km": 4.3, "score": 54.2, "rank": 54}, "geometry": {"type": "Polygon", "coordinates": [[[-118.37920944692752, 33.911623132911835], [-118.37136657120159, 33.923502279164204], [-118.37966395159235, 33.93481926445656], [-118.39580476297829, 33.934255880593405], [-118.40364488185382, 33.92237639071491], [-118.39534694712734, 33.91106062825598], [-118.37920944692752, 33.911623132911835]]]}}, {"type": "Feature", "properties": {"id": 27, "name": "Playa", "lst": 36.1, "green": 19.1, "pop": 6705, "pct65": 12.4, "ac": 56.0, "holc": "C", "access_min": 16.0, "access_km": 1.25, "score": 45.0, "rank": 84}, "geometry": {"type": "Polygon", "coordinates": [[[-118.33078853146415, 33.913298265312704], [-118.32293858718482, 33.92517562851591], [-118.33123309867553, 33.93649702548512], [-118.3473781170608, 33.93593983749721], [-118.35522530988835, 33.924062127318926], [-118.3469302367172, 33.91274195203446], [-118.33078853146415, 33.913298265312704]]]}}, {"type": "Feature", "properties": {"id": 28, "name": "Venice", "lst": 43.4, "green": 2.6, "pop": 7761, "pct65": 15.8, "ac": 37.0, "holc": "D", "access_min": 17.0, "access_km": 1.34, "score": 81.6, "rank": 2}, "geometry": {"type": "Polygon", "coordinates": [[[-118.28235504368527, 33.91495481290574], [-118.27449803866757, 33.92683038364316], [-118.28278966763091, 33.93815618820321], [-118.29893887157648, 33.93760520142983], [-118.30679313055732, 33.9257292803722], [-118.29850093256555, 33.914404696339524], [-118.28235504368527, 33.91495481290574]]]}}, {"type": "Feature", "properties": {"id": 29, "name": "Brentwood", "lst": 40.1, "green": 10.3, "pop": 7989, "pct65": 12.7, "ac": 44.0, "holc": "D", "access_min": 49.0, "access_km": 3.94, "score": 66.1, "rank": 31}, "geometry": {"type": "Polygon", "coordinates": [[[-118.23390904793901, 33.91659275974337], [-118.22604499003508, 33.92846652860503], [-118.23433372284585, 33.93979673664868], [-118.2504870908776, 33.939251956401236], [-118.25834840817588, 33.927377833878076], [-118.2500590989855, 33.916048845195725], [-118.23390904793901, 33.91659275974337]]]}}, {"type": "Feature", "properties": {"id": 30, "name": "Bel Air", "lst": 32.5, "green": 28.8, "pop": 1717, "pct65": 12.1, "ac": 68.0, "holc": "B", "access_min": 101.0, "access_km": 8.1, "score": 19.0, "rank": 175}, "geometry": {"type": "Polygon", "coordinates": [[[-118.54882731199078, 33.917207840814854], [-118.5410084613923, 33.92909261320594], [-118.54931665234507, 33.94039313774575], [-118.56544422355384, 33.939807663431985], [-118.57326029793197, 33.92792255940004], [-118.56495157825086, 33.91662326125116], [-118.54882731199078, 33.917207840814854]]]}}, {"type": "Feature", "properties": {"id": 31, "name": "Sherman Oaks", "lst": 40.4, "green": 13.5, "pop": 7942, "pct65": 13.5, "ac": 31.0, "holc": "D", "access_min": 104.0, "access_km": 8.32, "score": 69.5, "rank": 22}, "geometry": {"type": "Polygon", "coordinates": [[[-118.18545060867835, 33.91821208996173], [-118.17757950577727, 33.93008404754444], [-118.18586532881245, 33.94141865494324], [-118.20202283942143, 33.940880086505175], [-118.20989120716423, 33.92900777192354], [-118.20160480039509, 33.91767438271132], [-118.18545060867835, 33.91821208996173]]]}}, {"type": "Feature", "properties": {"id": 32, "name": "Encino", "lst": 35.8, "green": 18.8, "pop": 5662, "pct65": 13.7, "ac": 49.0, "holc": "C", "access_min": 73.0, "access_km": 5.86, "score": 44.7, "rank": 85}, "geometry": {"type": "Polygon", "coordinates": [[[-118.50044594695551, 33.918949231258146], [-118.49261999923169, 33.9308322522495], [-118.50092536847667, 33.94213720348039], [-118.51705722243942, 33.94155790837578], [-118.52488039928588, 33.92967455238139], [-118.51657449397744, 33.918370826423626], [-118.50044594695551, 33.918949231258146]]]}}, {"type": "Feature", "properties": {"id": 33, "name": "Studio City", "lst": 43.5, "green": 5.6, "pop": 5833, "pct65": 12.0, "ac": 34.0, "holc": "D", "access_min": 160.0, "access_km": 12.77, "score": 68.0, "rank": 26}, "geometry": {"type": "Polygon", "coordinates": [[[-118.13697979046056, 33.91981278778098], [-118.12910165048848, 33.93168292468837], [-118.13738455012738, 33.94302192729265], [-118.15354618176976, 33.942489575919346], [-118.16142159204718, 33.93061907867952], [-118.15313810131687, 33.919281293078406], [-118.13697979046056, 33.91981278778098]]]}}, {"type": "Feature", "properties": {"id": 34, "name": "Los Feliz", "lst": 35.9, "green": 23.5, "pop": 1971, "pct65": 12.1, "ac": 62.0, "holc": "B", "access_min": 82.0, "access_km": 6.55, "score": 27.4, "rank": 151}, "geometry": {"type": "Polygon", "coordinates": [[[-118.4520517822441, 33.92067208664023], [-118.44421874508218, 33.93255334679192], [-118.45252127898156, 33.94386272070401], [-118.4686573943767, 33.94328961024728], [-118.4764876660206, 33.9314080117341], [-118.4681845887192, 33.92009986196867], [-118.4520517822441, 33.92067208664023]]]}}, {"type": "Feature", "properties": {"id": 35, "name": "Silver Lake", "lst": 36.3, "green": 14.7, "pop": 3778, "pct65": 9.8, "ac": 60.0, "holc": "C", "access_min": 66.0, "access_km": 5.26, "score": 35.4, "rank": 121}, "geometry": {"type": "Polygon", "coordinates": [[[-118.40364488185382, 33.92237639071491], [-118.39580476297829, 33.934255880593405], [-118.40410444789589, 33.94556967315565], [-118.42024480336619, 33.94500275275791], [-118.42808216209944, 33.93312292116321], [-118.41978192643784, 33.9218103516125], [-118.40364488185382, 33.92237639071491]]]}}, {"type": "Feature", "properties": {"id": 36, "name": "Echo Park", "lst": 39.4, "green": 10.6, "pop": 5899, "pct65": 9.6, "ac": 44.0, "holc": "D", "access_min": 39.0, "access_km": 3.11, "score": 53.4, "rank": 57}, "geometry": {"type": "Polygon", "coordinates": [[[-118.35522530988835, 33.924062127318926], [-118.3473781170608, 33.93593983749721], [-118.35567493936223, 33.947258044657346], [-118.37181951351499, 33.946697319702], [-118.37966395159235, 33.93481926445656], [-118.37136657120159, 33.923502279164204], [-118.35522530988835, 33.924062127318926]]]}}, {"type": "Feature", "properties": {"id": 37, "name": "Koreatown", "lst": 37.8, "green": 17.4, "pop": 5987, "pct65": 10.6, "ac": 58.0, "holc": "C", "access_min": 36.0, "access_km": 2.91, "score": 44.5, "rank": 87}, "geometry": {"type": "Polygon", "coordinates": [[[-118.30679313055732, 33.9257292803722], [-118.29893887157648, 33.93760520142983], [-118.3072328176292, 33.94892781911437], [-118.32338158903649, 33.948373294957044], [-118.33123309867553, 33.93649702548512], [-118.32293858718482, 33.92517562851591], [-118.30679313055732, 33.9257292803722]]]}}, {"type": "Feature", "properties": {"id": 38, "name": "Mid City", "lst": 38.9, "green": 12.5, "pop": 4316, "pct65": 12.6, "ac": 34.0, "holc": "D", "access_min": 20.0, "access_km": 1.57, "score": 51.0, "rank": 66}, "geometry": {"type": "Polygon", "coordinates": [[[-118.25834840817588, 33.927377833878076], [-118.2504870908776, 33.939251956401236], [-118.25877814705109, 33.95057898051549], [-118.27493109424977, 33.95003066248401], [-118.28278966763091, 33.93815618820321], [-118.27449803866757, 33.92683038364316], [-118.25834840817588, 33.927377833878076]]]}}, {"type": "Feature", "properties": {"id": 39, "name": "Leimert Park", "lst": 40.5, "green": 12.9, "pop": 9670, "pct65": 13.9, "ac": 38.0, "holc": "D", "access_min": 75.0, "access_km": 6.04, "score": 75.4, "rank": 10}, "geometry": {"type": "Polygon", "coordinates": [[[-118.20989120716423, 33.92900777192354], [-118.20202283942143, 33.940880086505175], [-118.2103109920873, 33.952211512933225], [-118.22646809357923, 33.95166940632742], [-118.23433372284585, 33.93979673664868], [-118.22604499003508, 33.92846652860503], [-118.20989120716423, 33.92900777192354]]]}}, {"type": "Feature", "properties": {"id": 40, "name": "Baldwin Hills", "lst": 30.8, "green": 31.8, "pop": 3305, "pct65": 9.2, "ac": 75.0, "holc": "A", "access_min": 70.0, "access_km": 5.63, "score": 14.5, "rank": 187}, "geometry": {"type": "Polygon", "coordinates": [[[-118.52488039928588, 33.92967455238139], [-118.51705722243942, 33.94155790837578], [-118.52536488092304, 33.95285965835446], [-118.54149624965237, 33.95227682682861], [-118.54931665234507, 33.94039313774575], [-118.5410084613923, 33.92909261320594], [-118.52488039928588, 33.92967455238139]]]}}, {"type": "Feature", "properties": {"id": 41, "name": "Westwood", "lst": 40.1, "green": 6.2, "pop": 9595, "pct65": 12.6, "ac": 30.0, "holc": "D", "access_min": 131.0, "access_km": 10.51, "score": 79.6, "rank": 5}, "geometry": {"type": "Polygon", "coordinates": [[[-118.16142159204718, 33.93061907867952], [-118.15354618176976, 33.942489575919346], [-118.16183141730193, 33.95382540052405], [-118.17799265155413, 33.953289510615754], [-118.18586532881245, 33.94141865494324], [-118.17757950577727, 33.93008404754444], [-118.16142159204718, 33.93061907867952]]]}}, {"type": "Feature", "properties": {"id": 42, "name": "Westlake 2", "lst": 29.1, "green": 33.5, "pop": 5418, "pct65": 8.6, "ac": 88.0, "holc": "A", "access_min": 57.0, "access_km": 4.54, "score": 9.9, "rank": 197}, "geometry": {"type": "Polygon", "coordinates": [[[-118.4764876660206, 33.9314080117341], [-118.4686573943767, 33.94328961024728], [-118.47696222381343, 33.95459578579549], [-118.49309786563377, 33.954019138442476], [-118.50092536847667, 33.94213720348039], [-118.49261999923169, 33.9308322522495], [-118.4764876660206, 33.9314080117341]]]}}, {"type": "Feature", "properties": {"id": 43, "name": "Boyle Heights 2", "lst": 36.3, "green": 16.3, "pop": 5272, "pct65": 10.8, "ac": 40.0, "holc": "C", "access_min": 54.0, "access_km": 4.33, "score": 45.2, "rank": 79}, "geometry": {"type": "Polygon", "coordinates": [[[-118.42808216209944, 33.93312292116321], [-118.42024480336619, 33.94500275275791], [-118.42854679011475, 33.95631334985713], [-118.44468668368019, 33.95574289210434], [-118.45252127898156, 33.94386272070401], [-118.44421874508218, 33.93255334679192], [-118.42808216209944, 33.93312292116321]]]}}, {"type": "Feature", "properties": {"id": 44, "name": "Watts 2", "lst": 35.1, "green": 23.3, "pop": 5396, "pct65": 7.9, "ac": 60.0, "holc": "B", "access_min": 60.0, "access_km": 4.78, "score": 32.0, "rank": 128}, "geometry": {"type": "Polygon", "coordinates": [[[-118.37966395159235, 33.93481926445656], [-118.37181951351499, 33.946697319702], [-118.38011864393583, 33.95801233431253], [-118.3962627678649, 33.95744807155966], [-118.40410444789589, 33.94556967315565], [-118.39580476297829, 33.934255880593405], [-118.37966395159235, 33.93481926445656]]]}}, {"type": "Feature", "properties": {"id": 45, "name": "South Central 2", "lst": 41.2, "green": 15.4, "pop": 7147, "pct65": 12.7, "ac": 38.0, "holc": "C", "access_min": 48.0, "access_km": 3.8, "score": 63.8, "rank": 38}, "geometry": {"type": "Polygon", "coordinates": [[[-118.33123309867553, 33.93649702548512], [-118.32338158903649, 33.948373294957044], [-118.33167784949187, 33.95969272301795], [-118.34782618236768, 33.95913466063703], [-118.35567493936223, 33.947258044657346], [-118.3473781170608, 33.93593983749721], [-118.33123309867553, 33.93649702548512]]]}}, {"type": "Feature", "properties": {"id": 46, "name": "Pacoima 2", "lst": 38.9, "green": 11.5, "pop": 6492, "pct65": 14.2, "ac": 53.0, "holc": "D", "access_min": 20.0, "access_km": 1.57, "score": 56.3, "rank": 48}, "geometry": {"type": "Polygon", "coordinates": [[[-118.28278966763091, 33.93815618820321], [-118.27493109424977, 33.95003066248401], [-118.28322447110388, 33.961354499913114], [-118.29937699147443, 33.96080264324826], [-118.3072328176292, 33.94892781911437], [-118.29893887157648, 33.93760520142983], [-118.28278966763091, 33.93815618820321]]]}}, {"type": "Feature", "properties": {"id": 47, "name": "Sun Valley 2", "lst": 42.3, "green": 8.2, "pop": 7790, "pct65": 11.9, "ac": 35.0, "holc": "D", "access_min": 51.0, "access_km": 4.09, "score": 72.7, "rank": 16}, "geometry": {"type": "Polygon", "coordinates": [[[-118.23433372284585, 33.93979673664868], [-118.22646809357923, 33.95166940632742], [-118.23475857319838, 33.96299764902137], [-118.25091525957644, 33.96245200338882], [-118.25877814705109, 33.95057898051549], [-118.2504870908776, 33.939251956401236], [-118.23433372284585, 33.93979673664868]]]}}, {"type": "Feature", "properties": {"id": 48, "name": "Van Nuys 2", "lst": 35.3, "green": 21.9, "pop": 5440, "pct65": 14.5, "ac": 61.0, "holc": "C", "access_min": 78.0, "access_km": 6.23, "score": 39.1, "rank": 112}, "geometry": {"type": "Polygon", "coordinates": [[[-118.54931665234507, 33.94039313774575], [-118.54149624965237, 33.95227682682861], [-118.54980619466652, 33.963575372842534], [-118.56593707217658, 33.96298900409998], [-118.57375469744146, 33.95110498384381], [-118.56544422355384, 33.939807663431985], [-118.54931665234507, 33.94039313774575]]]}}, {"type": "Feature", "properties": {"id": 49, "name": "Panorama City 2", "lst": 41.8, "green": 7.2, "pop": 8447, "pct65": 11.4, "ac": 27.0, "holc": "D", "access_min": 105.0, "access_km": 8.43, "score": 77.1, "rank": 7}, "geometry": {"type": "Polygon", "coordinates": [[[-118.18586532881245, 33.94141865494324], [-118.17799265155413, 33.953289510615754], [-118.1862802203068, 33.96462215444993], [-118.20244105117027, 33.96408272513794], [-118.2103109920873, 33.952211512933225], [-118.20202283942143, 33.940880086505175], [-118.18586532881245, 33.94141865494324]]]}}, {"type": "Feature", "properties": {"id": 50, "name": "Huntington Park 2", "lst": 33.6, "green": 22.1, "pop": 3486, "pct65": 7.5, "ac": 53.0, "holc": "B", "access_min": 42.0, "access_km": 3.36, "score": 26.9, "rank": 154}, "geometry": {"type": "Polygon", "coordinates": [[[-118.50092536847667, 33.94213720348039], [-118.49309786563377, 33.954019138442476], [-118.50140498790424, 33.96532211290664], [-118.51754015016182, 33.96474192785224], [-118.52536488092304, 33.95285965835446], [-118.51705722243942, 33.94155790837578], [-118.50092536847667, 33.94213720348039]]]}}, {"type": "Feature", "properties": {"id": 51, "name": "Florence 2", "lst": 42.3, "green": 5.9, "pop": 11412, "pct65": 17.5, "ac": 28.0, "holc": "D", "access_min": 161.0, "access_km": 12.86, "score": 100.0, "rank": 1}, "geometry": {"type": "Polygon", "coordinates": [[[-118.13738455012738, 33.94302192729265], [-118.12950483280812, 33.95489095956158], [-118.13778947706507, 33.96622800039014], [-118.15395443085706, 33.96569479265893], [-118.16183141730193, 33.95382540052405], [-118.15354618176976, 33.942489575919346], [-118.13738455012738, 33.94302192729265]]]}}, {"type": "Feature", "properties": {"id": 52, "name": "Vermont Sq 2", "lst": 34.8, "green": 21.4, "pop": 4668, "pct65": 8.1, "ac": 74.0, "holc": "B", "access_min": 53.0, "access_km": 4.25, "score": 27.3, "rank": 152}, "geometry": {"type": "Polygon", "coordinates": [[[-118.45252127898156, 33.94386272070401], [-118.44468668368019, 33.95574289210434], [-118.45299096956064, 33.96705029101276], [-118.4691303952312, 33.9664762950902], [-118.47696222381343, 33.95459578579549], [-118.4686573943767, 33.94328961024728], [-118.45252127898156, 33.94386272070401]]]}}, {"type": "Feature", "properties": {"id": 53, "name": "Exposition Pk 2", "lst": 33.4, "green": 30.1, "pop": 6868, "pct65": 11.5, "ac": 83.0, "holc": "B", "access_min": 34.0, "access_km": 2.71, "score": 25.7, "rank": 159}, "geometry": {"type": "Polygon", "coordinates": [[[-118.40410444789589, 33.94556967315565], [-118.3962627678649, 33.95744807155966], [-118.40456420371068, 33.96875989088518], [-118.42070787142396, 33.96819208951048], [-118.42854679011475, 33.95631334985713], [-118.42024480336619, 33.94500275275791], [-118.40410444789589, 33.94556967315565]]]}}, {"type": "Feature", "properties": {"id": 54, "name": "Cypress Park 2", "lst": 38.2, "green": 16.4, "pop": 5753, "pct65": 9.1, "ac": 52.0, "holc": "C", "access_min": 67.0, "access_km": 5.37, "score": 45.2, "rank": 81}, "geometry": {"type": "Polygon", "coordinates": [[[-118.35567493936223, 33.947258044657346], [-118.34782618236768, 33.95913466063703], [-118.35612475453587, 33.970450896331215], [-118.37227264288627, 33.96988929489269], [-118.38011864393583, 33.95801233431253], [-118.37181951351499, 33.946697319702], [-118.35567493936223, 33.947258044657346]]]}}, {"type": "Feature", "properties": {"id": 55, "name": "Lincoln Heights 2", "lst": 37.0, "green": 21.5, "pop": 8935, "pct65": 13.0, "ac": 55.0, "holc": "C", "access_min": 49.0, "access_km": 3.94, "score": 53.2, "rank": 59}, "geometry": {"type": "Polygon", "coordinates": [[[-118.3072328176292, 33.94892781911437], [-118.29937699147443, 33.96080264324826], [-118.30767268632393, 33.972123291241545], [-118.32382477387043, 33.9715678950997], [-118.33167784949187, 33.95969272301795], [-118.32338158903649, 33.948373294957044], [-118.3072328176292, 33.94892781911437]]]}}, {"type": "Feature", "properties": {"id": 56, "name": "El Sereno 2", "lst": 38.4, "green": 15.3, "pop": 7530, "pct65": 17.7, "ac": 34.0, "holc": "D", "access_min": 40.0, "access_km": 3.18, "score": 66.5, "rank": 29}, "geometry": {"type": "Polygon", "coordinates": [[[-118.25877814705109, 33.95057898051549], [-118.25091525957644, 33.96245200338882], [-118.2592080634683, 33.973777059590375], [-118.27536432873468, 33.97322787407785], [-118.28322447110388, 33.961354499913114], [-118.27493109424977, 33.95003066248401], [-118.25877814705109, 33.95057898051549]]]}}, {"type": "Feature", "properties": {"id": 57, "name": "Highland Park 2", "lst": 41.2, "green": 11.1, "pop": 6468, "pct65": 13.8, "ac": 41.0, "holc": "D", "access_min": 84.0, "access_km": 6.68, "score": 63.6, "rank": 39}, "geometry": {"type": "Polygon", "coordinates": [[[-118.2103109920873, 33.952211512933225], [-118.20244105117027, 33.96408272513794], [-118.21073095046754, 33.975412185435694], [-118.22689137194264, 33.97486921585715], [-118.23475857319838, 33.96299764902137], [-118.22646809357923, 33.95166940632742], [-118.2103109920873, 33.952211512933225]]]}}, {"type": "Feature", "properties": {"id": 58, "name": "Wilmington 2", "lst": 31.9, "green": 26.7, "pop": 6417, "pct65": 10.9, "ac": 76.0, "holc": "B", "access_min": 48.0, "access_km": 3.88, "score": 25.3, "rank": 161}, "geometry": {"type": "Polygon", "coordinates": [[[-118.52536488092304, 33.95285965835446], [-118.51754015016182, 33.96474192785224], [-118.52584956255934, 33.976041698517236], [-118.54198423926536, 33.97545797496215], [-118.54980619466652, 33.963575372842534], [-118.54149624965237, 33.95227682682861], [-118.52536488092304, 33.95285965835446]]]}}, {"type": "Feature", "properties": {"id": 59, "name": "San Pedro 2", "lst": 40.0, "green": 12.3, "pop": 9675, "pct65": 17.9, "ac": 58.0, "holc": "D", "access_min": 137.0, "access_km": 10.92, "score": 72.8, "rank": 14}, "geometry": {"type": "Polygon", "coordinates": [[[-118.16183141730193, 33.95382540052405], [-118.15395443085706, 33.96569479265893], [-118.1622414119251, 33.977028652919564], [-118.17840596806283, 33.976491904551644], [-118.1862802203068, 33.96462215444993], [-118.17799265155413, 33.953289510615754], [-118.16183141730193, 33.95382540052405]]]}}, {"type": "Feature", "properties": {"id": 60, "name": "Sylmar 2", "lst": 31.9, "green": 26.8, "pop": 2748, "pct65": 11.6, "ac": 71.0, "holc": "B", "access_min": 27.0, "access_km": 2.13, "score": 20.1, "rank": 171}, "geometry": {"type": "Polygon", "coordinates": [[[-118.47696222381343, 33.95459578579549], [-118.4691303952312, 33.9664762950902], [-118.47743697754139, 33.97778049308508], [-118.49357592932614, 33.977202958183824], [-118.50140498790424, 33.96532211290664], [-118.49309786563377, 33.954019138442476], [-118.47696222381343, 33.95459578579549]]]}}, {"type": "Feature", "properties": {"id": 61, "name": "Arleta 2", "lst": 34.9, "green": 15.8, "pop": 5575, "pct65": 12.6, "ac": 53.0, "holc": "C", "access_min": 27.0, "access_km": 2.19, "score": 42.2, "rank": 92}, "geometry": {"type": "Polygon", "coordinates": [[[-118.42854679011475, 33.95631334985713], [-118.42070787142396, 33.96819208951048], [-118.42901160999708, 33.9795007108206], [-118.44515481550168, 33.97892937000551], [-118.45299096956064, 33.96705029101276], [-118.44468668368019, 33.95574289210434], [-118.42854679011475, 33.95631334985713]]]}}, {"type": "Feature", "properties": {"id": 62, "name": "North Hills 2", "lst": 36.5, "green": 14.1, "pop": 5813, "pct65": 15.2, "ac": 53.0, "holc": "C", "access_min": 39.0, "access_km": 3.09, "score": 49.2, "rank": 70}, "geometry": {"type": "Polygon", "coordinates": [[[-118.38011864393583, 33.95801233431253], [-118.37227264288627, 33.96988929489269], [-118.38057352407418, 33.98120233548222], [-118.39672096190421, 33.98063719415793], [-118.40456420371068, 33.96875989088518], [-118.3962627678649, 33.95744807155966], [-118.38011864393583, 33.95801233431253]]]}}, {"type": "Feature", "properties": {"id": 63, "name": "Reseda 2", "lst": 39.6, "green": 14.7, "pop": 5092, "pct65": 11.8, "ac": 50.0, "holc": "C", "access_min": 80.0, "access_km": 6.38, "score": 49.3, "rank": 69}, "geometry": {"type": "Polygon", "coordinates": [[[-118.33167784949187, 33.95969272301795], [-118.32382477387043, 33.9715678950997], [-118.33212278402692, 33.98288535091159], [-118.34827443275249, 33.98232641445494], [-118.35612475453587, 33.970450896331215], [-118.34782618236768, 33.95913466063703], [-118.33167784949187, 33.95969272301795]]]}}, {"type": "Feature", "properties": {"id": 64, "name": "Canoga Park 2", "lst": 40.4, "green": 6.1, "pop": 7128, "pct65": 13.1, "ac": 50.0, "holc": "D", "access_min": 51.0, "access_km": 4.06, "score": 64.2, "rank": 36}, "geometry": {"type": "Polygon", "coordinates": [[[-118.28322447110388, 33.961354499913114], [-118.27536432873468, 33.97322787407785], [-118.28365945421541, 33.984549741033796], [-118.29981529237139, 33.9839970147938], [-118.30767268632393, 33.972123291241545], [-118.29937699147443, 33.96080264324826], [-118.28322447110388, 33.961354499913114]]]}}, {"type": "Feature", "properties": {"id": 65, "name": "Winnetka 2", "lst": 38.0, "green": 12.5, "pop": 6329, "pct65": 8.9, "ac": 37.0, "holc": "D", "access_min": 70.0, "access_km": 5.6, "score": 52.7, "rank": 60}, "geometry": {"type": "Polygon", "coordinates": [[[-118.23475857319838, 33.96299764902137], [-118.22689137194264, 33.97486921585715], [-118.2351835991054, 33.98619548985764], [-118.25134360519156, 33.98564897915538], [-118.2592080634683, 33.973777059590375], [-118.25091525957644, 33.96245200338882], [-118.23475857319838, 33.96299764902137]]]}}, {"type": "Feature", "properties": {"id": 66, "name": "Mar Vista 2", "lst": 29.9, "green": 31.7, "pop": 3663, "pct65": 8.5, "ac": 88.0, "holc": "B", "access_min": 47.0, "access_km": 3.74, "score": 10.1, "rank": 196}, "geometry": {"type": "Polygon", "coordinates": [[[-118.54980619466652, 33.963575372842534], [-118.54198423926536, 33.97545797496215], [-118.55029593908007, 33.986754539117975], [-118.56643012424497, 33.98616727626858], [-118.57424930101003, 33.974284343441674], [-118.56593707217658, 33.96298900409998], [-118.54980619466652, 33.963575372842534]]]}}, {"type": "Feature", "properties": {"id": 67, "name": "Palms 2", "lst": 40.7, "green": 8.6, "pop": 7797, "pct65": 12.3, "ac": 29.0, "holc": "D", "access_min": 116.0, "access_km": 9.29, "score": 71.6, "rank": 19}, "geometry": {"type": "Polygon", "coordinates": [[[-118.1862802203068, 33.96462215444993], [-118.17840596806283, 33.976491904551644], [-118.18669528326757, 33.987822581475925], [-118.20285943574866, 33.987282291604465], [-118.21073095046754, 33.975412185435694], [-118.20244105117027, 33.96408272513794], [-118.1862802203068, 33.96462215444993]]]}}, {"type": "Feature", "properties": {"id": 68, "name": "Del Rey 2", "lst": 31.6, "green": 28.2, "pop": 3111, "pct65": 9.9, "ac": 75.0, "holc": "A", "access_min": 16.0, "access_km": 1.27, "score": 17.5, "rank": 178}, "geometry": {"type": "Polygon", "coordinates": [[[-118.50140498790424, 33.96532211290664], [-118.49357592932614, 33.977202958183824], [-118.50188480536075, 33.9885039525475], [-118.51802327726801, 33.987922877864364], [-118.52584956255934, 33.976041698517236], [-118.51754015016182, 33.96474192785224], [-118.50140498790424, 33.96532211290664]]]}}, {"type": "Feature", "properties": {"id": 69, "name": "Playa 2", "lst": 40.7, "green": 9.4, "pop": 6863, "pct65": 11.1, "ac": 28.0, "holc": "D", "access_min": 168.0, "access_km": 13.46, "score": 66.2, "rank": 30}, "geometry": {"type": "Polygon", "coordinates": [[[-118.13778947706507, 33.96622800039014], [-118.12990818176827, 33.97809592435951], [-118.13819457137724, 33.98943100006558], [-118.15436284868326, 33.98889693628991], [-118.1622414119251, 33.977028652919564], [-118.15395443085706, 33.96569479265893], [-118.13778947706507, 33.96622800039014]]]}}, {"type": "Feature", "properties": {"id": 70, "name": "Venice 2", "lst": 32.3, "green": 25.2, "pop": 5030, "pct65": 9.7, "ac": 66.0, "holc": "B", "access_min": 27.0, "access_km": 2.18, "score": 25.6, "rank": 160}, "geometry": {"type": "Polygon", "coordinates": [[[-118.45299096956064, 33.96705029101276], [-118.44515481550168, 33.97892937000551], [-118.45346085410135, 33.99023479057498], [-118.46960359140347, 33.98965990950669], [-118.47743697754139, 33.97778049308508], [-118.4691303952312, 33.9664762950902], [-118.45299096956064, 33.96705029101276]]]}}, {"type": "Feature", "properties": {"id": 71, "name": "Brentwood 2", "lst": 37.2, "green": 15.1, "pop": 5910, "pct65": 9.0, "ac": 50.0, "holc": "C", "access_min": 7.0, "access_km": 0.57, "score": 45.0, "rank": 83}, "geometry": {"type": "Polygon", "coordinates": [[[-118.40456420371068, 33.96875989088518], [-118.39672096190421, 33.98063719415793], [-118.40502414941567, 33.99194703690989], [-118.42117113072953, 33.99137835487738], [-118.42901160999708, 33.9795007108206], [-118.42070787142396, 33.96819208951048], [-118.40456420371068, 33.96875989088518]]]}}, {"type": "Feature", "properties": {"id": 72, "name": "Bel Air 2", "lst": 36.0, "green": 22.5, "pop": 6641, "pct65": 11.0, "ac": 59.0, "holc": "C", "access_min": 63.0, "access_km": 5.03, "score": 40.6, "rank": 103}, "geometry": {"type": "Polygon", "coordinates": [[[-118.35612475453587, 33.970450896331215], [-118.34827443275249, 33.98232641445494], [-118.35657475552433, 33.99364067534489], [-118.37272595943126, 33.99307819774135], [-118.38057352407418, 33.98120233548222], [-118.37227264288627, 33.96988929489269], [-118.35612475453587, 33.970450896331215]]]}}, {"type": "Feature", "properties": {"id": 73, "name": "Sherman Oaks 2", "lst": 35.9, "green": 19.4, "pop": 7525, "pct65": 10.6, "ac": 62.0, "holc": "B", "access_min": 75.0, "access_km": 5.99, "score": 43.2, "rank": 89}, "geometry": {"type": "Polygon", "coordinates": [[[-118.30767268632393, 33.972123291241545], [-118.29981529237139, 33.9839970147938], [-118.30811273675408, 33.99531568975601], [-118.32426814179999, 33.99475942194684], [-118.33212278402692, 33.98288535091159], [-118.32382477387043, 33.9715678950997], [-118.30767268632393, 33.972123291241545]]]}}, {"type": "Feature", "properties": {"id": 74, "name": "Encino 2", "lst": 39.0, "green": 17.8, "pop": 7456, "pct65": 10.1, "ac": 53.0, "holc": "C", "access_min": 70.0, "access_km": 5.57, "score": 52.1, "rank": 64}, "geometry": {"type": "Polygon", "coordinates": [[[-118.2592080634683, 33.973777059590375], [-118.25134360519156, 33.98564897915538], [-118.2596381575375, 33.996972064102884], [-118.2757977422332, 33.99642201142554], [-118.28365945421541, 33.984549741033796], [-118.27536432873468, 33.97322787407785], [-118.2592080634683, 33.973777059590375]]]}}, {"type": "Feature", "properties": {"id": 75, "name": "Studio City 2", "lst": 40.2, "green": 18.1, "pop": 8903, "pct65": 10.4, "ac": 40.0, "holc": "D", "access_min": 102.0, "access_km": 8.14, "score": 63.8, "rank": 37}, "geometry": {"type": "Polygon", "coordinates": [[[-118.21073095046754, 33.975412185435694], [-118.20285943574866, 33.987282291604465], [-118.21115108241244, 33.99860978242904], [-118.22731482523358, 33.99806595019303], [-118.2351835991054, 33.98619548985764], [-118.22689137194264, 33.97486921585715], [-118.21073095046754, 33.975412185435694]]]}}, {"type": "Feature", "properties": {"id": 76, "name": "Los Feliz 2", "lst": 31.8, "green": 26.6, "pop": 6052, "pct65": 12.5, "ac": 74.0, "holc": "B", "access_min": 30.0, "access_km": 2.43, "score": 26.6, "rank": 156}, "geometry": {"type": "Polygon", "coordinates": [[[-118.52584956255934, 33.976041698517236], [-118.51802327726801, 33.987922877864364], [-118.52633444431862, 33.99922066588433], [-118.5424724303559, 33.99863605062185], [-118.55029593908007, 33.986754539117975], [-118.54198423926536, 33.97545797496215], [-118.52584956255934, 33.976041698517236]]]}}, {"type": "Feature", "properties": {"id": 77, "name": "Silver Lake 2", "lst": 41.4, "green": 9.7, "pop": 7132, "pct65": 9.8, "ac": 18.0, "holc": "D", "access_min": 149.0, "access_km": 11.89, "score": 70.1, "rank": 21}, "geometry": {"type": "Polygon", "coordinates": [[[-118.1622414119251, 33.977028652919564], [-118.15436284868326, 33.98889693628991], [-118.16265157602176, 34.000228828862106], [-118.17881945540914, 33.999691222348844], [-118.18669528326757, 33.987822581475925], [-118.17840596806283, 33.976491904551644], [-118.1622414119251, 33.977028652919564]]]}}, {"type": "Feature", "properties": {"id": 78, "name": "Echo Park 2", "lst": 35.3, "green": 19.4, "pop": 8242, "pct65": 10.3, "ac": 57.0, "holc": "C", "access_min": 17.0, "access_km": 1.34, "score": 45.2, "rank": 80}, "geometry": {"type": "Polygon", "coordinates": [[[-118.47743697754139, 33.97778049308508], [-118.46960359140347, 33.98965990950669], [-118.47791192732578, 34.00096212661534], [-118.49405419043089, 34.00038370448675], [-118.50188480536075, 33.9885039525475], [-118.49357592932614, 33.977202958183824], [-118.47743697754139, 33.97778049308508]]]}}, {"type": "Feature", "properties": {"id": 79, "name": "Koreatown 2", "lst": 35.0, "green": 15.8, "pop": 7144, "pct65": 12.6, "ac": 54.0, "holc": "C", "access_min": 6.0, "access_km": 0.49, "score": 46.9, "rank": 74}, "geometry": {"type": "Polygon", "coordinates": [[[-118.42901160999708, 33.9795007108206], [-118.42117113072953, 33.99137835487738], [-118.42947662186523, 34.002684997063994], [-118.44562314066633, 34.00211277350655], [-118.45346085410135, 33.99023479057498], [-118.44515481550168, 33.97892937000551], [-118.42901160999708, 33.9795007108206]]]}}, {"type": "Feature", "properties": {"id": 80, "name": "Mid City 2", "lst": 32.3, "green": 28.0, "pop": 5836, "pct65": 14.2, "ac": 59.0, "holc": "C", "access_min": 38.0, "access_km": 3.08, "score": 32.1, "rank": 127}, "geometry": {"type": "Polygon", "coordinates": [[[-118.38057352407418, 33.98120233548222], [-118.37272595943126, 33.99307819774135], [-118.38102859212373, 34.004389260973966], [-118.39717934521336, 34.003823241397214], [-118.40502414941567, 33.99194703690989], [-118.39672096190421, 33.98063719415793], [-118.38057352407418, 33.98120233548222]]]}}, {"type": "Feature", "properties": {"id": 81, "name": "Leimert Park 2", "lst": 33.5, "green": 28.2, "pop": 8048, "pct65": 16.1, "ac": 64.0, "holc": "B", "access_min": 55.0, "access_km": 4.43, "score": 40.2, "rank": 109}, "geometry": {"type": "Polygon", "coordinates": [[[-118.33212278402692, 33.98288535091159], [-118.32426814179999, 33.99475942194684], [-118.33256790239447, 34.006074902172266], [-118.34872286832977, 34.00551509195792], [-118.35657475552433, 33.99364067534489], [-118.34827443275249, 33.98232641445494], [-118.33212278402692, 33.98288535091159]]]}}, {"type": "Feature", "properties": {"id": 82, "name": "Baldwin Hills 2", "lst": 37.5, "green": 15.2, "pop": 9788, "pct65": 13.7, "ac": 44.0, "holc": "D", "access_min": 83.0, "access_km": 6.61, "score": 65.5, "rank": 32}, "geometry": {"type": "Polygon", "coordinates": [[[-118.28365945421541, 33.984549741033796], [-118.2757977422332, 33.99642201142554], [-118.28409461707679, 34.00774190456937], [-118.30025377437957, 34.00718830907131], [-118.30811273675408, 33.99531568975601], [-118.29981529237139, 33.9839970147938], [-118.28365945421541, 33.984549741033796]]]}}, {"type": "Feature", "properties": {"id": 83, "name": "Westwood 2", "lst": 39.5, "green": 8.8, "pop": 8992, "pct65": 13.9, "ac": 30.0, "holc": "D", "access_min": 96.0, "access_km": 7.69, "score": 75.6, "rank": 9}, "geometry": {"type": "Polygon", "coordinates": [[[-118.2351835991054, 33.98619548985764], [-118.22731482523358, 33.99806595019303], [-118.23560880067562, 34.00939025215962], [-118.25177212783251, 34.00884287670374], [-118.2596381575375, 33.996972064102884], [-118.25134360519156, 33.98564897915538], [-118.2351835991054, 33.98619548985764]]]}}, {"type": "Feature", "properties": {"id": 84, "name": "Westlake 3", "lst": 34.1, "green": 20.2, "pop": 5601, "pct65": 8.8, "ac": 74.0, "holc": "B", "access_min": 19.0, "access_km": 1.53, "score": 29.4, "rank": 140}, "geometry": {"type": "Polygon", "coordinates": [[[-118.55029593908007, 33.986754539117975], [-118.5424724303559, 33.99863605062185], [-118.55078588571087, 34.00993062959066], [-118.5669233798849, 34.00934247295714], [-118.57474410876394, 33.99746063121036], [-118.56643012424497, 33.98616727626858], [-118.55029593908007, 33.986754539117975]]]}}, {"type": "Feature", "properties": {"id": 85, "name": "Boyle Heights 3", "lst": 39.4, "green": 14.3, "pop": 5385, "pct65": 11.3, "ac": 42.0, "holc": "D", "access_min": 134.0, "access_km": 10.71, "score": 51.8, "rank": 65}, "geometry": {"type": "Polygon", "coordinates": [[[-118.18669528326757, 33.987822581475925], [-118.17881945540914, 33.999691222348844], [-118.18711051780099, 34.01101992902127], [-118.20327799326367, 34.01047877890548], [-118.21115108241244, 33.99860978242904], [-118.20285943574866, 33.987282291604465], [-118.18669528326757, 33.987822581475925]]]}}, {"type": "Feature", "properties": {"id": 86, "name": "Watts 3", "lst": 31.0, "green": 32.4, "pop": 4035, "pct65": 10.6, "ac": 80.0, "holc": "B", "access_min": 29.0, "access_km": 2.29, "score": 15.7, "rank": 184}, "geometry": {"type": "Polygon", "coordinates": [[[-118.50188480536075, 33.9885039525475], [-118.49405419043089, 34.00038370448675], [-118.50236482096877, 34.01168271541952], [-118.5185066038814, 34.011100751429346], [-118.52633444431862, 33.99922066588433], [-118.51802327726801, 33.987922877864364], [-118.50188480536075, 33.9885039525475]]]}}, {"type": "Feature", "properties": {"id": 87, "name": "South Central 3", "lst": 38.5, "green": 20.5, "pop": 8729, "pct65": 9.9, "ac": 48.0, "holc": "C", "access_min": 181.0, "access_km": 14.5, "score": 55.0, "rank": 51}, "geometry": {"type": "Polygon", "coordinates": [[[-118.13819457137724, 33.98943100006558], [-118.1303116974722, 34.00129781207683], [-118.13859983316769, 34.01263091931695], [-118.15477143535297, 34.01209599981098], [-118.16265157602176, 34.000228828862106], [-118.15436284868326, 33.98889693628991], [-118.13819457137724, 33.98943100006558]]]}}, {"type": "Feature", "properties": {"id": 88, "name": "Pacoima 3", "lst": 33.4, "green": 28.8, "pop": 6640, "pct65": 6.5, "ac": 68.0, "holc": "A", "access_min": 27.0, "access_km": 2.16, "score": 25.2, "rank": 162}, "geometry": {"type": "Polygon", "coordinates": [[[-118.45346085410135, 33.99023479057498], [-118.44562314066633, 34.00211277350655], [-118.45393093272372, 34.01341621240509], [-118.47007698301455, 34.01284044651181], [-118.47791192732578, 34.00096212661534], [-118.46960359140347, 33.98965990950669], [-118.45346085410135, 33.99023479057498]]]}}, {"type": "Feature", "properties": {"id": 89, "name": "Sun Valley 3", "lst": 36.2, "green": 22.8, "pop": 4625, "pct65": 14.0, "ac": 55.0, "holc": "C", "access_min": 32.0, "access_km": 2.57, "score": 38.9, "rank": 114}, "geometry": {"type": "Polygon", "coordinates": [[[-118.40502414941567, 33.99194703690989], [-118.39717934521336, 34.003823241397214], [-118.40548428512851, 34.01513110424214], [-118.42163458140139, 34.01456154187159], [-118.42947662186523, 34.002684997063994], [-118.42117113072953, 33.99137835487738], [-118.40502414941567, 33.99194703690989]]]}}, {"type": "Feature", "properties": {"id": 90, "name": "Van Nuys 3", "lst": 35.0, "green": 19.8, "pop": 6219, "pct65": 16.4, "ac": 54.0, "holc": "C", "access_min": 39.0, "access_km": 3.11, "score": 45.8, "rank": 78}, "geometry": {"type": "Polygon", "coordinates": [[[-118.35657475552433, 33.99364067534489], [-118.34872286832977, 34.00551509195792], [-118.3570249424427, 34.01682737470861], [-118.3731794632659, 34.01626402125889], [-118.38102859212373, 34.004389260973966], [-118.37272595943126, 33.99307819774135], [-118.35657475552433, 33.99364067534489]]]}}, {"type": "Feature", "properties": {"id": 91, "name": "Panorama City 3", "lst": 36.3, "green": 18.5, "pop": 7065, "pct65": 16.9, "ac": 43.0, "holc": "C", "access_min": 54.0, "access_km": 4.31, "score": 55.3, "rank": 50}, "geometry": {"type": "Polygon", "coordinates": [[[-118.30811273675408, 33.99531568975601], [-118.30025377437957, 34.00718830907131], [-118.30855296903218, 34.01850500766591], [-118.32471169293866, 34.01794786850726], [-118.33256790239447, 34.006074902172266], [-118.32426814179999, 33.99475942194684], [-118.30811273675408, 33.99531568975601]]]}}, {"type": "Feature", "properties": {"id": 92, "name": "Huntington Park 3", "lst": 39.4, "green": 9.9, "pop": 6026, "pct65": 14.7, "ac": 36.0, "holc": "D", "access_min": 97.0, "access_km": 7.74, "score": 61.4, "rank": 43}, "geometry": {"type": "Polygon", "coordinates": [[[-118.2596381575375, 33.996972064102884], [-118.25177212783251, 34.00884287670374], [-118.26006842936876, 34.02016398705913], [-118.27623133485615, 34.019613067533875], [-118.28409461707679, 34.00774190456937], [-118.2757977422332, 33.99642201142554], [-118.2596381575375, 33.996972064102884]]]}}, {"type": "Feature", "properties": {"id": 93, "name": "Florence 3", "lst": 38.8, "green": 13.5, "pop": 7227, "pct65": 9.0, "ac": 52.0, "holc": "D", "access_min": 126.0, "access_km": 10.05, "score": 52.5, "rank": 61}, "geometry": {"type": "Polygon", "coordinates": [[[-118.21115108241244, 33.99860978242904], [-118.20327799326367, 34.01047877890548], [-118.21157138802961, 34.0218042969173], [-118.22773845356052, 34.02125960233977], [-118.23560880067562, 34.00939025215962], [-118.22731482523358, 33.99806595019303], [-118.21115108241244, 33.99860978242904]]]}}, {"type": "Feature", "properties": {"id": 94, "name": "Vermont Sq 3", "lst": 33.4, "green": 28.9, "pop": 3594, "pct65": 9.1, "ac": 61.0, "holc": "B", "access_min": 14.0, "access_km": 1.11, "score": 23.4, "rank": 166}, "geometry": {"type": "Polygon", "coordinates": [[[-118.52633444431862, 33.99922066588433], [-118.5185066038814, 34.011100751429346], [-118.52681952632473, 34.022396553476256], [-118.5429608230487, 34.02181104682892], [-118.55078588571087, 34.00993062959066], [-118.5424724303559, 33.99863605062185], [-118.52633444431862, 33.99922066588433]]]}}, {"type": "Feature", "properties": {"id": 95, "name": "Exposition Pk 3", "lst": 39.5, "green": 14.2, "pop": 9452, "pct65": 12.1, "ac": 42.0, "holc": "D", "access_min": 166.0, "access_km": 13.3, "score": 68.0, "rank": 25}, "geometry": {"type": "Polygon", "coordinates": [[[-118.16265157602176, 34.000228828862106], [-118.15477143535297, 34.01209599981098], [-118.16306190969688, 34.02342592135366], [-118.17923311369893, 34.02288745701006], [-118.18711051780099, 34.01101992902127], [-118.17881945540914, 33.999691222348844], [-118.16265157602176, 34.000228828862106]]]}}, {"type": "Feature", "properties": {"id": 96, "name": "Cypress Park 3", "lst": 33.0, "green": 22.7, "pop": 4523, "pct65": 14.9, "ac": 65.0, "holc": "B", "access_min": 43.0, "access_km": 3.4, "score": 31.8, "rank": 129}, "geometry": {"type": "Polygon", "coordinates": [[[-118.47791192732578, 34.00096212661534], [-118.47007698301455, 34.01284044651181], [-118.47838707328802, 34.02414067940468], [-118.49453264907027, 34.02356137037036], [-118.50236482096877, 34.01168271541952], [-118.49405419043089, 34.00038370448675], [-118.47791192732578, 34.00096212661534]]]}}, {"type": "Feature", "properties": {"id": 97, "name": "Lincoln Heights 3", "lst": 34.4, "green": 24.7, "pop": 5000, "pct65": 11.5, "ac": 67.0, "holc": "B", "access_min": 33.0, "access_km": 2.67, "score": 30.7, "rank": 135}, "geometry": {"type": "Polygon", "coordinates": [[[-118.42947662186523, 34.002684997063994], [-118.42163458140139, 34.01456154187159], [-118.42994182583816, 34.025866201603606], [-118.44609165929387, 34.025293095624455], [-118.45393093272372, 34.01341621240509], [-118.44562314066633, 34.00211277350655], [-118.42947662186523, 34.002684997063994]]]}}, {"type": "Feature", "properties": {"id": 98, "name": "El Sereno 3", "lst": 34.9, "green": 26.1, "pop": 7111, "pct65": 13.2, "ac": 48.0, "holc": "C", "access_min": 9.0, "access_km": 0.72, "score": 43.3, "rank": 88}, "geometry": {"type": "Polygon", "coordinates": [[[-118.38102859212373, 34.004389260973966], [-118.3731794632659, 34.01626402125889], [-118.38148384820083, 34.02757310380197], [-118.39763791790959, 34.02700620629241], [-118.40548428512851, 34.01513110424214], [-118.39717934521336, 34.003823241397214], [-118.38102859212373, 34.004389260973966]]]}}, {"type": "Feature", "properties": {"id": 99, "name": "Highland Park 3", "lst": 37.3, "green": 18.3, "pop": 8168, "pct65": 13.2, "ac": 51.0, "holc": "C", "access_min": 27.0, "access_km": 2.13, "score": 54.8, "rank": 52}, "geometry": {"type": "Polygon", "coordinates": [[[-118.33256790239447, 34.006074902172266], [-118.32471169293866, 34.01794786850726], [-118.33301320470844, 34.029261369812104], [-118.34917148921431, 34.02870068615877], [-118.3570249424427, 34.01682737470861], [-118.34872286832977, 34.00551509195792], [-118.33256790239447, 34.006074902172266]]]}}, {"type": "Feature", "properties": {"id": 100, "name": "Wilmington 3", "lst": 36.4, "green": 17.2, "pop": 7203, "pct65": 14.9, "ac": 51.0, "holc": "C", "access_min": 65.0, "access_km": 5.19, "score": 52.3, "rank": 62}, "geometry": {"type": "Polygon", "coordinates": [[[-118.28409461707679, 34.00774190456937], [-118.27623133485615, 34.019613067533875], [-118.28452995979941, 34.03093098352994], [-118.30069243761113, 34.030376519091554], [-118.30855296903218, 34.01850500766591], [-118.30025377437957, 34.00718830907131], [-118.28409461707679, 34.00774190456937]]]}}, {"type": "Feature", "properties": {"id": 101, "name": "San Pedro 3", "lst": 39.4, "green": 13.0, "pop": 8841, "pct65": 12.6, "ac": 62.0, "holc": "C", "access_min": 118.0, "access_km": 9.41, "score": 60.4, "rank": 44}, "geometry": {"type": "Polygon", "coordinates": [[[-118.23560880067562, 34.00939025215962], [-118.22773845356052, 34.02125960233977], [-118.23603417801797, 34.03258192893528], [-118.25220082760907, 34.032033689042564], [-118.26006842936876, 34.02016398705913], [-118.25177212783251, 34.00884287670374], [-118.23560880067562, 34.00939025215962]]]}}, {"type": "Feature", "properties": {"id": 102, "name": "Sylmar 3", "lst": 30.8, "green": 32.7, "pop": 3978, "pct65": 7.6, "ac": 78.0, "holc": "A", "access_min": 25.0, "access_km": 2.0, "score": 13.0, "rank": 193}, "geometry": {"type": "Polygon", "coordinates": [[[-118.55078588571087, 34.00993062959066], [-118.5429608230487, 34.02181104682892], [-118.55127603468411, 34.03310363728512], [-118.56741683922239, 34.03251458719081], [-118.57523912082958, 34.020633840172465], [-118.5669233798849, 34.00934247295714], [-118.55078588571087, 34.00993062959066]]]}}, {"type": "Feature", "properties": {"id": 103, "name": "Arleta 3", "lst": 41.2, "green": 13.0, "pop": 8808, "pct65": 10.0, "ac": 40.0, "holc": "D", "access_min": 156.0, "access_km": 12.51, "score": 68.2, "rank": 23}, "geometry": {"type": "Polygon", "coordinates": [[[-118.18711051780099, 34.01101992902127], [-118.17923311369893, 34.02288745701006], [-118.18752592401349, 34.03421419009194], [-118.20369672382253, 34.03367218004759], [-118.21157138802961, 34.0218042969173], [-118.20327799326367, 34.01047877890548], [-118.18711051780099, 34.01101992902127]]]}}, {"type": "Feature", "properties": {"id": 104, "name": "North Hills 3", "lst": 30.1, "green": 35.5, "pop": 2952, "pct65": 11.2, "ac": 67.0, "holc": "B", "access_min": 45.0, "access_km": 3.62, "score": 14.8, "rank": 185}, "geometry": {"type": "Polygon", "coordinates": [[[-118.50236482096877, 34.01168271541952], [-118.49453264907027, 34.02356137037036], [-118.50284503485103, 34.03485839454505], [-118.51899013012556, 34.034275541570274], [-118.52681952632473, 34.022396553476256], [-118.5185066038814, 34.011100751429346], [-118.50236482096877, 34.01168271541952]]]}}, {"type": "Feature", "properties": {"id": 105, "name": "Reseda 3", "lst": 40.7, "green": 12.2, "pop": 9337, "pct65": 13.4, "ac": 22.0, "holc": "D", "access_min": 194.0, "access_km": 15.51, "score": 79.6, "rank": 4}, "geometry": {"type": "Polygon", "coordinates": [[[-118.13859983316769, 34.01263091931695], [-118.13071538002332, 34.02449661571419], [-118.1390052625402, 34.03582775114814], [-118.15518019097081, 34.035291976226716], [-118.16306190969688, 34.02342592135366], [-118.15477143535297, 34.01209599981098], [-118.13859983316769, 34.01263091931695]]]}}, {"type": "Feature", "properties": {"id": 106, "name": "Canoga Park 3", "lst": 33.4, "green": 22.1, "pop": 4176, "pct65": 13.0, "ac": 49.0, "holc": "B", "access_min": 31.0, "access_km": 2.5, "score": 34.0, "rank": 124}, "geometry": {"type": "Polygon", "coordinates": [[[-118.45393093272372, 34.01341621240509], [-118.44609165929387, 34.025293095624455], [-118.45440120554804, 34.036594549523386], [-118.47055057018544, 34.03601789912657], [-118.47838707328802, 34.02414067940468], [-118.47007698301455, 34.01284044651181], [-118.45393093272372, 34.01341621240509]]]}}, {"type": "Feature", "properties": {"id": 107, "name": "Winnetka 3", "lst": 34.2, "green": 22.3, "pop": 5989, "pct65": 13.6, "ac": 65.0, "holc": "B", "access_min": 24.0, "access_km": 1.89, "score": 36.6, "rank": 119}, "geometry": {"type": "Polygon", "coordinates": [[[-118.40548428512851, 34.01513110424214], [-118.39763791790959, 34.02700620629241], [-118.40594461096687, 34.0383120859001], [-118.42209822355797, 34.03774164351202], [-118.42994182583816, 34.025866201603606], [-118.42163458140139, 34.01456154187159], [-118.40548428512851, 34.01513110424214]]]}}, {"type": "Feature", "properties": {"id": 108, "name": "Mar Vista 3", "lst": 37.6, "green": 17.3, "pop": 5012, "pct65": 11.0, "ac": 62.0, "holc": "C", "access_min": 12.0, "access_km": 0.96, "score": 40.5, "rank": 104}, "geometry": {"type": "Polygon", "coordinates": [[[-118.3570249424427, 34.01682737470861], [-118.34917148921431, 34.02870068615877], [-118.3574753154062, 34.04001098743847], [-118.37363315450627, 34.039446758462105], [-118.38148384820083, 34.02757310380197], [-118.3731794632659, 34.01626402125889], [-118.3570249424427, 34.01682737470861]]]}}, {"type": "Feature", "properties": {"id": 109, "name": "Palms 3", "lst": 36.6, "green": 20.7, "pop": 5503, "pct65": 12.2, "ac": 60.0, "holc": "C", "access_min": 33.0, "access_km": 2.65, "score": 40.3, "rank": 107}, "geometry": {"type": "Polygon", "coordinates": [[[-118.30855296903218, 34.01850500766591], [-118.30069243761113, 34.030376519091554], [-118.30899338327099, 34.041691237985276], [-118.3251554273999, 34.04113322779574], [-118.33301320470844, 34.029261369812104], [-118.32471169293866, 34.01794786850726], [-118.30855296903218, 34.01850500766591]]]}}, {"type": "Feature", "properties": {"id": 110, "name": "Del Rey 3", "lst": 36.3, "green": 18.0, "pop": 6737, "pct65": 14.2, "ac": 66.0, "holc": "C", "access_min": 87.0, "access_km": 7.0, "score": 45.1, "rank": 82}, "geometry": {"type": "Polygon", "coordinates": [[[-118.26006842936876, 34.02016398705913], [-118.25220082760907, 34.032033689042564], [-118.26049887907232, 34.043352821471075], [-118.27666510671465, 34.04280103541551], [-118.28452995979941, 34.03093098352994], [-118.27623133485615, 34.019613067533875], [-118.26006842936876, 34.02016398705913]]]}}, {"type": "Feature", "properties": {"id": 111, "name": "Playa 3", "lst": 41.0, "green": 14.7, "pop": 7313, "pct65": 11.6, "ac": 31.0, "holc": "D", "access_min": 138.0, "access_km": 11.07, "score": 65.4, "rank": 33}, "geometry": {"type": "Polygon", "coordinates": [[[-118.21157138802961, 34.0218042969173], [-118.20369672382253, 34.03367218004759], [-118.21199186742669, 34.044995721910404], [-118.22816225703191, 34.04445016530797], [-118.23603417801797, 34.03258192893528], [-118.22773845356052, 34.02125960233977], [-118.21157138802961, 34.0218042969173]]]}}, {"type": "Feature", "properties": {"id": 112, "name": "Venice 3", "lst": 30.3, "green": 37.9, "pop": 5974, "pct65": 11.4, "ac": 87.0, "holc": "A", "access_min": 39.0, "access_km": 3.14, "score": 13.4, "rank": 192}, "geometry": {"type": "Polygon", "coordinates": [[[-118.52681952632473, 34.022396553476256], [-118.51899013012556, 34.034275541570274], [-118.52730480870171, 34.04556935431938], [-118.54344941746862, 34.044982956610454], [-118.55127603468411, 34.03310363728512], [-118.5429608230487, 34.02181104682892], [-118.52681952632473, 34.022396553476256]]]}}, {"type": "Feature", "properties": {"id": 113, "name": "Brentwood 3", "lst": 39.5, "green": 16.7, "pop": 6411, "pct65": 12.7, "ac": 43.0, "holc": "D", "access_min": 164.0, "access_km": 13.13, "score": 55.6, "rank": 49}, "geometry": {"type": "Polygon", "coordinates": [[[-118.16306190969688, 34.02342592135366], [-118.15518019097081, 34.035291976226716], [-118.16347241305567, 34.04661992340207], [-118.17964694303825, 34.04608060154378], [-118.18752592401349, 34.03421419009194], [-118.17923311369893, 34.02288745701006], [-118.16306190969688, 34.02342592135366]]]}}, {"type": "Feature", "properties": {"id": 114, "name": "Bel Air 3", "lst": 31.6, "green": 28.0, "pop": 6948, "pct65": 11.0, "ac": 78.0, "holc": "B", "access_min": 13.0, "access_km": 1.04, "score": 24.6, "rank": 164}, "geometry": {"type": "Polygon", "coordinates": [[[-118.47838707328802, 34.02414067940468], [-118.47055057018544, 34.03601789912657], [-118.47886241554959, 34.04731614447739], [-118.49501130536663, 34.04673594885963], [-118.50284503485103, 34.03485839454505], [-118.49453264907027, 34.02356137037036], [-118.47838707328802, 34.02414067940468]]]}}, {"type": "Feature", "properties": {"id": 115, "name": "Sherman Oaks 3", "lst": 33.9, "green": 24.6, "pop": 6643, "pct65": 9.9, "ac": 60.0, "holc": "B", "access_min": 48.0, "access_km": 3.81, "score": 34.1, "rank": 123}, "geometry": {"type": "Polygon", "coordinates": [[[-118.42994182583816, 34.025866201603606], [-118.42209822355797, 34.03774164351202], [-118.4304072220348, 34.049044317461636], [-118.44656037150415, 34.0484703293821], [-118.45440120554804, 34.036594549523386], [-118.44609165929387, 34.025293095624455], [-118.42994182583816, 34.025866201603606]]]}}, {"type": "Feature", "properties": {"id": 116, "name": "Encino 3", "lst": 35.3, "green": 23.8, "pop": 8229, "pct65": 13.0, "ac": 72.0, "holc": "B", "access_min": 26.0, "access_km": 2.08, "score": 40.9, "rank": 102}, "geometry": {"type": "Polygon", "coordinates": [[[-118.38148384820083, 34.02757310380197], [-118.37363315450627, 34.039446758462105], [-118.38193929242205, 34.050753856986326], [-118.39809668011026, 34.050186081864354], [-118.40594461096687, 34.0383120859001], [-118.39763791790959, 34.02700620629241], [-118.38148384820083, 34.02757310380197]]]}}, {"type": "Feature", "properties": {"id": 117, "name": "Studio City 3", "lst": 35.1, "green": 19.6, "pop": 6071, "pct65": 11.4, "ac": 55.0, "holc": "C", "access_min": 5.0, "access_km": 0.37, "score": 40.4, "rank": 105}, "geometry": {"type": "Polygon", "coordinates": [[[-118.33301320470844, 34.029261369812104], [-118.3251554273999, 34.04113322779574], [-118.33345869108281, 34.052444746849154], [-118.34962029552092, 34.05188319007623], [-118.3574753154062, 34.04001098743847], [-118.34917148921431, 34.02870068615877], [-118.33301320470844, 34.029261369812104]]]}}, {"type": "Feature", "properties": {"id": 118, "name": "Los Feliz 3", "lst": 34.0, "green": 24.8, "pop": 8356, "pct65": 10.4, "ac": 55.0, "holc": "B", "access_min": 59.0, "access_km": 4.73, "score": 40.4, "rank": 106}, "geometry": {"type": "Polygon", "coordinates": [[[-118.28452995979941, 34.03093098352994], [-118.27666510671465, 34.04280103541551], [-118.28496548249475, 34.05411697093147], [-118.30113128217842, 34.05356163787117], [-118.30899338327099, 34.041691237985276], [-118.30069243761113, 34.030376519091554], [-118.28452995979941, 34.03093098352994]]]}}, {"type": "Feature", "properties": {"id": 119, "name": "Silver Lake 3", "lst": 35.9, "green": 21.9, "pop": 8685, "pct65": 13.3, "ac": 63.0, "holc": "C", "access_min": 115.0, "access_km": 9.2, "score": 47.7, "rank": 72}, "geometry": {"type": "Polygon", "coordinates": [[[-118.23603417801797, 34.03258192893528], [-118.22816225703191, 34.04445016530797], [-118.2364597312414, 34.055770513198524], [-118.252629704631, 34.05522140918642], [-118.26049887907232, 34.043352821471075], [-118.25220082760907, 34.032033689042564], [-118.23603417801797, 34.03258192893528]]]}}, {"type": "Feature", "properties": {"id": 120, "name": "Echo Park 3", "lst": 30.4, "green": 35.9, "pop": 4476, "pct65": 11.1, "ac": 86.0, "holc": "A", "access_min": 54.0, "access_km": 4.36, "score": 12.7, "rank": 195}, "geometry": {"type": "Polygon", "coordinates": [[[-118.55127603468411, 34.03310363728512], [-118.54344941746862, 34.044982956610454], [-118.55176638612508, 34.056273555231684], [-118.56791050238365, 34.0556836120007], [-118.5757343373335, 34.043803963356524], [-118.56741683922239, 34.03251458719081], [-118.55127603468411, 34.03310363728512]]]}}, {"type": "Feature", "properties": {"id": 121, "name": "Koreatown 3", "lst": 41.5, "green": 9.6, "pop": 6181, "pct65": 15.6, "ac": 45.0, "holc": "D", "access_min": 135.0, "access_km": 10.83, "score": 64.4, "rank": 35}, "geometry": {"type": "Polygon", "coordinates": [[[-118.18752592401349, 34.03421419009194], [-118.17964694303825, 34.04608060154378], [-118.1879415020115, 34.05740535769975], [-118.20411562753252, 34.056862488043336], [-118.21199186742669, 34.044995721910404], [-118.20369672382253, 34.03367218004759], [-118.18752592401349, 34.03421419009194]]]}}, {"type": "Feature", "properties": {"id": 122, "name": "Mid City 3", "lst": 34.1, "green": 24.7, "pop": 3257, "pct65": 13.5, "ac": 63.0, "holc": "B", "access_min": 37.0, "access_km": 2.98, "score": 28.6, "rank": 147}, "geometry": {"type": "Polygon", "coordinates": [[[-118.50284503485103, 34.03485839454505], [-118.49501130536663, 34.04673594885963], [-118.5033254471303, 34.058030982952396], [-118.51947385612414, 34.05744724131611], [-118.52730480870171, 34.04556935431938], [-118.51899013012556, 34.034275541570274], [-118.50284503485103, 34.03485839454505]]]}}, {"type": "Feature", "properties": {"id": 123, "name": "Leimert Park 3", "lst": 41.5, "green": 9.4, "pop": 6593, "pct65": 18.9, "ac": 37.0, "holc": "D", "access_min": 171.0, "access_km": 13.69, "score": 71.9, "rank": 17}, "geometry": {"type": "Polygon", "coordinates": [[[-118.1390052625402, 34.03582775114814], [-118.13111922952507, 34.047692328278046], [-118.13941085959878, 34.059021488568945], [-118.15558911564163, 34.05848485854757], [-118.16347241305567, 34.04661992340207], [-118.15518019097081, 34.035291976226716], [-118.1390052625402, 34.03582775114814]]]}}, {"type": "Feature", "properties": {"id": 124, "name": "Baldwin Hills 3", "lst": 32.5, "green": 29.9, "pop": 6669, "pct65": 9.3, "ac": 86.0, "holc": "B", "access_min": 20.0, "access_km": 1.63, "score": 20.7, "rank": 170}, "geometry": {"type": "Polygon", "coordinates": [[[-118.45440120554804, 34.036594549523386], [-118.44656037150415, 34.0484703293821], [-118.45487167269455, 34.05976979495603], [-118.47102435303725, 34.059192260377856], [-118.47886241554959, 34.04731614447739], [-118.47055057018544, 34.03601789912657], [-118.45440120554804, 34.036594549523386]]]}}, {"type": "Feature", "properties": {"id": 125, "name": "Westwood 3", "lst": 34.3, "green": 26.3, "pop": 4961, "pct65": 10.1, "ac": 61.0, "holc": "B", "access_min": 46.0, "access_km": 3.7, "score": 29.9, "rank": 136}, "geometry": {"type": "Polygon", "coordinates": [[[-118.40594461096687, 34.0383120859001], [-118.39809668011026, 34.050186081864354], [-118.40640512704857, 34.06148997490787], [-118.42256205731802, 34.06091865282346], [-118.4304072220348, 34.049044317461636], [-118.42209822355797, 34.03774164351202], [-118.40594461096687, 34.0383120859001]]]}}, {"type": "Feature", "properties": {"id": 126, "name": "Westlake 4", "lst": 32.1, "green": 28.1, "pop": 7326, "pct65": 8.1, "ac": 69.0, "holc": "B", "access_min": 29.0, "access_km": 2.34, "score": 25.7, "rank": 158}, "geometry": {"type": "Polygon", "coordinates": [[[-118.3574753154062, 34.04001098743847], [-118.34962029552092, 34.05188319007623], [-118.35792587453008, 34.06319150655649], [-118.37408703326844, 34.06262640237371], [-118.38193929242205, 34.050753856986326], [-118.37363315450627, 34.039446758462105], [-118.3574753154062, 34.04001098743847]]]}}, {"type": "Feature", "properties": {"id": 127, "name": "Boyle Heights 4", "lst": 34.7, "green": 25.0, "pop": 7322, "pct65": 13.2, "ac": 56.0, "holc": "C", "access_min": 37.0, "access_km": 2.96, "score": 41.7, "rank": 98}, "geometry": {"type": "Polygon", "coordinates": [[[-118.30899338327099, 34.041691237985276], [-118.30113128217842, 34.05356163787117], [-118.30943397958328, 34.06487437373406], [-118.32559934529739, 34.06431549283289], [-118.33345869108281, 34.052444746849154], [-118.3251554273999, 34.04113322779574], [-118.30899338327099, 34.041691237985276]]]}}, {"type": "Feature", "properties": {"id": 128, "name": "Watts 4", "lst": 41.0, "green": 5.7, "pop": 8382, "pct65": 15.3, "ac": 50.0, "holc": "D", "access_min": 90.0, "access_km": 7.16, "score": 73.2, "rank": 13}, "geometry": {"type": "Polygon", "coordinates": [[[-118.26049887907232, 34.043352821471075], [-118.252629704631, 34.05522140918642], [-118.26092950675842, 34.06653856035659], [-118.27709905791978, 34.065985908089026], [-118.28496548249475, 34.05411697093147], [-118.27666510671465, 34.04280103541551], [-118.26049887907232, 34.043352821471075]]]}}, {"type": "Feature", "properties": {"id": 129, "name": "South Central 4", "lst": 36.7, "green": 20.2, "pop": 5634, "pct65": 13.0, "ac": 59.0, "holc": "C", "access_min": 108.0, "access_km": 8.67, "score": 42.1, "rank": 95}, "geometry": {"type": "Polygon", "coordinates": [[[-118.21199186742669, 34.044995721910404], [-118.20411562753252, 34.056862488043336], [-118.21241252071142, 34.068184050424165], [-118.22858623575635, 34.06763763211414], [-118.2364597312414, 34.055770513198524], [-118.22816225703191, 34.04445016530797], [-118.21199186742669, 34.044995721910404]]]}}, {"type": "Feature", "properties": {"id": 130, "name": "Pacoima 4", "lst": 31.1, "green": 36.1, "pop": 5232, "pct65": 9.5, "ac": 82.0, "holc": "A", "access_min": 68.0, "access_km": 5.45, "score": 14.3, "rank": 189}, "geometry": {"type": "Polygon", "coordinates": [[[-118.52730480870171, 34.04556935431938], [-118.51947385612414, 34.05744724131611], [-118.52779029157364, 34.068739061445974], [-118.5439382137406, 34.06815177299942], [-118.55176638612508, 34.056273555231684], [-118.54344941746862, 34.044982956610454], [-118.52730480870171, 34.04556935431938]]]}}, {"type": "Feature", "properties": {"id": 131, "name": "Sun Valley 4", "lst": 41.6, "green": 13.5, "pop": 9410, "pct65": 13.3, "ac": 36.0, "holc": "D", "access_min": 140.0, "access_km": 11.2, "score": 76.3, "rank": 8}, "geometry": {"type": "Polygon", "coordinates": [[[-118.16347241305567, 34.04661992340207], [-118.15558911564163, 34.05848485854757], [-118.16388308620333, 34.06981082802114], [-118.18006094353314, 34.06927064896451], [-118.1879415020115, 34.05740535769975], [-118.17964694303825, 34.04608060154378], [-118.16347241305567, 34.04661992340207]]]}}, {"type": "Feature", "properties": {"id": 132, "name": "Van Nuys 4", "lst": 32.3, "green": 27.6, "pop": 2720, "pct65": 8.2, "ac": 64.0, "holc": "B", "access_min": 25.0, "access_km": 1.96, "score": 19.2, "rank": 174}, "geometry": {"type": "Polygon", "coordinates": [[[-118.47886241554959, 34.04731614447739], [-118.47102435303725, 34.059192260377856], [-118.47933795423214, 34.07048851486365], [-118.49549015944241, 34.06990743298544], [-118.5033254471303, 34.058030982952396], [-118.49501130536663, 34.04673594885963], [-118.47886241554959, 34.04731614447739]]]}}, {"type": "Feature", "properties": {"id": 133, "name": "Panorama City 4", "lst": 31.6, "green": 29.7, "pop": 7814, "pct65": 11.7, "ac": 98, "holc": "B", "access_min": 25.0, "access_km": 1.99, "score": 19.8, "rank": 173}, "geometry": {"type": "Polygon", "coordinates": [[[-118.4304072220348, 34.049044317461636], [-118.42256205731802, 34.06091865282346], [-118.43087281057431, 34.07221933766616], [-118.4470292774171, 34.07164446780826], [-118.45487167269455, 34.05976979495603], [-118.44656037150415, 34.0484703293821], [-118.4304072220348, 34.049044317461636]]]}}, {"type": "Feature", "properties": {"id": 134, "name": "Huntington Park 4", "lst": 34.0, "green": 26.9, "pop": 7670, "pct65": 10.6, "ac": 73.0, "holc": "B", "access_min": 58.0, "access_km": 4.61, "score": 32.3, "rank": 126}, "geometry": {"type": "Polygon", "coordinates": [[[-118.38193929242205, 34.050753856986326], [-118.37408703326844, 34.06262640237371], [-118.38239492490395, 34.07393151355306], [-118.39855563193278, 34.073362861139714], [-118.40640512704857, 34.06148997490787], [-118.39809668011026, 34.050186081864354], [-118.38193929242205, 34.050753856986326]]]}}, {"type": "Feature", "properties": {"id": 135, "name": "Florence 4", "lst": 35.2, "green": 20.4, "pop": 7212, "pct65": 11.0, "ac": 64.0, "holc": "C", "access_min": 36.0, "access_km": 2.87, "score": 40.3, "rank": 108}, "geometry": {"type": "Polygon", "coordinates": [[[-118.33345869108281, 34.052444746849154], [-118.32559934529739, 34.06431549283289], [-118.33390436163167, 34.07562502630733], [-118.35006928736452, 34.07506259673491], [-118.35792587453008, 34.06319150655649], [-118.34962029552092, 34.05188319007623], [-118.33345869108281, 34.052444746849154]]]}}, {"type": "Feature", "properties": {"id": 136, "name": "Vermont Sq 4", "lst": 35.4, "green": 28.9, "pop": 4747, "pct65": 12.0, "ac": 75.0, "holc": "B", "access_min": 70.0, "access_km": 5.57, "score": 28.2, "rank": 149}, "geometry": {"type": "Polygon", "coordinates": [[[-118.28496548249475, 34.05411697093147], [-118.27709905791978, 34.065985908089026], [-118.28540118527441, 34.077299859795794], [-118.30157030819383, 34.0767436584327], [-118.30943397958328, 34.06487437373406], [-118.30113128217842, 34.05356163787117], [-118.28496548249475, 34.05411697093147]]]}}, {"type": "Feature", "properties": {"id": 137, "name": "Exposition Pk 4", "lst": 38.2, "green": 19.1, "pop": 7464, "pct65": 12.2, "ac": 62.0, "holc": "C", "access_min": 85.0, "access_km": 6.8, "score": 49.4, "rank": 68}, "geometry": {"type": "Polygon", "coordinates": [[[-118.2364597312414, 34.055770513198524], [-118.22858623575635, 34.06763763211414], [-118.23688546045496, 34.07895599796917], [-118.25305875900828, 34.07840603015583], [-118.26092950675842, 34.06653856035659], [-118.252629704631, 34.05522140918642], [-118.2364597312414, 34.055770513198524]]]}}, {"type": "Feature", "properties": {"id": 138, "name": "Cypress Park 4", "lst": 30.7, "green": 38.4, "pop": 3798, "pct65": 10.4, "ac": 92.0, "holc": "A", "access_min": 86.0, "access_km": 6.87, "score": 9.2, "rank": 199}, "geometry": {"type": "Polygon", "coordinates": [[[-118.55176638612508, 34.056273555231684], [-118.5439382137406, 34.06815177299942], [-118.55225694015918, 34.07944037646667], [-118.56840436949484, 34.07884954042379], [-118.57622975840225, 34.06697099379688], [-118.56791050238365, 34.0556836120007], [-118.55176638612508, 34.056273555231684]]]}}, {"type": "Feature", "properties": {"id": 139, "name": "Lincoln Heights 4", "lst": 39.5, "green": 17.4, "pop": 6818, "pct65": 9.4, "ac": 47.0, "holc": "D", "access_min": 110.0, "access_km": 8.76, "score": 52.2, "rank": 63}, "geometry": {"type": "Polygon", "coordinates": [[[-118.1879415020115, 34.05740535769975], [-118.18006094353314, 34.06927064896451], [-118.18835725190155, 34.08059342486247], [-118.204534704501, 34.08004969591118], [-118.21241252071142, 34.068184050424165], [-118.20411562753252, 34.056862488043336], [-118.1879415020115, 34.05740535769975]]]}}, {"type": "Feature", "properties": {"id": 140, "name": "El Sereno 4", "lst": 31.6, "green": 40.6, "pop": 4175, "pct65": 5.8, "ac": 80.0, "holc": "A", "access_min": 50.0, "access_km": 4.0, "score": 8.9, "rank": 200}, "geometry": {"type": "Polygon", "coordinates": [[[-118.5033254471303, 34.058030982952396], [-118.49549015944241, 34.06990743298544], [-118.5038060579295, 34.08120047367571], [-118.5199577820008, 34.08061584370176], [-118.52779029157364, 34.068739061445974], [-118.51947385612414, 34.05744724131611], [-118.5033254471303, 34.058030982952396]]]}}, {"type": "Feature", "properties": {"id": 141, "name": "Highland Park 4", "lst": 41.8, "green": 7.1, "pop": 6495, "pct65": 18.0, "ac": 28.0, "holc": "D", "access_min": 152.0, "access_km": 12.14, "score": 74.9, "rank": 11}, "geometry": {"type": "Polygon", "coordinates": [[[-118.13941085959878, 34.059021488568945], [-118.13152324608099, 34.070884942780836], [-118.13981662444738, 34.08221212459509], [-118.15599820947027, 34.08167463978997], [-118.16388308620333, 34.06981082802114], [-118.15558911564163, 34.05848485854757], [-118.13941085959878, 34.059021488568945]]]}}, {"type": "Feature", "properties": {"id": 142, "name": "Wilmington 4", "lst": 32.0, "green": 33.0, "pop": 4124, "pct65": 12.9, "ac": 72.0, "holc": "B", "access_min": 8.0, "access_km": 0.6, "score": 21.0, "rank": 169}, "geometry": {"type": "Polygon", "coordinates": [[[-118.45487167269455, 34.05976979495603], [-118.4470292774171, 34.07164446780826], [-118.45534233428369, 34.08294194173513], [-118.47149833169125, 34.08236352329845], [-118.47933795423214, 34.07048851486365], [-118.47102435303725, 34.059192260377856], [-118.45487167269455, 34.05976979495603]]]}}, {"type": "Feature", "properties": {"id": 143, "name": "San Pedro 4", "lst": 33.6, "green": 27.8, "pop": 6227, "pct65": 9.9, "ac": 65.0, "holc": "B", "access_min": 48.0, "access_km": 3.88, "score": 29.5, "rank": 139}, "geometry": {"type": "Polygon", "coordinates": [[[-118.40640512704857, 34.06148997490787], [-118.39855563193278, 34.073362861139714], [-118.40686583349151, 34.08466476429546], [-118.42302608280016, 34.0840925628366], [-118.43087281057431, 34.07221933766616], [-118.42256205731802, 34.06091865282346], [-118.40640512704857, 34.06148997490787]]]}}, {"type": "Feature", "properties": {"id": 144, "name": "Sylmar 4", "lst": 34.6, "green": 24.8, "pop": 6639, "pct65": 11.5, "ac": 51.0, "holc": "C", "access_min": 57.0, "access_km": 4.55, "score": 39.5, "rank": 111}, "geometry": {"type": "Polygon", "coordinates": [[[-118.35792587453008, 34.06319150655649], [-118.35006928736452, 34.07506259673491], [-118.35837661992976, 34.0863689250906], [-118.37454109966869, 34.08580294602232], [-118.38239492490395, 34.07393151355306], [-118.37408703326844, 34.06262640237371], [-118.35792587453008, 34.06319150655649]]]}}, {"type": "Feature", "properties": {"id": 145, "name": "Arleta 4", "lst": 34.3, "green": 27.1, "pop": 5196, "pct65": 11.1, "ac": 68.0, "holc": "B", "access_min": 61.0, "access_km": 4.88, "score": 29.2, "rank": 142}, "geometry": {"type": "Polygon", "coordinates": [[[-118.30943397958328, 34.06487437373406], [-118.30157030819383, 34.0767436584327], [-118.30987475808188, 34.08805440793812], [-118.3260434467448, 34.087494656645255], [-118.33390436163167, 34.07562502630733], [-118.32559934529739, 34.06431549283289], [-118.30943397958328, 34.06487437373406]]]}}, {"type": "Feature", "properties": {"id": 146, "name": "North Hills 4", "lst": 38.3, "green": 23.2, "pop": 5663, "pct65": 12.0, "ac": 61.0, "holc": "C", "access_min": 69.0, "access_km": 5.5, "score": 42.0, "rank": 96}, "geometry": {"type": "Polygon", "coordinates": [[[-118.26092950675842, 34.06653856035659], [-118.25305875900828, 34.07840603015583], [-118.26136031253742, 34.0897211967395], [-118.27753318858271, 34.08916767857888], [-118.28540118527441, 34.077299859795794], [-118.27709905791978, 34.065985908089026], [-118.26092950675842, 34.06653856035659]]]}}, {"type": "Feature", "properties": {"id": 147, "name": "Reseda 4", "lst": 38.2, "green": 15.0, "pop": 7807, "pct65": 11.6, "ac": 55.0, "holc": "C", "access_min": 80.0, "access_km": 6.41, "score": 54.3, "rank": 53}, "geometry": {"type": "Polygon", "coordinates": [[[-118.21241252071142, 34.068184050424165], [-118.204534704501, 34.08004969591118], [-118.21283334799169, 34.09136927548031], [-118.22901038984253, 34.09082199578073], [-118.23688546045496, 34.07895599796917], [-118.22858623575635, 34.06763763211414], [-118.21241252071142, 34.068184050424165]]]}}, {"type": "Feature", "properties": {"id": 148, "name": "Canoga Park 4", "lst": 30.5, "green": 37.5, "pop": 4508, "pct65": 5.5, "ac": 89.0, "holc": "A", "access_min": 61.0, "access_km": 4.92, "score": 6.4, "rank": 204}, "geometry": {"type": "Polygon", "coordinates": [[[-118.52779029157364, 34.068739061445974], [-118.5199577820008, 34.08061584370176], [-118.52827597506474, 34.09190566789425], [-118.54442721198967, 34.0913174890347], [-118.55225694015918, 34.07944037646667], [-118.5439382137406, 34.06815177299942], [-118.52779029157364, 34.068739061445974]]]}}, {"type": "Feature", "properties": {"id": 149, "name": "Winnetka 4", "lst": 38.5, "green": 15.3, "pop": 6590, "pct65": 12.9, "ac": 48.0, "holc": "D", "access_min": 120.0, "access_km": 9.59, "score": 54.0, "rank": 55}, "geometry": {"type": "Polygon", "coordinates": [[[-118.16388308620333, 34.06981082802114], [-118.15599820947027, 34.08167463978997], [-118.16429392924519, 34.092998628230546], [-118.18047511528977, 34.09245759229262], [-118.18835725190155, 34.08059342486247], [-118.18006094353314, 34.06927064896451], [-118.16388308620333, 34.06981082802114]]]}}, {"type": "Feature", "properties": {"id": 150, "name": "Mar Vista 4", "lst": 33.2, "green": 24.9, "pop": 4698, "pct65": 11.3, "ac": 64.0, "holc": "B", "access_min": 25.0, "access_km": 1.99, "score": 28.5, "rank": 148}, "geometry": {"type": "Polygon", "coordinates": [[[-118.47933795423214, 34.07048851486365], [-118.47149833169125, 34.08236352329845], [-118.47981368945732, 34.093657783599554], [-118.49596921142015, 34.09307581578454], [-118.5038060579295, 34.08120047367571], [-118.49549015944241, 34.06990743298544], [-118.47933795423214, 34.07048851486365]]]}}, {"type": "Feature", "properties": {"id": 151, "name": "Palms 4", "lst": 33.7, "green": 30.4, "pop": 6286, "pct65": 12.8, "ac": 73.0, "holc": "B", "access_min": 27.0, "access_km": 2.19, "score": 29.1, "rank": 144}, "geometry": {"type": "Polygon", "coordinates": [[[-118.43087281057431, 34.07221933766616], [-118.42302608280016, 34.0840925628366], [-118.43133859157585, 34.0953912552512], [-118.44749837715275, 34.09481550393765], [-118.45534233428369, 34.08294194173513], [-118.4470292774171, 34.07164446780826], [-118.43087281057431, 34.07221933766616]]]}}, {"type": "Feature", "properties": {"id": 152, "name": "Del Rey 4", "lst": 31.7, "green": 30.1, "pop": 5271, "pct65": 9.1, "ac": 74.0, "holc": "B", "access_min": 79.0, "access_km": 6.3, "score": 20.0, "rank": 172}, "geometry": {"type": "Polygon", "coordinates": [[[-118.38239492490395, 34.07393151355306], [-118.37454109966869, 34.08580294602232], [-118.38285074576322, 34.09710606653407], [-118.39901477349473, 34.09653653715108], [-118.40686583349151, 34.08466476429546], [-118.39855563193278, 34.073362861139714], [-118.38239492490395, 34.07393151355306]]]}}, {"type": "Feature", "properties": {"id": 153, "name": "Playa 4", "lst": 35.1, "green": 27.2, "pop": 6406, "pct65": 7.9, "ac": 65.0, "holc": "C", "access_min": 68.0, "access_km": 5.44, "score": 31.0, "rank": 134}, "geometry": {"type": "Polygon", "coordinates": [[[-118.33390436163167, 34.07562502630733], [-118.3260434467448, 34.087494656645255], [-118.3343502164692, 34.098802201216486], [-118.35051846486016, 34.098238899165345], [-118.35837661992976, 34.0863689250906], [-118.35006928736452, 34.07506259673491], [-118.33390436163167, 34.07562502630733]]]}}, {"type": "Feature", "properties": {"id": 154, "name": "Venice 4", "lst": 34.9, "green": 23.7, "pop": 7080, "pct65": 12.8, "ac": 65.0, "holc": "C", "access_min": 65.0, "access_km": 5.23, "score": 39.1, "rank": 113}, "geometry": {"type": "Polygon", "coordinates": [[[-118.28540118527441, 34.077299859795794], [-118.27753318858271, 34.08916767857888], [-118.28583706825002, 34.100479643150706], [-118.3020095157699, 34.09992257380465], [-118.30987475808188, 34.08805440793812], [-118.30157030819383, 34.0767436584327], [-118.28540118527441, 34.077299859795794]]]}}, {"type": "Feature", "properties": {"id": 155, "name": "Brentwood 4", "lst": 38.2, "green": 19.4, "pop": 5454, "pct65": 13.2, "ac": 69.0, "holc": "C", "access_min": 54.0, "access_km": 4.3, "score": 42.1, "rank": 93}, "geometry": {"type": "Polygon", "coordinates": [[[-118.23688546045496, 34.07895599796917], [-118.22901038984253, 34.09082199578073], [-118.23731136576778, 34.102138376272954], [-118.25348799085081, 34.101587544977214], [-118.26136031253742, 34.0897211967395], [-118.25305875900828, 34.07840603015583], [-118.23688546045496, 34.07895599796917]]]}}, {"type": "Feature", "properties": {"id": 156, "name": "Bel Air 4", "lst": 29.6, "green": 30.2, "pop": 4031, "pct65": 8.6, "ac": 76.0, "holc": "B", "access_min": 84.0, "access_km": 6.73, "score": 13.7, "rank": 191}, "geometry": {"type": "Polygon", "coordinates": [[[-118.55225694015918, 34.07944037646667], [-118.54442721198967, 34.0913174890347], [-118.55274769691192, 34.10260409403224], [-118.5688984406823, 34.10201236550294], [-118.57672538416256, 34.09013492453381], [-118.56840436949484, 34.07884954042379], [-118.55225694015918, 34.07944037646667]]]}}, {"type": "Feature", "properties": {"id": 157, "name": "Sherman Oaks 4", "lst": 36.0, "green": 26.3, "pop": 6453, "pct65": 13.8, "ac": 63.0, "holc": "C", "access_min": 88.0, "access_km": 7.05, "score": 39.7, "rank": 110}, "geometry": {"type": "Polygon", "coordinates": [[[-118.18835725190155, 34.08059342486247], [-118.18047511528977, 34.09245759229262], [-118.18877317379025, 34.10377838460377], [-118.20495395483546, 34.10323379667546], [-118.21283334799169, 34.09136927548031], [-118.204534704501, 34.08004969591118], [-118.18835725190155, 34.08059342486247]]]}}, {"type": "Feature", "properties": {"id": 158, "name": "Encino 4", "lst": 30.2, "green": 38.5, "pop": 2764, "pct65": 8.4, "ac": 95.0, "holc": "A", "access_min": 29.0, "access_km": 2.34, "score": 5.1, "rank": 207}, "geometry": {"type": "Polygon", "coordinates": [[[-118.5038060579295, 34.08120047367571], [-118.49596921142015, 34.09307581578454], [-118.50428686737168, 34.104366859755075], [-118.52044190787946, 34.10378134176796], [-118.52827597506474, 34.09190566789425], [-118.5199577820008, 34.08061584370176], [-118.5038060579295, 34.08120047367571]]]}}, {"type": "Feature", "properties": {"id": 159, "name": "Studio City 4", "lst": 38.0, "green": 15.4, "pop": 8228, "pct65": 11.2, "ac": 46.0, "holc": "D", "access_min": 137.0, "access_km": 11.0, "score": 57.4, "rank": 46}, "geometry": {"type": "Polygon", "coordinates": [[[-118.13981662444738, 34.08221212459509], [-118.13192742979476, 34.09407445224089], [-118.1402225571901, 34.10539965224824], [-118.15640747256163, 34.10486131297625], [-118.16429392924519, 34.092998628230546], [-118.15599820947027, 34.08167463978997], [-118.13981662444738, 34.08221212459509]]]}}, {"type": "Feature", "properties": {"id": 160, "name": "Los Feliz 4", "lst": 30.9, "green": 34.7, "pop": 5550, "pct65": 8.8, "ac": 71.0, "holc": "A", "access_min": 29.0, "access_km": 2.35, "score": 17.3, "rank": 179}, "geometry": {"type": "Polygon", "coordinates": [[[-118.45534233428369, 34.08294194173513], [-118.44749837715275, 34.09481550393765], [-118.45581319043599, 34.10611098289866], [-118.47197250626881, 34.10553168092702], [-118.47981368945732, 34.093657783599554], [-118.47149833169125, 34.08236352329845], [-118.45534233428369, 34.08294194173513]]]}}, {"type": "Feature", "properties": {"id": 161, "name": "Silver Lake 4", "lst": 33.8, "green": 27.6, "pop": 6817, "pct65": 9.1, "ac": 62.0, "holc": "B", "access_min": 60.0, "access_km": 4.78, "score": 31.3, "rank": 132}, "geometry": {"type": "Polygon", "coordinates": [[[-118.40686583349151, 34.08466476429546], [-118.39901477349473, 34.09653653715108], [-118.4073267304137, 34.10783644709878], [-118.42349030012332, 34.10726336658806], [-118.43133859157585, 34.0953912552512], [-118.42302608280016, 34.0840925628366], [-118.40686583349151, 34.08466476429546]]]}}, {"type": "Feature", "properties": {"id": 162, "name": "Echo Park 4", "lst": 34.6, "green": 27.9, "pop": 6353, "pct65": 5.8, "ac": 66.0, "holc": "C", "access_min": 87.0, "access_km": 6.96, "score": 27.2, "rank": 153}, "geometry": {"type": "Polygon", "coordinates": [[[-118.35837661992976, 34.0863689250906], [-118.35051846486016, 34.098238899165345], [-118.35882755172072, 34.10954323607465], [-118.37499535382335, 34.10897638244247], [-118.38285074576322, 34.09710606653407], [-118.37454109966869, 34.08580294602232], [-118.35837661992976, 34.0863689250906]]]}}, {"type": "Feature", "properties": {"id": 163, "name": "Koreatown 4", "lst": 36.3, "green": 24.4, "pop": 6122, "pct65": 10.4, "ac": 64.0, "holc": "B", "access_min": 76.0, "access_km": 6.12, "score": 36.7, "rank": 118}, "geometry": {"type": "Polygon", "coordinates": [[[-118.30987475808188, 34.08805440793812], [-118.3020095157699, 34.09992257380465], [-118.3103157188798, 34.111231333629256], [-118.32648773185598, 34.11067071226532], [-118.3343502164692, 34.098802201216486], [-118.3260434467448, 34.087494656645255], [-118.30987475808188, 34.08805440793812]]]}}, {"type": "Feature", "properties": {"id": 164, "name": "Mid City 4", "lst": 37.1, "green": 20.0, "pop": 5981, "pct65": 12.5, "ac": 67.0, "holc": "C", "access_min": 37.0, "access_km": 2.98, "score": 41.3, "rank": 100}, "geometry": {"type": "Polygon", "coordinates": [[[-118.26136031253742, 34.0897211967395], [-118.25348799085081, 34.101587544977214], [-118.26179129651979, 34.112900723649496], [-118.27796749881476, 34.112346339915526], [-118.28583706825002, 34.100479643150706], [-118.27753318858271, 34.08916767857888], [-118.26136031253742, 34.0897211967395]]]}}, {"type": "Feature", "properties": {"id": 165, "name": "Leimert Park 4", "lst": 40.5, "green": 11.3, "pop": 7004, "pct65": 13.7, "ac": 46.0, "holc": "D", "access_min": 56.0, "access_km": 4.52, "score": 62.9, "rank": 40}, "geometry": {"type": "Polygon", "coordinates": [[[-118.21283334799169, 34.09136927548031], [-118.20495395483546, 34.10323379667546], [-118.21325434937538, 34.11455139010655], [-118.22943471939925, 34.11400324933608], [-118.23731136576778, 34.102138376272954], [-118.22901038984253, 34.09082199578073], [-118.21283334799169, 34.09136927548031]]]}}, {"type": "Feature", "properties": {"id": 166, "name": "Baldwin Hills 4", "lst": 31.7, "green": 32.8, "pop": 3414, "pct65": 7.3, "ac": 75.0, "holc": "B", "access_min": 56.0, "access_km": 4.46, "score": 14.1, "rank": 190}, "geometry": {"type": "Polygon", "coordinates": [[[-118.52827597506474, 34.09190566789425], [-118.52044190787946, 34.10378134176796], [-118.52876185929934, 34.11506916670826], [-118.54491641234095, 34.114480097761074], [-118.55274769691192, 34.10260409403224], [-118.54442721198967, 34.0913174890347], [-118.52827597506474, 34.09190566789425]]]}}, {"type": "Feature", "properties": {"id": 167, "name": "Westwood 4", "lst": 36.0, "green": 24.5, "pop": 6815, "pct65": 12.9, "ac": 57.0, "holc": "C", "access_min": 106.0, "access_km": 8.48, "score": 42.5, "rank": 91}, "geometry": {"type": "Polygon", "coordinates": [[[-118.16429392924519, 34.092998628230546], [-118.15640747256163, 34.10486131297625], [-118.16470494228663, 34.11618331705595], [-118.18088945841434, 34.1156414245544], [-118.18877317379025, 34.10377838460377], [-118.18047511528977, 34.09245759229262], [-118.16429392924519, 34.092998628230546]]]}}, {"type": "Feature", "properties": {"id": 168, "name": "Westlake 5", "lst": 29.1, "green": 43.8, "pop": 3348, "pct65": 8.4, "ac": 87.0, "holc": "A", "access_min": 7.0, "access_km": 0.58, "score": 3.5, "rank": 209}, "geometry": {"type": "Polygon", "coordinates": [[[-118.47981368945732, 34.093657783599554], [-118.47197250626881, 34.10553168092702], [-118.48028962134698, 34.11682394372707], [-118.49644846142246, 34.116241090299674], [-118.50428686737168, 34.104366859755075], [-118.49596921142015, 34.09307581578454], [-118.47981368945732, 34.093657783599554]]]}}, {"type": "Feature", "properties": {"id": 169, "name": "Boyle Heights 5", "lst": 29.4, "green": 40.8, "pop": 6737, "pct65": 8.8, "ac": 98, "holc": "A", "access_min": 50.0, "access_km": 3.99, "score": 5.2, "rank": 206}, "geometry": {"type": "Polygon", "coordinates": [[[-118.43133859157585, 34.0953912552512], [-118.42349030012332, 34.10726336658806], [-118.43180456515876, 34.11856006325669], [-118.44796767083129, 34.11798343081091], [-118.45581319043599, 34.10611098289866], [-118.44749837715275, 34.09481550393765], [-118.43133859157585, 34.0953912552512]]]}}, {"type": "Feature", "properties": {"id": 170, "name": "Watts 5", "lst": 35.1, "green": 24.6, "pop": 2722, "pct65": 8.6, "ac": 79.0, "holc": "B", "access_min": 92.0, "access_km": 7.36, "score": 21.4, "rank": 168}, "geometry": {"type": "Polygon", "coordinates": [[[-118.38285074576322, 34.09710606653407], [-118.37499535382335, 34.10897638244247], [-118.38330675511669, 34.120277508967206], [-118.39947410491365, 34.119707102937056], [-118.4073267304137, 34.10783644709878], [-118.39901477349473, 34.09653653715108], [-118.38285074576322, 34.09710606653407]]]}}, {"type": "Feature", "properties": {"id": 171, "name": "South Central 5", "lst": 38.9, "green": 22.6, "pop": 5953, "pct65": 12.0, "ac": 55.0, "holc": "C", "access_min": 97.0, "access_km": 7.78, "score": 45.9, "rank": 77}, "geometry": {"type": "Polygon", "coordinates": [[[-118.3343502164692, 34.098802201216486], [-118.32648773185598, 34.11067071226532], [-118.33479625570973, 34.121976264612414], [-118.35096782812296, 34.12141209040401], [-118.35882755172072, 34.10954323607465], [-118.35051846486016, 34.098238899165345], [-118.3343502164692, 34.098802201216486]]]}}, {"type": "Feature", "properties": {"id": 172, "name": "Pacoima 5", "lst": 33.8, "green": 29.4, "pop": 4305, "pct65": 10.6, "ac": 72.0, "holc": "B", "access_min": 44.0, "access_km": 3.51, "score": 23.9, "rank": 165}, "geometry": {"type": "Polygon", "coordinates": [[[-118.28583706825002, 34.100479643150706], [-118.27796749881476, 34.112346339915526], [-118.28627313153333, 34.123656314029944], [-118.3024489050192, 34.12309837702139], [-118.3103157188798, 34.111231333629256], [-118.3020095157699, 34.09992257380465], [-118.28583706825002, 34.100479643150706]]]}}, {"type": "Feature", "properties": {"id": 173, "name": "Sun Valley 5", "lst": 35.9, "green": 23.4, "pop": 6996, "pct65": 11.5, "ac": 42.0, "holc": "C", "access_min": 25.0, "access_km": 2.03, "score": 46.3, "rank": 76}, "geometry": {"type": "Polygon", "coordinates": [[[-118.23731136576778, 34.102138376272954], [-118.22943471939925, 34.11400324933608], [-118.23773744728918, 34.12531764114154], [-118.2539174002687, 34.1247659466829], [-118.26179129651979, 34.112900723649496], [-118.25348799085081, 34.101587544977214], [-118.23731136576778, 34.102138376272954]]]}}, {"type": "Feature", "properties": {"id": 174, "name": "Van Nuys 5", "lst": 26.4, "green": 42.4, "pop": 2255, "pct65": 10.6, "ac": 93.0, "holc": "A", "access_min": 86.0, "access_km": 6.88, "score": 0.0, "rank": 211}, "geometry": {"type": "Polygon", "coordinates": [[[-118.55274769691192, 34.10260409403224], [-118.54491641234095, 34.114480097761074], [-118.55323865650891, 34.1257647009765], [-118.56939271607251, 34.12517208028699], [-118.57722121474124, 34.11329574861351], [-118.5688984406823, 34.10201236550294], [-118.55274769691192, 34.10260409403224]]]}}, {"type": "Feature", "properties": {"id": 175, "name": "Panorama City 5", "lst": 39.1, "green": 19.7, "pop": 5242, "pct65": 13.9, "ac": 46.0, "holc": "C", "access_min": 75.0, "access_km": 5.99, "score": 49.5, "rank": 67}, "geometry": {"type": "Polygon", "coordinates": [[[-118.18877317379025, 34.10377838460377], [-118.18088945841434, 34.1156414245544], [-118.18918926778433, 34.12696022995329], [-118.20537337864346, 34.12641478336649], [-118.21325434937538, 34.11455139010655], [-118.20495395483546, 34.10323379667546], [-118.18877317379025, 34.10377838460377]]]}}, {"type": "Feature", "properties": {"id": 176, "name": "Huntington Park 5", "lst": 28.1, "green": 42.1, "pop": 3797, "pct65": 14.7, "ac": 88.0, "holc": "A", "access_min": 36.0, "access_km": 2.86, "score": 8.1, "rank": 201}, "geometry": {"type": "Polygon", "coordinates": [[[-118.50428686737168, 34.104366859755075], [-118.49644846142246, 34.116241090299674], [-118.50476787557989, 34.12753013423653], [-118.52092623388403, 34.1269437285615], [-118.52876185929934, 34.11506916670826], [-118.52044190787946, 34.10378134176796], [-118.50428686737168, 34.104366859755075]]]}}, {"type": "Feature", "properties": {"id": 177, "name": "Florence 5", "lst": 38.4, "green": 19.4, "pop": 7734, "pct65": 14.4, "ac": 59.0, "holc": "C", "access_min": 130.0, "access_km": 10.38, "score": 53.8, "rank": 56}, "geometry": {"type": "Polygon", "coordinates": [[[-118.1402225571901, 34.10539965224824], [-118.13233178077009, 34.117260849682516], [-118.14062865793115, 34.128584064555945], [-118.15681690502079, 34.12804487113464], [-118.16470494228663, 34.11618331705595], [-118.15640747256163, 34.10486131297625], [-118.1402225571901, 34.10539965224824]]]}}, {"type": "Feature", "properties": {"id": 178, "name": "Vermont Sq 5", "lst": 31.0, "green": 37.5, "pop": 3182, "pct65": 15.1, "ac": 93.0, "holc": "A", "access_min": 27.0, "access_km": 2.14, "score": 12.9, "rank": 194}, "geometry": {"type": "Polygon", "coordinates": [[[-118.45581319043599, 34.10611098289866], [-118.44796767083129, 34.11798343081091], [-118.45628424127202, 34.12927691149058], [-118.4724468768913, 34.12869672630821], [-118.48028962134698, 34.11682394372707], [-118.47197250626881, 34.10553168092702], [-118.45581319043599, 34.10611098289866]]]}}, {"type": "Feature", "properties": {"id": 179, "name": "Exposition Pk 5", "lst": 29.8, "green": 34.0, "pop": 6020, "pct65": 11.2, "ac": 80.0, "holc": "A", "access_min": 60.0, "access_km": 4.81, "score": 16.2, "rank": 183}, "geometry": {"type": "Polygon", "coordinates": [[[-118.4073267304137, 34.10783644709878], [-118.39947410491365, 34.119707102937056], [-118.40778781793321, 34.13100501635967], [-118.42395470940639, 34.13043105712036], [-118.43180456515876, 34.11856006325669], [-118.42349030012332, 34.10726336658806], [-118.4073267304137, 34.10783644709878]]]}}, {"type": "Feature", "properties": {"id": 180, "name": "Cypress Park 5", "lst": 33.3, "green": 24.9, "pop": 4569, "pct65": 13.8, "ac": 70.0, "holc": "B", "access_min": 113.0, "access_km": 9.04, "score": 29.1, "rank": 143}, "geometry": {"type": "Polygon", "coordinates": [[[-118.35882755172072, 34.10954323607465], [-118.35096782812296, 34.12141209040401], [-118.35927867001858, 34.132714432548404], [-118.37544979584878, 34.13214670467465], [-118.38330675511669, 34.120277508967206], [-118.37499535382335, 34.10897638244247], [-118.35882755172072, 34.10954323607465]]]}}, {"type": "Feature", "properties": {"id": 181, "name": "Lincoln Heights 5", "lst": 31.7, "green": 34.9, "pop": 5080, "pct65": 11.1, "ac": 85.0, "holc": "B", "access_min": 67.0, "access_km": 5.36, "score": 16.4, "rank": 182}, "geometry": {"type": "Polygon", "coordinates": [[[-118.3103157188798, 34.111231333629256], [-118.3024489050192, 34.12309837702139], [-118.31075686209012, 34.134405143845136], [-118.3269322007448, 34.13384365273149], [-118.33479625570973, 34.121976264612414], [-118.32648773185598, 34.11067071226532], [-118.3103157188798, 34.111231333629256]]]}}, {"type": "Feature", "properties": {"id": 182, "name": "El Sereno 5", "lst": 35.4, "green": 29.1, "pop": 5559, "pct65": 10.7, "ac": 71.0, "holc": "B", "access_min": 12.0, "access_km": 0.92, "score": 29.8, "rank": 138}, "geometry": {"type": "Polygon", "coordinates": [[[-118.26179129651979, 34.112900723649496], [-118.2539174002687, 34.1247659466829], [-118.26222245881604, 34.136077134122274], [-118.27840198872734, 34.135521885135255], [-118.28627313153333, 34.123656314029944], [-118.27796749881476, 34.112346339915526], [-118.26179129651979, 34.112900723649496]]]}}, {"type": "Feature", "properties": {"id": 183, "name": "Highland Park 5", "lst": 33.8, "green": 26.9, "pop": 6365, "pct65": 11.6, "ac": 60.0, "holc": "B", "access_min": 45.0, "access_km": 3.6, "score": 33.8, "rank": 125}, "geometry": {"type": "Polygon", "coordinates": [[[-118.21325434937538, 34.11455139010655], [-118.20537337864346, 34.12641478336649], [-118.21367552497055, 34.137730387336475], [-118.22985922453536, 34.13718138581447], [-118.23773744728918, 34.12531764114154], [-118.22943471939925, 34.11400324933608], [-118.21325434937538, 34.11455139010655]]]}}, {"type": "Feature", "properties": {"id": 184, "name": "Wilmington 5", "lst": 31.1, "green": 31.5, "pop": 3977, "pct65": 9.0, "ac": 81.0, "holc": "A", "access_min": 67.0, "access_km": 5.38, "score": 14.5, "rank": 186}, "geometry": {"type": "Polygon", "coordinates": [[[-118.52876185929934, 34.11506916670826], [-118.52092623388403, 34.1269437285615], [-118.5292479444018, 34.13822955093804], [-118.54540581491973, 34.13763959222926], [-118.55323865650891, 34.1257647009765], [-118.54491641234095, 34.114480097761074], [-118.52876185929934, 34.11506916670826]]]}}, {"type": "Feature", "properties": {"id": 185, "name": "San Pedro 5", "lst": 37.8, "green": 19.9, "pop": 3390, "pct65": 11.4, "ac": 52.0, "holc": "C", "access_min": 101.0, "access_km": 8.06, "score": 37.4, "rank": 115}, "geometry": {"type": "Polygon", "coordinates": [[[-118.16470494228663, 34.11618331705595], [-118.15681690502079, 34.12804487113464], [-118.16511612543317, 34.13936488752892], [-118.18130397301327, 34.138822138782146], [-118.18918926778433, 34.12696022995329], [-118.18088945841434, 34.1156414245544], [-118.16470494228663, 34.11618331705595]]]}}, {"type": "Feature", "properties": {"id": 186, "name": "Sylmar 5", "lst": 29.6, "green": 38.5, "pop": 3161, "pct65": 9.3, "ac": 86.0, "holc": "A", "access_min": 31.0, "access_km": 2.5, "score": 7.3, "rank": 202}, "geometry": {"type": "Polygon", "coordinates": [[[-118.48028962134698, 34.11682394372707], [-118.4724468768913, 34.12869672630821], [-118.48076575002301, 34.13998698829416], [-118.49692790957215, 34.13940324957945], [-118.50476787557989, 34.12753013423653], [-118.49644846142246, 34.116241090299674], [-118.48028962134698, 34.11682394372707]]]}}, {"type": "Feature", "properties": {"id": 187, "name": "Arleta 5", "lst": 29.7, "green": 39.6, "pop": 6268, "pct65": 7.7, "ac": 92.0, "holc": "A", "access_min": 28.0, "access_km": 2.28, "score": 6.6, "rank": 203}, "geometry": {"type": "Polygon", "coordinates": [[[-118.43180456515876, 34.11856006325669], [-118.42395470940639, 34.13043105712036], [-118.43227073144242, 34.141725754728434], [-118.44843715857286, 34.141148241474525], [-118.45628424127202, 34.12927691149058], [-118.44796767083129, 34.11798343081091], [-118.43180456515876, 34.11856006325669]]]}}, {"type": "Feature", "properties": {"id": 188, "name": "North Hills 5", "lst": 31.7, "green": 28.9, "pop": 6986, "pct65": 13.8, "ac": 69.0, "holc": "B", "access_min": 83.0, "access_km": 6.64, "score": 29.8, "rank": 137}, "geometry": {"type": "Polygon", "coordinates": [[[-118.38330675511669, 34.120277508967206], [-118.37544979584878, 34.13214670467465], [-118.3837629530812, 34.14344583389628], [-118.39993362630733, 34.14287455154208], [-118.40778781793321, 34.13100501635967], [-118.39947410491365, 34.119707102937056], [-118.38330675511669, 34.120277508967206]]]}}, {"type": "Feature", "properties": {"id": 189, "name": "Reseda 5", "lst": 34.8, "green": 22.5, "pop": 6153, "pct65": 15.0, "ac": 55.0, "holc": "C", "access_min": 95.0, "access_km": 7.63, "score": 42.1, "rank": 94}, "geometry": {"type": "Polygon", "coordinates": [[[-118.33479625570973, 34.121976264612414], [-118.3269322007448, 34.13384365273149], [-118.33524247946754, 34.14514720953683], [-118.35141737726808, 34.14458216349331], [-118.35927867001858, 34.132714432548404], [-118.35096782812296, 34.12141209040401], [-118.33479625570973, 34.121976264612414]]]}}, {"type": "Feature", "properties": {"id": 190, "name": "Canoga Park 5", "lst": 35.7, "green": 22.8, "pop": 4051, "pct65": 13.8, "ac": 52.0, "holc": "C", "access_min": 41.0, "access_km": 3.26, "score": 36.9, "rank": 117}, "geometry": {"type": "Polygon", "coordinates": [[[-118.28627313153333, 34.123656314029944], [-118.27840198872734, 34.135521885135255], [-118.28670937523626, 34.146829865473165], [-118.30288847605448, 34.146271061123294], [-118.31075686209012, 34.134405143845136], [-118.3024489050192, 34.12309837702139], [-118.28627313153333, 34.123656314029944]]]}}, {"type": "Feature", "properties": {"id": 191, "name": "Winnetka 5", "lst": 35.0, "green": 30.7, "pop": 5760, "pct65": 6.3, "ac": 54.0, "holc": "C", "access_min": 22.0, "access_km": 1.73, "score": 29.0, "rank": 146}, "geometry": {"type": "Polygon", "coordinates": [[[-118.23773744728918, 34.12531764114154], [-118.22985922453536, 34.13718138581447], [-118.23816370512837, 34.14849378561254], [-118.25434698737214, 34.14794122831121], [-118.26222245881604, 34.136077134122274], [-118.2539174002687, 34.1247659466829], [-118.23773744728918, 34.12531764114154]]]}}, {"type": "Feature", "properties": {"id": 192, "name": "Mar Vista 5", "lst": 28.6, "green": 39.9, "pop": 2376, "pct65": 10.4, "ac": 82.0, "holc": "A", "access_min": 99.0, "access_km": 7.92, "score": 6.3, "rank": 205}, "geometry": {"type": "Polygon", "coordinates": [[[-118.55323865650891, 34.1257647009765], [-118.54540581491973, 34.13763959222926], [-118.5537298190759, 34.1489221903535], [-118.569887195792, 34.14832867783063], [-118.57771725026518, 34.136453459088095], [-118.56939271607251, 34.12517208028699], [-118.55323865650891, 34.1257647009765]]]}}, {"type": "Feature", "properties": {"id": 193, "name": "Palms 5", "lst": 35.0, "green": 26.9, "pop": 9809, "pct65": 13.4, "ac": 60.0, "holc": "C", "access_min": 74.0, "access_km": 5.95, "score": 46.8, "rank": 75}, "geometry": {"type": "Polygon", "coordinates": [[[-118.18918926778433, 34.12696022995329], [-118.18130397301327, 34.138822138782146], [-118.1896055339906, 34.15013895394663], [-118.20579297603261, 34.14959264902054], [-118.21367552497055, 34.137730387336475], [-118.20537337864346, 34.12641478336649], [-118.18918926778433, 34.12696022995329]]]}}, {"type": "Feature", "properties": {"id": 194, "name": "Del Rey 5", "lst": 31.5, "green": 33.6, "pop": 5608, "pct65": 11.2, "ac": 83.0, "holc": "A", "access_min": 57.0, "access_km": 4.57, "score": 18.1, "rank": 176}, "geometry": {"type": "Polygon", "coordinates": [[[-118.50476787557989, 34.12753013423653], [-118.49692790957215, 34.13940324957945], [-118.50524908267738, 34.150690290172], [-118.52141076013854, 34.150102997134944], [-118.5292479444018, 34.13822955093804], [-118.52092623388403, 34.1269437285615], [-118.50476787557989, 34.12753013423653]]]}}, {"type": "Feature", "properties": {"id": 195, "name": "Playa 5", "lst": 37.3, "green": 20.6, "pop": 5883, "pct65": 11.8, "ac": 59.0, "holc": "D", "access_min": 130.0, "access_km": 10.38, "score": 42.6, "rank": 90}, "geometry": {"type": "Polygon", "coordinates": [[[-118.14062865793115, 34.128584064555945], [-118.13273629911072, 34.140444128135925], [-118.14103492677481, 34.15176535455179], [-118.15722650695284, 34.1512253072994], [-118.16511612543317, 34.13936488752892], [-118.15681690502079, 34.12804487113464], [-118.14062865793115, 34.128584064555945]]]}}, {"type": "Feature", "properties": {"id": 196, "name": "Venice 5", "lst": 27.8, "green": 38.5, "pop": 3231, "pct65": 9.6, "ac": 93.0, "holc": "A", "access_min": 6.0, "access_km": 0.45, "score": 3.4, "rank": 210}, "geometry": {"type": "Polygon", "coordinates": [[[-118.45628424127202, 34.12927691149058], [-118.44843715857286, 34.141148241474525], [-118.4567554869125, 34.152439720560714], [-118.4729214436803, 34.15185865249258], [-118.48076575002301, 34.13998698829416], [-118.4724468768913, 34.12869672630821], [-118.45628424127202, 34.12927691149058]]]}}, {"type": "Feature", "properties": {"id": 197, "name": "Brentwood 5", "lst": 33.5, "green": 27.8, "pop": 4986, "pct65": 15.2, "ac": 75.0, "holc": "B", "access_min": 55.0, "access_km": 4.41, "score": 29.0, "rank": 145}, "geometry": {"type": "Polygon", "coordinates": [[[-118.40778781793321, 34.13100501635967], [-118.39993362630733, 34.14287455154208], [-118.40824909616825, 34.15417046512594], [-118.42441931076841, 34.153595627482], [-118.43227073144242, 34.141725754728434], [-118.42395470940639, 34.13043105712036], [-118.40778781793321, 34.13100501635967]]]}}, {"type": "Feature", "properties": {"id": 198, "name": "Bel Air 5", "lst": 37.3, "green": 21.0, "pop": 5386, "pct65": 7.4, "ac": 68.0, "holc": "B", "access_min": 111.0, "access_km": 8.87, "score": 34.3, "rank": 122}, "geometry": {"type": "Polygon", "coordinates": [[[-118.35927867001858, 34.132714432548404], [-118.35141737726808, 34.14458216349331], [-118.35972997493897, 34.15588250755761], [-118.37590442586152, 34.15531390576525], [-118.3837629530812, 34.14344583389628], [-118.37544979584878, 34.13214670467465], [-118.35927867001858, 34.132714432548404]]]}}, {"type": "Feature", "properties": {"id": 199, "name": "Sherman Oaks 5", "lst": 35.1, "green": 29.4, "pop": 5780, "pct65": 7.7, "ac": 70.0, "holc": "B", "access_min": 72.0, "access_km": 5.78, "score": 26.9, "rank": 155}, "geometry": {"type": "Polygon", "coordinates": [[[-118.31075686209012, 34.134405143845136], [-118.30288847605448, 34.146271061123294], [-118.31119818782595, 34.15757583162948], [-118.32737685352525, 34.1570134710881], [-118.33524247946754, 34.14514720953683], [-118.3269322007448, 34.13384365273149], [-118.31075686209012, 34.134405143845136]]]}}, {"type": "Feature", "properties": {"id": 200, "name": "Encino 5", "lst": 38.3, "green": 24.5, "pop": 6895, "pct65": 12.3, "ac": 52.0, "holc": "C", "access_min": 31.0, "access_km": 2.47, "score": 47.9, "rank": 71}, "geometry": {"type": "Polygon", "coordinates": [[[-118.26222245881604, 34.136077134122274], [-118.25434698737214, 34.14794122831121], [-118.26265379953682, 34.15925042119943], [-118.27883665843189, 34.1586943072804], [-118.28670937523626, 34.146829865473165], [-118.27840198872734, 34.135521885135255], [-118.26222245881604, 34.136077134122274]]]}}, {"type": "Feature", "properties": {"id": 201, "name": "Studio City 5", "lst": 37.0, "green": 19.8, "pop": 10029, "pct65": 11.4, "ac": 47.0, "holc": "C", "access_min": 54.0, "access_km": 4.33, "score": 58.4, "rank": 45}, "geometry": {"type": "Polygon", "coordinates": [[[-118.21367552497055, 34.137730387336475], [-118.20579297603261, 34.14959264902054], [-118.21409687488527, 34.16090626020967], [-118.23028390535976, 34.16035639825619], [-118.23816370512837, 34.14849378561254], [-118.22985922453536, 34.13718138581447], [-118.21367552497055, 34.137730387336475]]]}}, {"type": "Feature", "properties": {"id": 202, "name": "Los Feliz 5", "lst": 30.6, "green": 30.7, "pop": 2936, "pct65": 11.5, "ac": 73.0, "holc": "B", "access_min": 87.0, "access_km": 6.97, "score": 16.4, "rank": 181}, "geometry": {"type": "Polygon", "coordinates": [[[-118.5292479444018, 34.13822955093804], [-118.52141076013854, 34.150102997134944], [-118.5297342304967, 34.16138681363957], [-118.54589541985135, 34.16079596549596], [-118.5537298190759, 34.1489221903535], [-118.54540581491973, 34.13763959222926], [-118.5292479444018, 34.13822955093804]]]}}, {"type": "Feature", "properties": {"id": 203, "name": "Silver Lake 5", "lst": 37.8, "green": 20.7, "pop": 6464, "pct65": 18.2, "ac": 42.0, "holc": "D", "access_min": 106.0, "access_km": 8.45, "score": 56.4, "rank": 47}, "geometry": {"type": "Polygon", "coordinates": [[[-118.16511612543317, 34.13936488752892], [-118.15722650695284, 34.1512253072994], [-118.16552747879042, 34.162543332686994], [-118.18171865919294, 34.16199972801405], [-118.1896055339906, 34.15013895394663], [-118.18130397301327, 34.138822138782146], [-118.16511612543317, 34.13936488752892]]]}}, {"type": "Feature", "properties": {"id": 204, "name": "Echo Park 5", "lst": 28.6, "green": 40.2, "pop": 4150, "pct65": 9.9, "ac": 96.0, "holc": "A", "access_min": 36.0, "access_km": 2.87, "score": 4.0, "rank": 208}, "geometry": {"type": "Polygon", "coordinates": [[[-118.48076575002301, 34.13998698829416], [-118.4729214436803, 34.15185865249258], [-118.48124207560744, 34.16314691035468], [-118.49740755599198, 34.16256228667843], [-118.50524908267738, 34.150690290172], [-118.49692790957215, 34.13940324957945], [-118.48076575002301, 34.13998698829416]]]}}, {"type": "Feature", "properties": {"id": 205, "name": "Koreatown 5", "lst": 32.1, "green": 37.9, "pop": 4051, "pct65": 8.2, "ac": 95.0, "holc": "A", "access_min": 35.0, "access_km": 2.79, "score": 9.3, "rank": 198}, "geometry": {"type": "Polygon", "coordinates": [[[-118.43227073144242, 34.141725754728434], [-118.42441931076841, 34.153595627482], [-118.43273709054637, 34.164888322718255], [-118.44890684049787, 34.16430992898101], [-118.4567554869125, 34.152439720560714], [-118.44843715857286, 34.141148241474525], [-118.43227073144242, 34.141725754728434]]]}}, {"type": "Feature", "properties": {"id": 206, "name": "Mid City 5", "lst": 32.0, "green": 37.3, "pop": 5568, "pct65": 10.8, "ac": 49.0, "holc": "B", "access_min": 86.0, "access_km": 6.88, "score": 25.7, "rank": 157}, "geometry": {"type": "Polygon", "coordinates": [[[-118.3837629530812, 34.14344583389628], [-118.37590442586152, 34.15531390576525], [-118.38421933977375, 34.16661103437099], [-118.40039333779357, 34.16603887601654], [-118.40824909616825, 34.15417046512594], [-118.39993362630733, 34.14287455154208], [-118.3837629530812, 34.14344583389628]]]}}, {"type": "Feature", "properties": {"id": 207, "name": "Leimert Park 5", "lst": 32.2, "green": 34.6, "pop": 4906, "pct65": 6.0, "ac": 77.0, "holc": "A", "access_min": 104.0, "access_km": 8.32, "score": 14.5, "rank": 188}, "geometry": {"type": "Polygon", "coordinates": [[[-118.33524247946754, 34.14514720953683], [-118.32737685352525, 34.1570134710881], [-118.33568888785712, 34.168315029037394], [-118.35186711241084, 34.1677491114816], [-118.35972997493897, 34.15588250755761], [-118.35141737726808, 34.14458216349331], [-118.33524247946754, 34.14514720953683]]]}}, {"type": "Feature", "properties": {"id": 208, "name": "Baldwin Hills 5", "lst": 33.7, "green": 30.1, "pop": 3193, "pct65": 13.5, "ac": 74.0, "holc": "B", "access_min": 59.0, "access_km": 4.71, "score": 23.1, "rank": 167}, "geometry": {"type": "Polygon", "coordinates": [[[-118.28670937523626, 34.146829865473165], [-118.27883665843189, 34.1586943072804], [-118.2871457994707, 34.17000029052598], [-118.30332822898843, 34.16944061915667], [-118.31119818782595, 34.15757583162948], [-118.30288847605448, 34.146271061123294], [-118.28670937523626, 34.146829865473165]]]}}, {"type": "Feature", "properties": {"id": 209, "name": "Westwood 5", "lst": 32.9, "green": 33.2, "pop": 7592, "pct65": 11.9, "ac": 60.0, "holc": "B", "access_min": 49.0, "access_km": 3.89, "score": 31.7, "rank": 131}, "geometry": {"type": "Polygon", "coordinates": [[[-118.23816370512837, 34.14849378561254], [-118.23028390535976, 34.16035639825619], [-118.23859013939486, 34.171666802729526], [-118.25477675227135, 34.17111338290636], [-118.26265379953682, 34.15925042119943], [-118.25434698737214, 34.14794122831121], [-118.23816370512837, 34.14849378561254]]]}}, {"type": "Feature", "properties": {"id": 210, "name": "Westlake 6", "lst": 32.7, "green": 33.5, "pop": 7214, "pct65": 12.2, "ac": 70.0, "holc": "B", "access_min": 87.0, "access_km": 6.94, "score": 27.7, "rank": 150}, "geometry": {"type": "Polygon", "coordinates": [[[-118.1896055339906, 34.15013895394663], [-118.18171865919294, 34.16199972801405], [-118.19002197251592, 34.17331454962529], [-118.2062127471107, 34.17276738667981], [-118.21409687488527, 34.16090626020967], [-118.20579297603261, 34.14959264902054], [-118.1896055339906, 34.15013895394663]]]}}]}