h3,name,holc,access_min,access_km,street_m,access_src,access_snap_m,access_quality
8929ac48043ffff,Weedpatch SW 62,,132.0,10.56,80.0,routed,198.0,approach-review
8929ac48047ffff,Weedpatch SW 67,,129.9,10.39,273.0,routed,133.0,approach-review
8929ac4804bffff,Weedpatch SW 55,,134.5,10.76,0.0,routed,504.0,approach-review
8929ac48053ffff,Weedpatch SW 68,,135.4,10.83,59.0,routed,467.0,approach-review
8929ac48057ffff,Weedpatch SW 71,,133.1,10.65,296.0,routed,286.0,approach-review
8929ac4805bffff,Weedpatch SW 59,,136.5,10.92,0.0,routed,558.0,approach-review
8929ac480c3ffff,Weedpatch SW 77,,158.2,12.65,345.0,routed,617.0,approach-review
8929ac480cbffff,Weedpatch SW 72,,139.7,11.18,38.0,routed,814.0,approach-review
8929ac480cfffff,Weedpatch SW 75,,137.5,11.0,317.0,routed,633.0,approach-review
8929ac480d3ffff,Weedpatch SW 79,,153.7,12.3,364.0,routed,259.0,approach-review
8929ac480dbffff,Weedpatch SW 76,,156.7,12.54,3.0,routed,501.0,approach-review
8929ac48203ffff,Weedpatch SW 35,,96.0,7.68,0.0,routed,545.0,approach-review
8929ac4820bffff,Weedpatch SW 26,,93.4,7.48,0.0,routed,339.0,approach-review
8929ac4820fffff,Weedpatch SW 31,,92.2,7.38,253.0,routed,243.0,approach-review
8929ac48213ffff,Weedpatch SW 39,,100.4,8.03,0.0,routed,895.0,approach-review
8929ac4821bffff,Weedpatch SW 32,,97.9,7.83,0.0,routed,692.0,approach-review
8929ac48223ffff,Weedpatch W 17,,119.5,9.56,51.0,routed,808.0,approach-review
8929ac48227ffff,Weedpatch W 22,,108.6,8.69,0.0,routed,530.0,approach-review
8929ac4822bffff,Weedpatch W 12,,97.3,7.78,0.0,routed,648.0,approach-review
8929ac4822fffff,Weedpatch W 16,,111.7,8.94,0.0,routed,782.0,approach-review
8929ac48233ffff,Weedpatch SW 42,,119.6,9.57,168.0,routed,814.0,approach-review
8929ac48237ffff,Weedpatch SW 45,,115.3,9.23,410.0,routed,472.0,approach-review
8929ac4823bffff,Weedpatch SW 36,,95.6,7.65,403.0,routed,515.0,approach-review
8929ac48243ffff,Weedpatch SW 14,,89.9,7.19,0.0,routed,458.0,approach-review
8929ac48247ffff,Weedpatch SW 18,,85.7,6.86,290.0,routed,122.0,approach-review
8929ac4824bffff,Weedpatch SW 7,,75.9,6.07,323.0,routed,540.0,approach-review
8929ac4824fffff,Weedpatch SW 10,,88.7,7.1,330.0,routed,363.0,approach-review
8929ac48253ffff,Weedpatch SW 20,,93.5,7.48,0.0,routed,744.0,approach-review
8929ac48257ffff,Weedpatch SW 22,,90.2,7.22,0.0,routed,483.0,approach-review
8929ac4825bffff,Weedpatch SW 12,,77.8,6.23,0.0,routed,696.0,approach-review
8929ac48263ffff,Weedpatch SW 19,,94.6,7.57,0.0,routed,431.0,approach-review
8929ac48267ffff,Weedpatch W 8,,96.9,7.75,0.0,routed,618.0,approach-review
8929ac4826bffff,Weedpatch SW 11,,91.8,7.35,0.0,routed,614.0,approach-review
8929ac4826fffff,Weedpatch W 4,,99.0,7.92,0.0,routed,788.0,approach-review
8929ac48273ffff,Weedpatch SW 21,,90.8,7.27,366.0,routed,132.0,approach-review
8929ac48277ffff,Weedpatch SW 27,,92.9,7.43,0.0,routed,295.0,approach-review
8929ac4827bffff,Weedpatch SW 13,,87.3,6.98,0.0,routed,251.0,approach-review
8929ac48283ffff,Weedpatch SW 47,,142.5,11.4,0.0,routed,1141.0,approach-review
8929ac4828bffff,Weedpatch SW 43,,112.4,8.99,0.0,routed,1037.0,approach-review
8929ac48293ffff,Weedpatch SW 50,,144.1,11.53,0.0,routed,1163.0,approach-review
8929ac48297ffff,Weedpatch SW 52,,139.9,11.19,0.0,routed,825.0,approach-review
8929ac4829bffff,Weedpatch SW 46,,111.5,8.92,0.0,routed,963.0,approach-review
8929ac482c3ffff,Weedpatch SW 34,,105.9,8.47,0.0,routed,521.0,approach-review
8929ac482c7ffff,Weedpatch SW 37,,110.2,8.82,0.0,routed,866.0,approach-review
8929ac482cbffff,Weedpatch SW 25,,106.9,8.55,0.0,routed,598.0,approach-review
8929ac482cfffff,Weedpatch SW 28,,109.9,8.79,0.0,routed,837.0,approach-review
8929ac482d3ffff,Weedpatch SW 40,,103.5,8.28,0.0,routed,329.0,approach-review
8929ac482d7ffff,Weedpatch SW 41,,107.9,8.63,0.0,routed,679.0,approach-review
8929ac482dbffff,Weedpatch SW 33,,102.3,8.19,0.0,routed,233.0,approach-review
8929ac48343ffff,Weedpatch W 26,,99.1,7.93,263.0,routed,197.0,approach-review
8929ac48347ffff,Weedpatch W 30,,99.0,7.92,87.0,routed,188.0,approach-review
8929ac4834bffff,Weedpatch W 20,,102.3,8.19,0.0,routed,453.0,approach-review
8929ac4834fffff,Weedpatch W 24,,99.9,7.99,292.0,routed,255.0,approach-review
8929ac48353ffff,Weedpatch W 27,,104.1,8.33,234.0,routed,168.0,approach-review
8929ac48357ffff,Weedpatch W 31,,104.4,8.35,119.0,routed,195.0,approach-review
8929ac4835bffff,Weedpatch W 21,,107.9,8.63,0.0,routed,472.0,approach-review
8929ac48363ffff,Southland R.V. Park SE 15,,107.1,8.57,370.0,routed,461.0,approach-review
8929ac48367ffff,Southland R.V. Park SE 11,,103.6,8.29,286.0,routed,182.0,approach-review
8929ac4836bffff,Southland R.V. Park SE 16,,92.3,7.39,279.0,routed,252.0,approach-review
8929ac4836fffff,Southland R.V. Park SE 13,,91.9,7.35,0.0,routed,526.0,approach-review
8929ac4837bffff,Weedpatch W 29,,92.8,7.42,59.0,routed,289.0,approach-review
8929ac483c3ffff,Weedpatch W 33,,111.5,8.92,193.0,routed,170.0,approach-review
8929ac483cbffff,Weedpatch W 28,,112.1,8.97,457.0,routed,215.0,approach-review
8929ac483cfffff,Weedpatch W 32,,106.1,8.49,143.0,routed,331.0,approach-review
8929ac48603ffff,Weedpatch SW 65,,177.7,14.22,0.0,routed,636.0,approach-review
8929ac48607ffff,Weedpatch SW 66,,166.2,13.29,0.0,routed,499.0,approach-review
8929ac4860bffff,Weedpatch SW 57,,129.1,10.33,0.0,routed,716.0,approach-review
8929ac4860fffff,Weedpatch SW 58,,170.8,13.66,0.0,routed,867.0,approach-review
8929ac4861bffff,Weedpatch SW 63,,127.5,10.2,0.0,routed,590.0,approach-review
8929ac48623ffff,Weedpatch SW 61,,170.8,13.66,0.0,routed,867.0,approach-review
8929ac48627ffff,Weedpatch SW 64,,139.4,11.15,0.0,routed,785.0,approach-review
8929ac4862bffff,Weedpatch SW 54,,173.9,13.92,0.0,routed,1122.0,approach-review
8929ac4862fffff,Weedpatch SW 56,,141.1,11.29,0.0,routed,920.0,approach-review
8929ac48633ffff,Weedpatch SW 69,,166.2,13.3,0.0,routed,504.0,approach-review
8929ac48637ffff,Weedpatch SW 70,,168.9,13.52,0.0,routed,722.0,approach-review
8929ac4863bffff,Weedpatch SW 60,,169.8,13.58,0.0,routed,788.0,approach-review
8929ac48663ffff,Weedpatch SW 48,,109.7,8.78,0.0,routed,825.0,approach-review
8929ac48667ffff,Weedpatch SW 49,,112.2,8.98,0.0,routed,1022.0,approach-review
8929ac4866fffff,Weedpatch SW 44,,107.7,8.62,0.0,routed,662.0,approach-review
8929ac48673ffff,Weedpatch SW 51,,131.3,10.5,0.0,routed,969.0,approach-review
8929ac48677ffff,Weedpatch SW 53,,174.0,13.92,0.0,routed,1125.0,approach-review
8929ac486a7ffff,Weedpatch SW 78,,153.0,12.24,0.0,routed,248.0,approach-review
8929ac486abffff,Weedpatch SW 73,,161.8,12.94,0.0,routed,147.0,approach-review
8929ac486afffff,Weedpatch SW 74,,165.0,13.2,0.0,routed,404.0,approach-review
8929ac48827ffff,Southland R.V. Park SW 4,,124.5,9.96,37.0,routed,189.0,approach-review
8929ac48867ffff,Southland R.V. Park SW 3,,108.4,8.67,607.0,routed,55.0,network-estimate
8929ac4886fffff,Southland R.V. Park SW 2,,115.4,9.24,164.0,routed,243.0,approach-review
8929ac48923ffff,Southland R.V. Park W 37,,110.6,8.85,388.0,routed,121.0,approach-review
8929ac48927ffff,Southland R.V. Park W 45,,112.4,8.99,509.0,routed,103.0,approach-review
8929ac4892bffff,Southland R.V. Park W 33,,123.7,9.9,43.0,routed,187.0,approach-review
8929ac4892fffff,Southland R.V. Park W 40,,106.3,8.5,1486.0,routed,65.0,network-estimate
8929ac48933ffff,Southland R.V. Park W 36,,115.6,9.25,359.0,routed,29.0,network-estimate
8929ac48937ffff,Southland R.V. Park W 43,,117.7,9.42,0.0,routed,6.0,network-estimate
8929ac4893bffff,Southland R.V. Park W 32,,114.4,9.15,36.0,routed,209.0,approach-review
8929ac48943ffff,Southland R.V. Park W 14,,118.3,9.47,300.0,routed,179.0,approach-review
8929ac48947ffff,Southland R.V. Park W 18,,118.8,9.51,0.0,routed,218.0,approach-review
8929ac4894bffff,Southland R.V. Park W 9,,115.4,9.23,80.0,routed,193.0,approach-review
8929ac4894fffff,Southland R.V. Park W 13,,111.3,8.9,272.0,routed,163.0,approach-review
8929ac48953ffff,Southland R.V. Park W 16,,120.4,9.63,388.0,routed,136.0,approach-review
8929ac48957ffff,Southland R.V. Park W 20,,132.1,10.57,0.0,routed,378.0,approach-review
8929ac4895bffff,Southland R.V. Park W 11,,122.0,9.76,323.0,routed,153.0,approach-review
8929ac48963ffff,Southland R.V. Park W 25,,116.0,9.28,1195.0,routed,45.0,network-estimate
8929ac48967ffff,Southland R.V. Park W 29,,114.8,9.18,1292.0,routed,11.0,network-estimate
8929ac4896bffff,Southland R.V. Park W 21,,109.4,8.75,1632.0,routed,22.0,network-estimate
8929ac4896fffff,Southland R.V. Park W 26,,111.0,8.88,1475.0,routed,28.0,network-estimate
8929ac48973ffff,Southland R.V. Park W 24,,119.7,9.58,365.0,routed,175.0,approach-review
8929ac48977ffff,Southland R.V. Park W 28,,115.6,9.25,563.0,routed,112.0,approach-review
8929ac4897bffff,Southland R.V. Park W 19,,115.7,9.26,318.0,routed,138.0,approach-review
8929ac489a3ffff,Southland R.V. Park W 46,,133.0,10.64,209.0,routed,436.0,approach-review
8929ac489a7ffff,Southland R.V. Park W 52,,128.5,10.28,775.0,routed,77.0,network-estimate
8929ac489abffff,Southland R.V. Park W 38,,120.3,9.63,665.0,routed,100.0,network-estimate
8929ac489afffff,Southland R.V. Park W 44,,122.2,9.78,11.0,routed,238.0,approach-review
8929ac489b7ffff,Southland R.V. Park W 54,,132.4,10.59,365.0,routed,387.0,approach-review
8929ac489cbffff,Southland R.V. Park SW 5,,125.4,10.03,575.0,routed,108.0,approach-review
8929ac489cfffff,Southland R.V. Park W 22,,135.7,10.86,412.0,routed,338.0,approach-review
8929ac48a37ffff,Southland R.V. Park NE,,103.7,8.3,226.0,routed,8.0,network-estimate
8929ac48a6fffff,Southland R.V. Park NE 5,,106.4,8.51,501.0,routed,96.0,network-estimate
8929ac48aa7ffff,Southland R.V. Park SE,,110.9,8.87,0.0,routed,224.0,approach-review
8929ac48aafffff,Southland R.V. Park E,,109.0,8.72,1074.0,routed,40.0,network-estimate
8929ac48b03ffff,Southland R.V. Park NW 6,,100.5,8.04,1465.0,routed,76.0,network-estimate
8929ac48b07ffff,Southland R.V. Park NW 9,,95.4,7.63,1599.0,routed,28.0,network-estimate
8929ac48b0bffff,Southland R.V. Park NW 5,,84.9,6.79,503.0,routed,26.0,network-estimate
8929ac48b0fffff,Southland R.V. Park NW 8,,96.0,7.68,1276.0,routed,21.0,network-estimate
8929ac48b13ffff,Southland R.V. Park NW 4,,104.6,8.37,292.0,routed,154.0,approach-review
8929ac48b17ffff,Southland R.V. Park NW 7,,99.6,7.97,1059.0,routed,13.0,network-estimate
8929ac48b1bffff,Southland R.V. Park NW 3,,88.5,7.08,149.0,routed,186.0,approach-review
8929ac48b23ffff,Southland R.V. Park NW 15,,96.6,7.73,1367.0,routed,74.0,network-estimate
8929ac48b27ffff,Village at Lakeside SW 17,,91.6,7.32,1741.0,routed,78.0,network-estimate
8929ac48b2bffff,Village at Lakeside S 10,,87.4,6.99,1331.0,routed,17.0,network-estimate
8929ac48b2fffff,Village at Lakeside SW 13,,93.4,7.47,1710.0,routed,50.0,network-estimate
8929ac48b33ffff,Southland R.V. Park NW 13,,97.2,7.78,1395.0,routed,50.0,network-estimate
8929ac48b37ffff,Southland R.V. Park NW 16,,98.8,7.9,1394.0,routed,41.0,network-estimate
8929ac48b3bffff,Southland R.V. Park NW 12,,90.2,7.22,1863.0,routed,18.0,network-estimate
8929ac48b47ffff,Southland R.V. Park N 4,,87.5,7.0,1139.0,routed,113.0,approach-review
8929ac48b4bffff,Southland R.V. Park N 5,,91.6,7.33,1490.0,routed,96.0,network-estimate
8929ac48b4fffff,Southland R.V. Park N 6,,84.5,6.76,1282.0,routed,59.0,network-estimate
8929ac48b57ffff,Southland R.V. Park N 3,,88.9,7.11,1416.0,routed,72.0,network-estimate
8929ac48b63ffff,Village at Lakeside S 9,,76.0,6.08,870.0,routed,194.0,approach-review
8929ac48b67ffff,Village at Lakeside S 8,,97.3,7.78,625.0,routed,261.0,approach-review
8929ac48b6bffff,Village at Lakeside S 7,,79.3,6.34,1584.0,routed,30.0,network-estimate
8929ac48b6fffff,Village at Lakeside S 6,,82.6,6.61,36.0,routed,300.0,approach-review
8929ac48b73ffff,Southland R.V. Park N 7,,86.7,6.94,92.0,routed,110.0,approach-review
8929ac48b77ffff,Southland R.V. Park NW 11,,93.9,7.51,713.0,routed,38.0,network-estimate
8929ac48b7bffff,Southland R.V. Park N 8,,82.8,6.62,975.0,routed,41.0,network-estimate
8929ac48b83ffff,Southland R.V. Park W 4,,107.2,8.57,381.0,routed,121.0,approach-review
8929ac48b87ffff,Southland R.V. Park W 7,,109.5,8.76,394.0,routed,88.0,network-estimate
8929ac48b8bffff,Southland R.V. Park W 3,,100.8,8.07,257.0,routed,67.0,network-estimate
8929ac48b8fffff,Southland R.V. Park W 5,,105.2,8.41,80.0,routed,105.0,approach-review
8929ac48b97ffff,Southland R.V. Park W 6,,113.5,9.08,0.0,routed,266.0,approach-review
8929ac48b9bffff,Southland R.V. Park W 2,,103.5,8.28,352.0,routed,188.0,approach-review
8929ac48ba3ffff,Southland R.V. Park W 12,,106.9,8.55,446.0,routed,42.0,network-estimate
8929ac48ba7ffff,Southland R.V. Park W 17,,105.1,8.41,1818.0,routed,74.0,network-estimate
8929ac48babffff,Southland R.V. Park NW 10,,106.6,8.52,1407.0,routed,64.0,network-estimate
8929ac48bafffff,Southland R.V. Park NW 14,,100.8,8.06,1151.0,routed,15.0,network-estimate
8929ac48bb3ffff,Southland R.V. Park W 10,,111.7,8.94,305.0,routed,68.0,network-estimate
8929ac48bb7ffff,Southland R.V. Park W 15,,108.5,8.68,1143.0,routed,49.0,network-estimate
8929ac48bbbffff,Southland R.V. Park W 8,,111.4,8.91,171.0,routed,71.0,network-estimate
8929ac48bc3ffff,Southland R.V. Park NW,,96.5,7.72,369.0,routed,34.0,network-estimate
8929ac48bc7ffff,Southland R.V. Park NW 2,,93.1,7.45,170.0,routed,189.0,approach-review
8929ac48bcbffff,Southland R.V. Park N,,101.0,8.08,0.0,routed,136.0,approach-review
8929ac48bcfffff,Southland R.V. Park N 2,,92.9,7.43,521.0,routed,71.0,network-estimate
8929ac48bd3ffff,Southland R.V. Park SW,,101.1,8.08,148.0,routed,30.0,network-estimate
8929ac48bd7ffff,Southland R.V. Park W,,101.4,8.11,333.0,routed,169.0,approach-review
8929ac48bdbffff,Southland R.V. Park,,102.0,8.16,269.0,routed,7.0,network-estimate
8929ac49183ffff,Weedpatch,,70.6,5.65,714.0,routed,121.0,approach-review
8929ac49187ffff,Weedpatch SW 2,,72.2,5.77,299.0,routed,241.0,approach-review
8929ac49193ffff,Weedpatch SW 4,,71.7,5.73,340.0,routed,378.0,approach-review
8929ac49197ffff,Weedpatch SW 5,,73.3,5.86,11.0,routed,334.0,approach-review
8929ac491a3ffff,Weedpatch SW,,70.0,5.6,0.0,routed,443.0,approach-review
8929ac491b3ffff,Weedpatch SW 3,,70.7,5.65,0.0,routed,496.0,approach-review
8929ac491b7ffff,Weedpatch SW 6,,91.2,7.3,0.0,routed,565.0,approach-review
8929ac49507ffff,Weedpatch S,,91.5,7.32,254.0,routed,169.0,approach-review
8929ac49523ffff,Weedpatch SW 16,,97.6,7.81,69.0,routed,657.0,approach-review
8929ac49527ffff,Weedpatch SW 17,,106.3,8.51,0.0,routed,797.0,approach-review
8929ac4952bffff,Weedpatch SW 8,,74.6,5.97,311.0,routed,614.0,approach-review
8929ac4952fffff,Weedpatch SW 9,,77.3,6.19,40.0,routed,656.0,approach-review
8929ac49533ffff,Weedpatch SW 23,,93.4,7.47,97.0,routed,321.0,approach-review
8929ac49537ffff,Weedpatch SW 24,,101.8,8.14,0.0,routed,435.0,approach-review
8929ac4953bffff,Weedpatch SW 15,,95.4,7.63,283.0,routed,480.0,approach-review
8929ac495a7ffff,Weedpatch SW 38,,101.1,8.09,0.0,routed,132.0,approach-review
8929ac495abffff,Weedpatch SW 29,,91.9,7.35,125.0,routed,203.0,approach-review
8929ac495afffff,Weedpatch SW 30,,97.5,7.8,0.0,routed,92.0,network-estimate
8929ac49803ffff,Historic Vineyard Apartments W 7,,63.9,5.11,0.0,routed,395.0,approach-review
8929ac49807ffff,Historic Vineyard Apartments W 14,,66.7,5.33,304.0,routed,618.0,approach-review
8929ac4980bffff,Historic Vineyard Apartments W 3,,59.9,4.79,340.0,routed,77.0,network-estimate
8929ac4980fffff,Historic Vineyard Apartments W 9,,62.8,5.02,315.0,routed,309.0,approach-review
8929ac49813ffff,Historic Vineyard Apartments W 5,,67.6,5.41,0.0,routed,694.0,approach-review
8929ac49817ffff,Historic Vineyard Apartments W 12,,68.5,5.48,0.0,routed,763.0,approach-review
8929ac4981bffff,Historic Vineyard Apartments W,,64.4,5.15,0.0,routed,438.0,approach-review
8929ac49827ffff,Historic Vineyard Apartments W 28,,119.3,9.54,0.0,routed,401.0,approach-review
8929ac49833ffff,Historic Vineyard Apartments W 20,,123.8,9.9,351.0,routed,760.0,approach-review
8929ac49837ffff,Historic Vineyard Apartments W 27,,119.2,9.54,0.0,routed,398.0,approach-review
8929ac49883ffff,Historic Vineyard Apartments W 13,,59.6,4.77,0.0,routed,454.0,approach-review
8929ac49887ffff,Historic Vineyard Apartments W 17,,70.4,5.63,0.0,routed,616.0,approach-review
8929ac4988bffff,Historic Vineyard Apartments W 6,,61.8,4.94,0.0,routed,629.0,approach-review
8929ac4988fffff,Historic Vineyard Apartments W 11,,64.0,5.12,0.0,routed,803.0,approach-review
8929ac49893ffff,Historic Vineyard Apartments W 15,,56.2,4.5,372.0,routed,181.0,approach-review
8929ac49897ffff,Historic Vineyard Apartments W 19,,66.5,5.32,0.0,routed,302.0,approach-review
8929ac4989bffff,Historic Vineyard Apartments W 8,,57.5,4.6,0.0,routed,287.0,approach-review
8929ac498a3ffff,Historic Vineyard Apartments W 23,,86.5,6.92,0.0,routed,757.0,approach-review
8929ac498a7ffff,Southland R.V. Park E 15,,91.1,7.29,0.0,routed,564.0,approach-review
8929ac498abffff,Historic Vineyard Apartments W 18,,71.1,5.69,0.0,routed,972.0,approach-review
8929ac498afffff,Historic Vineyard Apartments W 25,,122.4,9.79,267.0,routed,650.0,approach-review
8929ac498b3ffff,Historic Vineyard Apartments W 22,,83.8,6.71,0.0,routed,543.0,approach-review
8929ac498b7ffff,Historic Vineyard Apartments W 29,,82.3,6.58,0.0,routed,416.0,approach-review
8929ac498bbffff,Historic Vineyard Apartments W 16,,88.5,7.08,0.0,routed,911.0,approach-review
8929ac498c7ffff,Historic Vineyard Apartments,,69.0,5.52,0.0,routed,803.0,approach-review
8929ac498d7ffff,Historic Vineyard Apartments W 2,,54.5,4.36,0.0,routed,451.0,approach-review
8929ac49923ffff,Southland R.V. Park NE 24,,109.9,8.8,515.0,routed,49.0,network-estimate
8929ac49927ffff,Southland R.V. Park NE 23,,113.3,9.06,254.0,routed,313.0,approach-review
8929ac4992bffff,Southland R.V. Park NE 27,,114.3,9.15,0.0,routed,401.0,approach-review
8929ac4992fffff,Southland R.V. Park NE 26,,113.7,9.09,365.0,routed,346.0,approach-review
8929ac49933ffff,Southland R.V. Park NE 22,,114.2,9.13,365.0,routed,388.0,approach-review
8929ac49937ffff,Southland R.V. Park NE 19,,113.7,9.09,0.0,routed,347.0,approach-review
8929ac4993bffff,Southland R.V. Park NE 25,,114.5,9.16,0.0,routed,411.0,approach-review
8929ac4994bffff,Historic Vineyard Apartments NW 11,,126.5,10.12,0.0,routed,981.0,approach-review
8929ac4994fffff,Southland R.V. Park NE 36,,127.9,10.23,0.0,routed,1088.0,approach-review
8929ac4995bffff,Historic Vineyard Apartments W 31,,122.4,9.8,0.0,routed,655.0,approach-review
8929ac49963ffff,Southland R.V. Park NE 32,,122.0,9.76,0.0,routed,1017.0,approach-review
8929ac49967ffff,Southland R.V. Park NE 30,,119.0,9.52,0.0,routed,771.0,approach-review
8929ac4996bffff,Southland R.V. Park NE 35,,116.3,9.3,0.0,routed,1362.0,approach-review
8929ac4996fffff,Southland R.V. Park NE 33,,111.9,8.95,0.0,routed,1009.0,approach-review
8929ac49973ffff,Southland R.V. Park NE 31,,122.0,9.76,0.0,routed,1014.0,approach-review
8929ac49977ffff,Southland R.V. Park NE 28,,117.8,9.43,0.0,routed,680.0,approach-review
8929ac4997bffff,Southland R.V. Park NE 34,,107.6,8.61,0.0,routed,1283.0,approach-review
8929ac499a7ffff,Southland R.V. Park NE 13,,115.4,9.23,0.0,routed,214.0,approach-review
8929ac499abffff,Southland R.V. Park NE 20,,118.7,9.5,365.0,routed,751.0,approach-review
8929ac499afffff,Southland R.V. Park NE 18,,120.0,9.6,0.0,routed,585.0,approach-review
8929ac499dbffff,Southland R.V. Park E 16,,118.9,9.51,388.0,routed,373.0,approach-review
8929ac49b03ffff,Historic Vineyard Apartments NW 7,,112.0,8.96,0.0,routed,1014.0,approach-review
8929ac49b07ffff,Historic Vineyard Apartments NW 14,,112.2,8.97,0.0,routed,1028.0,approach-review
8929ac49b0bffff,Historic Vineyard Apartments NW 6,,108.8,8.7,0.0,routed,758.0,approach-review
8929ac49b0fffff,Historic Vineyard Apartments NW 13,,107.8,8.63,0.0,routed,684.0,approach-review
8929ac49b13ffff,Historic Vineyard Apartments NW 4,,116.3,9.3,0.0,routed,1361.0,approach-review
8929ac49b17ffff,Historic Vineyard Apartments NW 9,,115.9,9.27,0.0,routed,1326.0,approach-review
8929ac49b1bffff,Historic Vineyard Apartments NW 3,,113.3,9.07,0.0,routed,1122.0,approach-review
8929ac49b23ffff,Historic Vineyard Apartments NW 26,,124.6,9.97,0.0,routed,415.0,approach-review
8929ac49b27ffff,Village at Lakeside E 74,,122.0,9.76,325.0,routed,209.0,approach-review
8929ac49b2bffff,Historic Vineyard Apartments NW 25,,136.1,10.89,358.0,routed,453.0,approach-review
8929ac49b2fffff,Village at Lakeside E 80,,122.1,9.77,295.0,routed,216.0,approach-review
8929ac49b33ffff,Historic Vineyard Apartments NW 21,,128.8,10.3,0.0,routed,751.0,approach-review
8929ac49b37ffff,Village at Lakeside E 76,,126.3,10.11,0.0,routed,556.0,approach-review
8929ac49b3bffff,Historic Vineyard Apartments NW 19,,128.8,10.3,0.0,routed,750.0,approach-review
8929ac49b63ffff,Historic Vineyard Apartments NW 17,,99.9,7.99,549.0,routed,47.0,network-estimate
8929ac49b67ffff,Historic Vineyard Apartments NW 23,,104.7,8.37,262.0,routed,381.0,approach-review
8929ac49b6fffff,Historic Vineyard Apartments NW 22,,103.1,8.25,365.0,routed,257.0,approach-review
8929ac49b73ffff,Historic Vineyard Apartments NW 10,,104.2,8.34,0.0,routed,394.0,approach-review
8929ac49b77ffff,Historic Vineyard Apartments NW 18,,104.5,8.36,0.0,routed,419.0,approach-review
8929ac49b87ffff,Historic Vineyard Apartments NW 8,,130.4,10.44,0.0,routed,1296.0,approach-review
8929ac49b8bffff,Historic Vineyard Apartments NW 2,,78.8,6.3,0.0,routed,1585.0,approach-review
8929ac49b8fffff,Historic Vineyard Apartments NW 5,,134.7,10.77,0.0,routed,1634.0,approach-review
8929ac49ba3ffff,Historic Vineyard Apartments NW 20,,135.4,10.83,0.0,routed,1280.0,approach-review
8929ac49ba7ffff,Southland R.V. Park NE 38,,134.2,10.73,0.0,routed,1181.0,approach-review
8929ac49babffff,Historic Vineyard Apartments NW 16,,133.2,10.66,0.0,routed,1105.0,approach-review
8929ac49bafffff,Historic Vineyard Apartments NW 24,,130.9,10.47,0.0,routed,917.0,approach-review
8929ac49bb3ffff,Historic Vineyard Apartments NW 15,,130.8,10.47,0.0,routed,1328.0,approach-review
8929ac49bb7ffff,Southland R.V. Park NE 37,,132.4,10.59,0.0,routed,1452.0,approach-review
8929ac49bbbffff,Historic Vineyard Apartments NW 12,,137.7,11.02,0.0,routed,1464.0,approach-review
8929ac49bc7ffff,Historic Vineyard Apartments NW,,117.9,9.43,0.0,routed,1487.0,approach-review
8929ac49c13ffff,Weedpatch W 5,,71.9,5.75,370.0,routed,224.0,approach-review
8929ac49c2fffff,Historic Vineyard Apartments W 21,,66.0,5.28,254.0,routed,262.0,approach-review
8929ac49c67ffff,Historic Vineyard Apartments W 10,,56.3,4.5,511.0,routed,187.0,approach-review
8929ac49c6fffff,Historic Vineyard Apartments W 4,,50.2,4.01,430.0,routed,101.0,approach-review
8929ac49c83ffff,Weedpatch W 10,,89.2,7.14,0.0,routed,666.0,approach-review
8929ac49c87ffff,Weedpatch W 14,,85.4,6.84,0.0,routed,363.0,approach-review
8929ac49c8bffff,Weedpatch W 6,,73.9,5.91,0.0,routed,382.0,approach-review
8929ac49c8fffff,Weedpatch W 9,,86.4,6.91,249.0,routed,441.0,approach-review
8929ac49c93ffff,Weedpatch W 11,,100.7,8.05,0.0,routed,916.0,approach-review
8929ac49c97ffff,Weedpatch W 15,,89.9,7.19,0.0,routed,721.0,approach-review
8929ac49c9bffff,Weedpatch W 7,,78.0,6.24,0.0,routed,713.0,approach-review
8929ac49ca3ffff,Weedpatch W 19,,84.3,6.74,303.0,routed,138.0,approach-review
8929ac49ca7ffff,Weedpatch W 25,,86.7,6.94,650.0,routed,115.0,approach-review
8929ac49cb3ffff,Weedpatch W 18,,84.5,6.76,111.0,routed,279.0,approach-review
8929ac49cb7ffff,Weedpatch W 23,,90.7,7.25,727.0,routed,120.0,approach-review
8929ac49cbbffff,Weedpatch W 13,,82.1,6.57,700.0,routed,94.0,network-estimate
8929ac49cc7ffff,Weedpatch W 2,,71.1,5.69,343.0,routed,158.0,approach-review
8929ac49cd3ffff,Weedpatch W,,68.6,5.49,0.0,routed,690.0,approach-review
8929ac49cd7ffff,Weedpatch W 3,,75.3,6.03,0.0,routed,497.0,approach-review
8929ac49d03ffff,Southland R.V. Park E 6,,85.3,6.83,377.0,routed,221.0,approach-review
8929ac49d07ffff,Southland R.V. Park E 2,,85.7,6.86,384.0,routed,128.0,approach-review
8929ac49d0bffff,Southland R.V. Park E 10,,76.3,6.11,243.0,routed,460.0,approach-review
8929ac49d0fffff,Southland R.V. Park E 5,,87.4,6.99,0.0,routed,387.0,approach-review
8929ac49d13ffff,Southland R.V. Park SE 4,,89.0,7.12,0.0,routed,311.0,approach-review
8929ac49d17ffff,Southland R.V. Park SE 2,,86.3,6.9,515.0,routed,94.0,network-estimate
8929ac49d1bffff,Southland R.V. Park E 11,,76.5,6.12,0.0,routed,475.0,approach-review
8929ac49d43ffff,Historic Vineyard Apartments W 32,,72.9,5.83,33.0,routed,180.0,approach-review
8929ac49d4bffff,Historic Vineyard Apartments W 24,,68.8,5.51,0.0,routed,384.0,approach-review
8929ac49d4fffff,Historic Vineyard Apartments W 30,,79.4,6.35,0.0,routed,187.0,approach-review
8929ac49d53ffff,Historic Vineyard Apartments W 33,,73.1,5.85,799.0,routed,162.0,approach-review
8929ac49d57ffff,Southland R.V. Park E 14,,72.0,5.76,411.0,routed,112.0,approach-review
8929ac49d5bffff,Historic Vineyard Apartments W 26,,64.3,5.14,560.0,routed,19.0,network-estimate
8929ac49d63ffff,Southland R.V. Park E 8,,84.2,6.74,0.0,routed,572.0,approach-review
8929ac49d67ffff,Southland R.V. Park E 3,,96.2,7.7,0.0,routed,570.0,approach-review
8929ac49d6bffff,Southland R.V. Park E 12,,90.9,7.27,0.0,routed,550.0,approach-review
8929ac49d6fffff,Southland R.V. Park E 7,,91.1,7.29,0.0,routed,365.0,approach-review
8929ac49d73ffff,Southland R.V. Park E 9,,82.7,6.62,0.0,routed,450.0,approach-review
8929ac49d77ffff,Southland R.V. Park E 4,,91.6,7.33,0.0,routed,719.0,approach-review
8929ac49d7bffff,Southland R.V. Park E 13,,79.9,6.39,0.0,routed,223.0,approach-review
8929ac49d83ffff,Southland R.V. Park SE 5,,102.5,8.2,365.0,routed,254.0,approach-review
8929ac49d8bffff,Southland R.V. Park SE 6,,106.5,8.52,0.0,routed,573.0,approach-review
8929ac49d8fffff,Southland R.V. Park SE 3,,90.2,7.22,365.0,routed,409.0,approach-review
8929ac49d93ffff,Southland R.V. Park SE 7,,100.9,8.07,65.0,routed,124.0,approach-review
8929ac49d9bffff,Southland R.V. Park SE 9,,104.0,8.32,0.0,routed,373.0,approach-review
8929ac49dc3ffff,Southland R.V. Park SE 12,,82.0,6.56,0.0,routed,231.0,approach-review
8929ac49dc7ffff,Southland R.V. Park SE 8,,86.5,6.92,0.0,routed,591.0,approach-review
8929ac49dcbffff,Historic Vineyard Apartments W 34,,75.0,6.0,857.0,routed,70.0,network-estimate
8929ac49dcfffff,Southland R.V. Park E 17,,76.0,6.08,0.0,routed,236.0,approach-review
8929ac49dd3ffff,Southland R.V. Park SE 14,,84.5,6.76,0.0,routed,237.0,approach-review
8929ac49dd7ffff,Southland R.V. Park SE 10,,88.2,7.06,0.0,routed,538.0,approach-review
8929ac49ddbffff,Historic Vineyard Apartments SW,,78.6,6.29,970.0,routed,114.0,approach-review
8929ac4c00bffff,Park Square Apartments S 75,,137.3,10.98,0.0,routed,880.0,approach-review
8929ac4c01bffff,Park Square Apartments S 86,,141.8,11.34,0.0,routed,1244.0,approach-review
8929ac4c043ffff,Park Square Apartments S 70,,128.7,10.3,0.0,routed,942.0,approach-review
8929ac4c047ffff,Park Square Apartments S 68,,131.7,10.53,0.0,routed,707.0,approach-review
8929ac4c04bffff,Park Square Apartments S 63,,124.7,9.97,0.0,routed,647.0,approach-review
8929ac4c04fffff,Park Square Apartments S 60,,130.7,10.45,0.0,routed,627.0,approach-review
8929ac4c053ffff,Park Square Apartments S 80,,129.5,10.36,0.0,routed,1009.0,approach-review
8929ac4c057ffff,Park Square Apartments S 78,,136.2,10.9,0.0,routed,1071.0,approach-review
8929ac4c05bffff,Park Square Apartments S 73,,125.0,10.0,0.0,routed,647.0,approach-review
8929ac4c063ffff,Park Square Apartments S 56,,128.1,10.25,0.0,routed,151.0,approach-review
8929ac4c06bffff,Park Square Apartments S 48,,123.4,9.87,0.0,routed,48.0,network-estimate
8929ac4c06fffff,Park Square Apartments S 47,,128.9,10.31,0.0,routed,214.0,approach-review
8929ac4c073ffff,Park Square Apartments S 65,,132.7,10.62,0.0,routed,515.0,approach-review
8929ac4c07bffff,Park Square Apartments S 58,,127.1,10.17,0.0,routed,344.0,approach-review
8929ac4c0c3ffff,Park Square Apartments S 99,,153.8,12.3,0.0,routed,1381.0,approach-review
8929ac4c0c7ffff,Park Square Apartments S 96,,146.4,11.71,0.0,routed,1608.0,approach-review
8929ac4c0cbffff,Park Square Apartments S 91,,131.8,10.54,0.0,routed,1189.0,approach-review
8929ac4c0cfffff,Park Square Apartments S 88,,134.1,10.73,0.0,routed,1376.0,approach-review
8929ac4c0d3ffff,Park Square Apartments S 109,,152.2,12.17,0.0,routed,1252.0,approach-review
8929ac4c0d7ffff,Park Square Apartments S 107,,194.0,15.52,0.0,routed,1561.0,approach-review
8929ac4c0dbffff,Park Square Apartments S 102,,149.3,11.94,0.0,routed,1019.0,approach-review
8929ac4c123ffff,Highgate - West Ming Village A S 56,,187.3,14.98,372.0,routed,2205.0,approach-review
8929ac4c127ffff,Highgate - West Ming Village A SW 38,,212.8,17.02,283.0,routed,2129.0,approach-review
8929ac4c12bffff,Highgate - West Ming Village A S 52,,186.3,14.9,246.0,routed,2126.0,approach-review
8929ac4c12fffff,Highgate - West Ming Village A S 51,,216.9,17.35,0.0,routed,2460.0,approach-review
8929ac4c14fffff,Highgate - West Ming Village A S 53,,176.4,14.12,252.0,routed,1339.0,approach-review
8929ac4c163ffff,Highgate - West Ming Village A S 48,,182.4,14.59,64.0,routed,1818.0,approach-review
8929ac4c167ffff,Highgate - West Ming Village A S 47,,186.1,14.89,0.0,routed,2111.0,approach-review
8929ac4c16bffff,Highgate - West Ming Village A S 44,,183.6,14.69,0.0,routed,1911.0,approach-review
8929ac4c16fffff,Highgate - West Ming Village A S 42,,104.8,8.38,0.0,routed,1988.0,approach-review
8929ac4c173ffff,Highgate - West Ming Village A S 55,,178.3,14.26,154.0,routed,1488.0,approach-review
8929ac4c177ffff,Highgate - West Ming Village A S 54,,182.2,14.58,409.0,routed,1799.0,approach-review
8929ac4c17bffff,Highgate - West Ming Village A S 50,,179.1,14.33,403.0,routed,1555.0,approach-review
8929ac4c203ffff,Park Square Apartments S 37,,105.9,8.47,5.0,routed,185.0,approach-review
8929ac4c207ffff,Park Square Apartments S 34,,100.5,8.04,365.0,routed,348.0,approach-review
8929ac4c20bffff,Park Square Apartments S 35,,100.0,8.0,1466.0,routed,46.0,network-estimate
8929ac4c20fffff,Park Square Apartments S 29,,103.0,8.24,506.0,routed,193.0,approach-review
8929ac4c213ffff,Park Square Apartments S 45,,113.5,9.08,1377.0,routed,91.0,network-estimate
8929ac4c217ffff,Park Square Apartments S 42,,107.5,8.6,559.0,routed,98.0,network-estimate
8929ac4c21bffff,Park Square Apartments S 43,,103.4,8.28,1608.0,routed,34.0,network-estimate
8929ac4c223ffff,Park Square Apartments S 24,,98.8,7.9,1572.0,routed,20.0,network-estimate
8929ac4c227ffff,Park Square Apartments S 22,,103.4,8.27,1375.0,routed,36.0,network-estimate
8929ac4c22bffff,Park Square Apartments S 19,,91.8,7.34,1999.0,routed,37.0,network-estimate
8929ac4c22fffff,Park Square Apartments S 18,,93.9,7.51,1327.0,routed,34.0,network-estimate
8929ac4c233ffff,Park Square Apartments S 30,,101.8,8.14,121.0,routed,207.0,approach-review
8929ac4c237ffff,Park Square Apartments S 28,,104.4,8.35,1142.0,routed,101.0,approach-review
8929ac4c23bffff,Park Square Apartments S 25,,96.6,7.73,1505.0,routed,37.0,network-estimate
8929ac4c243ffff,Park Square Apartments SE 40,,91.3,7.3,1632.0,routed,21.0,network-estimate
8929ac4c247ffff,Park Square Apartments S 31,,92.8,7.42,1761.0,routed,12.0,network-estimate
8929ac4c24bffff,Park Square Apartments SE 37,,84.7,6.77,993.0,routed,6.0,network-estimate
8929ac4c24fffff,Park Square Apartments SE 32,,90.5,7.24,557.0,routed,142.0,approach-review
8929ac4c253ffff,Park Square Apartments SE 48,,95.3,7.62,1624.0,routed,58.0,network-estimate
8929ac4c257ffff,Park Square Apartments S 39,,97.8,7.83,1622.0,routed,42.0,network-estimate
8929ac4c25bffff,Park Square Apartments SE 46,,89.4,7.15,1761.0,routed,106.0,approach-review
8929ac4c263ffff,Park Square Apartments S 21,,90.4,7.23,1620.0,routed,43.0,network-estimate
8929ac4c267ffff,Park Square Apartments S 17,,92.7,7.42,1676.0,routed,54.0,network-estimate
8929ac4c26bffff,Park Square Apartments SE 19,,85.2,6.82,1515.0,routed,51.0,network-estimate
8929ac4c26fffff,Greystone Park,,87.1,6.97,1811.0,routed,10.0,network-estimate
8929ac4c273ffff,Park Square Apartments S 27,,97.1,7.77,2065.0,routed,24.0,network-estimate
8929ac4c277ffff,Park Square Apartments S 23,,97.2,7.78,867.0,routed,65.0,network-estimate
8929ac4c27bffff,Park Square Apartments SE 26,,96.1,7.69,521.0,routed,101.0,approach-review
8929ac4c283ffff,Park Square Apartments S 61,,119.1,9.53,538.0,routed,173.0,approach-review
8929ac4c287ffff,Park Square Apartments S 57,,114.0,9.12,0.0,routed,418.0,approach-review
8929ac4c28bffff,Park Square Apartments S 55,,124.3,9.94,1198.0,routed,126.0,approach-review
8929ac4c28fffff,Park Square Apartments S 51,,109.7,8.77,1080.0,routed,72.0,network-estimate
8929ac4c293ffff,Park Square Apartments S 71,,118.8,9.5,506.0,routed,149.0,approach-review
8929ac4c297ffff,Park Square Apartments S 67,,120.4,9.63,0.0,routed,307.0,approach-review
8929ac4c29bffff,Park Square Apartments S 66,,121.2,9.7,713.0,routed,135.0,approach-review
8929ac4c2a3ffff,Park Square Apartments S 44,,114.5,9.16,0.0,routed,653.0,approach-review
8929ac4c2a7ffff,Park Square Apartments S 41,,128.1,10.25,0.0,routed,420.0,approach-review
8929ac4c2abffff,Park Square Apartments S 38,,111.6,8.93,0.0,routed,426.0,approach-review
8929ac4c2afffff,Park Square Apartments S 36,,108.1,8.64,0.0,routed,391.0,approach-review
8929ac4c2b3ffff,Park Square Apartments S 53,,116.9,9.35,0.0,routed,649.0,approach-review
8929ac4c2b7ffff,Park Square Apartments S 50,,127.7,10.22,0.0,routed,390.0,approach-review
8929ac4c2bbffff,Park Square Apartments S 46,,113.0,9.04,0.0,routed,340.0,approach-review
8929ac4c2c3ffff,Park Square Apartments S 59,,111.9,8.95,1211.0,routed,60.0,network-estimate
8929ac4c2c7ffff,Park Square Apartments S 52,,109.8,8.78,1537.0,routed,8.0,network-estimate
8929ac4c2cbffff,Park Square Apartments S 54,,100.7,8.05,568.0,routed,81.0,network-estimate
8929ac4c2cfffff,Park Square Apartments S 49,,101.8,8.15,1778.0,routed,40.0,network-estimate
8929ac4c2d3ffff,Park Square Apartments S 69,,111.5,8.92,935.0,routed,90.0,network-estimate
8929ac4c2d7ffff,Park Square Apartments S 62,,120.8,9.67,388.0,routed,183.0,approach-review
8929ac4c2dbffff,Park Square Apartments S 64,,110.5,8.84,592.0,routed,98.0,network-estimate
8929ac4c303ffff,Park Square Apartments SW 27,,112.4,8.99,0.0,routed,348.0,approach-review
8929ac4c307ffff,Park Square Apartments SW 28,,116.7,9.34,0.0,routed,694.0,approach-review
8929ac4c30bffff,Park Square Apartments SW 21,,108.7,8.7,554.0,routed,139.0,approach-review
8929ac4c30fffff,Park Square Apartments SW 23,,112.4,8.99,0.0,routed,430.0,approach-review
8929ac4c313ffff,Park Square Apartments SW 30,,121.4,9.71,0.0,routed,439.0,approach-review
8929ac4c317ffff,Park Square Apartments SW 31,,116.6,9.33,0.0,routed,685.0,approach-review
8929ac4c31bffff,Park Square Apartments SW 26,,109.9,8.79,868.0,routed,150.0,approach-review
8929ac4c323ffff,Highgate - West Ming Village A S 26,,121.3,9.7,0.0,routed,1141.0,approach-review
8929ac4c327ffff,Highgate - West Ming Village A S 24,,92.0,7.36,0.0,routed,962.0,approach-review
8929ac4c32bffff,Park Square Apartments SW 22,,119.1,9.52,0.0,routed,964.0,approach-review
8929ac4c32fffff,Highgate - West Ming Village A S 20,,91.6,7.33,0.0,routed,936.0,approach-review
8929ac4c333ffff,Highgate - West Ming Village A S 32,,121.2,9.69,0.0,routed,1050.0,approach-review
8929ac4c337ffff,Highgate - West Ming Village A S 30,,96.4,7.71,0.0,routed,1316.0,approach-review
8929ac4c33bffff,Park Square Apartments SW 24,,116.8,9.34,0.0,routed,783.0,approach-review
8929ac4c343ffff,Park Square Apartments SW 15,,103.6,8.29,716.0,routed,160.0,approach-review
8929ac4c347ffff,Park Square Apartments SW 16,,109.7,8.77,954.0,routed,101.0,approach-review
8929ac4c34bffff,Park Square Apartments S 12,,99.8,7.98,0.0,routed,291.0,approach-review
8929ac4c34fffff,Park Square Apartments SW 11,,113.7,9.1,0.0,routed,247.0,approach-review
8929ac4c353ffff,Park Square Apartments S 20,,102.4,8.2,1443.0,routed,44.0,network-estimate
8929ac4c357ffff,Park Square Apartments SW 20,,105.4,8.43,1551.0,routed,55.0,network-estimate
8929ac4c35bffff,Park Square Apartments S 16,,97.9,7.83,1766.0,routed,73.0,network-estimate
8929ac4c363ffff,Park Square Apartments SW 13,,117.7,9.42,0.0,routed,525.0,approach-review
8929ac4c367ffff,Park Square Apartments SW 17,,69.3,5.54,0.0,routed,764.0,approach-review
8929ac4c36bffff,Park Square Apartments SW 9,,118.8,9.5,0.0,routed,611.0,approach-review
8929ac4c36fffff,Park Square Apartments SW 10,,65.5,5.24,0.0,routed,466.0,approach-review
8929ac4c373ffff,Park Square Apartments SW 18,,110.7,8.85,0.0,routed,293.0,approach-review
8929ac4c377ffff,Park Square Apartments SW 19,,114.7,9.17,0.0,routed,614.0,approach-review
8929ac4c37bffff,Park Square Apartments SW 12,,114.2,9.14,0.0,routed,246.0,approach-review
8929ac4c387ffff,Park Square Apartments SW 37,,128.1,10.24,289.0,routed,971.0,approach-review
8929ac4c38bffff,Park Square Apartments SW 34,,120.2,9.61,328.0,routed,339.0,approach-review
8929ac4c38fffff,Park Square Apartments SW 35,,124.1,9.93,328.0,routed,655.0,approach-review
8929ac4c3a3ffff,Highgate - West Ming Village A S 43,,124.5,9.96,0.0,routed,1314.0,approach-review
8929ac4c3a7ffff,Highgate - West Ming Village A S 40,,128.3,10.26,0.0,routed,1618.0,approach-review
8929ac4c3abffff,Park Square Apartments SW 32,,120.3,9.63,0.0,routed,983.0,approach-review
8929ac4c3afffff,Highgate - West Ming Village A S 37,,124.5,9.96,0.0,routed,1313.0,approach-review
8929ac4c3b3ffff,Highgate - West Ming Village A S 49,,132.0,10.56,366.0,routed,1286.0,approach-review
8929ac4c3b7ffff,Highgate - West Ming Village A S 46,,136.2,10.89,0.0,routed,1621.0,approach-review
8929ac4c3bbffff,Park Square Apartments SW 36,,128.5,10.28,0.0,routed,1003.0,approach-review
8929ac4c3c3ffff,Park Square Apartments S 32,,112.3,8.99,367.0,routed,176.0,approach-review
8929ac4c3c7ffff,Park Square Apartments SW 29,,117.4,9.39,1288.0,routed,117.0,approach-review
8929ac4c3cbffff,Park Square Apartments S 26,,106.4,8.51,1012.0,routed,39.0,network-estimate
8929ac4c3cfffff,Park Square Apartments SW 25,,107.8,8.63,486.0,routed,185.0,approach-review
8929ac4c3d3ffff,Park Square Apartments S 40,,127.7,10.22,0.0,routed,390.0,approach-review
8929ac4c3d7ffff,Park Square Apartments SW 33,,119.0,9.52,0.0,routed,248.0,approach-review
8929ac4c3dbffff,Park Square Apartments S 33,,113.4,9.07,0.0,routed,263.0,approach-review
8929ac4c46bffff,Park Square Apartments S 120,,151.8,12.14,0.0,routed,1222.0,approach-review
8929ac4c46fffff,Park Square Apartments S 118,,193.4,15.47,0.0,routed,1511.0,approach-review
8929ac4c603ffff,Park Square Apartments S 110,,138.2,11.06,0.0,routed,291.0,approach-review
8929ac4c607ffff,Park Square Apartments S 104,,140.6,11.25,365.0,routed,328.0,approach-review
8929ac4c60bffff,Park Square Apartments S 105,,138.7,11.1,0.0,routed,362.0,approach-review
8929ac4c60fffff,Park Square Apartments S 98,,141.9,11.35,0.0,routed,582.0,approach-review
8929ac4c617ffff,Park Square Apartments S 115,,137.3,10.99,365.0,routed,67.0,network-estimate
8929ac4c61bffff,Park Square Apartments S 116,,134.7,10.78,0.0,routed,46.0,network-estimate
8929ac4c623ffff,Park Square Apartments S 89,,126.5,10.12,0.0,routed,769.0,approach-review
8929ac4c627ffff,Park Square Apartments S 84,,127.2,10.17,0.0,routed,821.0,approach-review
8929ac4c62bffff,Park Square Apartments S 81,,123.3,9.87,365.0,routed,513.0,approach-review
8929ac4c62fffff,Park Square Apartments S 77,,122.6,9.81,0.0,routed,458.0,approach-review
8929ac4c633ffff,Park Square Apartments S 100,,143.5,11.48,0.0,routed,562.0,approach-review
8929ac4c637ffff,Park Square Apartments S 95,,147.6,11.81,0.0,routed,887.0,approach-review
8929ac4c63bffff,Park Square Apartments S 92,,145.1,11.61,365.0,routed,690.0,approach-review
8929ac4c643ffff,Park Square Apartments S 108,,132.2,10.57,0.0,routed,398.0,approach-review
8929ac4c647ffff,Park Square Apartments S 101,,125.1,10.01,0.0,routed,246.0,approach-review
8929ac4c64bffff,Park Square Apartments S 103,,131.0,10.48,365.0,routed,504.0,approach-review
8929ac4c64fffff,Park Square Apartments S 97,,126.5,10.12,0.0,routed,143.0,approach-review
8929ac4c653ffff,Park Square Apartments S 119,,127.0,10.16,0.0,routed,41.0,network-estimate
8929ac4c657ffff,Park Square Apartments S 112,,134.0,10.72,0.0,routed,229.0,approach-review
8929ac4c65bffff,Park Square Apartments S 114,,125.4,10.03,367.0,routed,235.0,approach-review
8929ac4c663ffff,Park Square Apartments S 82,,125.1,10.01,0.0,routed,340.0,approach-review
8929ac4c667ffff,Park Square Apartments S 76,,120.7,9.66,0.0,routed,343.0,approach-review
8929ac4c66bffff,Park Square Apartments S 79,,115.3,9.22,0.0,routed,294.0,approach-review
8929ac4c66fffff,Park Square Apartments S 72,,119.0,9.52,294.0,routed,204.0,approach-review
8929ac4c673ffff,Park Square Apartments S 94,,123.9,9.91,0.0,routed,222.0,approach-review
8929ac4c677ffff,Park Square Apartments S 87,,127.5,10.2,0.0,routed,534.0,approach-review
8929ac4c67bffff,Park Square Apartments S 90,,123.6,9.89,0.0,routed,126.0,approach-review
8929ac4c6a3ffff,Park Square Apartments S 117,,143.8,11.51,0.0,routed,587.0,approach-review
8929ac4c6a7ffff,Park Square Apartments S 113,,147.9,11.83,0.0,routed,908.0,approach-review
8929ac4c6abffff,Park Square Apartments S 111,,140.2,11.22,0.0,routed,296.0,approach-review
8929ac4c6afffff,Park Square Apartments S 106,,144.7,11.58,0.0,routed,658.0,approach-review
8929ac4c6cfffff,Park Square Apartments S 121,,133.8,10.7,0.0,routed,211.0,approach-review
8929ac4c803ffff,2800 Acre Water Bank SE,,254.9,20.39,0.0,routed,660.0,approach-review
8929ac4c807ffff,2800 Acre Water Bank,,252.6,20.21,0.0,routed,472.0,approach-review
8929ac4c80bffff,2800 Acre Water Bank E 2,,255.1,20.41,0.0,routed,677.0,approach-review
8929ac4c80fffff,2800 Acre Water Bank E,,250.8,20.07,0.0,routed,332.0,approach-review
8929ac4c813ffff,Highgate - West Ming Village A SW 19,,223.7,17.9,0.0,routed,999.0,approach-review
8929ac4c817ffff,2800 Acre Water Bank S,,257.0,20.56,0.0,routed,829.0,approach-review
8929ac4c81bffff,2800 Acre Water Bank SE 2,,258.6,20.69,0.0,routed,954.0,approach-review
8929ac4c823ffff,2800 Acre Water Bank NW,,254.4,20.35,0.0,routed,92.0,network-estimate
8929ac4c827ffff,2800 Acre Water Bank NW 3,,256.5,20.52,0.0,routed,50.0,network-estimate
8929ac4c82bffff,2800 Acre Water Bank N 2,,250.4,20.03,0.0,routed,296.0,approach-review
8929ac4c82fffff,2800 Acre Water Bank NW 2,,260.1,20.8,0.0,routed,334.0,approach-review
8929ac4c833ffff,2800 Acre Water Bank W,,257.1,20.56,0.0,routed,303.0,approach-review
8929ac4c837ffff,2800 Acre Water Bank W 3,,256.9,20.55,0.0,routed,115.0,approach-review
8929ac4c83bffff,2800 Acre Water Bank N,,248.6,19.88,0.0,routed,150.0,approach-review
8929ac4c843ffff,2800 Acre Water Bank E 5,,247.4,19.79,0.0,routed,811.0,approach-review
8929ac4c847ffff,2800 Acre Water Bank E 3,,244.5,19.56,0.0,routed,581.0,approach-review
8929ac4c84bffff,2800 Acre Water Bank E 7,,255.4,20.43,0.0,routed,595.0,approach-review
8929ac4c84fffff,2800 Acre Water Bank E 6,,243.4,19.47,0.0,routed,492.0,approach-review
8929ac4c853ffff,Highgate - West Ming Village A SW 7,,251.7,20.14,0.0,routed,1157.0,approach-review
8929ac4c857ffff,2800 Acre Water Bank E 4,,249.0,19.92,0.0,routed,945.0,approach-review
8929ac4c85bffff,2800 Acre Water Bank E 8,,259.8,20.79,0.0,routed,953.0,approach-review
8929ac4c863ffff,2800 Acre Water Bank NE 3,,236.8,18.94,0.0,routed,215.0,approach-review
8929ac4c867ffff,Highgate - West Ming Village A W 7,,241.2,19.3,0.0,routed,51.0,network-estimate
8929ac4c86bffff,2800 Acre Water Bank NE 5,,239.1,19.13,0.0,routed,148.0,approach-review
8929ac4c86fffff,Highgate - West Ming Village A W 6,,237.5,19.0,0.0,routed,268.0,approach-review
8929ac4c873ffff,2800 Acre Water Bank NE 2,,253.2,20.26,0.0,routed,523.0,approach-review
8929ac4c877ffff,2800 Acre Water Bank NE,,249.5,19.96,0.0,routed,223.0,approach-review
8929ac4c87bffff,2800 Acre Water Bank NE 4,,239.9,19.2,0.0,routed,217.0,approach-review
8929ac4c887ffff,2800 Acre Water Bank S 2,,214.5,17.16,0.0,routed,265.0,approach-review
8929ac4c88bffff,Highgate - West Ming Village A SW 23,,221.7,17.74,0.0,routed,839.0,approach-review
8929ac4c88fffff,Highgate - West Ming Village A SW 28,,219.1,17.53,0.0,routed,629.0,approach-review
8929ac4c897ffff,Highgate - West Ming Village A SW 39,,214.2,17.14,0.0,routed,239.0,approach-review
8929ac4c89bffff,Highgate - West Ming Village A SW 29,,221.5,17.72,0.0,routed,822.0,approach-review
8929ac4c8a3ffff,2800 Acre Water Bank SW 3,,220.6,17.65,0.0,routed,751.0,approach-review
8929ac4c8a7ffff,2800 Acre Water Bank SW 4,,264.8,21.18,0.0,routed,746.0,approach-review
8929ac4c8abffff,2800 Acre Water Bank SW,,263.5,21.08,0.0,routed,641.0,approach-review
8929ac4c8afffff,2800 Acre Water Bank W 2,,260.9,20.88,0.0,routed,440.0,approach-review
8929ac4c8b3ffff,2800 Acre Water Bank SW 5,,216.2,17.3,0.0,routed,399.0,approach-review
8929ac4c8b7ffff,2800 Acre Water Bank SW 6,,220.1,17.61,0.0,routed,714.0,approach-review
8929ac4c8bbffff,2800 Acre Water Bank SW 2,,218.6,17.49,0.0,routed,591.0,approach-review
8929ac4c8c3ffff,Highgate - West Ming Village A SW 11,,229.5,18.36,0.0,routed,1465.0,approach-review
8929ac4c8c7ffff,Highgate - West Ming Village A SW 15,,226.2,18.1,0.0,routed,1200.0,approach-review
8929ac4c8cfffff,Highgate - West Ming Village A SW 10,,262.7,21.02,0.0,routed,1283.0,approach-review
8929ac4c8d3ffff,Highgate - West Ming Village A SW 16,,229.3,18.35,0.0,routed,1450.0,approach-review
8929ac4c8d7ffff,Highgate - West Ming Village A SW 20,,225.3,18.03,0.0,routed,1128.0,approach-review
8929ac4c953ffff,Park West at Stockdale River Ranch SW 14,,256.1,20.48,0.0,routed,284.0,approach-review
8929ac4c95bffff,Park West at Stockdale River Ranch SW 13,,254.2,20.33,0.0,routed,132.0,approach-review
8929ac4c9c3ffff,Highgate - West Ming Village A W 9,,264.6,21.17,0.0,routed,736.0,approach-review
8929ac4c9cbffff,Highgate - West Ming Village A W 8,,261.0,20.88,0.0,routed,411.0,approach-review
8929ac4c9d3ffff,2800 Acre Water Bank W 5,,266.2,21.29,0.0,routed,858.0,approach-review
8929ac4c9d7ffff,Highgate - West Ming Village A W 10,,107.2,8.58,0.0,routed,1027.0,approach-review
8929ac4c9dbffff,2800 Acre Water Bank W 4,,261.5,20.92,0.0,routed,487.0,approach-review
8929ac4ca03ffff,Highgate - West Ming Village A W 4,,25.3,2.02,0.0,routed,287.0,approach-review
8929ac4ca07ffff,2800 Acre Water Bank NE 18,,27.7,2.22,0.0,routed,580.0,approach-review
8929ac4ca0bffff,Highgate - West Ming Village A W 2,,20.6,1.64,739.0,routed,49.0,network-estimate
8929ac4ca0fffff,2800 Acre Water Bank NE 21,,24.1,1.93,0.0,routed,289.0,approach-review
8929ac4ca13ffff,Highgate - West Ming Village A W 5,,28.1,2.25,0.0,routed,513.0,approach-review
8929ac4ca17ffff,2800 Acre Water Bank NE 17,,254.5,20.36,0.0,routed,524.0,approach-review
8929ac4ca1bffff,Highgate - West Ming Village A W 3,,24.7,1.98,20.0,routed,241.0,approach-review
8929ac4ca23ffff,2800 Acre Water Bank NE 19,,71.8,5.75,0.0,routed,663.0,approach-review
8929ac4ca27ffff,Park West at Stockdale River Ranch SW 6,,73.8,5.9,0.0,routed,503.0,approach-review
8929ac4ca2bffff,2800 Acre Water Bank NE 22,,69.0,5.52,0.0,routed,441.0,approach-review
8929ac4ca2fffff,Park West at Stockdale River Ranch S 3,,68.7,5.5,0.0,routed,334.0,approach-review
8929ac4ca33ffff,2800 Acre Water Bank NE 16,,256.9,20.55,0.0,routed,585.0,approach-review
8929ac4ca37ffff,2800 Acre Water Bank NE 15,,255.9,20.47,0.0,routed,507.0,approach-review
8929ac4ca3bffff,2800 Acre Water Bank NE 20,,28.6,2.29,0.0,routed,650.0,approach-review
8929ac4ca43ffff,Highgate - West Ming Village A NW,,7.9,0.63,2050.0,routed,18.0,network-estimate
8929ac4ca47ffff,Highgate - West Ming Village A NW 3,,13.6,1.09,857.0,routed,313.0,approach-review
8929ac4ca4bffff,Highgate - West Ming Village A N,,11.3,0.9,1547.0,routed,190.0,approach-review
8929ac4ca4fffff,Highgate - West Ming Village A NW 2,,11.6,0.93,9.0,routed,152.0,approach-review
8929ac4ca53ffff,Highgate - West Ming Village A SW,,5.3,0.42,2055.0,routed,175.0,approach-review
8929ac4ca57ffff,Highgate - West Ming Village A W,,12.1,0.97,1330.0,routed,354.0,approach-review
8929ac4ca5bffff,Highgate - West Ming Village A,,5.8,0.46,2175.0,routed,219.0,approach-review
8929ac4ca63ffff,2800 Acre Water Bank NE 26,,61.1,4.89,0.0,routed,443.0,approach-review
8929ac4ca67ffff,2800 Acre Water Bank NE 25,,61.6,4.93,0.0,routed,268.0,approach-review
8929ac4ca6bffff,2800 Acre Water Bank NE 27,,59.2,4.73,0.0,routed,288.0,approach-review
8929ac4ca6fffff,Village Greens Gated Neighborhood SW 2,,57.5,4.6,627.0,routed,152.0,approach-review
8929ac4ca73ffff,2800 Acre Water Bank NE 24,,23.1,1.85,0.0,routed,305.0,approach-review
8929ac4ca77ffff,2800 Acre Water Bank NE 23,,27.3,2.19,0.0,routed,549.0,approach-review
8929ac4ca7bffff,Highgate - West Ming Village A NW 4,,15.3,1.22,0.0,routed,448.0,approach-review
8929ac4ca87ffff,2800 Acre Water Bank E 11,,253.2,20.26,0.0,routed,425.0,approach-review
8929ac4ca97ffff,2800 Acre Water Bank E 10,,257.6,20.61,0.0,routed,772.0,approach-review
8929ac4caa3ffff,2800 Acre Water Bank NE 9,,245.7,19.66,0.0,routed,17.0,network-estimate
8929ac4caa7ffff,2800 Acre Water Bank NE 8,,251.5,20.12,0.0,routed,158.0,approach-review
8929ac4caabffff,2800 Acre Water Bank NE 14,,250.0,20.0,0.0,routed,357.0,approach-review
8929ac4caafffff,2800 Acre Water Bank NE 12,,252.2,20.18,0.0,routed,213.0,approach-review
8929ac4cab3ffff,2800 Acre Water Bank E 9,,251.1,20.09,0.0,routed,256.0,approach-review
8929ac4cab7ffff,2800 Acre Water Bank NE 6,,241.0,19.28,0.0,routed,303.0,approach-review
8929ac4cabbffff,2800 Acre Water Bank NE 13,,250.2,20.01,0.0,routed,179.0,approach-review
8929ac4cac3ffff,Highgate - West Ming Village A SW 3,,21.9,1.75,0.0,routed,526.0,approach-review
8929ac4cac7ffff,Highgate - West Ming Village A SW 4,,29.2,2.34,0.0,routed,603.0,approach-review
8929ac4cacbffff,Highgate - West Ming Village A S 2,,17.4,1.39,487.0,routed,160.0,approach-review
8929ac4cacfffff,Highgate - West Ming Village A SW 2,,18.6,1.49,171.0,routed,423.0,approach-review
8929ac4cad3ffff,Highgate - West Ming Village A SW 5,,24.8,1.99,0.0,routed,759.0,approach-review
8929ac4cadbffff,Highgate - West Ming Village A S 4,,20.7,1.66,0.0,routed,430.0,approach-review
8929ac4cb03ffff,Park West at Stockdale River Ranch SW 10,,87.8,7.02,0.0,routed,614.0,approach-review
8929ac4cb0bffff,Park West at Stockdale River Ranch SW 9,,83.5,6.68,0.0,routed,271.0,approach-review
8929ac4cb0fffff,Park West at Stockdale River Ranch W 11,,85.5,6.84,0.0,routed,436.0,approach-review
8929ac4cb43ffff,Park West at Stockdale River Ranch SW 5,,79.1,6.33,554.0,routed,78.0,network-estimate
8929ac4cb47ffff,Park West at Stockdale River Ranch W 6,,75.6,6.05,898.0,routed,86.0,network-estimate
8929ac4cb4bffff,Park West at Stockdale River Ranch SW 3,,74.1,5.93,627.0,routed,30.0,network-estimate
8929ac4cb4fffff,Park West at Stockdale River Ranch W 3,,69.1,5.53,1037.0,routed,8.0,network-estimate
8929ac4cb57ffff,Park West at Stockdale River Ranch SW 7,,82.4,6.59,0.0,routed,343.0,approach-review
8929ac4cb5bffff,Park West at Stockdale River Ranch SW 4,,69.3,5.55,191.0,routed,146.0,approach-review
8929ac4cb63ffff,Park West at Stockdale River Ranch W 7,,73.8,5.9,0.0,routed,57.0,network-estimate
8929ac4cb67ffff,Park West at Stockdale River Ranch W 10,,78.4,6.27,304.0,routed,177.0,approach-review
8929ac4cb6bffff,Park West at Stockdale River Ranch W 5,,72.4,5.79,385.0,routed,69.0,network-estimate
8929ac4cb73ffff,Park West at Stockdale River Ranch W 8,,82.1,6.57,26.0,routed,161.0,approach-review
8929ac4cb77ffff,Park West at Stockdale River Ranch W 9,,79.4,6.35,0.0,routed,252.0,approach-review
8929ac4cb7bffff,Park West at Stockdale River Ranch W 4,,77.8,6.22,79.0,routed,173.0,approach-review
8929ac4cb93ffff,Park West at Stockdale River Ranch SW 12,,244.8,19.58,0.0,routed,334.0,approach-review
8929ac4cbc3ffff,2800 Acre Water Bank NE 10,,257.6,20.61,0.0,routed,640.0,approach-review
8929ac4cbcbffff,Park West at Stockdale River Ranch SW 8,,257.8,20.62,0.0,routed,659.0,approach-review
8929ac4cbd3ffff,2800 Acre Water Bank NE 7,,239.6,19.17,0.0,routed,440.0,approach-review
8929ac4cbd7ffff,Park West at Stockdale River Ranch SW 11,,241.6,19.33,0.0,routed,602.0,approach-review
8929ac4cbdbffff,2800 Acre Water Bank NE 11,,253.5,20.28,0.0,routed,311.0,approach-review
8929ac4cc03ffff,Highgate - West Ming Village A SW 48,,198.0,15.84,0.0,routed,945.0,approach-review
8929ac4cc0bffff,Highgate - West Ming Village A SW 42,,202.6,16.21,0.0,routed,1315.0,approach-review
8929ac4cc0fffff,Highgate - West Ming Village A SW 43,,214.5,17.16,0.0,routed,974.0,approach-review
8929ac4cc13ffff,Highgate - West Ming Village A SW 50,,196.9,15.75,361.0,routed,857.0,approach-review
8929ac4cc1bffff,Highgate - West Ming Village A SW 47,,201.1,16.09,0.0,routed,1196.0,approach-review
8929ac4cc43ffff,Highgate - West Ming Village A SW 34,,226.1,18.09,0.0,routed,1898.0,approach-review
8929ac4cc47ffff,Highgate - West Ming Village A SW 35,,221.6,17.73,0.0,routed,1540.0,approach-review
8929ac4cc4bffff,Highgate - West Ming Village A SW 26,,229.2,18.33,0.0,routed,2145.0,approach-review
8929ac4cc4fffff,Highgate - West Ming Village A SW 27,,224.9,17.99,0.0,routed,1799.0,approach-review
8929ac4cc53ffff,Highgate - West Ming Village A SW 40,,209.0,16.72,0.0,routed,1827.0,approach-review
8929ac4cc57ffff,Highgate - West Ming Village A SW 41,,205.5,16.44,0.0,routed,1550.0,approach-review
8929ac4cc5bffff,Highgate - West Ming Village A SW 32,,213.3,17.06,0.0,routed,2172.0,approach-review
8929ac4cc63ffff,Highgate - West Ming Village A SW 31,,216.6,17.32,0.0,routed,1136.0,approach-review
8929ac4cc67ffff,Highgate - West Ming Village A SW 33,,212.9,17.03,0.0,routed,841.0,approach-review
8929ac4cc6bffff,Highgate - West Ming Village A SW 22,,220.7,17.66,0.0,routed,1469.0,approach-review
8929ac4cc6fffff,Highgate - West Ming Village A SW 24,,225.9,18.07,0.0,routed,1171.0,approach-review
8929ac4cc73ffff,Highgate - West Ming Village A SW 36,,217.2,17.37,0.0,routed,1185.0,approach-review
8929ac4cc77ffff,Highgate - West Ming Village A SW 37,,212.8,17.02,0.0,routed,834.0,approach-review
8929ac4cc7bffff,Highgate - West Ming Village A SW 30,,220.6,17.65,0.0,routed,1460.0,approach-review
8929ac4ccc7ffff,Highgate - West Ming Village A SW 49,,200.9,16.07,295.0,routed,1182.0,approach-review
8929ac4cccbffff,Highgate - West Ming Village A SW 44,,208.8,16.71,334.0,routed,1814.0,approach-review
8929ac4cccfffff,Highgate - West Ming Village A SW 45,,204.8,16.39,322.0,routed,1493.0,approach-review
8929ac4cd03ffff,2800 Acre Water Bank SW 21,,93.2,7.45,0.0,routed,449.0,approach-review
8929ac4cd07ffff,2800 Acre Water Bank SW 22,,112.2,8.97,0.0,routed,572.0,approach-review
8929ac4cd0bffff,2800 Acre Water Bank SW 17,,89.2,7.14,0.0,routed,394.0,approach-review
8929ac4cd0fffff,2800 Acre Water Bank SW 18,,98.8,7.91,0.0,routed,356.0,approach-review
8929ac4cd13ffff,Highgate - West Ming Village A SW 53,,92.9,7.43,0.0,routed,427.0,approach-review
8929ac4cd17ffff,2800 Acre Water Bank SW 25,,113.6,9.09,0.0,routed,685.0,approach-review
8929ac4cd1bffff,2800 Acre Water Bank SW 19,,88.6,7.09,0.0,routed,88.0,network-estimate
8929ac4cd23ffff,2800 Acre Water Bank SW 23,,112.3,8.98,0.0,routed,581.0,approach-review
8929ac4cd27ffff,Highgate - West Ming Village A W 14,,113.8,9.1,0.0,routed,697.0,approach-review
8929ac4cd2bffff,2800 Acre Water Bank W 6,,102.2,8.18,0.0,routed,625.0,approach-review
8929ac4cd2fffff,Highgate - West Ming Village A W 13,,205.8,16.47,0.0,routed,708.0,approach-review
8929ac4cd33ffff,2800 Acre Water Bank SW 24,,108.8,8.7,0.0,routed,299.0,approach-review
8929ac4cd37ffff,2800 Acre Water Bank SW 27,,109.2,8.74,0.0,routed,336.0,approach-review
8929ac4cd3bffff,2800 Acre Water Bank SW 20,,101.5,8.12,0.0,routed,568.0,approach-review
8929ac4cd43ffff,2800 Acre Water Bank SW 11,,89.7,7.18,0.0,routed,435.0,approach-review
8929ac4cd47ffff,2800 Acre Water Bank SW 13,,89.9,7.19,0.0,routed,449.0,approach-review
8929ac4cd4bffff,2800 Acre Water Bank SW 7,,213.0,17.04,0.0,routed,144.0,approach-review
8929ac4cd4fffff,2800 Acre Water Bank SW 9,,217.4,17.39,0.0,routed,495.0,approach-review
8929ac4cd53ffff,Highgate - West Ming Village A SW 51,,87.8,7.03,0.0,routed,320.0,approach-review
8929ac4cd57ffff,2800 Acre Water Bank SW 15,,85.3,6.83,0.0,routed,86.0,network-estimate
8929ac4cd5bffff,Highgate - West Ming Village A SW 46,,208.3,16.66,0.0,routed,338.0,approach-review
8929ac4cd63ffff,2800 Acre Water Bank SW 12,,98.2,7.86,0.0,routed,305.0,approach-review
8929ac4cd67ffff,Highgate - West Ming Village A W 12,,101.0,8.08,0.0,routed,527.0,approach-review
8929ac4cd6bffff,2800 Acre Water Bank SW 8,,102.2,8.18,0.0,routed,626.0,approach-review
8929ac4cd6fffff,Highgate - West Ming Village A W 11,,102.7,8.21,0.0,routed,664.0,approach-review
8929ac4cd73ffff,2800 Acre Water Bank SW 14,,95.6,7.65,0.0,routed,101.0,approach-review
8929ac4cd77ffff,2800 Acre Water Bank SW 16,,97.7,7.81,0.0,routed,264.0,approach-review
8929ac4cd7bffff,2800 Acre Water Bank SW 10,,99.5,7.96,0.0,routed,412.0,approach-review
8929ac4cd8fffff,Highgate - West Ming Village A SW 54,,97.5,7.8,0.0,routed,795.0,approach-review
8929ac4cda3ffff,2800 Acre Water Bank SW 29,,110.1,8.81,0.0,routed,403.0,approach-review
8929ac4cda7ffff,2800 Acre Water Bank SW 31,,110.6,8.85,0.0,routed,443.0,approach-review
8929ac4cdabffff,2800 Acre Water Bank SW 26,,109.1,8.73,0.0,routed,327.0,approach-review
8929ac4cdafffff,2800 Acre Water Bank SW 28,,105.9,8.48,0.0,routed,72.0,network-estimate
8929ac4cdb3ffff,Highgate - West Ming Village A SW 56,,114.6,9.17,0.0,routed,765.0,approach-review
8929ac4cdb7ffff,Highgate - West Ming Village A SW 57,,113.8,9.11,0.0,routed,703.0,approach-review
8929ac4cdbbffff,Highgate - West Ming Village A SW 55,,112.8,9.03,0.0,routed,624.0,approach-review
8929ac4cdcfffff,Highgate - West Ming Village A SW 52,,90.1,7.2,0.0,routed,241.0,approach-review
8929ac4ce03ffff,Highgate - West Ming Village A S 22,,94.6,7.57,0.0,routed,1172.0,approach-review
8929ac4ce13ffff,Highgate - West Ming Village A S 28,,97.4,7.79,0.0,routed,1394.0,approach-review
8929ac4ce17ffff,Highgate - West Ming Village A SW 8,,99.2,7.94,0.0,routed,1543.0,approach-review
8929ac4ce1bffff,Highgate - West Ming Village A S 23,,92.9,7.43,0.0,routed,1035.0,approach-review
8929ac4ce2fffff,Highgate - West Ming Village A SW 6,,262.0,20.96,0.0,routed,1129.0,approach-review
8929ac4ce43ffff,Highgate - West Ming Village A S 17,,84.8,6.79,0.0,routed,392.0,approach-review
8929ac4ce4bffff,Highgate - West Ming Village A S 14,,84.1,6.72,0.0,routed,329.0,approach-review
8929ac4ce4fffff,Highgate - West Ming Village A S 12,,80.7,6.45,0.0,routed,58.0,network-estimate
8929ac4ce53ffff,Highgate - West Ming Village A S 21,,89.4,7.15,0.0,routed,754.0,approach-review
8929ac4ce5bffff,Highgate - West Ming Village A S 18,,87.7,7.01,0.0,routed,619.0,approach-review
8929ac4ce83ffff,Highgate - West Ming Village A S 39,,105.1,8.41,0.0,routed,2016.0,approach-review
8929ac4ce87ffff,Highgate - West Ming Village A SW 17,,106.5,8.52,0.0,routed,2125.0,approach-review
8929ac4ce8bffff,Highgate - West Ming Village A S 35,,100.8,8.06,0.0,routed,1667.0,approach-review
8929ac4ce8fffff,Highgate - West Ming Village A S 34,,101.9,8.15,0.0,routed,1758.0,approach-review
8929ac4ce93ffff,Highgate - West Ming Village A S 45,,108.7,8.7,0.0,routed,2304.0,approach-review
8929ac4ce97ffff,Highgate - West Ming Village A SW 25,,109.6,8.77,0.0,routed,2373.0,approach-review
8929ac4ce9bffff,Highgate - West Ming Village A S 41,,104.6,8.36,0.0,routed,1969.0,approach-review
8929ac4cea3ffff,Highgate - West Ming Village A SW 13,,228.6,18.29,0.0,routed,2102.0,approach-review
8929ac4cea7ffff,Highgate - West Ming Village A SW 14,,233.6,18.68,0.0,routed,1788.0,approach-review
8929ac4ceabffff,Highgate - West Ming Village A SW 9,,101.9,8.15,0.0,routed,1755.0,approach-review
8929ac4ceb3ffff,Highgate - West Ming Village A SW 18,,228.5,18.28,0.0,routed,2092.0,approach-review
8929ac4ceb7ffff,Highgate - West Ming Village A SW 21,,224.5,17.96,0.0,routed,1772.0,approach-review
8929ac4cebbffff,Highgate - West Ming Village A SW 12,,103.9,8.31,0.0,routed,1915.0,approach-review
8929ac4cec3ffff,Highgate - West Ming Village A S 31,,96.9,7.76,0.0,routed,1360.0,approach-review
8929ac4cec7ffff,Highgate - West Ming Village A S 29,,96.6,7.72,0.0,routed,1329.0,approach-review
8929ac4cecbffff,Highgate - West Ming Village A S 27,,93.9,7.51,0.0,routed,1118.0,approach-review
8929ac4cecfffff,Highgate - West Ming Village A S 25,,92.6,7.41,0.0,routed,1015.0,approach-review
8929ac4ced3ffff,Highgate - West Ming Village A S 38,,101.4,8.11,0.0,routed,1714.0,approach-review
8929ac4ced7ffff,Highgate - West Ming Village A S 36,,100.6,8.05,0.0,routed,1651.0,approach-review
8929ac4cedbffff,Highgate - West Ming Village A S 33,,98.5,7.88,0.0,routed,1482.0,approach-review
8929ac4d003ffff,Village at Lakeside W 61,,86.0,6.88,1589.0,routed,27.0,network-estimate
8929ac4d007ffff,The Springs Apartment Homes S 47,,90.6,7.25,1893.0,routed,58.0,network-estimate
8929ac4d00bffff,Village at Lakeside W 54,,81.7,6.54,1923.0,routed,62.0,network-estimate
8929ac4d00fffff,Village at Lakeside W 60,,80.5,6.44,2285.0,routed,52.0,network-estimate
8929ac4d013ffff,Village at Lakeside W 62,,89.5,7.16,2167.0,routed,42.0,network-estimate
8929ac4d017ffff,Village at Lakeside W 65,,91.1,7.29,1553.0,routed,38.0,network-estimate
8929ac4d01bffff,Village at Lakeside W 56,,86.7,6.94,1706.0,routed,52.0,network-estimate
8929ac4d023ffff,The Springs Apartment Homes S 44,,83.6,6.68,1887.0,routed,78.0,network-estimate
8929ac4d027ffff,The Springs Apartment Homes S 42,,83.6,6.69,1707.0,routed,75.0,network-estimate
8929ac4d02bffff,The Springs Apartment Homes S 43,,78.4,6.28,1573.0,routed,64.0,network-estimate
8929ac4d02fffff,The Springs Apartment Homes S 41,,81.5,6.52,471.0,routed,44.0,network-estimate
8929ac4d033ffff,Park Square Apartments SE 82,,87.8,7.03,2149.0,routed,62.0,network-estimate
8929ac4d037ffff,Park Square Apartments SE 72,,86.6,6.93,1910.0,routed,66.0,network-estimate
8929ac4d03bffff,The Springs Apartment Homes S 46,,83.4,6.67,1534.0,routed,65.0,network-estimate
8929ac4d043ffff,Village at Lakeside W 44,,77.7,6.21,2031.0,routed,8.0,network-estimate
8929ac4d047ffff,Village at Lakeside W 49,,81.1,6.48,1530.0,routed,62.0,network-estimate
8929ac4d04bffff,Village at Lakeside W 39,,70.5,5.64,1398.0,routed,76.0,network-estimate
8929ac4d04fffff,Village at Lakeside W 45,,72.7,5.81,1866.0,routed,53.0,network-estimate
8929ac4d053ffff,Village at Lakeside W 46,,82.1,6.57,1752.0,routed,7.0,network-estimate
8929ac4d057ffff,Village at Lakeside W 50,,85.2,6.82,1386.0,routed,114.0,approach-review
8929ac4d05bffff,Village at Lakeside W 40,,77.8,6.22,1483.0,routed,103.0,approach-review
8929ac4d063ffff,Coventry Place Apartments SW 46,,72.8,5.82,1550.0,routed,32.0,network-estimate
8929ac4d067ffff,The Springs Apartment Homes SE 42,,71.3,5.7,1961.0,routed,36.0,network-estimate
8929ac4d06bffff,Coventry Place Apartments SW 43,,73.8,5.91,1700.0,routed,56.0,network-estimate
8929ac4d06fffff,Coventry Place Apartments SW 44,,68.8,5.5,1624.0,routed,32.0,network-estimate
8929ac4d073ffff,Village at Lakeside W 55,,77.1,6.17,1460.0,routed,28.0,network-estimate
8929ac4d077ffff,The Springs Apartment Homes S 45,,75.0,6.0,1797.0,routed,43.0,network-estimate
8929ac4d07bffff,Coventry Place Apartments SW 45,,77.0,6.16,1392.0,routed,67.0,network-estimate
8929ac4d083ffff,Village at Lakeside W 67,,111.4,8.91,0.0,routed,88.0,network-estimate
8929ac4d087ffff,Park Square Apartments SE 97,,101.2,8.1,915.0,routed,59.0,network-estimate
8929ac4d08bffff,Village at Lakeside W 63,,93.9,7.51,369.0,routed,143.0,approach-review
8929ac4d08fffff,Village at Lakeside W 66,,94.7,7.57,280.0,routed,57.0,network-estimate
8929ac4d093ffff,Village at Lakeside W 68,,107.1,8.57,357.0,routed,38.0,network-estimate
8929ac4d097ffff,Village at Lakeside W 69,,104.7,8.38,498.0,routed,115.0,approach-review
8929ac4d09bffff,Village at Lakeside W 64,,102.4,8.19,294.0,routed,281.0,approach-review
8929ac4d0a3ffff,Park Square Apartments SE 84,,97.1,7.76,1659.0,routed,12.0,network-estimate
8929ac4d0a7ffff,Park Square Apartments SE 75,,93.6,7.49,1813.0,routed,34.0,network-estimate
8929ac4d0abffff,Park Square Apartments SE 87,,91.6,7.33,1505.0,routed,34.0,network-estimate
8929ac4d0afffff,Park Square Apartments SE 76,,92.7,7.41,1398.0,routed,37.0,network-estimate
8929ac4d0b3ffff,Park Square Apartments SE 90,,103.2,8.26,1104.0,routed,53.0,network-estimate
8929ac4d0b7ffff,Park Square Apartments SE 83,,96.8,7.75,1738.0,routed,55.0,network-estimate
8929ac4d0bbffff,Park Square Apartments SE 91,,102.4,8.19,700.0,routed,96.0,network-estimate
8929ac4d0c3ffff,Village at Lakeside W 52,,96.2,7.69,1470.0,routed,55.0,network-estimate
8929ac4d0c7ffff,Village at Lakeside W 57,,92.1,7.37,2003.0,routed,31.0,network-estimate
8929ac4d0cbffff,Village at Lakeside W 47,,92.4,7.39,1548.0,routed,38.0,network-estimate
8929ac4d0cfffff,Village at Lakeside W 51,,88.6,7.09,1538.0,routed,24.0,network-estimate
8929ac4d0d3ffff,Village at Lakeside W 53,,100.1,8.01,1631.0,routed,63.0,network-estimate
8929ac4d0d7ffff,Village at Lakeside W 58,,97.3,7.78,1441.0,routed,29.0,network-estimate
8929ac4d0dbffff,Village at Lakeside W 48,,91.3,7.31,1190.0,routed,16.0,network-estimate
8929ac4d103ffff,Park Square Apartments SE 36,,83.5,6.68,606.0,routed,17.0,network-estimate
8929ac4d107ffff,Park Square Apartments SE 29,,74.8,5.98,1444.0,routed,63.0,network-estimate
8929ac4d10bffff,Park Square Apartments SE 39,,83.0,6.64,522.0,routed,15.0,network-estimate
8929ac4d10fffff,Park Square Apartments SE 30,,80.0,6.4,621.0,routed,47.0,network-estimate
8929ac4d113ffff,Park Square Apartments SE 42,,86.6,6.93,315.0,routed,106.0,approach-review
8929ac4d117ffff,Park Square Apartments SE 34,,81.7,6.54,1667.0,routed,64.0,network-estimate
8929ac4d11bffff,Park Square Apartments SE 44,,81.4,6.51,750.0,routed,83.0,network-estimate
8929ac4d123ffff,Park Square Apartments SE 17,,67.9,5.43,1286.0,routed,84.0,network-estimate
8929ac4d127ffff,Park Square Apartments SE 12,,61.9,4.95,1537.0,routed,49.0,network-estimate
8929ac4d12bffff,Park Square Apartments SE 21,,64.6,5.17,1367.0,routed,53.0,network-estimate
8929ac4d12fffff,Park Square Apartments SE 15,,58.8,4.7,1864.0,routed,22.0,network-estimate
8929ac4d133ffff,Park Square Apartments SE 22,,69.3,5.55,1631.0,routed,39.0,network-estimate
8929ac4d137ffff,Park Square Apartments SE 16,,66.6,5.33,1888.0,routed,43.0,network-estimate
8929ac4d13bffff,Park Square Apartments SE 23,,74.9,5.99,1717.0,routed,58.0,network-estimate
8929ac4d143ffff,The Springs Apartment Homes S 37,,88.1,7.05,1950.0,routed,21.0,network-estimate
8929ac4d147ffff,Park Square Apartments SE 43,,70.7,5.66,365.0,routed,60.0,network-estimate
8929ac4d14bffff,The Springs Apartment Homes S 35,,85.8,6.87,1682.0,routed,38.0,network-estimate
8929ac4d14fffff,The Springs Apartment Homes S 33,,68.0,5.44,663.0,routed,46.0,network-estimate
8929ac4d153ffff,Park Square Apartments SE 58,,77.8,6.22,1727.0,routed,36.0,network-estimate
8929ac4d157ffff,Park Square Apartments SE 50,,76.3,6.1,702.0,routed,46.0,network-estimate
8929ac4d15bffff,The Springs Apartment Homes S 39,,83.1,6.64,1917.0,routed,42.0,network-estimate
8929ac4d163ffff,Park Square Apartments E 20,,63.5,5.08,1547.0,routed,80.0,network-estimate
8929ac4d167ffff,Campus Park S.,,63.6,5.09,948.0,routed,81.0,network-estimate
8929ac4d16bffff,The Springs Apartment Homes S 27,,63.6,5.09,1978.0,routed,42.0,network-estimate
8929ac4d16fffff,The Springs Apartment Homes S 25,,57.8,4.62,1705.0,routed,102.0,approach-review
8929ac4d173ffff,Park Square Apartments SE 35,,78.1,6.25,721.0,routed,34.0,network-estimate
8929ac4d177ffff,Park Square Apartments SE 28,,70.2,5.62,554.0,routed,68.0,network-estimate
8929ac4d17bffff,The Springs Apartment Homes S 31,,68.8,5.5,1075.0,routed,70.0,network-estimate
8929ac4d183ffff,Park Square Apartments SE 47,,89.0,7.12,1147.0,routed,39.0,network-estimate
8929ac4d187ffff,Park Square Apartments SE 38,,90.8,7.26,592.0,routed,65.0,network-estimate
8929ac4d18bffff,Park Square Apartments SE 49,,90.7,7.26,754.0,routed,115.0,approach-review
8929ac4d18fffff,Park Square Apartments SE 41,,87.8,7.02,1432.0,routed,54.0,network-estimate
8929ac4d193ffff,Park Square Apartments SE 54,,99.2,7.94,676.0,routed,116.0,approach-review
8929ac4d197ffff,Park Square Apartments SE 45,,93.0,7.44,779.0,routed,8.0,network-estimate
8929ac4d19bffff,Park Square Apartments SE 56,,96.0,7.68,0.0,routed,49.0,network-estimate
8929ac4d1a3ffff,Park Square Apartments SE 25,,81.6,6.53,1821.0,routed,50.0,network-estimate
8929ac4d1a7ffff,Park Square Apartments SE 18,,77.9,6.23,1862.0,routed,21.0,network-estimate
8929ac4d1abffff,Park Square Apartments SE 27,,73.7,5.89,1942.0,routed,17.0,network-estimate
8929ac4d1afffff,Park Square Apartments SE 20,,70.7,5.66,1525.0,routed,57.0,network-estimate
8929ac4d1b3ffff,Park Square Apartments SE 31,,81.9,6.55,548.0,routed,159.0,approach-review
8929ac4d1b7ffff,Park Square Apartments SE 24,,89.1,7.13,937.0,routed,64.0,network-estimate
8929ac4d1bbffff,Park Square Apartments SE 33,,79.3,6.34,1232.0,routed,39.0,network-estimate
8929ac4d1c3ffff,Park Square Apartments SE 59,,84.1,6.73,514.0,routed,36.0,network-estimate
8929ac4d1c7ffff,Park Square Apartments SE 51,,91.2,7.3,333.0,routed,124.0,approach-review
8929ac4d1cbffff,Park Square Apartments SE 63,,84.4,6.75,1408.0,routed,136.0,approach-review
8929ac4d1cfffff,Park Square Apartments SE 52,,85.7,6.86,463.0,routed,164.0,approach-review
8929ac4d1d3ffff,Park Square Apartments SE 66,,88.0,7.04,515.0,routed,152.0,approach-review
8929ac4d1d7ffff,Park Square Apartments SE 57,,90.4,7.24,705.0,routed,5.0,network-estimate
8929ac4d1dbffff,Park Square Apartments SE 67,,88.1,7.05,791.0,routed,39.0,network-estimate
8929ac4d203ffff,Coventry Place Apartments SW 25,,63.9,5.11,1208.0,routed,105.0,approach-review
8929ac4d207ffff,Coventry Place Apartments SW 27,,53.7,4.29,1461.0,routed,107.0,approach-review
8929ac4d20bffff,Coventry Place Apartments SW 20,,61.1,4.89,1404.0,routed,64.0,network-estimate
8929ac4d20fffff,Coventry Place Apartments SW 21,,58.1,4.65,1070.0,routed,104.0,approach-review
8929ac4d213ffff,Village at Lakeside W 26,,64.2,5.13,1832.0,routed,40.0,network-estimate
8929ac4d217ffff,Village at Lakeside W 32,,59.5,4.76,1323.0,routed,58.0,network-estimate
8929ac4d21bffff,Village at Lakeside W 21,,65.8,5.26,1286.0,routed,58.0,network-estimate
8929ac4d223ffff,Coventry Place Apartments SW 24,,48.1,3.85,592.0,routed,34.0,network-estimate
8929ac4d227ffff,Coventry Place Apartments SW 26,,48.6,3.89,590.0,routed,96.0,network-estimate
8929ac4d22bffff,Coventry Place Apartments SW 18,,44.3,3.54,1132.0,routed,19.0,network-estimate
8929ac4d22fffff,Coventry Place Apartments SW 19,,43.8,3.51,403.0,routed,37.0,network-estimate
8929ac4d233ffff,Coventry Place Apartments SW 29,,55.5,4.44,230.0,routed,102.0,approach-review
8929ac4d237ffff,Coventry Place Apartments SW 31,,62.8,5.02,195.0,routed,64.0,network-estimate
8929ac4d23bffff,Coventry Place Apartments SW 22,,49.8,3.98,749.0,routed,17.0,network-estimate
8929ac4d243ffff,Village at Lakeside NW 14,,57.6,4.61,658.0,routed,36.0,network-estimate
8929ac4d247ffff,Coventry Place Apartments S 15,,56.2,4.5,1129.0,routed,12.0,network-estimate
8929ac4d24bffff,Coventry Place Apartments S 14,,48.3,3.87,1228.0,routed,16.0,network-estimate
8929ac4d24fffff,Coventry Place Apartments S 13,,49.1,3.93,270.0,routed,83.0,network-estimate
8929ac4d253ffff,Village at Lakeside NW 13,,61.8,4.95,1112.0,routed,34.0,network-estimate
8929ac4d257ffff,Village at Lakeside NW 15,,67.5,5.4,747.0,routed,36.0,network-estimate
8929ac4d25bffff,Village at Lakeside NW 12,,53.1,4.25,1006.0,routed,15.0,network-estimate
8929ac4d263ffff,Coventry Place Apartments SW 11,,52.4,4.19,1151.0,routed,81.0,network-estimate
8929ac4d267ffff,Coventry Place Apartments SW 13,,45.3,3.62,716.0,routed,12.0,network-estimate
8929ac4d26bffff,Coventry Place Apartments SW 7,,46.7,3.73,1819.0,routed,54.0,network-estimate
8929ac4d26fffff,Coventry Place Apartments SW 9,,46.7,3.74,1641.0,routed,14.0,network-estimate
8929ac4d273ffff,Coventry Place Apartments SW 15,,59.0,4.72,691.0,routed,137.0,approach-review
8929ac4d277ffff,Coventry Place Apartments SW 16,,50.5,4.04,121.0,routed,76.0,network-estimate
8929ac4d27bffff,Coventry Place Apartments S 12,,53.6,4.29,238.0,routed,175.0,approach-review
8929ac4d283ffff,Village at Lakeside W 28,,69.9,5.59,1448.0,routed,33.0,network-estimate
8929ac4d287ffff,Village at Lakeside W 34,,67.2,5.37,1523.0,routed,53.0,network-estimate
8929ac4d28bffff,Village at Lakeside W 24,,69.2,5.54,1490.0,routed,16.0,network-estimate
8929ac4d28fffff,Village at Lakeside W 30,,64.5,5.16,2180.0,routed,58.0,network-estimate
8929ac4d293ffff,Village at Lakeside W 27,,72.3,5.78,1428.0,routed,15.0,network-estimate
8929ac4d297ffff,Village at Lakeside W 33,,70.9,5.67,999.0,routed,20.0,network-estimate
8929ac4d29bffff,Village at Lakeside W 22,,73.8,5.91,1202.0,routed,101.0,approach-review
8929ac4d2a3ffff,Coventry Place Apartments SW 38,,66.4,5.31,1544.0,routed,43.0,network-estimate
8929ac4d2a7ffff,Coventry Place Apartments SW 40,,72.4,5.79,1442.0,routed,38.0,network-estimate
8929ac4d2abffff,Coventry Place Apartments SW 32,,57.7,4.62,1672.0,routed,34.0,network-estimate
8929ac4d2afffff,Coventry Place Apartments SW 35,,60.1,4.81,902.0,routed,5.0,network-estimate
8929ac4d2b3ffff,Village at Lakeside W 41,,69.5,5.56,853.0,routed,53.0,network-estimate
8929ac4d2b7ffff,Coventry Place Apartments SW 42,,70.1,5.6,1359.0,routed,47.0,network-estimate
8929ac4d2bbffff,Village at Lakeside W 36,,61.8,4.95,1708.0,routed,36.0,network-estimate
8929ac4d2c3ffff,Village at Lakeside W 14,,70.0,5.6,1106.0,routed,25.0,network-estimate
8929ac4d2c7ffff,Village at Lakeside W 20,,72.3,5.78,860.0,routed,117.0,approach-review
8929ac4d2cbffff,Village at Lakeside W 11,,65.0,5.2,1931.0,routed,15.0,network-estimate
8929ac4d2cfffff,Village at Lakeside W 16,,65.8,5.27,1311.0,routed,34.0,network-estimate
8929ac4d2d3ffff,Village at Lakeside W 12,,77.2,6.18,1900.0,routed,51.0,network-estimate
8929ac4d2d7ffff,Village at Lakeside W 18,,75.3,6.02,1334.0,routed,58.0,network-estimate
8929ac4d2dbffff,Village at Lakeside W 9,,68.7,5.5,1247.0,routed,37.0,network-estimate
8929ac4d303ffff,The Springs Apartment Homes SE 31,,53.0,4.24,896.0,routed,21.0,network-estimate
8929ac4d307ffff,The Springs Apartment Homes SE 28,,55.3,4.42,1752.0,routed,19.0,network-estimate
8929ac4d30bffff,The Springs Apartment Homes SE 32,,47.3,3.78,1592.0,routed,18.0,network-estimate
8929ac4d30fffff,The Springs Apartment Homes SE 26,,48.5,3.88,1426.0,routed,15.0,network-estimate
8929ac4d313ffff,The Springs Apartment Homes SE 36,,57.8,4.63,777.0,routed,18.0,network-estimate
8929ac4d317ffff,The Springs Apartment Homes SE 33,,63.6,5.09,557.0,routed,33.0,network-estimate
8929ac4d31bffff,The Springs Apartment Homes SE 35,,54.9,4.39,635.0,routed,48.0,network-estimate
8929ac4d323ffff,The Springs Apartment Homes SE 18,,50.1,4.01,1840.0,routed,41.0,network-estimate
8929ac4d327ffff,The Springs Apartment Homes S 13,,52.3,4.18,1646.0,routed,72.0,network-estimate
8929ac4d32bffff,The Springs Apartment Homes SE 17,,46.0,3.68,2026.0,routed,27.0,network-estimate
8929ac4d32fffff,The Springs Apartment Homes SE 13,,48.6,3.89,1540.0,routed,46.0,network-estimate
8929ac4d333ffff,The Springs Apartment Homes SE 23,,54.2,4.33,2260.0,routed,31.0,network-estimate
8929ac4d337ffff,The Springs Apartment Homes S 18,,56.8,4.54,1547.0,routed,47.0,network-estimate
8929ac4d33bffff,The Springs Apartment Homes SE 21,,53.1,4.25,1436.0,routed,64.0,network-estimate
8929ac4d343ffff,Coventry Place Apartments SW 28,,43.2,3.45,1827.0,routed,61.0,network-estimate
8929ac4d347ffff,The Springs Apartment Homes SE 34,,41.0,3.28,1364.0,routed,31.0,network-estimate
8929ac4d34bffff,Coventry Place Apartments W 23,,40.1,3.21,1103.0,routed,29.0,network-estimate
8929ac4d34fffff,Coventry Place Apartments W 26,,37.3,2.98,1660.0,routed,56.0,network-estimate
8929ac4d353ffff,Coventry Place Apartments SW 30,,57.6,4.6,53.0,routed,92.0,network-estimate
8929ac4d357ffff,Coventry Place Apartments SW 34,,45.0,3.6,842.0,routed,43.0,network-estimate
8929ac4d35bffff,Coventry Place Apartments SW 23,,44.7,3.58,1239.0,routed,19.0,network-estimate
8929ac4d363ffff,The Springs Apartment Homes SE 24,,38.3,3.06,1306.0,routed,36.0,network-estimate
8929ac4d367ffff,Corvallis Park,,41.9,3.35,935.0,routed,106.0,approach-review
8929ac4d36bffff,The Springs Apartment Homes SE 25,,33.8,2.71,1695.0,routed,49.0,network-estimate
8929ac4d36fffff,The Springs Apartment Homes SE 19,,35.0,2.8,1306.0,routed,8.0,network-estimate
8929ac4d373ffff,The Springs Apartment Homes SE 29,,43.7,3.5,1302.0,routed,23.0,network-estimate
8929ac4d377ffff,The Springs Apartment Homes SE 22,,47.4,3.79,1995.0,routed,31.0,network-estimate
8929ac4d37bffff,The Springs Apartment Homes SE 30,,38.3,3.07,1758.0,routed,58.0,network-estimate
8929ac4d383ffff,The Springs Apartment Homes S 36,,81.9,6.55,1772.0,routed,31.0,network-estimate
8929ac4d387ffff,The Springs Apartment Homes S 34,,86.1,6.89,1336.0,routed,61.0,network-estimate
8929ac4d38bffff,The Springs Apartment Homes SE 39,,61.0,4.88,151.0,routed,218.0,approach-review
8929ac4d38fffff,The Springs Apartment Homes SE 37,,69.3,5.55,311.0,routed,168.0,approach-review
8929ac4d393ffff,The Springs Apartment Homes S 40,,78.5,6.28,1852.0,routed,57.0,network-estimate
8929ac4d397ffff,The Springs Apartment Homes S 38,,83.4,6.67,1757.0,routed,58.0,network-estimate
8929ac4d39bffff,The Springs Apartment Homes SE 41,,67.5,5.4,1329.0,routed,57.0,network-estimate
8929ac4d3a3ffff,The Springs Apartment Homes S 28,,68.9,5.51,321.0,routed,83.0,network-estimate
8929ac4d3a7ffff,The Springs Apartment Homes S 24,,59.3,4.74,1182.0,routed,19.0,network-estimate
8929ac4d3abffff,The Springs Apartment Homes S 26,,62.2,4.98,436.0,routed,33.0,network-estimate
8929ac4d3afffff,The Springs Apartment Homes S 23,,59.3,4.75,1447.0,routed,55.0,network-estimate
8929ac4d3b3ffff,The Springs Apartment Homes S 32,,92.1,7.37,169.0,routed,165.0,approach-review
8929ac4d3b7ffff,The Springs Apartment Homes S 29,,63.7,5.1,982.0,routed,8.0,network-estimate
8929ac4d3bbffff,The Springs Apartment Homes S 30,,65.6,5.24,411.0,routed,12.0,network-estimate
8929ac4d3c3ffff,Coventry Place Apartments SW 39,,63.5,5.08,282.0,routed,209.0,approach-review
8929ac4d3c7ffff,The Springs Apartment Homes SE 38,,59.8,4.79,638.0,routed,78.0,network-estimate
8929ac4d3cbffff,Coventry Place Apartments SW 33,,55.3,4.43,316.0,routed,93.0,network-estimate
8929ac4d3cfffff,Coventry Place Apartments SW 36,,61.1,4.89,343.0,routed,131.0,approach-review
8929ac4d3d3ffff,Coventry Place Apartments SW 41,,73.9,5.92,1148.0,routed,71.0,network-estimate
8929ac4d3d7ffff,The Springs Apartment Homes SE 40,,62.8,5.03,1011.0,routed,98.0,network-estimate
8929ac4d3dbffff,Coventry Place Apartments SW 37,,63.9,5.11,1155.0,routed,58.0,network-estimate
8929ac4d403ffff,Southland R.V. Park W 78,,119.0,9.52,1180.0,routed,110.0,approach-review
8929ac4d407ffff,Southland R.V. Park W 88,,120.7,9.66,370.0,routed,100.0,network-estimate
8929ac4d40bffff,Southland R.V. Park W 72,,118.2,9.46,1383.0,routed,50.0,network-estimate
8929ac4d40fffff,Southland R.V. Park W 80,,115.6,9.25,957.0,routed,60.0,network-estimate
8929ac4d413ffff,Southland R.V. Park W 76,,120.7,9.65,470.0,routed,99.0,network-estimate
8929ac4d417ffff,Southland R.V. Park W 86,,122.9,9.83,770.0,routed,38.0,network-estimate
8929ac4d41bffff,Southland R.V. Park W 70,,118.8,9.5,1583.0,routed,54.0,network-estimate
8929ac4d423ffff,Southland R.V. Park W 98,,120.6,9.65,0.0,routed,390.0,approach-review
8929ac4d427ffff,Park Square Apartments SE 107,,115.0,9.2,0.0,routed,338.0,approach-review
8929ac4d42bffff,Village at Lakeside SW 39,,109.2,8.73,0.0,routed,309.0,approach-review
8929ac4d42fffff,Village at Lakeside W 70,,109.3,8.74,354.0,routed,160.0,approach-review
8929ac4d433ffff,Southland R.V. Park W 97,,124.6,9.96,0.0,routed,285.0,approach-review
8929ac4d437ffff,Southland R.V. Park W 102,,122.2,9.77,0.0,routed,552.0,approach-review
8929ac4d43bffff,Southland R.V. Park W 90,,116.4,9.31,176.0,routed,51.0,network-estimate
8929ac4d443ffff,Southland R.V. Park W 55,,109.1,8.73,1811.0,routed,14.0,network-estimate
8929ac4d447ffff,Southland R.V. Park W 64,,111.0,8.88,1876.0,routed,12.0,network-estimate
8929ac4d44bffff,Southland R.V. Park W 48,,105.8,8.46,1057.0,routed,56.0,network-estimate
8929ac4d44fffff,Southland R.V. Park W 57,,105.2,8.41,1670.0,routed,43.0,network-estimate
8929ac4d453ffff,Southland R.V. Park W 53,,116.0,9.28,1839.0,routed,47.0,network-estimate
8929ac4d457ffff,Southland R.V. Park W 62,,115.7,9.25,1478.0,routed,28.0,network-estimate
8929ac4d45bffff,Southland R.V. Park W 47,,108.5,8.68,1058.0,routed,55.0,network-estimate
8929ac4d463ffff,Village at Lakeside SW 37,,108.5,8.68,11.0,routed,220.0,approach-review
8929ac4d467ffff,Village at Lakeside SW 38,,101.3,8.1,634.0,routed,154.0,approach-review
8929ac4d46bffff,Village at Lakeside SW 36,,102.8,8.23,1762.0,routed,38.0,network-estimate
8929ac4d46fffff,Village at Lakeside W 59,,103.4,8.27,386.0,routed,186.0,approach-review
8929ac4d473ffff,Southland R.V. Park W 73,,114.8,9.18,207.0,routed,181.0,approach-review
8929ac4d477ffff,Southland R.V. Park W 82,,118.7,9.5,359.0,routed,230.0,approach-review
8929ac4d47bffff,Southland R.V. Park W 66,,106.6,8.53,1366.0,routed,33.0,network-estimate
8929ac4d483ffff,Southland R.V. Park W 83,,133.1,10.65,38.0,routed,395.0,approach-review
8929ac4d487ffff,Southland R.V. Park W 91,,132.3,10.59,0.0,routed,264.0,approach-review
8929ac4d48bffff,Southland R.V. Park W 74,,126.0,10.08,365.0,routed,119.0,approach-review
8929ac4d48fffff,Southland R.V. Park W 84,,127.3,10.18,339.0,routed,70.0,network-estimate
8929ac4d493ffff,Southland R.V. Park W 85,,142.8,11.43,0.0,routed,156.0,approach-review
8929ac4d497ffff,Southland R.V. Park W 92,,146.9,11.75,0.0,routed,482.0,approach-review
8929ac4d49bffff,Southland R.V. Park W 75,,131.2,10.5,430.0,routed,141.0,approach-review
8929ac4d4a3ffff,Southland R.V. Park W 99,,130.3,10.43,0.0,routed,195.0,approach-review
8929ac4d4a7ffff,Southland R.V. Park W 105,,122.8,9.82,0.0,routed,293.0,approach-review
8929ac4d4abffff,Southland R.V. Park W 95,,125.6,10.04,223.0,routed,30.0,network-estimate
8929ac4d4afffff,Southland R.V. Park W 101,,129.8,10.38,0.0,routed,355.0,approach-review
8929ac4d4b7ffff,Southland R.V. Park W 104,,128.5,10.28,0.0,routed,250.0,approach-review
8929ac4d4bbffff,Southland R.V. Park W 93,,127.4,10.19,625.0,routed,38.0,network-estimate
8929ac4d4c3ffff,Southland R.V. Park W 58,,124.3,9.95,1700.0,routed,4.0,network-estimate
8929ac4d4c7ffff,Southland R.V. Park W 68,,128.4,10.27,973.0,routed,19.0,network-estimate
8929ac4d4cbffff,Southland R.V. Park W 51,,119.3,9.54,806.0,routed,59.0,network-estimate
8929ac4d4cfffff,Southland R.V. Park W 60,,119.7,9.57,1174.0,routed,18.0,network-estimate
8929ac4d4d3ffff,Southland R.V. Park W 59,,131.2,10.49,248.0,routed,289.0,approach-review
8929ac4d4d7ffff,Southland R.V. Park W 67,,130.0,10.4,264.0,routed,128.0,approach-review
8929ac4d4dbffff,Southland R.V. Park W 50,,123.4,9.87,519.0,routed,142.0,approach-review
8929ac4d503ffff,Park Square Apartments SE 86,,117.4,9.39,646.0,routed,127.0,approach-review
8929ac4d507ffff,Park Square Apartments SE 79,,107.5,8.6,798.0,routed,64.0,network-estimate
8929ac4d50bffff,Park Square Apartments SE 85,,116.6,9.33,1321.0,routed,3.0,network-estimate
8929ac4d50fffff,Park Square Apartments SE 77,,118.5,9.48,679.0,routed,57.0,network-estimate
8929ac4d513ffff,Park Square Apartments SE 94,,130.4,10.43,0.0,routed,404.0,approach-review
8929ac4d51bffff,Park Square Apartments SE 92,,116.8,9.34,0.0,routed,224.0,approach-review
8929ac4d523ffff,Park Square Apartments SE 61,,98.7,7.9,1509.0,routed,29.0,network-estimate
8929ac4d527ffff,Park Square Apartments SE 55,,93.2,7.46,1716.0,routed,84.0,network-estimate
8929ac4d52bffff,Park Square Apartments SE 60,,97.5,7.8,1639.0,routed,76.0,network-estimate
8929ac4d52fffff,Park Square Apartments SE 53,,95.8,7.66,1406.0,routed,86.0,network-estimate
8929ac4d533ffff,Park Square Apartments SE 71,,104.8,8.38,336.0,routed,190.0,approach-review
8929ac4d537ffff,Park Square Apartments SE 64,,98.5,7.88,896.0,routed,32.0,network-estimate
8929ac4d53bffff,Park Square Apartments SE 69,,103.1,8.25,1333.0,routed,31.0,network-estimate
8929ac4d543ffff,Park Square Apartments SE 95,,107.4,8.59,1959.0,routed,64.0,network-estimate
8929ac4d547ffff,Park Square Apartments SE 88,,107.0,8.56,1544.0,routed,76.0,network-estimate
8929ac4d54bffff,Park Square Apartments SE 96,,110.3,8.82,1393.0,routed,54.0,network-estimate
8929ac4d54fffff,Park Square Apartments SE 89,,103.4,8.27,834.0,routed,54.0,network-estimate
8929ac4d553ffff,Park Square Apartments SE 100,,110.5,8.84,223.0,routed,175.0,approach-review
8929ac4d557ffff,Park Square Apartments SE 93,,106.4,8.51,890.0,routed,99.0,network-estimate
8929ac4d55bffff,Park Square Apartments SE 102,,111.1,8.89,1465.0,routed,30.0,network-estimate
8929ac4d563ffff,Park Square Apartments SE 70,,111.4,8.91,0.0,routed,198.0,approach-review
8929ac4d567ffff,Park Square Apartments SE 62,,100.0,8.0,388.0,routed,128.0,approach-review
8929ac4d56bffff,Park Square Apartments SE 73,,93.7,7.5,481.0,routed,127.0,approach-review
8929ac4d56fffff,Park Square Apartments SE 65,,99.4,7.96,0.0,routed,299.0,approach-review
8929ac4d573ffff,Park Square Apartments SE 78,,106.8,8.55,1656.0,routed,35.0,network-estimate
8929ac4d577ffff,Park Square Apartments SE 68,,112.8,9.02,392.0,routed,118.0,approach-review
8929ac4d57bffff,Park Square Apartments SE 80,,113.9,9.11,1073.0,routed,78.0,network-estimate
8929ac4d583ffff,Park Square Apartments SE 103,,129.4,10.35,0.0,routed,255.0,approach-review
8929ac4d58bffff,Park Square Apartments SE 101,,127.3,10.19,770.0,routed,66.0,network-estimate
8929ac4d593ffff,Park Square Apartments SE 109,,132.7,10.62,0.0,routed,353.0,approach-review
8929ac4d59bffff,Park Square Apartments SE 108,,128.5,10.28,854.0,routed,27.0,network-estimate
8929ac4d5a3ffff,Park Square Apartments S 83,,109.8,8.78,365.0,routed,164.0,approach-review
8929ac4d5a7ffff,Park Square Apartments S 74,,107.4,8.6,440.0,routed,128.0,approach-review
8929ac4d5abffff,Park Square Apartments SE 81,,109.3,8.74,321.0,routed,187.0,approach-review
8929ac4d5afffff,Park Square Apartments SE 74,,102.1,8.17,1314.0,routed,45.0,network-estimate
8929ac4d5b3ffff,Park Square Apartments S 93,,110.5,8.84,365.0,routed,226.0,approach-review
8929ac4d5b7ffff,Park Square Apartments S 85,,129.1,10.32,0.0,routed,345.0,approach-review
8929ac4d5c3ffff,Park Square Apartments SE 104,,116.5,9.32,1194.0,routed,96.0,network-estimate
8929ac4d5c7ffff,Park Square Apartments SE 99,,122.0,9.76,0.0,routed,245.0,approach-review
8929ac4d5cbffff,Park Square Apartments SE 105,,114.1,9.13,0.0,routed,232.0,approach-review
8929ac4d5cfffff,Park Square Apartments SE 98,,112.4,8.99,614.0,routed,50.0,network-estimate
8929ac4d5d3ffff,Park Square Apartments SE 111,,125.4,10.04,1377.0,routed,67.0,network-estimate
8929ac4d5d7ffff,Park Square Apartments SE 106,,122.9,9.83,1613.0,routed,47.0,network-estimate
8929ac4d5dbffff,Park Square Apartments SE 110,,118.4,9.47,0.0,routed,252.0,approach-review
8929ac4d603ffff,Village at Lakeside SW 26,,100.5,8.04,1199.0,routed,56.0,network-estimate
8929ac4d607ffff,Village at Lakeside SW 28,,87.0,6.96,1726.0,routed,94.0,network-estimate
8929ac4d60bffff,Village at Lakeside SW 22,,92.3,7.38,1678.0,routed,40.0,network-estimate
8929ac4d60fffff,Village at Lakeside SW 25,,92.6,7.41,1269.0,routed,46.0,network-estimate
8929ac4d613ffff,Village at Lakeside SW 27,,96.9,7.75,1640.0,routed,34.0,network-estimate
8929ac4d617ffff,Village at Lakeside SW 29,,97.5,7.8,1079.0,routed,101.0,approach-review
8929ac4d61bffff,Village at Lakeside SW 24,,96.8,7.75,1433.0,routed,22.0,network-estimate
8929ac4d623ffff,Village at Lakeside W 37,,86.4,6.91,1283.0,routed,71.0,network-estimate
8929ac4d627ffff,Village at Lakeside W 42,,85.2,6.82,1285.0,routed,34.0,network-estimate
8929ac4d62bffff,Village at Lakeside W 29,,78.0,6.24,1378.0,routed,38.0,network-estimate
8929ac4d62fffff,Village at Lakeside W 35,,82.3,6.59,655.0,routed,47.0,network-estimate
8929ac4d633ffff,Village at Lakeside W 38,,85.8,6.86,1837.0,routed,132.0,approach-review
8929ac4d637ffff,Village at Lakeside W 43,,88.3,7.07,1806.0,routed,54.0,network-estimate
8929ac4d63bffff,Village at Lakeside W 31,,81.7,6.54,1569.0,routed,70.0,network-estimate
8929ac4d643ffff,Village at Lakeside SW 16,,85.3,6.82,1439.0,routed,15.0,network-estimate
8929ac4d647ffff,Village at Lakeside SW 18,,88.2,7.06,1628.0,routed,62.0,network-estimate
8929ac4d64bffff,Village at Lakeside SW 12,,87.6,7.01,1294.0,routed,34.0,network-estimate
8929ac4d64fffff,Village at Lakeside SW 14,,80.9,6.47,1929.0,routed,6.0,network-estimate
8929ac4d653ffff,Village at Lakeside SW 19,,89.7,7.18,1670.0,routed,18.0,network-estimate
8929ac4d657ffff,Village at Lakeside SW 20,,97.9,7.83,730.0,routed,77.0,network-estimate
8929ac4d65bffff,Village at Lakeside SW 15,,94.2,7.53,1239.0,routed,38.0,network-estimate
8929ac4d663ffff,Village at Lakeside W 19,,83.3,6.67,1471.0,routed,30.0,network-estimate
8929ac4d667ffff,Village at Lakeside W 23,,78.3,6.27,1452.0,routed,55.0,network-estimate
8929ac4d66bffff,Village at Lakeside W 13,,86.6,6.93,1069.0,routed,75.0,network-estimate
8929ac4d66fffff,Village at Lakeside W 17,,78.8,6.3,1863.0,routed,42.0,network-estimate
8929ac4d673ffff,Village at Lakeside SW 21,,87.8,7.02,1673.0,routed,38.0,network-estimate
8929ac4d677ffff,Village at Lakeside W 25,,83.7,6.7,1874.0,routed,79.0,network-estimate
8929ac4d67bffff,Village at Lakeside W 15,,88.1,7.05,1178.0,routed,15.0,network-estimate
8929ac4d683ffff,Southland R.V. Park W 35,,109.5,8.76,1493.0,routed,142.0,approach-review
8929ac4d687ffff,Southland R.V. Park W 42,,98.5,7.88,290.0,routed,116.0,approach-review
8929ac4d68bffff,Southland R.V. Park W 31,,102.0,8.16,1373.0,routed,84.0,network-estimate
8929ac4d68fffff,Southland R.V. Park W 39,,96.2,7.7,1059.0,routed,14.0,network-estimate
8929ac4d693ffff,Southland R.V. Park W 34,,110.0,8.8,551.0,routed,50.0,network-estimate
8929ac4d697ffff,Southland R.V. Park W 41,,103.5,8.28,1688.0,routed,9.0,network-estimate
8929ac4d69bffff,Southland R.V. Park W 30,,109.2,8.73,1673.0,routed,15.0,network-estimate
8929ac4d6a3ffff,Village at Lakeside SW 33,,95.0,7.6,2360.0,routed,29.0,network-estimate
8929ac4d6a7ffff,Village at Lakeside SW 34,,96.8,7.75,2082.0,routed,42.0,network-estimate
8929ac4d6abffff,Village at Lakeside SW 30,,89.6,7.17,1873.0,routed,35.0,network-estimate
8929ac4d6afffff,Village at Lakeside SW 32,,90.4,7.23,1645.0,routed,75.0,network-estimate
8929ac4d6b3ffff,Southland R.V. Park W 49,,99.6,7.97,956.0,routed,24.0,network-estimate
8929ac4d6b7ffff,Village at Lakeside SW 35,,100.8,8.06,1577.0,routed,27.0,network-estimate
8929ac4d6bbffff,Village at Lakeside SW 31,,93.5,7.48,791.0,routed,23.0,network-estimate
8929ac4d6c3ffff,Southland R.V. Park NW 19,,100.9,8.08,1311.0,routed,30.0,network-estimate
8929ac4d6c7ffff,Southland R.V. Park NW 20,,102.3,8.19,1586.0,routed,38.0,network-estimate
8929ac4d6cbffff,Southland R.V. Park NW 18,,101.0,8.08,789.0,routed,74.0,network-estimate
8929ac4d6cfffff,Village at Lakeside SW 23,,97.8,7.83,1089.0,routed,54.0,network-estimate
8929ac4d6d3ffff,Southland R.V. Park W 23,,105.6,8.45,1664.0,routed,57.0,network-estimate
8929ac4d6d7ffff,Southland R.V. Park W 27,,106.0,8.48,1703.0,routed,48.0,network-estimate
8929ac4d6dbffff,Southland R.V. Park NW 17,,100.4,8.03,1671.0,routed,95.0,network-estimate
8929ac4d803ffff,Park Square Apartments N 10,,41.6,3.33,1616.0,routed,164.0,approach-review
8929ac4d807ffff,Highgate - West Ming Village A E 25,,38.3,3.07,1919.0,routed,100.0,network-estimate
8929ac4d80bffff,Park Square Apartments N 11,,36.9,2.95,1775.0,routed,38.0,network-estimate
8929ac4d80fffff,Highgate - West Ming Village A E 27,,39.6,3.17,2116.0,routed,42.0,network-estimate
8929ac4d813ffff,Park Square Apartments N 7,,45.4,3.63,881.0,routed,107.0,approach-review
8929ac4d817ffff,Park Square Apartments N 8,,42.2,3.38,1007.0,routed,212.0,approach-review
8929ac4d81bffff,Park Square Apartments N 9,,37.6,3.01,1085.0,routed,3.0,network-estimate
8929ac4d823ffff,Highgate - West Ming Village A E 24,,38.2,3.05,1091.0,routed,42.0,network-estimate
8929ac4d827ffff,Highgate - West Ming Village A NE 13,,35.8,2.87,1803.0,routed,75.0,network-estimate
8929ac4d82bffff,Highgate - West Ming Village A NE 20,,32.4,2.59,1986.0,routed,39.0,network-estimate
8929ac4d82fffff,Highgate - West Ming Village A NE 17,,32.2,2.58,1284.0,routed,48.0,network-estimate
8929ac4d833ffff,Highgate - West Ming Village A E 23,,44.1,3.52,2365.0,routed,101.0,approach-review
8929ac4d837ffff,Highgate - West Ming Village A E 20,,41.3,3.3,1432.0,routed,62.0,network-estimate
8929ac4d83bffff,Highgate - West Ming Village A E 26,,35.0,2.8,1041.0,routed,77.0,network-estimate
8929ac4d843ffff,The Springs Apartment Homes W 15,,25.6,2.05,1713.0,routed,118.0,approach-review
8929ac4d847ffff,The Springs Apartment Homes W 17,,30.1,2.41,1506.0,routed,225.0,approach-review
8929ac4d84bffff,The Springs Apartment Homes W 10,,20.5,1.64,772.0,routed,26.0,network-estimate
8929ac4d84fffff,The Springs Apartment Homes W 14,,24.5,1.96,1778.0,routed,75.0,network-estimate
8929ac4d853ffff,Park Square Apartments NE 14,,33.2,2.66,1290.0,routed,221.0,approach-review
8929ac4d857ffff,Park Square Apartments NE 13,,36.8,2.95,310.0,routed,215.0,approach-review
8929ac4d85bffff,The Springs Apartment Homes W 12,,27.1,2.17,1689.0,routed,72.0,network-estimate
8929ac4d863ffff,Highgate - West Ming Village A E 30,,30.7,2.45,1142.0,routed,28.0,network-estimate
8929ac4d867ffff,Highgate - West Ming Village A NE 23,,28.2,2.25,1129.0,routed,10.0,network-estimate
8929ac4d86bffff,The Springs Apartment Homes W 19,,25.4,2.03,1496.0,routed,37.0,network-estimate
8929ac4d86fffff,Highgate - West Ming Village A NE 27,,23.9,1.92,183.0,routed,31.0,network-estimate
8929ac4d873ffff,Highgate - West Ming Village A E 29,,36.1,2.89,1589.0,routed,64.0,network-estimate
8929ac4d877ffff,Highgate - West Ming Village A E 28,,36.1,2.89,1937.0,routed,59.0,network-estimate
8929ac4d87bffff,The Springs Apartment Homes W 18,,26.9,2.15,1629.0,routed,76.0,network-estimate
8929ac4d883ffff,Park Square Apartments N 3,,53.8,4.31,2172.0,routed,27.0,network-estimate
8929ac4d887ffff,Park Square Apartments N 4,,56.1,4.49,476.0,routed,205.0,approach-review
8929ac4d88bffff,Park Square Apartments N 5,,46.3,3.7,2114.0,routed,8.0,network-estimate
8929ac4d88fffff,Park Square Apartments N 6,,50.3,4.02,1516.0,routed,205.0,approach-review
8929ac4d893ffff,Park Square Apartments N,,60.0,4.8,2334.0,routed,6.0,network-estimate
8929ac4d897ffff,Park Square Apartments NW 2,,59.5,4.76,2064.0,routed,120.0,approach-review
8929ac4d89bffff,Park Square Apartments N 2,,54.1,4.33,516.0,routed,127.0,approach-review
8929ac4d8a3ffff,Highgate - West Ming Village A E 17,,48.8,3.9,800.0,routed,370.0,approach-review
8929ac4d8a7ffff,Highgate - West Ming Village A E 13,,40.0,3.2,1302.0,routed,342.0,approach-review
8929ac4d8abffff,Highgate - West Ming Village A E 21,,45.9,3.67,1230.0,routed,136.0,approach-review
8929ac4d8afffff,Highgate - West Ming Village A E 18,,46.8,3.74,1620.0,routed,222.0,approach-review
8929ac4d8b3ffff,Highgate - West Ming Village A E 19,,59.5,4.76,758.0,routed,441.0,approach-review
8929ac4d8b7ffff,Highgate - West Ming Village A E 14,,52.5,4.2,953.0,routed,510.0,approach-review
8929ac4d8bbffff,Highgate - West Ming Village A E 22,,56.7,4.54,749.0,routed,460.0,approach-review
8929ac4d8c3ffff,Park Square Apartments NE 7,,56.8,4.55,396.0,routed,315.0,approach-review
8929ac4d8c7ffff,Park Square Apartments NE 6,,44.4,3.55,379.0,routed,208.0,approach-review
8929ac4d8cbffff,Park Square Apartments NE 11,,61.3,4.9,1160.0,routed,89.0,network-estimate
8929ac4d8cfffff,Park Square Apartments NE 9,,42.1,3.37,15.0,routed,217.0,approach-review
8929ac4d8d3ffff,Park Square Apartments NE 4,,53.6,4.29,1763.0,routed,57.0,network-estimate
8929ac4d8d7ffff,Park Square Apartments NE 3,,48.3,3.87,1070.0,routed,287.0,approach-review
8929ac4d8dbffff,Park Square Apartments NE 8,,63.6,5.09,1100.0,routed,276.0,approach-review
8929ac4d903ffff,Highgate - West Ming Village A NE 8,,36.6,2.93,1004.0,routed,76.0,network-estimate
8929ac4d907ffff,Village Greens Gated Neighborhood E 3,,32.5,2.6,1500.0,routed,32.0,network-estimate
8929ac4d90bffff,Highgate - West Ming Village A NE 10,,24.6,1.97,1612.0,routed,29.0,network-estimate
8929ac4d90fffff,Village Greens Gated Neighborhood E 5,,25.8,2.07,1287.0,routed,67.0,network-estimate
8929ac4d913ffff,Highgate - West Ming Village A NE 6,,40.0,3.2,0.0,routed,349.0,approach-review
8929ac4d917ffff,2800 Acre Water Bank NE 30,,36.5,2.92,80.0,routed,183.0,approach-review
8929ac4d91bffff,2800 Acre Water Bank NE 31,,28.8,2.31,292.0,routed,200.0,approach-review
8929ac4d923ffff,Village Greens Gated Neighborhood NE 3,,30.2,2.42,1134.0,routed,24.0,network-estimate
8929ac4d927ffff,Village Greens Gated Neighborhood NE 2,,38.1,3.05,1542.0,routed,91.0,network-estimate
8929ac4d92bffff,Village Greens Gated Neighborhood NE 5,,27.8,2.23,1288.0,routed,22.0,network-estimate
8929ac4d92fffff,Village Greens Gated Neighborhood NE 4,,31.2,2.5,1559.0,routed,68.0,network-estimate
8929ac4d933ffff,Village Greens Gated Neighborhood E 2,,36.0,2.88,1212.0,routed,50.0,network-estimate
8929ac4d937ffff,Village Greens Gated Neighborhood NE,,36.5,2.92,1673.0,routed,8.0,network-estimate
8929ac4d93bffff,Village Greens Gated Neighborhood E 4,,29.4,2.35,1463.0,routed,56.0,network-estimate
8929ac4d943ffff,Highgate - West Ming Village A NE 14,,17.3,1.38,0.0,routed,143.0,approach-review
8929ac4d947ffff,Highgate - West Ming Village A NE 12,,21.9,1.75,517.0,routed,26.0,network-estimate
8929ac4d94bffff,Highgate - West Ming Village A NE 18,,14.3,1.14,0.0,routed,27.0,network-estimate
8929ac4d94fffff,Highgate - West Ming Village A NE 16,,16.7,1.34,0.0,routed,43.0,network-estimate
8929ac4d953ffff,2800 Acre Water Bank NE 34,,39.1,3.13,303.0,routed,146.0,approach-review
8929ac4d957ffff,2800 Acre Water Bank NE 33,,24.8,1.99,566.0,routed,186.0,approach-review
8929ac4d95bffff,2800 Acre Water Bank NE 35,,31.8,2.54,245.0,routed,134.0,approach-review
8929ac4d963ffff,Village Greens Gated Neighborhood NE 9,,15.5,1.24,757.0,routed,35.0,network-estimate
8929ac4d967ffff,Village Greens Gated Neighborhood NE 8,,21.9,1.75,739.0,routed,46.0,network-estimate
8929ac4d96bffff,Masterpiece Parke SE 11,,12.1,0.97,1714.0,routed,48.0,network-estimate
8929ac4d96fffff,Masterpiece Parke S 5,,20.0,1.6,396.0,routed,168.0,approach-review
8929ac4d973ffff,Village Greens Gated Neighborhood E 7,,19.9,1.59,1306.0,routed,13.0,network-estimate
8929ac4d977ffff,Village Greens Gated Neighborhood E 6,,21.9,1.75,529.0,routed,49.0,network-estimate
8929ac4d97bffff,Highgate - West Ming Village A NE 15,,14.0,1.12,149.0,routed,22.0,network-estimate
8929ac4d983ffff,Highgate - West Ming Village A NE 3,,25.6,2.05,1287.0,routed,251.0,approach-review
8929ac4d987ffff,Highgate - West Ming Village A NE 2,,15.5,1.24,240.0,routed,532.0,approach-review
8929ac4d98bffff,Highgate - West Ming Village A NE 5,,24.9,2.0,0.0,routed,199.0,approach-review
8929ac4d98fffff,Highgate - West Ming Village A NE 4,,27.9,2.23,0.0,routed,438.0,approach-review
8929ac4d993ffff,Highgate - West Ming Village A E 2,,28.7,2.3,1795.0,routed,342.0,approach-review
8929ac4d997ffff,Highgate - West Ming Village A NE,,12.9,1.03,1593.0,routed,503.0,approach-review
8929ac4d99bffff,Highgate - West Ming Village A E 5,,25.0,2.0,2300.0,routed,22.0,network-estimate
8929ac4d9a3ffff,2800 Acre Water Bank NE 28,,45.5,3.64,0.0,routed,195.0,approach-review
8929ac4d9a7ffff,Village Greens Gated Neighborhood S,,47.0,3.76,941.0,routed,214.0,approach-review
8929ac4d9abffff,Village Greens Gated Neighborhood SE,,39.8,3.19,917.0,routed,34.0,network-estimate
8929ac4d9afffff,Village Greens Gated Neighborhood E,,41.7,3.33,1368.0,routed,29.0,network-estimate
8929ac4d9b3ffff,Highgate - West Ming Village A N 2,,13.7,1.1,0.0,routed,387.0,approach-review
8929ac4d9b7ffff,Village Greens Gated Neighborhood S 2,,49.8,3.99,0.0,routed,443.0,approach-review
8929ac4d9bbffff,2800 Acre Water Bank NE 29,,44.0,3.52,0.0,routed,363.0,approach-review
8929ac4d9c3ffff,Highgate - West Ming Village A NE 9,,42.8,3.42,1591.0,routed,12.0,network-estimate
8929ac4d9c7ffff,Highgate - West Ming Village A NE 7,,32.6,2.61,370.0,routed,135.0,approach-review
8929ac4d9cbffff,Highgate - West Ming Village A NE 11,,43.9,3.51,1130.0,routed,108.0,approach-review
8929ac4d9cfffff,2800 Acre Water Bank NE 32,,41.5,3.32,1088.0,routed,60.0,network-estimate
8929ac4d9d3ffff,Highgate - West Ming Village A E 11,,33.9,2.71,1319.0,routed,166.0,approach-review
8929ac4d9d7ffff,Highgate - West Ming Village A E 9,,27.3,2.18,1623.0,routed,46.0,network-estimate
8929ac4d9dbffff,Highgate - West Ming Village A E 15,,36.2,2.9,1582.0,routed,44.0,network-estimate
8929ac4da03ffff,The Springs Apartment Homes NW 5,,3.3,0.26,223.0,routed,17.0,network-estimate
8929ac4da07ffff,The Springs Apartment Homes NW 9,,4.7,0.38,0.0,routed,26.0,network-estimate
8929ac4da0bffff,The Springs Apartment Homes NW 6,,8.8,0.7,638.0,routed,18.0,network-estimate
8929ac4da0fffff,The Springs Apartment Homes NW 8,,9.7,0.77,337.0,routed,20.0,network-estimate
8929ac4da13ffff,The Springs Apartment Homes NW 4,,3.9,0.31,257.0,routed,1.0,network-estimate
8929ac4da17ffff,The Springs Apartment Homes NW 7,,13.6,1.09,563.0,routed,16.0,network-estimate
8929ac4da1bffff,The Springs Apartment Homes NW 3,,9.6,0.76,0.0,routed,204.0,approach-review
8929ac4da23ffff,Kern River Parkway Park SW,,14.8,1.18,0.0,routed,68.0,network-estimate
8929ac4da27ffff,Kern River Parkway Park W 2,,4.0,0.32,0.0,routed,208.0,approach-review
8929ac4da2bffff,Kern River Parkway Park,,15.1,1.21,0.0,routed,267.0,approach-review
8929ac4da2fffff,Kern River Parkway Park W,,7.3,0.58,0.0,routed,266.0,approach-review
8929ac4da33ffff,The Springs Apartment Homes NW 12,,20.0,1.6,448.0,routed,101.0,approach-review
8929ac4da37ffff,The Springs Apartment Homes NW 14,,13.5,1.08,0.0,routed,24.0,network-estimate
8929ac4da3bffff,The Springs Apartment Homes NW 11,,10.8,0.86,386.0,routed,6.0,network-estimate
8929ac4da43ffff,The Springs Apartment Homes N 4,,9.9,0.79,1903.0,routed,50.0,network-estimate
8929ac4da47ffff,The Springs Apartment Homes N 5,,15.6,1.24,42.0,routed,12.0,network-estimate
8929ac4da4bffff,The Springs Apartment Homes N 6,,11.3,0.91,1531.0,routed,27.0,network-estimate
8929ac4da4fffff,The Springs Apartment Homes N 7,,4.2,0.34,750.0,routed,37.0,network-estimate
8929ac4da53ffff,The Springs Apartment Homes N 2,,17.0,1.36,2060.0,routed,9.0,network-estimate
8929ac4da57ffff,The Springs Apartment Homes N 3,,12.1,0.97,1152.0,routed,36.0,network-estimate
8929ac4da5bffff,The Springs Apartment Homes NE 5,,16.4,1.31,1091.0,routed,47.0,network-estimate
8929ac4da63ffff,Kern River Parkway Park E,,17.1,1.37,0.0,routed,406.0,approach-review
8929ac4da67ffff,Kern River Parkway Park NE,,39.2,3.14,0.0,routed,370.0,approach-review
8929ac4da6bffff,Kern River Parkway Park E 2,,11.4,0.91,0.0,routed,251.0,approach-review
8929ac4da6fffff,The Springs Apartment Homes N 13,,40.6,3.24,209.0,routed,127.0,approach-review
8929ac4da73ffff,Kern River Parkway Park SE 2,,12.6,1.01,0.0,routed,45.0,network-estimate
8929ac4da77ffff,Kern River Parkway Park SE,,12.8,1.02,0.0,routed,234.0,approach-review
8929ac4da7bffff,Kern River Parkway Park E 3,,11.1,0.89,0.0,routed,169.0,approach-review
8929ac4da83ffff,The Springs Apartment Homes W 4,,12.0,0.96,590.0,routed,29.0,network-estimate
8929ac4da87ffff,The Springs Apartment Homes W 8,,14.6,1.17,426.0,routed,33.0,network-estimate
8929ac4da8bffff,The Springs Apartment Homes W 3,,10.1,0.81,713.0,routed,70.0,network-estimate
8929ac4da8fffff,The Springs Apartment Homes W 6,,14.9,1.2,60.0,routed,68.0,network-estimate
8929ac4da93ffff,The Springs Apartment Homes W 5,,18.8,1.51,1873.0,routed,90.0,network-estimate
8929ac4da97ffff,The Springs Apartment Homes W 7,,18.1,1.45,1141.0,routed,21.0,network-estimate
8929ac4da9bffff,The Springs Apartment Homes W 2,,14.5,1.16,1359.0,routed,24.0,network-estimate
8929ac4daa3ffff,The Springs Apartment Homes W 13,,21.3,1.71,548.0,routed,4.0,network-estimate
8929ac4daa7ffff,Windsor Park,,20.6,1.65,1832.0,routed,21.0,network-estimate
8929ac4daabffff,The Springs Apartment Homes NW 10,,9.1,0.72,475.0,routed,33.0,network-estimate
8929ac4daafffff,The Springs Apartment Homes NW 13,,19.4,1.55,393.0,routed,49.0,network-estimate
8929ac4dab3ffff,The Springs Apartment Homes W 11,,20.7,1.65,572.0,routed,8.0,network-estimate
8929ac4dab7ffff,The Springs Apartment Homes W 16,,23.1,1.85,1603.0,routed,52.0,network-estimate
8929ac4dabbffff,The Springs Apartment Homes W 9,,9.1,0.73,183.0,routed,33.0,network-estimate
8929ac4dac3ffff,The Springs Apartment Homes NW,,21.4,1.71,1075.0,routed,49.0,network-estimate
8929ac4dac7ffff,The Springs Apartment Homes NW 2,,12.9,1.03,0.0,routed,123.0,approach-review
8929ac4dacbffff,The Springs Apartment Homes NE,,20.4,1.63,1792.0,routed,39.0,network-estimate
8929ac4dacfffff,The Springs Apartment Homes N,,17.6,1.41,1260.0,routed,103.0,approach-review
8929ac4dad3ffff,The Springs Apartment Homes,,24.0,1.92,895.0,routed,117.0,approach-review
8929ac4dad7ffff,The Springs Apartment Homes W,,15.2,1.22,826.0,routed,31.0,network-estimate
8929ac4dadbffff,The Springs Apartment Homes E,,23.7,1.89,1548.0,routed,12.0,network-estimate
8929ac4db03ffff,Masterpiece Parke SE 17,,15.8,1.26,1775.0,routed,162.0,approach-review
8929ac4db07ffff,Masterpiece Parke SE 16,,23.7,1.9,1035.0,routed,137.0,approach-review
8929ac4db0bffff,Masterpiece Parke E 18,,25.5,2.04,895.0,routed,153.0,approach-review
8929ac4db0fffff,Masterpiece Parke E 15,,19.7,1.57,1437.0,routed,44.0,network-estimate
8929ac4db13ffff,Highgate - West Ming Village A NE 29,,16.4,1.31,1202.0,routed,348.0,approach-review
8929ac4db17ffff,Highgate - West Ming Village A NE 28,,13.6,1.09,2182.0,routed,125.0,approach-review
8929ac4db1bffff,Highgate - West Ming Village A NE 30,,33.6,2.69,1322.0,routed,480.0,approach-review
8929ac4db23ffff,Masterpiece Parke E 10,,37.0,2.96,1116.0,routed,33.0,network-estimate
8929ac4db27ffff,Masterpiece Parke E 7,,35.4,2.84,1901.0,routed,97.0,network-estimate
8929ac4db2bffff,Masterpiece Parke E 12,,27.7,2.22,1592.0,routed,26.0,network-estimate
8929ac4db2fffff,Masterpiece Parke E 9,,33.4,2.67,1685.0,routed,57.0,network-estimate
8929ac4db33ffff,Masterpiece Parke SE 13,,25.5,2.04,1165.0,routed,100.0,network-estimate
8929ac4db37ffff,Masterpiece Parke SE 9,,33.9,2.71,1649.0,routed,25.0,network-estimate
8929ac4db3bffff,Masterpiece Parke E 13,,24.3,1.95,0.0,routed,67.0,network-estimate
8929ac4db43ffff,The Springs Apartment Homes NW 24,,16.7,1.34,1017.0,routed,147.0,approach-review
8929ac4db47ffff,Masterpiece Parke E 20,,25.0,2.0,1320.0,routed,16.0,network-estimate
8929ac4db4bffff,The Springs Apartment Homes NW 22,,13.7,1.1,1937.0,routed,15.0,network-estimate
8929ac4db4fffff,The Springs Apartment Homes NW 28,,14.6,1.16,1259.0,routed,30.0,network-estimate
8929ac4db53ffff,The Springs Apartment Homes NW 20,,3.5,0.28,1237.0,routed,28.0,network-estimate
8929ac4db57ffff,The Springs Apartment Homes NW 26,,30.4,2.44,650.0,routed,245.0,approach-review
8929ac4db5bffff,The Springs Apartment Homes NW 18,,2.3,0.18,82.0,routed,70.0,network-estimate
8929ac4db63ffff,Masterpiece Parke E 16,,26.3,2.11,1516.0,routed,50.0,network-estimate
8929ac4db67ffff,Masterpiece Parke E 14,,28.8,2.31,1092.0,routed,52.0,network-estimate
8929ac4db6bffff,Sablewood Gardens Apartments SE 8,,27.3,2.18,367.0,routed,129.0,approach-review
8929ac4db6fffff,Sablewood Gardens Apartments SE 7,,37.2,2.98,680.0,routed,103.0,approach-review
8929ac4db73ffff,Masterpiece Parke E 17,,26.5,2.12,1506.0,routed,53.0,network-estimate
8929ac4db77ffff,Liberty Park,,24.7,1.97,534.0,routed,105.0,approach-review
8929ac4db7bffff,Masterpiece Parke E 19,,22.5,1.8,1908.0,routed,42.0,network-estimate
8929ac4db83ffff,Kern River Parkway Park W 6,,21.7,1.74,0.0,routed,118.0,approach-review
8929ac4db87ffff,Aera Park,,15.5,1.24,0.0,routed,47.0,network-estimate
8929ac4db8bffff,Kern River Parkway Park W 5,,28.2,2.26,0.0,routed,180.0,approach-review
8929ac4db8fffff,Highgate - West Ming Village A NE 26,,12.6,1.01,179.0,routed,240.0,approach-review
8929ac4db93ffff,Highgate - West Ming Village A NE 22,,22.0,1.76,826.0,routed,29.0,network-estimate
8929ac4db97ffff,2800 Acre Water Bank NE 36,,28.0,2.24,364.0,routed,82.0,network-estimate
8929ac4db9bffff,Highgate - West Ming Village A NE 25,,24.3,1.95,278.0,routed,39.0,network-estimate
8929ac4dba3ffff,Masterpiece Parke SE 14,,0.5,0.04,2316.0,routed,12.0,network-estimate
8929ac4dba7ffff,Masterpiece Parke SE 10,,6.8,0.55,1719.0,routed,77.0,network-estimate
8929ac4dbabffff,Masterpiece Parke SE 15,,5.2,0.41,1204.0,routed,104.0,approach-review
8929ac4dbafffff,Masterpiece Parke SE 12,,34.3,2.74,603.0,routed,118.0,approach-review
8929ac4dbb3ffff,Highgate - West Ming Village A NE 21,,5.1,0.41,1219.0,routed,94.0,network-estimate
8929ac4dbb7ffff,Highgate - West Ming Village A NE 19,,6.3,0.51,2131.0,routed,9.0,network-estimate
8929ac4dbbbffff,Highgate - West Ming Village A NE 24,,5.8,0.47,1564.0,routed,68.0,network-estimate
8929ac4dbc3ffff,Kern River Parkway Park SW 2,,19.3,1.54,0.0,routed,93.0,network-estimate
8929ac4dbc7ffff,Kern River Parkway Park W 4,,27.3,2.18,49.0,routed,348.0,approach-review
8929ac4dbcbffff,Kern River Parkway Park W 3,,11.6,0.93,737.0,routed,169.0,approach-review
8929ac4dbcfffff,The Springs Apartment Homes NW 21,,8.5,0.68,704.0,routed,362.0,approach-review
8929ac4dbd3ffff,The Springs Apartment Homes W 20,,19.3,1.55,399.0,routed,59.0,network-estimate
8929ac4dbd7ffff,The Park at River Walk,,23.3,1.86,0.0,routed,26.0,network-estimate
8929ac4dbdbffff,The Springs Apartment Homes NW 15,,13.9,1.11,913.0,routed,42.0,network-estimate
8929ac4dc03ffff,Park Square Apartments SE 2,,75.2,6.02,827.0,routed,64.0,network-estimate
8929ac4dc07ffff,Park Square Apartments S 2,,69.7,5.58,1457.0,routed,63.0,network-estimate
8929ac4dc0bffff,Park Square Apartments SE 3,,73.4,5.88,1359.0,routed,36.0,network-estimate
8929ac4dc0fffff,Park Square Apartments SE,,68.2,5.46,1775.0,routed,91.0,network-estimate
8929ac4dc13ffff,Park Square Apartments S 5,,78.0,6.24,298.0,routed,38.0,network-estimate
8929ac4dc17ffff,Park Square Apartments S 4,,74.0,5.92,1017.0,routed,21.0,network-estimate
8929ac4dc1bffff,Park Square Apartments SE 4,,75.6,6.05,964.0,routed,106.0,approach-review
8929ac4dc23ffff,Park Square Apartments W,,67.6,5.41,1186.0,routed,35.0,network-estimate
8929ac4dc27ffff,Park Square Apartments W 2,,60.6,4.85,2221.0,routed,33.0,network-estimate
8929ac4dc2bffff,Park Square Apartments,,60.8,4.87,1898.0,routed,45.0,network-estimate
8929ac4dc2fffff,Park Square Apartments NW,,61.6,4.93,1621.0,routed,195.0,approach-review
8929ac4dc33ffff,Park Square Apartments SW,,68.8,5.5,1990.0,routed,24.0,network-estimate
8929ac4dc37ffff,Park Square Apartments SW 2,,65.2,5.22,1769.0,routed,28.0,network-estimate
8929ac4dc3bffff,Park Square Apartments S,,71.1,5.69,2045.0,routed,85.0,network-estimate
8929ac4dc43ffff,Park Square Apartments E 8,,61.4,4.91,1632.0,routed,148.0,approach-review
8929ac4dc47ffff,Park Square Apartments E 6,,62.5,5.0,1802.0,routed,23.0,network-estimate
8929ac4dc4bffff,Park Square Apartments E 11,,55.7,4.45,1713.0,routed,65.0,network-estimate
8929ac4dc4fffff,Tevis Park,,55.8,4.46,1147.0,routed,44.0,network-estimate
8929ac4dc53ffff,Park Square Apartments SE 8,,66.2,5.29,1435.0,routed,31.0,network-estimate
8929ac4dc57ffff,Park Square Apartments SE 5,,67.3,5.38,1401.0,routed,33.0,network-estimate
8929ac4dc5bffff,Park Square Apartments E 12,,59.6,4.77,1102.0,routed,149.0,approach-review
8929ac4dc63ffff,Park Square Apartments E 2,,59.2,4.74,1474.0,routed,34.0,network-estimate
8929ac4dc67ffff,Park Square Apartments NE,,59.9,4.79,1334.0,routed,32.0,network-estimate
8929ac4dc6bffff,Park Square Apartments E 5,,59.8,4.79,2381.0,routed,16.0,network-estimate
8929ac4dc6fffff,Park Square Apartments NE 2,,60.1,4.81,935.0,routed,66.0,network-estimate
8929ac4dc73ffff,Park Square Apartments E 3,,63.8,5.11,1769.0,routed,6.0,network-estimate
8929ac4dc77ffff,Park Square Apartments E,,64.0,5.12,1672.0,routed,16.0,network-estimate
8929ac4dc7bffff,Park Square Apartments E 4,,57.9,4.63,1446.0,routed,18.0,network-estimate
8929ac4dc83ffff,Park Square Apartments S 11,,83.0,6.64,501.0,routed,67.0,network-estimate
8929ac4dc87ffff,Park Square Apartments S 10,,85.0,6.8,0.0,routed,410.0,approach-review
8929ac4dc8bffff,Park Square Apartments S 9,,84.1,6.73,1585.0,routed,21.0,network-estimate
8929ac4dc8fffff,Park Square Apartments S 7,,79.2,6.33,640.0,routed,84.0,network-estimate
8929ac4dc93ffff,Park Square Apartments S 15,,90.0,7.2,1837.0,routed,24.0,network-estimate
8929ac4dc97ffff,Park Square Apartments S 14,,95.5,7.64,363.0,routed,202.0,approach-review
8929ac4dc9bffff,Park Square Apartments S 13,,92.2,7.37,904.0,routed,61.0,network-estimate
8929ac4dca3ffff,Park Square Apartments SW 5,,79.0,6.32,314.0,routed,87.0,network-estimate
8929ac4dca7ffff,Park Square Apartments SW 6,,82.7,6.61,0.0,routed,381.0,approach-review
8929ac4dcabffff,Park Square Apartments S 3,,76.2,6.09,884.0,routed,11.0,network-estimate
8929ac4dcafffff,Park Square Apartments SW 3,,76.5,6.12,0.0,routed,215.0,approach-review
8929ac4dcb3ffff,Park Square Apartments S 8,,82.5,6.6,0.0,routed,334.0,approach-review
8929ac4dcb7ffff,Park Square Apartments SW 8,,83.5,6.68,0.0,routed,452.0,approach-review
8929ac4dcbbffff,Park Square Apartments S 6,,80.5,6.44,160.0,routed,52.0,network-estimate
8929ac4dcc3ffff,Park Square Apartments SE 9,,76.3,6.11,1653.0,routed,36.0,network-estimate
8929ac4dcc7ffff,Park Square Apartments SE 6,,87.8,7.03,1125.0,routed,56.0,network-estimate
8929ac4dccbffff,Park Square Apartments SE 11,,73.0,5.84,1092.0,routed,60.0,network-estimate
8929ac4dccfffff,Park Square Apartments SE 7,,69.8,5.58,1494.0,routed,39.0,network-estimate
8929ac4dcd3ffff,Park Square Apartments SE 13,,82.2,6.58,1464.0,routed,24.0,network-estimate
8929ac4dcd7ffff,Park Square Apartments SE 10,,87.1,6.96,1279.0,routed,80.0,network-estimate
8929ac4dcdbffff,Park Square Apartments SE 14,,72.8,5.83,1523.0,routed,55.0,network-estimate
8929ac4dd03ffff,Highgate - West Ming Village A SE 8,,54.6,4.37,0.0,routed,410.0,approach-review
8929ac4dd07ffff,Highgate - West Ming Village A SE 4,,58.5,4.68,0.0,routed,742.0,approach-review
8929ac4dd0bffff,Highgate - West Ming Village A SE 9,,51.5,4.12,884.0,routed,186.0,approach-review
8929ac4dd0fffff,Highgate - West Ming Village A SE 5,,55.8,4.47,0.0,routed,529.0,approach-review
8929ac4dd13ffff,Highgate - West Ming Village A SE 11,,61.0,4.88,0.0,routed,417.0,approach-review
8929ac4dd17ffff,Highgate - West Ming Village A SE 7,,58.9,4.71,0.0,routed,755.0,approach-review
8929ac4dd1bffff,Highgate - West Ming Village A SE 13,,52.0,4.16,907.0,routed,205.0,approach-review
8929ac4dd23ffff,Highgate - West Ming Village A SE,,21.4,1.71,0.0,routed,471.0,approach-review
8929ac4dd27ffff,Highgate - West Ming Village A S,,15.9,1.28,1322.0,routed,199.0,approach-review
8929ac4dd2bffff,Highgate - West Ming Village A E 3,,34.7,2.77,0.0,routed,593.0,approach-review
8929ac4dd2fffff,Highgate - West Ming Village A E,,9.9,0.79,962.0,routed,543.0,approach-review
8929ac4dd33ffff,Highgate - West Ming Village A SE 2,,23.1,1.85,0.0,routed,609.0,approach-review
8929ac4dd37ffff,Highgate - West Ming Village A S 3,,18.8,1.5,0.0,routed,263.0,approach-review
8929ac4dd3bffff,Highgate - West Ming Village A SE 3,,49.3,3.95,0.0,routed,808.0,approach-review
8929ac4dd43ffff,Park Square Apartments NW 5,,56.2,4.49,2229.0,routed,270.0,approach-review
8929ac4dd47ffff,Highgate - West Ming Village A SE 10,,48.0,3.84,1994.0,routed,155.0,approach-review
8929ac4dd4bffff,Park Square Apartments NW 4,,55.0,4.4,1599.0,routed,78.0,network-estimate
8929ac4dd4fffff,Highgate - West Ming Village A E 16,,48.7,3.9,795.0,routed,207.0,approach-review
8929ac4dd53ffff,Park Square Apartments W 4,,59.3,4.75,1698.0,routed,300.0,approach-review
8929ac4dd57ffff,Park Square Apartments W 7,,51.9,4.15,2032.0,routed,210.0,approach-review
8929ac4dd5bffff,Park Square Apartments NW 3,,56.1,4.49,2434.0,routed,50.0,network-estimate
8929ac4dd63ffff,Highgate - West Ming Village A E 8,,39.3,3.14,645.0,routed,127.0,approach-review
8929ac4dd67ffff,Highgate - West Ming Village A E 4,,30.3,2.43,173.0,routed,245.0,approach-review
8929ac4dd6bffff,Highgate - West Ming Village A E 10,,40.8,3.26,1506.0,routed,251.0,approach-review
8929ac4dd6fffff,Highgate - West Ming Village A E 7,,29.9,2.39,669.0,routed,165.0,approach-review
8929ac4dd73ffff,Highgate - West Ming Village A SE 6,,42.9,3.44,758.0,routed,297.0,approach-review
8929ac4dd77ffff,Highgate - West Ming Village A E 6,,44.8,3.58,0.0,routed,447.0,approach-review
8929ac4dd7bffff,Highgate - West Ming Village A E 12,,41.8,3.34,2258.0,routed,203.0,approach-review
8929ac4dd83ffff,Highgate - West Ming Village A S 15,,68.8,5.5,0.0,routed,726.0,approach-review
8929ac4dd87ffff,Highgate - West Ming Village A S 13,,87.2,6.98,0.0,routed,582.0,approach-review
8929ac4dd8bffff,Highgate - West Ming Village A SE 14,,64.8,5.18,0.0,routed,406.0,approach-review
8929ac4dd8fffff,Highgate - West Ming Village A SE 12,,64.8,5.18,0.0,routed,718.0,approach-review
8929ac4dd93ffff,Highgate - West Ming Village A S 19,,70.5,5.64,0.0,routed,862.0,approach-review
8929ac4dd97ffff,Highgate - West Ming Village A S 16,,88.6,7.08,0.0,routed,689.0,approach-review
8929ac4dd9bffff,Park Square Apartments SW 14,,65.9,5.27,0.0,routed,492.0,approach-review
8929ac4dda3ffff,Highgate - West Ming Village A S 8,,87.4,6.99,0.0,routed,595.0,approach-review
8929ac4dda7ffff,Highgate - West Ming Village A S 6,,88.8,7.1,0.0,routed,707.0,approach-review
8929ac4ddabffff,Highgate - West Ming Village A S 7,,26.5,2.12,0.0,routed,886.0,approach-review
8929ac4ddafffff,Highgate - West Ming Village A S 5,,22.8,1.82,0.0,routed,596.0,approach-review
8929ac4ddb3ffff,Highgate - West Ming Village A S 11,,83.9,6.71,0.0,routed,314.0,approach-review
8929ac4ddb7ffff,Highgate - West Ming Village A S 9,,84.3,6.74,0.0,routed,345.0,approach-review
8929ac4ddbbffff,Highgate - West Ming Village A S 10,,88.5,7.08,0.0,routed,685.0,approach-review
8929ac4ddc3ffff,Park Square Apartments W 6,,61.3,4.9,1414.0,routed,189.0,approach-review
8929ac4ddc7ffff,Park Square Apartments W 8,,56.9,4.55,864.0,routed,90.0,network-estimate
8929ac4ddcbffff,Park Square Apartments W 3,,65.5,5.24,1771.0,routed,78.0,network-estimate
8929ac4ddcfffff,Park Square Apartments W 5,,60.8,4.86,1863.0,routed,57.0,network-estimate
8929ac4ddd3ffff,Park Square Apartments SW 7,,64.2,5.13,0.0,routed,357.0,approach-review
8929ac4ddd7ffff,Park Square Apartments W 9,,61.3,4.9,96.0,routed,125.0,approach-review
8929ac4dddbffff,Park Square Apartments SW 4,,69.1,5.53,287.0,routed,236.0,approach-review
8929ac4de03ffff,The Springs Apartment Homes S 9,,45.6,3.65,1521.0,routed,55.0,network-estimate
8929ac4de07ffff,Pin Oak Park,,37.9,3.03,993.0,routed,76.0,network-estimate
8929ac4de0bffff,The Springs Apartment Homes S 7,,43.0,3.44,1149.0,routed,51.0,network-estimate
8929ac4de0fffff,The Springs Apartment Homes SW 6,,37.4,2.99,675.0,routed,11.0,network-estimate
8929ac4de13ffff,The Springs Apartment Homes S 14,,48.3,3.86,1430.0,routed,6.0,network-estimate
8929ac4de17ffff,The Springs Apartment Homes SW 12,,41.2,3.3,1899.0,routed,4.0,network-estimate
8929ac4de1bffff,The Springs Apartment Homes S 11,,50.5,4.04,1470.0,routed,68.0,network-estimate
8929ac4de23ffff,The Springs Apartment Homes SW 9,,28.1,2.25,1438.0,routed,51.0,network-estimate
8929ac4de27ffff,The Springs Apartment Homes SW 10,,28.2,2.25,1902.0,routed,36.0,network-estimate
8929ac4de2bffff,The Springs Apartment Homes SW 5,,24.9,1.99,1523.0,routed,82.0,network-estimate
8929ac4de2fffff,The Springs Apartment Homes SW 7,,25.8,2.06,1387.0,routed,53.0,network-estimate
8929ac4de33ffff,The Springs Apartment Homes SW 11,,34.0,2.72,1483.0,routed,59.0,network-estimate
8929ac4de37ffff,Park Square Apartments NE 12,,33.6,2.69,1698.0,routed,101.0,approach-review
8929ac4de3bffff,The Springs Apartment Homes SW 8,,27.9,2.23,1451.0,routed,29.0,network-estimate
8929ac4de43ffff,The Springs Apartment Homes S 6,,40.3,3.22,1750.0,routed,20.0,network-estimate
8929ac4de47ffff,The Springs Apartment Homes S 5,,40.2,3.22,957.0,routed,11.0,network-estimate
8929ac4de4bffff,The Springs Apartment Homes SE 6,,45.6,3.65,1403.0,routed,24.0,network-estimate
8929ac4de4fffff,The Springs Apartment Homes S 3,,35.7,2.86,1225.0,routed,21.0,network-estimate
8929ac4de53ffff,The Springs Apartment Homes S 10,,47.5,3.8,1783.0,routed,33.0,network-estimate
8929ac4de57ffff,The Springs Apartment Homes S 8,,44.1,3.53,1449.0,routed,17.0,network-estimate
8929ac4de5bffff,The Springs Apartment Homes SE 10,,46.7,3.74,1660.0,routed,29.0,network-estimate
8929ac4de63ffff,The Springs Apartment Homes SW 2,,22.5,1.8,1128.0,routed,21.0,network-estimate
8929ac4de67ffff,The Springs Apartment Homes SW 3,,18.9,1.51,1345.0,routed,67.0,network-estimate
8929ac4de6bffff,The Springs Apartment Homes S,,29.6,2.37,1357.0,routed,47.0,network-estimate
8929ac4de6fffff,The Springs Apartment Homes SW,,20.1,1.61,1766.0,routed,34.0,network-estimate
8929ac4de73ffff,The Springs Apartment Homes S 4,,27.7,2.21,749.0,routed,18.0,network-estimate
8929ac4de77ffff,The Springs Apartment Homes SW 4,,25.6,2.05,1190.0,routed,58.0,network-estimate
8929ac4de7bffff,The Springs Apartment Homes S 2,,36.2,2.9,506.0,routed,39.0,network-estimate
8929ac4de83ffff,Park Square Apartments E 17,,52.6,4.21,1544.0,routed,24.0,network-estimate
8929ac4de87ffff,Park Square Apartments E 14,,50.0,4.0,2216.0,routed,22.0,network-estimate
8929ac4de8bffff,The Springs Apartment Homes S 19,,52.1,4.16,1644.0,routed,90.0,network-estimate
8929ac4de8fffff,Campus Park N.,,46.5,3.72,1795.0,routed,24.0,network-estimate
8929ac4de93ffff,Park Square Apartments E 18,,57.5,4.6,1719.0,routed,59.0,network-estimate
8929ac4de97ffff,Park Square Apartments E 16,,55.7,4.46,1896.0,routed,9.0,network-estimate
8929ac4de9bffff,Park Square Apartments E 19,,57.7,4.62,1652.0,routed,28.0,network-estimate
8929ac4dea3ffff,Park Square Apartments E 10,,44.6,3.57,1816.0,routed,25.0,network-estimate
8929ac4dea7ffff,Park Square Apartments NE 5,,50.1,4.01,1255.0,routed,137.0,approach-review
8929ac4deabffff,Park Square Apartments E 15,,41.0,3.28,1849.0,routed,63.0,network-estimate
8929ac4deafffff,Park Square Apartments NE 10,,37.8,3.02,2086.0,routed,127.0,approach-review
8929ac4deb3ffff,Park Square Apartments E 9,,53.1,4.25,1442.0,routed,67.0,network-estimate
8929ac4deb7ffff,Park Square Apartments E 7,,53.6,4.29,1427.0,routed,11.0,network-estimate
8929ac4debbffff,Park Square Apartments E 13,,48.0,3.84,1922.0,routed,101.0,approach-review
8929ac4dec3ffff,The Springs Apartment Homes S 17,,56.7,4.53,1737.0,routed,50.0,network-estimate
8929ac4dec7ffff,The Springs Apartment Homes S 16,,54.5,4.36,888.0,routed,50.0,network-estimate
8929ac4decbffff,The Springs Apartment Homes S 15,,51.9,4.15,1670.0,routed,43.0,network-estimate
8929ac4decfffff,The Springs Apartment Homes S 12,,50.8,4.06,1464.0,routed,19.0,network-estimate
8929ac4ded3ffff,The Springs Apartment Homes S 22,,61.9,4.95,2034.0,routed,106.0,approach-review
8929ac4ded7ffff,The Springs Apartment Homes S 21,,56.1,4.48,1798.0,routed,37.0,network-estimate
8929ac4dedbffff,The Springs Apartment Homes S 20,,53.7,4.3,1451.0,routed,10.0,network-estimate
8929ac4f20fffff,Southland R.V. Park W 81,,141.8,11.34,430.0,routed,173.0,approach-review
8929ac4f223ffff,Southland R.V. Park W 96,,169.7,13.58,0.0,routed,396.0,approach-review
8929ac4f227ffff,Southland R.V. Park W 100,,170.5,13.64,0.0,routed,459.0,approach-review
8929ac4f22bffff,Southland R.V. Park W 87,,143.6,11.49,0.0,routed,218.0,approach-review
8929ac4f22fffff,Southland R.V. Park W 94,,145.4,11.63,0.0,routed,361.0,approach-review
8929ac4f23bffff,Southland R.V. Park W 89,,144.3,11.54,0.0,routed,373.0,approach-review
8929ac4f247ffff,Southland R.V. Park W 65,,140.9,11.27,273.0,routed,260.0,approach-review
8929ac4f24fffff,Southland R.V. Park W 56,,139.0,11.12,580.0,routed,111.0,approach-review
8929ac4f263ffff,Southland R.V. Park W 71,,137.7,11.02,0.0,routed,254.0,approach-review
8929ac4f267ffff,Southland R.V. Park W 77,,136.6,10.93,365.0,routed,170.0,approach-review
8929ac4f26bffff,Southland R.V. Park W 61,,131.6,10.52,0.0,routed,319.0,approach-review
8929ac4f26fffff,Southland R.V. Park W 69,,132.6,10.61,370.0,routed,250.0,approach-review
8929ac4f277ffff,Southland R.V. Park W 79,,137.6,11.01,365.0,routed,67.0,network-estimate
8929ac4f27bffff,Southland R.V. Park W 63,,141.6,11.33,0.0,routed,321.0,approach-review
8929ac4f327ffff,Park Square Apartments S 122,,125.6,10.04,540.0,routed,54.0,network-estimate
8929ac4f34fffff,Southland R.V. Park W 103,,131.2,10.5,0.0,routed,467.0,approach-review
8929ac4f363ffff,Park Square Apartments SE 114,,130.3,10.42,0.0,routed,391.0,approach-review
8929ac4f367ffff,Park Square Apartments SE 113,,132.5,10.6,0.0,routed,298.0,approach-review
8929ac4f36bffff,Southland R.V. Park W 107,,127.3,10.19,365.0,routed,157.0,approach-review
8929ac4f36fffff,Park Square Apartments SE 112,,125.6,10.05,380.0,routed,130.0,approach-review
8929ac4f37bffff,Southland R.V. Park W 106,,128.3,10.26,365.0,routed,234.0,approach-review
8929ac7b0c3ffff,Highgate - West Ming Village A SW 68,,259.0,20.72,0.0,routed,398.0,approach-review
8929ac7b0cbffff,Highgate - West Ming Village A SW 66,,217.1,17.37,0.0,routed,150.0,approach-review
8929ac7b0cfffff,Highgate - West Ming Village A W 19,,256.6,20.53,0.0,routed,212.0,approach-review
8929ac7b0dbffff,Highgate - West Ming Village A SW 67,,284.0,22.72,0.0,routed,451.0,approach-review
8929ac7b29bffff,Highgate - West Ming Village A W 18,,202.1,16.17,0.0,routed,396.0,approach-review
8929ac7b2c3ffff,Highgate - West Ming Village A W 15,,114.6,9.17,0.0,routed,765.0,approach-review
8929ac7b2c7ffff,Highgate - West Ming Village A W 16,,208.4,16.67,0.0,routed,902.0,approach-review
8929ac7b2d3ffff,2800 Acre Water Bank SW 32,,113.8,9.1,0.0,routed,701.0,approach-review
8929ac7b2d7ffff,Highgate - West Ming Village A W 17,,206.4,16.51,0.0,routed,738.0,approach-review
8929ac7b2dbffff,2800 Acre Water Bank SW 30,,110.1,8.81,0.0,routed,406.0,approach-review
8929ac7b623ffff,Highgate - West Ming Village A SW 63,,208.8,16.7,0.0,routed,83.0,network-estimate
8929ac7b62bffff,2800 Acre Water Bank SW 36,,205.6,16.45,0.0,routed,86.0,network-estimate
8929ac7b62fffff,Highgate - West Ming Village A SW 62,,206.0,16.48,0.0,routed,226.0,approach-review
8929ac7b633ffff,Highgate - West Ming Village A SW 64,,215.3,17.22,0.0,routed,245.0,approach-review
8929ac7b637ffff,2800 Acre Water Bank SW 37,,213.9,17.11,0.0,routed,133.0,approach-review
8929ac7b63bffff,Highgate - West Ming Village A SW 61,,208.8,16.71,0.0,routed,283.0,approach-review
8929ac7b663ffff,2800 Acre Water Bank SW 35,,121.3,9.71,0.0,routed,207.0,approach-review
8929ac7b667ffff,Highgate - West Ming Village A SW 59,,211.7,16.94,0.0,routed,187.0,approach-review
8929ac7b66bffff,2800 Acre Water Bank SW 33,,125.9,10.07,0.0,routed,571.0,approach-review
8929ac7b66fffff,2800 Acre Water Bank SW 34,,124.5,9.96,0.0,routed,457.0,approach-review
8929ac7b677ffff,Highgate - West Ming Village A SW 60,,211.7,16.93,0.0,routed,82.0,network-estimate
8929ac7b67bffff,Highgate - West Ming Village A SW 58,,125.4,10.03,0.0,routed,534.0,approach-review
8929ac7b6afffff,Highgate - West Ming Village A SW 65,,288.5,23.08,0.0,routed,334.0,approach-review
8929aeb0003ffff,Bakersfield E 44,,27.0,2.16,998.0,routed,73.0,network-estimate
8929aeb0007ffff,Bakersfield E 36,,19.5,1.56,1442.0,routed,15.0,network-estimate
8929aeb000bffff,Bakersfield E 51,,27.6,2.21,773.0,routed,28.0,network-estimate
8929aeb000fffff,Bakersfield E 42,,24.7,1.98,1024.0,routed,91.0,network-estimate
8929aeb0013ffff,Bakersfield E 46,,30.0,2.4,1162.0,routed,41.0,network-estimate
8929aeb0017ffff,Bakersfield E 38,,25.1,2.0,2133.0,routed,24.0,network-estimate
8929aeb001bffff,Bakersfield E 53,,32.8,2.62,1507.0,routed,44.0,network-estimate
8929aeb0023ffff,Bakersfield E 26,,15.1,1.21,1993.0,routed,26.0,network-estimate
8929aeb0027ffff,Bakersfield E 20,,12.6,1.01,2963.0,routed,22.0,network-estimate
8929aeb002bffff,Bakersfield E 33,,20.4,1.64,1012.0,routed,26.0,network-estimate
8929aeb002fffff,Bakersfield E 27,,18.1,1.45,860.0,routed,99.0,network-estimate
8929aeb0033ffff,Bakersfield E 28,,16.1,1.29,1700.0,routed,15.0,network-estimate
8929aeb0037ffff,Bakersfield E 21,,12.0,0.96,1516.0,routed,70.0,network-estimate
8929aeb003bffff,Bakersfield E 34,,20.8,1.67,1716.0,routed,59.0,network-estimate
8929aeb0063ffff,Bakersfield E 47,,24.2,1.93,944.0,routed,83.0,network-estimate
8929aeb0067ffff,Bakersfield E 41,,20.6,1.65,1696.0,routed,72.0,network-estimate
8929aeb006fffff,Bakersfield E 50,,18.7,1.5,1815.0,routed,28.0,network-estimate
8929aeb0073ffff,Bakersfield E 48,,29.0,2.32,664.0,routed,128.0,approach-review
8929aeb0077ffff,Bakersfield E 40,,23.0,1.84,1067.0,routed,51.0,network-estimate
8929aeb0083ffff,Bakersfield SE 47,,23.9,1.91,640.0,routed,64.0,network-estimate
8929aeb0087ffff,Bakersfield SE 40,,22.5,1.8,1662.0,routed,61.0,network-estimate
8929aeb008bffff,Bakersfield E 49,,30.8,2.47,405.0,routed,124.0,approach-review
8929aeb008fffff,Bakersfield E 39,,27.4,2.2,1785.0,routed,57.0,network-estimate
8929aeb0093ffff,Bakersfield SE 51,,20.9,1.67,607.0,routed,151.0,approach-review
8929aeb0097ffff,Bakersfield SE 44,,18.1,1.45,1709.0,routed,99.0,network-estimate
8929aeb009bffff,Bakersfield SE 54,,24.7,1.97,0.0,routed,400.0,approach-review
8929aeb00a3ffff,Bakersfield E 25,,17.6,1.41,1238.0,routed,29.0,network-estimate
8929aeb00a7ffff,Bakersfield E 19,,12.8,1.02,1271.0,routed,31.0,network-estimate
8929aeb00abffff,Bakersfield E 30,,18.6,1.49,1750.0,routed,19.0,network-estimate
8929aeb00afffff,Bakersfield E 23,,13.3,1.06,1032.0,routed,4.0,network-estimate
8929aeb00b3ffff,Bakersfield SE 33,,20.5,1.64,1506.0,routed,34.0,network-estimate
8929aeb00b7ffff,Bakersfield SE 26,,17.6,1.41,365.0,routed,7.0,network-estimate
8929aeb00bbffff,Bakersfield E 32,,27.6,2.21,1722.0,routed,141.0,approach-review
8929aeb00c3ffff,Bakersfield E 58,,39.5,3.16,794.0,routed,94.0,network-estimate
8929aeb00c7ffff,Bakersfield E 54,,35.9,2.87,1210.0,routed,66.0,network-estimate
8929aeb00d3ffff,Bakersfield E 60,,36.0,2.88,365.0,routed,367.0,approach-review
8929aeb00d7ffff,Bakersfield E 55,,37.5,3.0,365.0,routed,280.0,approach-review
8929aeb0103ffff,Bakersfield E 5,,9.9,0.79,1294.0,routed,12.0,network-estimate
8929aeb0107ffff,Bakersfield NE 5,,8.4,0.67,1020.0,routed,36.0,network-estimate
8929aeb010bffff,Bakersfield E 9,,15.7,1.26,954.0,routed,81.0,network-estimate
8929aeb010fffff,Bakersfield NE 8,,15.8,1.26,734.0,routed,22.0,network-estimate
8929aeb0113ffff,Bakersfield E 4,,6.3,0.51,1875.0,routed,16.0,network-estimate
8929aeb0117ffff,Bakersfield E 2,,11.2,0.89,1294.0,routed,12.0,network-estimate
8929aeb011bffff,Bakersfield E 7,,12.5,1.0,1535.0,routed,26.0,network-estimate
8929aeb0123ffff,Bakersfield NE 6,,15.9,1.28,1635.0,routed,56.0,network-estimate
8929aeb0127ffff,Bakersfield N 7,,12.1,0.97,1442.0,routed,11.0,network-estimate
8929aeb012bffff,Bakersfield NE 10,,19.7,1.58,1630.0,routed,19.0,network-estimate
8929aeb012fffff,Bakersfield NE 9,,19.3,1.54,1761.0,routed,46.0,network-estimate
8929aeb0133ffff,Bakersfield NE 4,,11.9,0.95,2156.0,routed,26.0,network-estimate
8929aeb0137ffff,Bakersfield N 4,,13.0,1.04,1722.0,routed,10.0,network-estimate
8929aeb013bffff,Bakersfield NE 7,,12.9,1.03,783.0,routed,115.0,approach-review
8929aeb0143ffff,Bakersfield E 18,,9.0,0.72,1713.0,routed,65.0,network-estimate
8929aeb0147ffff,Bakersfield NE 16,,12.5,1.0,1810.0,routed,19.0,network-estimate
8929aeb014bffff,Bakersfield E 24,,4.1,0.33,1772.0,routed,20.0,network-estimate
8929aeb014fffff,Bakersfield NE 22,,5.7,0.46,1526.0,routed,39.0,network-estimate
8929aeb0153ffff,Bakersfield E 16,,9.4,0.75,1675.0,routed,46.0,network-estimate
8929aeb0157ffff,Bakersfield E 13,,10.5,0.84,1440.0,routed,18.0,network-estimate
8929aeb015bffff,Bakersfield E 22,,8.8,0.7,2366.0,routed,16.0,network-estimate
8929aeb0163ffff,Bakersfield NE 15,,17.8,1.42,1417.0,routed,55.0,network-estimate
8929aeb0167ffff,Bakersfield NE 14,,23.4,1.87,314.0,routed,94.0,network-estimate
8929aeb016bffff,Bakersfield NE 21,,14.8,1.18,1940.0,routed,87.0,network-estimate
8929aeb016fffff,Bakersfield NE 20,,20.2,1.62,1315.0,routed,65.0,network-estimate
8929aeb0173ffff,Bakersfield NE 12,,15.4,1.23,1755.0,routed,31.0,network-estimate
8929aeb0177ffff,Bakersfield NE 11,,22.5,1.8,713.0,routed,52.0,network-estimate
8929aeb017bffff,Bakersfield NE 19,,10.0,0.8,1859.0,routed,26.0,network-estimate
8929aeb0183ffff,Bakersfield SE 6,,8.4,0.67,1087.0,routed,20.0,network-estimate
8929aeb0187ffff,Bakersfield SE 3,,1.4,0.11,1611.0,routed,17.0,network-estimate
8929aeb018bffff,Bakersfield E 6,,12.2,0.97,205.0,routed,59.0,network-estimate
8929aeb018fffff,Bakersfield E 3,,2.8,0.22,1131.0,routed,3.0,network-estimate
8929aeb0193ffff,Bakersfield SE 8,,13.8,1.1,1678.0,routed,75.0,network-estimate
8929aeb0197ffff,Bakersfield SE 5,,5.6,0.45,1911.0,routed,44.0,network-estimate
8929aeb019bffff,Bakersfield SE 9,,13.3,1.06,792.0,routed,36.0,network-estimate
8929aeb01a3ffff,Bakersfield NE,,4.1,0.32,2384.0,routed,4.0,network-estimate
8929aeb01a7ffff,Bakersfield N,,5.2,0.42,2924.0,routed,9.0,network-estimate
8929aeb01abffff,Bakersfield NE 3,,8.1,0.64,1929.0,routed,25.0,network-estimate
8929aeb01afffff,Bakersfield NE 2,,9.0,0.72,2110.0,routed,23.0,network-estimate
8929aeb01b3ffff,Bakersfield SE,,3.1,0.25,1506.0,routed,52.0,network-estimate
8929aeb01b7ffff,Bakersfield,,2.9,0.23,2260.0,routed,4.0,network-estimate
8929aeb01bbffff,Bakersfield E,,2.4,0.19,1844.0,routed,13.0,network-estimate
8929aeb01c3ffff,Bakersfield E 12,,2.4,0.19,1544.0,routed,60.0,network-estimate
8929aeb01c7ffff,Bakersfield E 8,,5.9,0.47,1670.0,routed,46.0,network-estimate
8929aeb01cbffff,Bakersfield E 15,,7.0,0.56,2402.0,routed,14.0,network-estimate
8929aeb01cfffff,Bakersfield E 11,,4.6,0.37,1688.0,routed,41.0,network-estimate
8929aeb01d3ffff,Bakersfield E 14,,9.2,0.73,1490.0,routed,60.0,network-estimate
8929aeb01d7ffff,Bakersfield E 10,,8.1,0.65,772.0,routed,23.0,network-estimate
8929aeb01dbffff,Bakersfield E 17,,8.4,0.67,1586.0,routed,42.0,network-estimate
8929aeb0223ffff,Crestview Meadows W 36,,38.7,3.1,1875.0,routed,59.0,network-estimate
8929aeb0227ffff,Bakersfield E 66,,35.2,2.82,1261.0,routed,43.0,network-estimate
8929aeb022bffff,Crestview Meadows W 32,,44.6,3.57,1508.0,routed,36.0,network-estimate
8929aeb022fffff,Crestview Meadows W 38,,42.7,3.42,537.0,routed,33.0,network-estimate
8929aeb0237ffff,Bakersfield E 64,,33.8,2.71,1886.0,routed,51.0,network-estimate
8929aeb0267ffff,Crestview Meadows W 29,,48.6,3.89,1591.0,routed,89.0,network-estimate
8929aeb026fffff,Crestview Meadows W 26,,52.4,4.19,1914.0,routed,75.0,network-estimate
8929aeb02afffff,Bakersfield E 63,,30.1,2.41,1188.0,routed,95.0,network-estimate
8929aeb0307ffff,Bakersfield NE 43,,15.7,1.25,1948.0,routed,16.0,network-estimate
8929aeb030bffff,Bakersfield NE 51,,24.4,1.95,1377.0,routed,42.0,network-estimate
8929aeb0317ffff,Bakersfield NE 42,,13.1,1.05,1330.0,routed,50.0,network-estimate
8929aeb032bffff,Bakersfield NE 47,,24.5,1.96,1781.0,routed,40.0,network-estimate
8929aeb033bffff,Bakersfield NE 45,,19.9,1.59,1934.0,routed,28.0,network-estimate
8929aeb0343ffff,Bakersfield NE 69,,33.5,2.68,1693.0,routed,79.0,network-estimate
8929aeb0347ffff,Bakersfield NE 62,,30.4,2.43,626.0,routed,21.0,network-estimate
8929aeb034bffff,Bakersfield NE 82,,33.0,2.64,1148.0,routed,9.0,network-estimate
8929aeb034fffff,Bakersfield NE 73,,28.7,2.3,586.0,routed,126.0,approach-review
8929aeb0353ffff,Bakersfield E 62,,31.7,2.54,1014.0,routed,62.0,network-estimate
8929aeb0357ffff,Bakersfield NE 58,,26.3,2.1,1707.0,routed,12.0,network-estimate
8929aeb035bffff,Bakersfield NE 76,,35.2,2.81,1413.0,routed,38.0,network-estimate
8929aeb0363ffff,Bakersfield NE 61,,22.1,1.76,2264.0,routed,58.0,network-estimate
8929aeb0367ffff,Bakersfield NE 57,,21.2,1.69,1382.0,routed,32.0,network-estimate
8929aeb036bffff,Bakersfield NE 72,,19.6,1.56,1687.0,routed,14.0,network-estimate
8929aeb036fffff,Bakersfield NE 68,,16.4,1.32,1702.0,routed,16.0,network-estimate
8929aeb0373ffff,Bakersfield NE 55,,25.3,2.03,1454.0,routed,33.0,network-estimate
8929aeb0377ffff,Bakersfield NE 50,,25.9,2.07,1715.0,routed,19.0,network-estimate
8929aeb037bffff,Bakersfield NE 67,,24.8,1.99,917.0,routed,39.0,network-estimate
8929aeb0383ffff,Bakersfield E 37,,7.8,0.62,1320.0,routed,49.0,network-estimate
8929aeb0387ffff,Bakersfield E 31,,2.8,0.22,2213.0,routed,8.0,network-estimate
8929aeb038bffff,Bakersfield E 45,,12.7,1.02,1848.0,routed,28.0,network-estimate
8929aeb038fffff,Bakersfield NE 39,,10.8,0.87,1144.0,routed,66.0,network-estimate
8929aeb0393ffff,Bakersfield E 35,,13.5,1.08,1927.0,routed,12.0,network-estimate
8929aeb0397ffff,Bakersfield E 29,,8.0,0.64,2677.0,routed,48.0,network-estimate
8929aeb039bffff,Bakersfield E 43,,13.9,1.11,1727.0,routed,39.0,network-estimate
8929aeb03a3ffff,Bakersfield NE 32,,8.2,0.65,1751.0,routed,40.0,network-estimate
8929aeb03a7ffff,Bakersfield NE 27,,13.3,1.07,1770.0,routed,14.0,network-estimate
8929aeb03abffff,Bakersfield NE 38,,9.9,0.79,1494.0,routed,25.0,network-estimate
8929aeb03afffff,Bakersfield NE 35,,13.8,1.1,1973.0,routed,46.0,network-estimate
8929aeb03b3ffff,Bakersfield NE 28,,2.3,0.18,1347.0,routed,76.0,network-estimate
8929aeb03b7ffff,Bakersfield NE 25,,10.6,0.85,1956.0,routed,18.0,network-estimate
8929aeb03bbffff,Bakersfield NE 36,,7.3,0.58,1814.0,routed,30.0,network-estimate
8929aeb03c3ffff,Bakersfield E 56,,22.6,1.81,1696.0,routed,12.0,network-estimate
8929aeb03cbffff,Bakersfield E 61,,29.3,2.35,450.0,routed,42.0,network-estimate
8929aeb03cfffff,Bakersfield E 57,,24.5,1.96,1712.0,routed,18.0,network-estimate
8929aeb03d7ffff,Bakersfield E 52,,16.1,1.29,1629.0,routed,67.0,network-estimate
8929aeb03dbffff,Bakersfield E 59,,28.7,2.3,778.0,routed,44.0,network-estimate
8929aeb0403ffff,Bakersfield SE 71,,35.3,2.82,51.0,routed,351.0,approach-review
8929aeb0407ffff,Bakersfield SE 65,,30.0,2.4,245.0,routed,103.0,approach-review
8929aeb040bffff,Bakersfield SE 73,,39.6,3.17,214.0,routed,163.0,approach-review
8929aeb040fffff,Bakersfield SE 67,,33.0,2.64,65.0,routed,9.0,network-estimate
8929aeb0413ffff,Bakersfield SE 76,,43.9,3.51,37.0,routed,90.0,network-estimate
8929aeb0417ffff,Bakersfield SE 70,,34.7,2.78,1286.0,routed,105.0,approach-review
8929aeb041bffff,Bakersfield SE 77,,50.4,4.04,0.0,routed,334.0,approach-review
8929aeb0423ffff,Bakersfield SE 53,,22.4,1.79,1780.0,routed,119.0,approach-review
8929aeb0427ffff,Bakersfield SE 46,,14.2,1.14,651.0,routed,44.0,network-estimate
8929aeb042bffff,Bakersfield SE 55,,23.3,1.86,885.0,routed,10.0,network-estimate
8929aeb042fffff,Bakersfield SE 48,,15.7,1.25,1170.0,routed,44.0,network-estimate
8929aeb0433ffff,Bakersfield SE 58,,25.3,2.02,1225.0,routed,21.0,network-estimate
8929aeb0437ffff,Bakersfield SE 52,,24.2,1.94,1610.0,routed,41.0,network-estimate
8929aeb043bffff,Bakersfield SE 60,,26.2,2.1,79.0,routed,12.0,network-estimate
8929aeb0443ffff,Bakersfield SE 81,,49.4,3.95,581.0,routed,139.0,approach-review
8929aeb0447ffff,Bakersfield SE 75,,39.2,3.14,689.0,routed,97.0,network-estimate
8929aeb044bffff,Bakersfield SE 84,,50.6,4.05,541.0,routed,61.0,network-estimate
8929aeb044fffff,Bakersfield SE 78,,44.7,3.58,768.0,routed,78.0,network-estimate
8929aeb0453ffff,Bakersfield SE 85,,53.1,4.24,294.0,routed,132.0,approach-review
8929aeb0457ffff,Bakersfield SE 79,,43.1,3.44,0.0,routed,319.0,approach-review
8929aeb045bffff,Bakersfield SE 88,,52.6,4.2,89.0,routed,74.0,network-estimate
8929aeb0463ffff,Bakersfield SE 66,,30.9,2.47,482.0,routed,105.0,approach-review
8929aeb0467ffff,Bakersfield SE 59,,22.8,1.82,386.0,routed,203.0,approach-review
8929aeb046bffff,Bakersfield SE 68,,32.4,2.59,593.0,routed,79.0,network-estimate
8929aeb046fffff,Bakersfield SE 61,,28.4,2.27,601.0,routed,161.0,approach-review
8929aeb0473ffff,Bakersfield SE 69,,33.9,2.71,550.0,routed,34.0,network-estimate
8929aeb0477ffff,Bakersfield SE 62,,29.7,2.38,1061.0,routed,93.0,network-estimate
8929aeb047bffff,Bakersfield SE 72,,43.7,3.5,510.0,routed,48.0,network-estimate
8929aeb0483ffff,Coventry Place Apartments E 59,,44.2,3.54,0.0,routed,244.0,approach-review
8929aeb0487ffff,Coventry Place Apartments E 55,,38.3,3.07,414.0,routed,132.0,approach-review
8929aeb048bffff,Coventry Place Apartments E 63,,45.3,3.62,0.0,routed,274.0,approach-review
8929aeb048fffff,Coventry Place Apartments E 60,,43.4,3.47,0.0,routed,187.0,approach-review
8929aeb0493ffff,Coventry Place Apartments E 58,,47.7,3.81,413.0,routed,248.0,approach-review
8929aeb0497ffff,Coventry Place Apartments E 54,,45.7,3.66,1099.0,routed,87.0,network-estimate
8929aeb049bffff,Coventry Place Apartments E 62,,59.3,4.75,0.0,routed,341.0,approach-review
8929aeb04a3ffff,Bakersfield SE 63,,27.7,2.22,655.0,routed,46.0,network-estimate
8929aeb04a7ffff,Bakersfield SE 56,,21.7,1.73,825.0,routed,65.0,network-estimate
8929aeb04abffff,Bakersfield SE 64,,31.7,2.54,962.0,routed,101.0,approach-review
8929aeb04afffff,Bakersfield SE 57,,26.1,2.09,308.0,routed,33.0,network-estimate
8929aeb04b3ffff,Coventry Place Apartments E 52,,33.7,2.7,588.0,routed,42.0,network-estimate
8929aeb04b7ffff,Coventry Place Apartments E 48,,27.5,2.2,723.0,routed,94.0,network-estimate
8929aeb04bbffff,Coventry Place Apartments E 56,,36.2,2.9,919.0,routed,68.0,network-estimate
8929aeb04c3ffff,Bakersfield SE 87,,51.7,4.13,0.0,routed,432.0,approach-review
8929aeb04c7ffff,Bakersfield SE 82,,47.2,3.77,0.0,routed,70.0,network-estimate
8929aeb04cbffff,Bakersfield SE 89,,56.7,4.54,316.0,routed,424.0,approach-review
8929aeb04cfffff,Bakersfield SE 83,,51.4,4.11,0.0,routed,409.0,approach-review
8929aeb04d3ffff,Coventry Place Apartments E 66,,61.2,4.9,0.0,routed,492.0,approach-review
8929aeb04d7ffff,Coventry Place Apartments E 65,,51.3,4.11,0.0,routed,405.0,approach-review
8929aeb04dbffff,Bakersfield SE 92,,61.2,4.89,343.0,routed,779.0,approach-review
8929aeb0503ffff,Bakersfield SE 23,,6.8,0.55,1156.0,routed,20.0,network-estimate
8929aeb0507ffff,Bakersfield SE 19,,13.3,1.06,1390.0,routed,82.0,network-estimate
8929aeb050bffff,Bakersfield SE 25,,6.8,0.54,1507.0,routed,78.0,network-estimate
8929aeb050fffff,Bakersfield SE 20,,13.1,1.05,1295.0,routed,54.0,network-estimate
8929aeb0513ffff,Bakersfield SE 29,,10.6,0.85,423.0,routed,59.0,network-estimate
8929aeb0517ffff,Bakersfield SE 24,,14.5,1.16,1083.0,routed,51.0,network-estimate
8929aeb051bffff,Bakersfield SE 30,,4.1,0.33,1277.0,routed,23.0,network-estimate
8929aeb0523ffff,Bakersfield SE 10,,15.6,1.25,942.0,routed,38.0,network-estimate
8929aeb0527ffff,Bakersfield S 7,,15.2,1.21,1436.0,routed,72.0,network-estimate
8929aeb052bffff,Bakersfield SE 11,,18.1,1.45,1137.0,routed,37.0,network-estimate
8929aeb052fffff,Bakersfield SE 7,,10.2,0.81,1457.0,routed,66.0,network-estimate
8929aeb0533ffff,Bakersfield SE 15,,20.1,1.6,764.0,routed,59.0,network-estimate
8929aeb0537ffff,Bakersfield S 11,,19.4,1.55,1585.0,routed,65.0,network-estimate
8929aeb053bffff,Bakersfield SE 14,,17.3,1.38,786.0,routed,52.0,network-estimate
8929aeb0543ffff,Bakersfield SE 34,,10.3,0.82,1675.0,routed,75.0,network-estimate
8929aeb0547ffff,Bakersfield SE 27,,8.3,0.67,1500.0,routed,45.0,network-estimate
8929aeb054bffff,Bakersfield SE 35,,16.4,1.31,1762.0,routed,67.0,network-estimate
8929aeb054fffff,Bakersfield SE 28,,14.1,1.13,1761.0,routed,37.0,network-estimate
8929aeb0553ffff,Bakersfield SE 39,,8.0,0.64,1181.0,routed,94.0,network-estimate
8929aeb0557ffff,Bakersfield SE 32,,3.5,0.28,889.0,routed,20.0,network-estimate
8929aeb055bffff,Bakersfield SE 41,,14.3,1.15,1602.0,routed,97.0,network-estimate
8929aeb0563ffff,Bakersfield SE 17,,15.7,1.26,1441.0,routed,25.0,network-estimate
8929aeb0567ffff,Bakersfield SE 12,,18.2,1.46,996.0,routed,23.0,network-estimate
8929aeb056bffff,Bakersfield SE 18,,14.0,1.12,969.0,routed,46.0,network-estimate
8929aeb056fffff,Bakersfield SE 13,,11.2,0.89,1947.0,routed,48.0,network-estimate
8929aeb0573ffff,Bakersfield SE 21,,10.4,0.83,1384.0,routed,15.0,network-estimate
8929aeb0577ffff,Bakersfield SE 16,,15.8,1.26,914.0,routed,40.0,network-estimate
8929aeb057bffff,Bakersfield SE 22,,12.0,0.96,874.0,routed,64.0,network-estimate
8929aeb0583ffff,Bakersfield S 27,,26.5,2.12,668.0,routed,10.0,network-estimate
8929aeb0587ffff,Bakersfield S 26,,24.4,1.95,929.0,routed,78.0,network-estimate
8929aeb058bffff,Bakersfield SE 38,,14.6,1.17,380.0,routed,22.0,network-estimate
8929aeb058fffff,Bakersfield SE 31,,26.2,2.09,687.0,routed,51.0,network-estimate
8929aeb0593ffff,Coventry Place Apartments NE 25,,33.4,2.68,582.0,routed,39.0,network-estimate
8929aeb0597ffff,Coventry Place Apartments NE 23,,32.9,2.63,534.0,routed,26.0,network-estimate
8929aeb059bffff,Coventry Place Apartments NE 27,,19.0,1.52,807.0,routed,22.0,network-estimate
8929aeb05a3ffff,Bakersfield S 20,,20.8,1.67,1249.0,routed,60.0,network-estimate
8929aeb05a7ffff,Bakersfield S 16,,22.9,1.83,1905.0,routed,19.0,network-estimate
8929aeb05abffff,Bakersfield S 18,,15.8,1.26,865.0,routed,59.0,network-estimate
8929aeb05afffff,Bakersfield S 14,,22.1,1.77,1386.0,routed,54.0,network-estimate
8929aeb05b3ffff,Bakersfield S 25,,31.8,2.55,1164.0,routed,49.0,network-estimate
8929aeb05b7ffff,Bakersfield S 22,,27.5,2.2,2208.0,routed,24.0,network-estimate
8929aeb05bbffff,Bakersfield S 24,,19.9,1.59,1309.0,routed,25.0,network-estimate
8929aeb05c3ffff,Bakersfield SE 42,,19.2,1.53,292.0,routed,76.0,network-estimate
8929aeb05c7ffff,Bakersfield SE 36,,13.5,1.08,742.0,routed,20.0,network-estimate
8929aeb05cbffff,Bakersfield SE 45,,14.0,1.12,1126.0,routed,59.0,network-estimate
8929aeb05cfffff,Bakersfield SE 37,,17.2,1.38,1063.0,routed,45.0,network-estimate
8929aeb05d3ffff,Bakersfield SE 49,,25.3,2.03,680.0,routed,131.0,approach-review
8929aeb05d7ffff,Bakersfield SE 43,,18.7,1.49,706.0,routed,65.0,network-estimate
8929aeb05dbffff,Bakersfield SE 50,,17.0,1.36,834.0,routed,58.0,network-estimate
8929aeb0603ffff,Crestview Meadows SW 24,,65.4,5.24,52.0,routed,152.0,approach-review
8929aeb0607ffff,Crestview Meadows SW 29,,51.9,4.15,789.0,routed,25.0,network-estimate
8929aeb060bffff,Crestview Meadows SW 14,,66.7,5.34,1278.0,routed,83.0,network-estimate
8929aeb060fffff,Crestview Meadows SW 19,,60.4,4.83,1419.0,routed,3.0,network-estimate
8929aeb0613ffff,Crestview Meadows SW 28,,51.6,4.13,322.0,routed,39.0,network-estimate
8929aeb0617ffff,Crestview Meadows SW 35,,46.7,3.74,600.0,routed,51.0,network-estimate
8929aeb061bffff,Crestview Meadows SW 18,,55.1,4.4,865.0,routed,26.0,network-estimate
8929aeb0633ffff,Bakersfield E 69,,57.0,4.56,866.0,routed,179.0,approach-review
8929aeb0643ffff,Crestview Meadows SW 7,,65.1,5.21,1956.0,routed,78.0,network-estimate
8929aeb0647ffff,Crestview Meadows SW 9,,61.8,4.94,1812.0,routed,34.0,network-estimate
8929aeb064bffff,Crestview Meadows SW 4,,54.5,4.36,1769.0,routed,148.0,approach-review
8929aeb064fffff,Crestview Meadows SW 5,,56.3,4.5,1851.0,routed,36.0,network-estimate
8929aeb0653ffff,Crestview Meadows SW 10,,63.8,5.11,1427.0,routed,49.0,network-estimate
8929aeb0657ffff,Crestview Meadows SW 12,,62.2,4.98,2077.0,routed,50.0,network-estimate
8929aeb065bffff,Crestview Meadows SW 6,,56.8,4.54,1193.0,routed,66.0,network-estimate
8929aeb0683ffff,Crestview Meadows SW 47,,78.2,6.25,0.0,routed,51.0,network-estimate
8929aeb0687ffff,Bakersfield SE 86,,52.2,4.17,0.0,routed,83.0,network-estimate
8929aeb068bffff,Crestview Meadows SW 37,,71.0,5.68,81.0,routed,149.0,approach-review
8929aeb068fffff,Crestview Meadows SW 42,,50.0,4.0,0.0,routed,285.0,approach-review
8929aeb0693ffff,Crestview Meadows SW 53,,58.8,4.71,0.0,routed,215.0,approach-review
8929aeb0697ffff,Bakersfield SE 90,,52.9,4.23,341.0,routed,29.0,network-estimate
8929aeb069bffff,Crestview Meadows SW 44,,72.3,5.78,109.0,routed,99.0,network-estimate
8929aeb06a3ffff,Bakersfield E 68,,40.8,3.26,736.0,routed,99.0,network-estimate
8929aeb06a7ffff,Bakersfield E 65,,41.4,3.31,318.0,routed,167.0,approach-review
8929aeb06abffff,Bakersfield E 70,,45.5,3.64,29.0,routed,94.0,network-estimate
8929aeb06afffff,Bakersfield E 67,,44.3,3.55,490.0,routed,73.0,network-estimate
8929aeb06b3ffff,Bakersfield SE 80,,46.4,3.72,319.0,routed,26.0,network-estimate
8929aeb06b7ffff,Bakersfield SE 74,,36.0,2.88,593.0,routed,139.0,approach-review
8929aeb06bbffff,Bakersfield E 71,,43.5,3.48,253.0,routed,163.0,approach-review
8929aeb06c3ffff,Crestview Meadows SW 22,,63.5,5.08,1054.0,routed,142.0,approach-review
8929aeb06c7ffff,Crestview Meadows SW 25,,67.4,5.39,800.0,routed,119.0,approach-review
8929aeb06cbffff,Crestview Meadows SW 13,,64.9,5.19,827.0,routed,263.0,approach-review
8929aeb06cfffff,Crestview Meadows SW 15,,59.9,4.79,1301.0,routed,30.0,network-estimate
8929aeb06d3ffff,Crestview Meadows SW 27,,68.1,5.45,2107.0,routed,147.0,approach-review
8929aeb06d7ffff,Crestview Meadows SW 33,,66.6,5.33,1491.0,routed,13.0,network-estimate
8929aeb06dbffff,Crestview Meadows SW 17,,73.7,5.89,2169.0,routed,142.0,approach-review
8929aeb0893ffff,Bakersfield NW 33,,47.9,3.84,0.0,routed,241.0,approach-review
8929aeb0897ffff,Bakersfield NW 37,,45.4,3.63,0.0,routed,94.0,network-estimate
8929aeb089bffff,Bakersfield N 29,,42.9,3.43,938.0,routed,17.0,network-estimate
8929aeb08c3ffff,Bakersfield N 35,,38.0,3.04,520.0,routed,23.0,network-estimate
8929aeb08cbffff,Bakersfield N 39,,34.4,2.75,1522.0,routed,76.0,network-estimate
8929aeb08d3ffff,Bakersfield N 27,,35.0,2.8,0.0,routed,254.0,approach-review
8929aeb08d7ffff,Bakersfield N 33,,45.8,3.67,356.0,routed,81.0,network-estimate
8929aeb08dbffff,Bakersfield N 31,,38.3,3.06,760.0,routed,233.0,approach-review
8929aeb0983ffff,Breakwater Apartments NE 29,,10.8,0.87,1123.0,routed,18.0,network-estimate
8929aeb0993ffff,Breakwater Apartments NE 28,,5.8,0.46,410.0,routed,93.0,network-estimate
8929aeb099bffff,Breakwater Apartments NE 31,,14.5,1.16,711.0,routed,44.0,network-estimate
8929aeb0ad3ffff,Bakersfield N 49,,52.2,4.17,464.0,routed,57.0,network-estimate
8929aeb0c03ffff,Bakersfield NW 12,,8.2,0.65,1660.0,routed,25.0,network-estimate
8929aeb0c07ffff,Bakersfield NW 16,,24.7,1.98,417.0,routed,128.0,approach-review
8929aeb0c0bffff,Bakersfield N 12,,10.7,0.85,858.0,routed,3.0,network-estimate
8929aeb0c0fffff,Bakersfield NW 17,,18.4,1.47,1505.0,routed,20.0,network-estimate
8929aeb0c13ffff,Bakersfield NW 8,,10.6,0.85,1999.0,routed,87.0,network-estimate
8929aeb0c17ffff,Bakersfield NW 13,,25.7,2.06,1218.0,routed,19.0,network-estimate
8929aeb0c1bffff,Bakersfield NW 9,,4.6,0.37,1402.0,routed,65.0,network-estimate
8929aeb0c23ffff,Bakersfield NW 26,,29.7,2.38,592.0,routed,39.0,network-estimate
8929aeb0c27ffff,Bakersfield NW 32,,32.6,2.61,855.0,routed,146.0,approach-review
8929aeb0c2bffff,Bakersfield NW 27,,33.9,2.72,66.0,routed,29.0,network-estimate
8929aeb0c2fffff,Bakersfield NW 31,,33.9,2.72,279.0,routed,134.0,approach-review
8929aeb0c33ffff,Bakersfield NW 21,,25.3,2.03,537.0,routed,39.0,network-estimate
8929aeb0c37ffff,Bakersfield NW 28,,29.4,2.35,338.0,routed,20.0,network-estimate
8929aeb0c3bffff,Bakersfield NW 20,,29.5,2.36,0.0,routed,221.0,approach-review
8929aeb0c43ffff,Bakersfield N 11,,15.7,1.26,1462.0,routed,41.0,network-estimate
8929aeb0c47ffff,Bakersfield N 14,,12.7,1.02,430.0,routed,134.0,approach-review
8929aeb0c4bffff,Bakersfield N 15,,20.9,1.67,1725.0,routed,63.0,network-estimate
8929aeb0c4fffff,Metropolitan Recreation Center SE,,19.9,1.59,1107.0,routed,55.0,network-estimate
8929aeb0c53ffff,Bakersfield N 8,,10.2,0.82,2475.0,routed,20.0,network-estimate
8929aeb0c57ffff,Bakersfield N 9,,8.1,0.65,1390.0,routed,5.0,network-estimate
8929aeb0c5bffff,Bakersfield N 10,,20.4,1.63,1323.0,routed,62.0,network-estimate
8929aeb0c63ffff,Metropolitan Recreation Center W,,32.3,2.59,137.0,routed,65.0,network-estimate
8929aeb0c67ffff,Bakersfield N 22,,55.5,4.44,4.0,routed,320.0,approach-review
8929aeb0c6bffff,Metropolitan Recreation Center N,,33.3,2.66,0.0,routed,115.0,approach-review
8929aeb0c6fffff,Bakersfield N 25,,53.4,4.27,20.0,routed,149.0,approach-review
8929aeb0c73ffff,Bakersfield N 16,,16.1,1.28,939.0,routed,22.0,network-estimate
8929aeb0c77ffff,Bakersfield NW 22,,20.6,1.65,80.0,routed,152.0,approach-review
8929aeb0c7bffff,Metropolitan Recreation Center,,27.1,2.17,383.0,routed,86.0,network-estimate
8929aeb0c83ffff,Bakersfield NW 7,,15.8,1.27,1739.0,routed,21.0,network-estimate
8929aeb0c87ffff,Bakersfield NW 11,,21.8,1.74,843.0,routed,27.0,network-estimate
8929aeb0c8bffff,Bakersfield NW 6,,10.8,0.87,1014.0,routed,18.0,network-estimate
8929aeb0c8fffff,Bakersfield NW 10,,14.7,1.17,1343.0,routed,73.0,network-estimate
8929aeb0c93ffff,Bakersfield W 6,,11.3,0.9,2044.0,routed,25.0,network-estimate
8929aeb0c97ffff,Bakersfield W 9,,17.7,1.42,1770.0,routed,23.0,network-estimate
8929aeb0c9bffff,Bakersfield NW 4,,9.8,0.79,2300.0,routed,14.0,network-estimate
8929aeb0ca3ffff,Bakersfield NW 19,,16.7,1.33,398.0,routed,13.0,network-estimate
8929aeb0ca7ffff,Bakersfield NW 25,,14.8,1.18,654.0,routed,9.0,network-estimate
8929aeb0cabffff,Bakersfield NW 18,,21.9,1.75,335.0,routed,76.0,network-estimate
8929aeb0cafffff,Bakersfield NW 24,,20.0,1.6,913.0,routed,52.0,network-estimate
8929aeb0cb3ffff,Bakersfield NW 15,,15.2,1.22,276.0,routed,60.0,network-estimate
8929aeb0cb7ffff,Bakersfield NW 23,,9.4,0.75,487.0,routed,8.0,network-estimate
8929aeb0cbbffff,Bakersfield NW 14,,18.9,1.51,565.0,routed,110.0,approach-review
8929aeb0cc3ffff,Bakersfield N 3,,7.4,0.59,1498.0,routed,18.0,network-estimate
8929aeb0cc7ffff,Bakersfield NW 5,,5.0,0.4,1500.0,routed,4.0,network-estimate
8929aeb0ccbffff,Bakersfield N 5,,9.6,0.77,2251.0,routed,16.0,network-estimate
8929aeb0ccfffff,Bakersfield N 6,,3.9,0.31,1414.0,routed,19.0,network-estimate
8929aeb0cd3ffff,Bakersfield NW,,11.0,0.88,2105.0,routed,4.0,network-estimate
8929aeb0cd7ffff,Bakersfield NW 3,,9.7,0.77,1733.0,routed,8.0,network-estimate
8929aeb0cdbffff,Bakersfield N 2,,9.9,0.79,1665.0,routed,15.0,network-estimate
8929aeb0d07ffff,Breakwater Apartments E 26,,46.5,3.72,0.0,routed,235.0,approach-review
8929aeb0d0fffff,Breakwater Apartments E 30,,46.0,3.68,0.0,routed,189.0,approach-review
8929aeb0d17ffff,Breakwater Apartments E 25,,47.2,3.78,0.0,routed,232.0,approach-review
8929aeb0d23ffff,Breakwater Apartments E 23,,3.5,0.28,1368.0,routed,55.0,network-estimate
8929aeb0d27ffff,Breakwater Apartments NE 25,,13.1,1.05,1247.0,routed,58.0,network-estimate
8929aeb0d2bffff,Breakwater Apartments E 28,,5.3,0.42,1099.0,routed,48.0,network-estimate
8929aeb0d2fffff,Breakwater Apartments NE 27,,5.6,0.45,882.0,routed,28.0,network-estimate
8929aeb0d33ffff,Breakwater Apartments E 22,,8.2,0.66,50.0,routed,233.0,approach-review
8929aeb0d37ffff,Breakwater Apartments E 19,,9.4,0.75,1940.0,routed,37.0,network-estimate
8929aeb0d3bffff,Breakwater Apartments E 27,,5.9,0.47,0.0,routed,299.0,approach-review
8929aeb0d43ffff,Bakersfield NW 40,,32.9,2.63,920.0,routed,115.0,approach-review
8929aeb0d47ffff,Bakersfield NW 43,,38.0,3.04,705.0,routed,35.0,network-estimate
8929aeb0d4bffff,Bakersfield NW 39,,36.4,2.91,510.0,routed,93.0,network-estimate
8929aeb0d4fffff,Bakersfield NW 42,,33.6,2.69,437.0,routed,31.0,network-estimate
8929aeb0d53ffff,Bakersfield NW 38,,28.5,2.28,480.0,routed,34.0,network-estimate
8929aeb0d57ffff,Bakersfield NW 41,,34.7,2.77,364.0,routed,113.0,approach-review
8929aeb0d5bffff,Bakersfield NW 36,,33.2,2.66,477.0,routed,9.0,network-estimate
8929aeb0d63ffff,Breakwater Apartments E 33,,45.9,3.67,0.0,routed,278.0,approach-review
8929aeb0d67ffff,Breakwater Apartments NE 30,,7.2,0.58,67.0,routed,234.0,approach-review
8929aeb0d6bffff,Breakwater Apartments E 34,,28.3,2.26,333.0,routed,152.0,approach-review
8929aeb0d73ffff,Breakwater Apartments E 32,,41.6,3.33,424.0,routed,106.0,approach-review
8929aeb0d77ffff,Breakwater Apartments E 31,,7.1,0.56,0.0,routed,240.0,approach-review
8929aeb0d7bffff,Bakersfield NW 44,,41.5,3.32,558.0,routed,56.0,network-estimate
8929aeb0da3ffff,Breakwater Apartments E 16,,18.1,1.45,944.0,routed,72.0,network-estimate
8929aeb0da7ffff,San Lauren Park,,19.5,1.56,1230.0,routed,56.0,network-estimate
8929aeb0dabffff,Breakwater Apartments E 21,,19.8,1.59,0.0,routed,380.0,approach-review
8929aeb0dafffff,Breakwater Apartments E 17,,17.2,1.38,789.0,routed,174.0,approach-review
8929aeb0db3ffff,Breakwater Apartments E 18,,23.5,1.88,815.0,routed,118.0,approach-review
8929aeb0db7ffff,Breakwater Apartments E 13,,22.5,1.8,1298.0,routed,43.0,network-estimate
8929aeb0dbbffff,Breakwater Apartments E 20,,30.2,2.42,0.0,routed,261.0,approach-review
8929aeb0dcbffff,Bakersfield NW 34,,24.7,1.98,1028.0,routed,57.0,network-estimate
8929aeb0ddbffff,Bakersfield NW 30,,18.9,1.51,953.0,routed,57.0,network-estimate
8929aeb0e03ffff,Bakersfield N 30,,41.4,3.31,490.0,routed,42.0,network-estimate
8929aeb0e07ffff,Bakersfield N 32,,42.7,3.42,559.0,routed,114.0,approach-review
8929aeb0e0bffff,Bakersfield NE 40,,39.0,3.12,825.0,routed,59.0,network-estimate
8929aeb0e0fffff,Bakersfield N 37,,47.4,3.79,302.0,routed,54.0,network-estimate
8929aeb0e13ffff,Bakersfield NE 29,,37.1,2.96,796.0,routed,32.0,network-estimate
8929aeb0e17ffff,Bakersfield N 24,,39.2,3.14,1703.0,routed,63.0,network-estimate
8929aeb0e1bffff,Bakersfield NE 34,,34.9,2.79,286.0,routed,86.0,network-estimate
8929aeb0e23ffff,Bakersfield N 40,,42.7,3.42,0.0,routed,290.0,approach-review
8929aeb0e27ffff,Bakersfield N 41,,35.3,2.83,651.0,routed,85.0,network-estimate
8929aeb0e2bffff,Bakersfield N 44,,41.0,3.28,66.0,routed,154.0,approach-review
8929aeb0e2fffff,Bakersfield N 45,,37.3,2.98,734.0,routed,27.0,network-estimate
8929aeb0e33ffff,Bakersfield N 34,,40.0,3.2,0.0,routed,227.0,approach-review
8929aeb0e37ffff,Bakersfield N 36,,39.5,3.16,0.0,routed,251.0,approach-review
8929aeb0e3bffff,Bakersfield N 38,,46.4,3.71,0.0,routed,110.0,approach-review
8929aeb0e47ffff,Bakersfield NE 44,,33.6,2.69,1113.0,routed,7.0,network-estimate
8929aeb0e4bffff,Bakersfield NE 49,,26.6,2.12,1738.0,routed,83.0,network-estimate
8929aeb0e4fffff,Bakersfield NE 48,,30.3,2.42,710.0,routed,121.0,approach-review
8929aeb0e57ffff,Bakersfield NE 41,,32.2,2.57,1295.0,routed,20.0,network-estimate
8929aeb0e63ffff,Bakersfield N 46,,54.7,4.38,662.0,routed,13.0,network-estimate
8929aeb0e67ffff,Bakersfield N 47,,43.9,3.51,0.0,routed,191.0,approach-review
8929aeb0e6bffff,Bakersfield NE 53,,60.8,4.87,188.0,routed,3.0,network-estimate
8929aeb0e6fffff,Bakersfield N 48,,46.1,3.69,372.0,routed,98.0,network-estimate
8929aeb0e73ffff,Bakersfield N 42,,59.7,4.77,455.0,routed,29.0,network-estimate
8929aeb0e77ffff,Bakersfield N 43,,52.6,4.21,412.0,routed,146.0,approach-review
8929aeb0e7bffff,Bakersfield NE 46,,61.3,4.9,440.0,routed,116.0,approach-review
8929aeb0e83ffff,Bakersfield NE 17,,30.4,2.43,1227.0,routed,53.0,network-estimate
8929aeb0e87ffff,Bakersfield N 17,,27.7,2.22,947.0,routed,48.0,network-estimate
8929aeb0e8bffff,Bakersfield NE 23,,31.1,2.48,0.0,routed,28.0,network-estimate
8929aeb0e8fffff,Bakersfield N 19,,34.3,2.74,1126.0,routed,27.0,network-estimate
8929aeb0e93ffff,Bakersfield NE 13,,24.2,1.94,1383.0,routed,11.0,network-estimate
8929aeb0e97ffff,Bakersfield N 13,,23.9,1.91,1837.0,routed,49.0,network-estimate
8929aeb0e9bffff,Bakersfield NE 18,,26.1,2.09,770.0,routed,13.0,network-estimate
8929aeb0ea3ffff,Bakersfield N 21,,29.4,2.35,1323.0,routed,23.0,network-estimate
8929aeb0ea7ffff,Bakersfield N 23,,31.3,2.51,793.0,routed,114.0,approach-review
8929aeb0eabffff,Bakersfield N 26,,38.2,3.06,2523.0,routed,63.0,network-estimate
8929aeb0eafffff,Bakersfield N 28,,37.0,2.96,162.0,routed,187.0,approach-review
8929aeb0eb3ffff,Bakersfield N 18,,25.6,2.05,1273.0,routed,74.0,network-estimate
8929aeb0eb7ffff,Metropolitan Recreation Center E,,24.1,1.93,1183.0,routed,52.0,network-estimate
8929aeb0ebbffff,Bakersfield N 20,,30.9,2.47,1107.0,routed,63.0,network-estimate
8929aeb0ec3ffff,Bakersfield NE 31,,22.5,1.8,1647.0,routed,14.0,network-estimate
8929aeb0ec7ffff,Bakersfield NE 30,,30.9,2.47,1158.0,routed,88.0,network-estimate
8929aeb0ecfffff,Bakersfield NE 37,,27.4,2.19,1442.0,routed,13.0,network-estimate
8929aeb0ed3ffff,Bakersfield NE 26,,18.9,1.51,1711.0,routed,49.0,network-estimate
8929aeb0ed7ffff,Bakersfield NE 24,,28.1,2.25,853.0,routed,90.0,network-estimate
8929aeb0edbffff,Bakersfield NE 33,,20.3,1.62,1562.0,routed,48.0,network-estimate
8929aeb1003ffff,Crestview Meadows,,23.6,1.89,1543.0,routed,25.0,network-estimate
8929aeb1007ffff,Crestview Meadows NW,,17.1,1.37,537.0,routed,252.0,approach-review
8929aeb100bffff,Crestview Meadows NE,,25.1,2.01,14.0,routed,156.0,approach-review
8929aeb100fffff,Crestview Meadows N,,27.4,2.19,257.0,routed,131.0,approach-review
8929aeb1013ffff,Crestview Meadows S,,16.5,1.32,1382.0,routed,13.0,network-estimate
8929aeb1017ffff,Crestview Meadows SW,,25.9,2.07,2428.0,routed,304.0,approach-review
8929aeb101bffff,Crestview Meadows SE,,21.6,1.73,29.0,routed,20.0,network-estimate
8929aeb1023ffff,Crestview Meadows NW 5,,30.3,2.42,365.0,routed,422.0,approach-review
8929aeb1027ffff,Crestview Meadows NW 8,,30.0,2.4,0.0,routed,404.0,approach-review
8929aeb102bffff,Crestview Meadows NW 4,,29.9,2.39,0.0,routed,392.0,approach-review
8929aeb102fffff,Crestview Meadows NW 7,,25.7,2.06,493.0,routed,57.0,network-estimate
8929aeb1033ffff,Crestview Meadows NW 3,,15.2,1.21,529.0,routed,102.0,approach-review
8929aeb1037ffff,Crestview Meadows NW 6,,14.7,1.18,0.0,routed,283.0,approach-review
8929aeb103bffff,Crestview Meadows NW 2,,31.4,2.51,0.0,routed,425.0,approach-review
8929aeb1043ffff,Crestview Meadows E 2,,30.7,2.45,0.0,routed,240.0,approach-review
8929aeb1047ffff,Crestview Meadows NE 2,,31.5,2.52,0.0,routed,307.0,approach-review
8929aeb104bffff,Crestview Meadows NE 6,,64.4,5.15,0.0,routed,374.0,approach-review
8929aeb104fffff,Crestview Meadows NE 4,,63.8,5.1,0.0,routed,328.0,approach-review
8929aeb1053ffff,Crestview Meadows E,,31.8,2.54,0.0,routed,327.0,approach-review
8929aeb105bffff,Crestview Meadows E 3,,34.3,2.75,0.0,routed,532.0,approach-review
8929aeb1063ffff,Crestview Meadows N 4,,64.3,5.14,0.0,routed,709.0,approach-review
8929aeb1067ffff,Crestview Meadows N 5,,33.0,2.64,0.0,routed,638.0,approach-review
8929aeb106bffff,Crestview Meadows NE 5,,60.5,4.84,0.0,routed,405.0,approach-review
8929aeb106fffff,Crestview Meadows N 6,,57.7,4.62,0.0,routed,589.0,approach-review
8929aeb1073ffff,Crestview Meadows N 2,,32.0,2.56,0.0,routed,367.0,approach-review
8929aeb1077ffff,Crestview Meadows N 3,,32.3,2.58,0.0,routed,495.0,approach-review
8929aeb107bffff,Crestview Meadows NE 3,,62.5,5.0,0.0,routed,454.0,approach-review
8929aeb10a3ffff,Crestview Meadows W 3,,5.8,0.47,1150.0,routed,52.0,network-estimate
8929aeb10a7ffff,Crestview Meadows W 4,,11.2,0.9,424.0,routed,71.0,network-estimate
8929aeb10abffff,Crestview Meadows W,,11.5,0.92,1163.0,routed,50.0,network-estimate
8929aeb10afffff,Crestview Meadows W 2,,11.9,0.95,1283.0,routed,41.0,network-estimate
8929aeb10b3ffff,Crestview Meadows SW 2,,4.2,0.34,734.0,routed,48.0,network-estimate
8929aeb10b7ffff,Crestview Meadows W 6,,6.6,0.53,870.0,routed,147.0,approach-review
8929aeb10cbffff,Crestview Meadows SE 2,,29.2,2.33,0.0,routed,341.0,approach-review
8929aeb10dbffff,Crestview Meadows SE 3,,32.6,2.61,0.0,routed,325.0,approach-review
8929aeb1103ffff,Crestview Meadows NW 26,,33.5,2.68,1150.0,routed,41.0,network-estimate
8929aeb110bffff,Crestview Meadows NW 22,,29.3,2.34,1973.0,routed,52.0,network-estimate
8929aeb110fffff,Crestview Meadows NW 28,,32.9,2.63,410.0,routed,72.0,network-estimate
8929aeb1113ffff,Crestview Meadows W 15,,36.3,2.91,857.0,routed,110.0,approach-review
8929aeb111bffff,Crestview Meadows NW 18,,33.2,2.65,1959.0,routed,96.0,network-estimate
8929aeb1123ffff,Crestview Meadows NW 43,,32.4,2.59,1176.0,routed,33.0,network-estimate
8929aeb1127ffff,Crestview Meadows NW 53,,38.9,3.11,1618.0,routed,48.0,network-estimate
8929aeb112bffff,Crestview Meadows NW 40,,30.5,2.44,465.0,routed,79.0,network-estimate
8929aeb112fffff,Crestview Meadows NW 48,,28.9,2.31,1073.0,routed,28.0,network-estimate
8929aeb1133ffff,Crestview Meadows NW 39,,36.2,2.9,0.0,routed,266.0,approach-review
8929aeb1137ffff,Crestview Meadows NW 47,,38.9,3.11,473.0,routed,106.0,approach-review
8929aeb113bffff,Crestview Meadows NW 34,,31.9,2.55,704.0,routed,121.0,approach-review
8929aeb1143ffff,Crestview Meadows NW 16,,38.0,3.04,244.0,routed,176.0,approach-review
8929aeb1147ffff,Crestview Meadows NW 21,,33.3,2.67,317.0,routed,61.0,network-estimate
8929aeb114bffff,Crestview Meadows NW 14,,35.8,2.87,89.0,routed,87.0,network-estimate
8929aeb114fffff,Crestview Meadows NW 20,,33.4,2.67,303.0,routed,39.0,network-estimate
8929aeb1153ffff,Crestview Meadows NW 12,,40.4,3.23,201.0,routed,381.0,approach-review
8929aeb1157ffff,Crestview Meadows NW 17,,36.5,2.92,737.0,routed,68.0,network-estimate
8929aeb115bffff,Crestview Meadows NW 11,,34.7,2.77,0.0,routed,72.0,network-estimate
8929aeb1163ffff,Crestview Meadows NW 32,,20.7,1.66,1435.0,routed,66.0,network-estimate
8929aeb1167ffff,Crestview Meadows NW 38,,30.2,2.41,892.0,routed,65.0,network-estimate
8929aeb116bffff,Crestview Meadows NW 30,,23.3,1.87,1471.0,routed,37.0,network-estimate
8929aeb116fffff,Crestview Meadows NW 37,,18.6,1.49,1446.0,routed,41.0,network-estimate
8929aeb1173ffff,Crestview Meadows NW 27,,27.4,2.19,945.0,routed,91.0,network-estimate
8929aeb1177ffff,Crestview Meadows NW 33,,23.9,1.92,1270.0,routed,39.0,network-estimate
8929aeb117bffff,Crestview Meadows NW 25,,26.9,2.15,1068.0,routed,63.0,network-estimate
8929aeb1183ffff,Crestview Meadows W 17,,28.6,2.29,1726.0,routed,24.0,network-estimate
8929aeb1187ffff,Crestview Meadows W 21,,39.3,3.15,1233.0,routed,112.0,approach-review
8929aeb118bffff,Crestview Meadows W 14,,29.7,2.37,935.0,routed,126.0,approach-review
8929aeb118fffff,Crestview Meadows W 18,,35.9,2.88,1033.0,routed,98.0,network-estimate
8929aeb1193ffff,Crestview Meadows W 16,,33.4,2.67,1211.0,routed,43.0,network-estimate
8929aeb1197ffff,Crestview Meadows W 19,,35.5,2.84,1473.0,routed,70.0,network-estimate
8929aeb119bffff,Crestview Meadows W 12,,25.4,2.03,1872.0,routed,29.0,network-estimate
8929aeb11a7ffff,Crestview Meadows W 22,,52.5,4.2,1048.0,routed,67.0,network-estimate
8929aeb11c3ffff,Crestview Meadows W 9,,21.3,1.71,0.0,routed,56.0,network-estimate
8929aeb11c7ffff,Crestview Meadows W 11,,29.9,2.39,1252.0,routed,42.0,network-estimate
8929aeb11cbffff,Crestview Meadows NW 9,,37.0,2.96,0.0,routed,377.0,approach-review
8929aeb11cfffff,Crestview Meadows NW 13,,34.8,2.78,463.0,routed,149.0,approach-review
8929aeb11d3ffff,Crestview Meadows W 7,,19.3,1.54,730.0,routed,56.0,network-estimate
8929aeb11d7ffff,Crestview Meadows W 10,,35.6,2.85,924.0,routed,10.0,network-estimate
8929aeb11dbffff,Crestview Meadows W 5,,12.5,1.0,0.0,routed,235.0,approach-review
8929aeb1203ffff,Crestview Meadows NE 23,,55.5,4.44,1283.0,routed,42.0,network-estimate
8929aeb1207ffff,Crestview Meadows NE 21,,55.6,4.45,0.0,routed,127.0,approach-review
8929aeb120bffff,Crestview Meadows NE 30,,60.4,4.83,283.0,routed,59.0,network-estimate
8929aeb120fffff,Crestview Meadows NE 27,,54.9,4.39,181.0,routed,42.0,network-estimate
8929aeb1213ffff,Crestview Meadows NE 20,,52.4,4.19,1620.0,routed,22.0,network-estimate
8929aeb1217ffff,Crestview Meadows NE 17,,51.5,4.12,859.0,routed,76.0,network-estimate
8929aeb121bffff,Crestview Meadows NE 26,,60.1,4.81,499.0,routed,65.0,network-estimate
8929aeb1223ffff,Crestview Meadows NE 24,,57.0,4.56,1722.0,routed,232.0,approach-review
8929aeb1227ffff,Crestview Meadows NE 22,,62.5,5.0,1249.0,routed,17.0,network-estimate
8929aeb122bffff,Crestview Meadows NE 29,,70.2,5.61,1552.0,routed,156.0,approach-review
8929aeb122fffff,Crestview Meadows NE 28,,68.8,5.5,2071.0,routed,30.0,network-estimate
8929aeb1233ffff,Crestview Meadows NE 19,,53.5,4.28,477.0,routed,41.0,network-estimate
8929aeb1237ffff,Crestview Meadows NE 18,,58.5,4.68,0.0,routed,205.0,approach-review
8929aeb123bffff,Crestview Meadows NE 25,,60.5,4.84,0.0,routed,118.0,approach-review
8929aeb1243ffff,Crestview Meadows NE 41,,66.8,5.34,0.0,routed,578.0,approach-review
8929aeb1247ffff,Crestview Meadows NE 38,,66.5,5.32,0.0,routed,283.0,approach-review
8929aeb124bffff,Crestview Meadows NE 51,,90.5,7.24,147.0,routed,676.0,approach-review
8929aeb124fffff,Crestview Meadows NE 46,,67.9,5.43,0.0,routed,397.0,approach-review
8929aeb1253ffff,Crestview Meadows NE 39,,66.6,5.33,0.0,routed,581.0,approach-review
8929aeb1257ffff,Crestview Meadows NE 33,,64.4,5.15,0.0,routed,280.0,approach-review
8929aeb125bffff,Crestview Meadows NE 47,,128.6,10.28,0.0,routed,726.0,approach-review
8929aeb1263ffff,Crestview Meadows NE 40,,81.5,6.52,305.0,routed,322.0,approach-review
8929aeb1267ffff,Crestview Meadows NE 37,,77.3,6.18,255.0,routed,57.0,network-estimate
8929aeb126bffff,Crestview Meadows NE 48,,75.8,6.07,0.0,routed,412.0,approach-review
8929aeb126fffff,Crestview Meadows NE 45,,81.0,6.48,865.0,routed,61.0,network-estimate
8929aeb1273ffff,Crestview Meadows NE 34,,60.2,4.82,68.0,routed,51.0,network-estimate
8929aeb1277ffff,Crestview Meadows NE 32,,59.5,4.76,0.0,routed,264.0,approach-review
8929aeb127bffff,Crestview Meadows NE 42,,64.6,5.17,184.0,routed,112.0,approach-review
8929aeb1283ffff,Crestview Meadows E 10,,56.5,4.52,0.0,routed,224.0,approach-review
8929aeb1287ffff,Crestview Meadows NE 10,,46.4,3.71,0.0,routed,343.0,approach-review
8929aeb128bffff,Crestview Meadows E 15,,56.8,4.54,863.0,routed,42.0,network-estimate
8929aeb128fffff,Crestview Meadows NE 15,,53.7,4.3,415.0,routed,137.0,approach-review
8929aeb1293ffff,Crestview Meadows E 8,,60.7,4.86,0.0,routed,564.0,approach-review
8929aeb1297ffff,Crestview Meadows E 6,,61.0,4.88,0.0,routed,582.0,approach-review
8929aeb129bffff,Crestview Meadows E 13,,60.7,4.86,0.0,routed,357.0,approach-review
8929aeb12a3ffff,Crestview Meadows NE 11,,50.8,4.06,516.0,routed,122.0,approach-review
8929aeb12a7ffff,Crestview Meadows NE 9,,54.8,4.38,512.0,routed,119.0,approach-review
8929aeb12abffff,Crestview Meadows NE 16,,50.4,4.04,523.0,routed,34.0,network-estimate
8929aeb12afffff,Crestview Meadows NE 14,,55.3,4.42,1703.0,routed,55.0,network-estimate
8929aeb12b3ffff,Crestview Meadows NE 8,,60.4,4.83,165.0,routed,56.0,network-estimate
8929aeb12b7ffff,Crestview Meadows NE 7,,56.5,4.52,313.0,routed,88.0,network-estimate
8929aeb12bbffff,Crestview Meadows NE 12,,42.5,3.4,234.0,routed,27.0,network-estimate
8929aeb12c3ffff,Crestview Meadows E 24,,63.1,5.05,0.0,routed,322.0,approach-review
8929aeb12c7ffff,Crestview Meadows E 21,,58.8,4.71,959.0,routed,73.0,network-estimate
8929aeb12cbffff,Crestview Meadows E 27,,63.7,5.1,0.0,routed,595.0,approach-review
8929aeb12cfffff,Crestview Meadows NE 31,,59.8,4.78,0.0,routed,280.0,approach-review
8929aeb12d3ffff,Crestview Meadows E 23,,65.4,5.23,0.0,routed,462.0,approach-review
8929aeb12d7ffff,Crestview Meadows E 19,,61.6,4.92,25.0,routed,157.0,approach-review
8929aeb12dbffff,Crestview Meadows E 26,,67.8,5.42,0.0,routed,656.0,approach-review
8929aeb1303ffff,Crestview Meadows N 22,,72.3,5.78,0.0,routed,244.0,approach-review
8929aeb1307ffff,Crestview Meadows N 26,,40.8,3.27,0.0,routed,277.0,approach-review
8929aeb130bffff,Crestview Meadows N 27,,69.1,5.53,962.0,routed,52.0,network-estimate
8929aeb130fffff,Crestview Meadows N 30,,69.2,5.54,0.0,routed,223.0,approach-review
8929aeb1313ffff,Crestview Meadows N 16,,44.1,3.53,1018.0,routed,40.0,network-estimate
8929aeb1317ffff,Crestview Meadows N 20,,41.8,3.34,366.0,routed,150.0,approach-review
8929aeb131bffff,Crestview Meadows N 21,,48.9,3.91,0.0,routed,248.0,approach-review
8929aeb1323ffff,Crestview Meadows N 39,,60.4,4.83,365.0,routed,233.0,approach-review
8929aeb1327ffff,Crestview Meadows N 45,,52.9,4.24,0.0,routed,113.0,approach-review
8929aeb132bffff,Crestview Meadows N 41,,60.7,4.85,403.0,routed,254.0,approach-review
8929aeb132fffff,Crestview Meadows N 48,,59.4,4.76,80.0,routed,155.0,approach-review
8929aeb1333ffff,Crestview Meadows N 31,,39.0,3.12,556.0,routed,130.0,approach-review
8929aeb1337ffff,Crestview Meadows N 36,,39.9,3.19,0.0,routed,243.0,approach-review
8929aeb133bffff,Crestview Meadows N 33,,42.6,3.41,0.0,routed,416.0,approach-review
8929aeb1343ffff,Crestview Meadows N 29,,73.2,5.86,792.0,routed,85.0,network-estimate
8929aeb1347ffff,Crestview Meadows N 32,,70.1,5.61,629.0,routed,61.0,network-estimate
8929aeb134bffff,Crestview Meadows N 35,,73.9,5.91,2142.0,routed,181.0,approach-review
8929aeb134fffff,Crestview Meadows N 37,,71.3,5.71,1742.0,routed,88.0,network-estimate
8929aeb1353ffff,Crestview Meadows N 23,,68.0,5.44,763.0,routed,133.0,approach-review
8929aeb1357ffff,Crestview Meadows N 25,,73.5,5.88,0.0,routed,333.0,approach-review
8929aeb135bffff,Crestview Meadows N 28,,70.0,5.6,1753.0,routed,68.0,network-estimate
8929aeb1363ffff,Crestview Meadows N 42,,57.1,4.57,1052.0,routed,28.0,network-estimate
8929aeb1367ffff,Crestview Meadows N 47,,55.9,4.47,208.0,routed,184.0,approach-review
8929aeb136bffff,Crestview Meadows N 49,,63.8,5.1,19.0,routed,201.0,approach-review
8929aeb136fffff,Crestview Meadows N 52,,82.7,6.61,0.0,routed,80.0,network-estimate
8929aeb1373ffff,Crestview Meadows N 34,,68.5,5.48,1563.0,routed,80.0,network-estimate
8929aeb1377ffff,Crestview Meadows N 38,,56.0,4.48,9.0,routed,188.0,approach-review
8929aeb137bffff,Crestview Meadows N 40,,65.5,5.24,2128.0,routed,19.0,network-estimate
8929aeb1383ffff,Crestview Meadows N 11,,48.5,3.88,52.0,routed,291.0,approach-review
8929aeb1387ffff,Crestview Meadows NW 15,,40.5,3.24,754.0,routed,180.0,approach-review
8929aeb138bffff,Crestview Meadows N 12,,48.4,3.88,632.0,routed,93.0,network-estimate
8929aeb138fffff,Crestview Meadows N 14,,42.9,3.43,1111.0,routed,17.0,network-estimate
8929aeb1393ffff,Crestview Meadows N 7,,31.6,2.52,0.0,routed,302.0,approach-review
8929aeb1397ffff,Crestview Meadows NW 10,,29.0,2.32,740.0,routed,83.0,network-estimate
8929aeb139bffff,Crestview Meadows N 8,,55.6,4.45,0.0,routed,422.0,approach-review
8929aeb13a3ffff,Crestview Meadows NW 24,,31.3,2.5,1247.0,routed,24.0,network-estimate
8929aeb13a7ffff,Crestview Meadows NW 29,,26.7,2.14,728.0,routed,25.0,network-estimate
8929aeb13abffff,Crestview Meadows N 24,,35.1,2.81,682.0,routed,103.0,approach-review
8929aeb13afffff,Crestview Meadows NW 31,,35.0,2.8,1268.0,routed,68.0,network-estimate
8929aeb13b3ffff,Crestview Meadows NW 19,,37.2,2.97,750.0,routed,23.0,network-estimate
8929aeb13b7ffff,Crestview Meadows NW 23,,31.2,2.5,665.0,routed,50.0,network-estimate
8929aeb13bbffff,Crestview Meadows N 18,,38.8,3.1,1659.0,routed,43.0,network-estimate
8929aeb13c3ffff,Crestview Meadows N 13,,54.7,4.38,0.0,routed,455.0,approach-review
8929aeb13c7ffff,Crestview Meadows N 15,,50.3,4.03,227.0,routed,103.0,approach-review
8929aeb13cbffff,Crestview Meadows N 17,,68.3,5.46,0.0,routed,227.0,approach-review
8929aeb13cfffff,Crestview Meadows N 19,,70.4,5.63,0.0,routed,394.0,approach-review
8929aeb13d3ffff,Crestview Meadows N 9,,58.9,4.71,0.0,routed,447.0,approach-review
8929aeb13d7ffff,Crestview Meadows N 10,,53.6,4.29,0.0,routed,260.0,approach-review
8929aeb13dbffff,Crestview Meadows NE 13,,56.8,4.55,0.0,routed,252.0,approach-review
8929aeb152fffff,Crestview Meadows W 20,,34.8,2.79,1193.0,routed,43.0,network-estimate
8929aeb1567ffff,Crestview Meadows W 13,,21.3,1.71,1811.0,routed,49.0,network-estimate
8929aeb156bffff,Crestview Meadows W 8,,15.8,1.26,815.0,routed,41.0,network-estimate
8929aeb157bffff,Crestview Meadows SW 3,,9.5,0.76,1297.0,routed,64.0,network-estimate
8929aeb1603ffff,Crestview Meadows SE 15,,72.1,5.77,0.0,routed,313.0,approach-review
8929aeb1607ffff,Crestview Meadows SE 11,,74.9,5.99,0.0,routed,536.0,approach-review
8929aeb160bffff,Crestview Meadows E 22,,87.5,7.0,0.0,routed,58.0,network-estimate
8929aeb160fffff,Crestview Meadows E 16,,90.9,7.28,0.0,routed,332.0,approach-review
8929aeb1613ffff,Crestview Meadows SE 16,,69.3,5.55,0.0,routed,95.0,network-estimate
8929aeb1617ffff,Crestview Meadows SE 14,,71.5,5.72,0.0,routed,269.0,approach-review
8929aeb161bffff,Crestview Meadows SE 17,,75.5,6.04,0.0,routed,31.0,network-estimate
8929aeb1623ffff,Crestview Meadows E 7,,36.8,2.95,0.0,routed,951.0,approach-review
8929aeb1627ffff,Crestview Meadows E 4,,36.1,2.89,0.0,routed,677.0,approach-review
8929aeb162bffff,Crestview Meadows E 9,,65.2,5.22,0.0,routed,923.0,approach-review
8929aeb162fffff,Crestview Meadows E 5,,64.5,5.16,0.0,routed,864.0,approach-review
8929aeb1633ffff,Crestview Meadows SE 7,,78.9,6.31,0.0,routed,859.0,approach-review
8929aeb1637ffff,Crestview Meadows SE 4,,32.6,2.61,0.0,routed,614.0,approach-review
8929aeb163bffff,Crestview Meadows E 11,,95.4,7.64,0.0,routed,692.0,approach-review
8929aeb1663ffff,Crestview Meadows E 18,,125.7,10.06,0.0,routed,451.0,approach-review
8929aeb1667ffff,Crestview Meadows E 12,,65.3,5.22,0.0,routed,720.0,approach-review
8929aeb166fffff,Crestview Meadows E 17,,66.1,5.29,0.0,routed,522.0,approach-review
8929aeb1673ffff,Crestview Meadows E 20,,124.8,9.99,0.0,routed,378.0,approach-review
8929aeb1677ffff,Crestview Meadows E 14,,94.6,7.57,0.0,routed,623.0,approach-review
8929aeb16a3ffff,Crestview Meadows SE 9,,43.3,3.46,0.0,routed,348.0,approach-review
8929aeb16a7ffff,Crestview Meadows SE 5,,40.2,3.22,156.0,routed,225.0,approach-review
8929aeb16abffff,Crestview Meadows SE 10,,76.0,6.08,0.0,routed,631.0,approach-review
8929aeb16afffff,Crestview Meadows SE 6,,44.3,3.54,0.0,routed,547.0,approach-review
8929aeb16b3ffff,Crestview Meadows SE 12,,46.8,3.74,0.0,routed,231.0,approach-review
8929aeb16b7ffff,Crestview Meadows SE 8,,42.2,3.37,391.0,routed,83.0,network-estimate
8929aeb16bbffff,Crestview Meadows SE 13,,69.9,5.59,0.0,routed,478.0,approach-review
8929aeb1803ffff,Crestview Meadows NW 134,,75.0,6.0,0.0,routed,354.0,approach-review
8929aeb1807ffff,Crestview Meadows NW 137,,71.9,5.75,437.0,routed,100.0,network-estimate
8929aeb1817ffff,Crestview Meadows NW 136,,49.7,3.98,0.0,routed,429.0,approach-review
8929aeb1833ffff,Crestview Meadows NW 141,,65.8,5.27,355.0,routed,327.0,approach-review
8929aeb1853ffff,Crestview Meadows NW 122,,29.5,2.36,271.0,routed,167.0,approach-review
8929aeb185bffff,Crestview Meadows NW 120,,29.4,2.35,115.0,routed,269.0,approach-review
8929aeb1883ffff,Crestview Meadows NW 129,,53.0,4.24,286.0,routed,107.0,approach-review
8929aeb188bffff,Crestview Meadows NW 128,,39.0,3.12,508.0,routed,58.0,network-estimate
8929aeb1893ffff,Crestview Meadows NW 126,,20.3,1.62,970.0,routed,75.0,network-estimate
8929aeb1897ffff,Crestview Meadows NW 132,,19.5,1.56,307.0,routed,158.0,approach-review
8929aeb189bffff,Crestview Meadows NW 119,,55.1,4.41,0.0,routed,275.0,approach-review
8929aeb18a3ffff,Crestview Meadows NW 139,,55.2,4.42,364.0,routed,338.0,approach-review
8929aeb18a7ffff,Bakersfield NE 107,,67.5,5.4,0.0,routed,464.0,approach-review
8929aeb18abffff,Crestview Meadows NW 138,,67.5,5.4,0.0,routed,458.0,approach-review
8929aeb18afffff,Crestview Meadows NW 142,,63.6,5.09,583.0,routed,151.0,approach-review
8929aeb18c3ffff,Crestview Meadows NW 114,,34.4,2.75,120.0,routed,156.0,approach-review
8929aeb18c7ffff,Crestview Meadows NW 127,,31.7,2.54,673.0,routed,133.0,approach-review
8929aeb18cbffff,Crestview Meadows NW 111,,26.5,2.12,578.0,routed,123.0,approach-review
8929aeb18cfffff,Crestview Meadows NW 124,,26.7,2.13,676.0,routed,184.0,approach-review
8929aeb18d3ffff,Crestview Meadows NW 104,,37.4,2.99,0.0,routed,400.0,approach-review
8929aeb18d7ffff,Crestview Meadows NW 117,,35.7,2.85,93.0,routed,162.0,approach-review
8929aeb18dbffff,Crestview Meadows NW 101,,24.2,1.94,0.0,routed,362.0,approach-review
8929aeb19d3ffff,Bakersfield NE 106,,71.8,5.74,0.0,routed,517.0,approach-review
8929aeb19dbffff,Bakersfield NE 108,,74.4,5.95,405.0,routed,255.0,approach-review
8929aeb1a03ffff,Crestview Meadows NW 135,,110.2,8.82,382.0,routed,380.0,approach-review
8929aeb1a0bffff,Crestview Meadows N 143,,80.9,6.47,0.0,routed,544.0,approach-review
8929aeb1a0fffff,Crestview Meadows N 146,,111.0,8.88,339.0,routed,445.0,approach-review
8929aeb1a13ffff,Crestview Meadows NW 130,,109.3,8.74,469.0,routed,398.0,approach-review
8929aeb1a1bffff,Crestview Meadows N 137,,79.3,6.34,0.0,routed,417.0,approach-review
8929aeb1a2bffff,Crestview Meadows NW 143,,147.2,11.77,724.0,routed,478.0,approach-review
8929aeb1a3bffff,Crestview Meadows NW 140,,109.4,8.75,739.0,routed,368.0,approach-review
8929aeb1a43ffff,Crestview Meadows N 141,,83.0,6.64,0.0,routed,193.0,approach-review
8929aeb1a47ffff,Crestview Meadows N 144,,87.5,7.0,0.0,routed,549.0,approach-review
8929aeb1a4bffff,Crestview Meadows N 142,,86.1,6.89,0.0,routed,102.0,approach-review
8929aeb1a4fffff,Crestview Meadows N 145,,106.8,8.54,0.0,routed,275.0,approach-review
8929aeb1a53ffff,Crestview Meadows N 132,,76.8,6.15,0.0,routed,220.0,approach-review
8929aeb1a57ffff,Crestview Meadows N 138,,76.6,6.13,0.0,routed,204.0,approach-review
8929aeb1a5bffff,Crestview Meadows N 136,,80.2,6.41,0.0,routed,105.0,approach-review
8929aeb1a63ffff,Crestview Meadows N 150,,140.1,11.21,0.0,routed,301.0,approach-review
8929aeb1a67ffff,Crestview Meadows N 152,,134.6,10.77,354.0,routed,316.0,approach-review
8929aeb1a6bffff,Crestview Meadows N 151,,138.1,11.04,379.0,routed,51.0,network-estimate
8929aeb1a73ffff,Crestview Meadows N 147,,146.3,11.7,0.0,routed,633.0,approach-review
8929aeb1a77ffff,Crestview Meadows N 149,,144.4,11.56,0.0,routed,649.0,approach-review
8929aeb1a7bffff,Crestview Meadows N 148,,142.5,11.4,0.0,routed,407.0,approach-review
8929aeb1a8bffff,Crestview Meadows NW 125,,109.9,8.79,408.0,routed,498.0,approach-review
8929aeb1a93ffff,Crestview Meadows NW 110,,46.3,3.7,145.0,routed,364.0,approach-review
8929aeb1a97ffff,Crestview Meadows NW 121,,109.1,8.73,392.0,routed,385.0,approach-review
8929aeb1a9bffff,Crestview Meadows NW 112,,48.9,3.91,0.0,routed,573.0,approach-review
8929aeb1ac3ffff,Crestview Meadows N 118,,75.3,6.03,0.0,routed,555.0,approach-review
8929aeb1ac7ffff,Crestview Meadows N 127,,81.1,6.49,0.0,routed,563.0,approach-review
8929aeb1acbffff,Crestview Meadows N 122,,71.7,5.73,0.0,routed,262.0,approach-review
8929aeb1acfffff,Crestview Meadows N 129,,76.7,6.14,0.0,routed,211.0,approach-review
8929aeb1ad3ffff,Crestview Meadows N 104,,77.2,6.17,0.0,routed,701.0,approach-review
8929aeb1ad7ffff,Crestview Meadows NW 115,,84.7,6.78,0.0,routed,852.0,approach-review
8929aeb1adbffff,Crestview Meadows N 108,,72.6,5.81,0.0,routed,336.0,approach-review
8929aeb1c03ffff,Crestview Meadows NW 91,,33.1,2.65,1103.0,routed,107.0,approach-review
8929aeb1c07ffff,Crestview Meadows NW 103,,26.6,2.13,1587.0,routed,48.0,network-estimate
8929aeb1c0bffff,Crestview Meadows NW 84,,32.8,2.62,1799.0,routed,22.0,network-estimate
8929aeb1c0fffff,Crestview Meadows NW 95,,29.9,2.39,1552.0,routed,76.0,network-estimate
8929aeb1c13ffff,Crestview Meadows W 34,,35.9,2.87,1832.0,routed,109.0,approach-review
8929aeb1c17ffff,Crestview Meadows W 40,,30.4,2.43,1485.0,routed,35.0,network-estimate
8929aeb1c1bffff,Crestview Meadows NW 79,,36.1,2.89,1995.0,routed,100.0,network-estimate
8929aeb1c23ffff,Crestview Meadows NW 123,,19.2,1.54,1766.0,routed,118.0,approach-review
8929aeb1c27ffff,Crestview Meadows NW 131,,11.0,0.88,1925.0,routed,16.0,network-estimate
8929aeb1c2bffff,Crestview Meadows NW 118,,22.0,1.76,1625.0,routed,87.0,network-estimate
8929aeb1c2fffff,College Park,,16.9,1.35,1658.0,routed,58.0,network-estimate
8929aeb1c33ffff,Crestview Meadows NW 116,,20.1,1.61,1592.0,routed,82.0,network-estimate
8929aeb1c37ffff,Bakersfield NE 98,,14.7,1.17,1023.0,routed,36.0,network-estimate
8929aeb1c3bffff,Crestview Meadows NW 108,,21.9,1.75,1614.0,routed,76.0,network-estimate
8929aeb1c43ffff,Crestview Meadows NW 69,,40.2,3.22,1248.0,routed,88.0,network-estimate
8929aeb1c47ffff,Crestview Meadows NW 80,,36.1,2.88,1641.0,routed,81.0,network-estimate
8929aeb1c4bffff,Crestview Meadows NW 64,,32.0,2.56,1782.0,routed,67.0,network-estimate
8929aeb1c4fffff,Crestview Meadows NW 74,,37.1,2.96,1649.0,routed,47.0,network-estimate
8929aeb1c53ffff,Crestview Meadows NW 63,,40.8,3.27,1461.0,routed,12.0,network-estimate
8929aeb1c57ffff,Crestview Meadows NW 73,,41.5,3.32,1743.0,routed,120.0,approach-review
8929aeb1c5bffff,Crestview Meadows NW 57,,32.5,2.6,1339.0,routed,66.0,network-estimate
8929aeb1c63ffff,Crestview Meadows NW 98,,27.3,2.18,1634.0,routed,115.0,approach-review
8929aeb1c67ffff,Crestview Meadows NW 113,,26.1,2.09,1089.0,routed,130.0,approach-review
8929aeb1c6bffff,Crestview Meadows NW 94,,32.4,2.59,624.0,routed,116.0,approach-review
8929aeb1c6fffff,Crestview Meadows NW 106,,29.8,2.38,0.0,routed,239.0,approach-review
8929aeb1c73ffff,Crestview Meadows NW 92,,30.9,2.47,1639.0,routed,124.0,approach-review
8929aeb1c77ffff,Crestview Meadows NW 105,,25.2,2.02,1501.0,routed,92.0,network-estimate
8929aeb1c7bffff,Crestview Meadows NW 85,,32.6,2.61,1664.0,routed,59.0,network-estimate
8929aeb1c83ffff,Crestview Meadows W 35,,43.8,3.5,484.0,routed,99.0,network-estimate
8929aeb1c87ffff,Crestview Meadows W 41,,32.9,2.63,49.0,routed,170.0,approach-review
8929aeb1c8bffff,Crestview Meadows W 31,,47.2,3.78,290.0,routed,121.0,approach-review
8929aeb1c8fffff,Crestview Meadows W 37,,35.5,2.84,1248.0,routed,124.0,approach-review
8929aeb1c93ffff,Crestview Meadows W 33,,52.5,4.2,614.0,routed,132.0,approach-review
8929aeb1c97ffff,Crestview Meadows W 39,,38.6,3.09,519.0,routed,46.0,network-estimate
8929aeb1c9bffff,Crestview Meadows W 30,,45.8,3.66,801.0,routed,22.0,network-estimate
8929aeb1ca3ffff,Bakersfield NE 89,,21.5,1.72,2057.0,routed,14.0,network-estimate
8929aeb1ca7ffff,Bakersfield NE 84,,16.6,1.33,1808.0,routed,99.0,network-estimate
8929aeb1cabffff,Crestview Meadows W 43,,24.7,1.98,1917.0,routed,43.0,network-estimate
8929aeb1cafffff,Bakersfield NE 93,,17.6,1.41,1983.0,routed,50.0,network-estimate
8929aeb1cb3ffff,Bakersfield NE 85,,26.1,2.08,1524.0,routed,13.0,network-estimate
8929aeb1cb7ffff,Bakersfield NE 79,,22.9,1.83,1835.0,routed,87.0,network-estimate
8929aeb1cbbffff,Crestview Meadows W 42,,29.4,2.35,1706.0,routed,38.0,network-estimate
8929aeb1cc3ffff,Crestview Meadows W 25,,52.4,4.2,739.0,routed,60.0,network-estimate
8929aeb1cc7ffff,Crestview Meadows W 28,,40.9,3.27,953.0,routed,19.0,network-estimate
8929aeb1ccbffff,Crestview Meadows NW 56,,40.1,3.21,1162.0,routed,97.0,network-estimate
8929aeb1ccfffff,Crestview Meadows NW 65,,42.1,3.37,1787.0,routed,31.0,network-estimate
8929aeb1cd3ffff,Crestview Meadows W 24,,51.4,4.11,1705.0,routed,37.0,network-estimate
8929aeb1cd7ffff,Crestview Meadows W 27,,49.8,3.98,384.0,routed,49.0,network-estimate
8929aeb1cdbffff,Crestview Meadows W 23,,55.9,4.47,928.0,routed,59.0,network-estimate
8929aeb1d03ffff,Bakersfield NE 88,,13.6,1.09,0.0,routed,355.0,approach-review
8929aeb1d07ffff,Bakersfield NE 86,,68.0,5.44,0.0,routed,270.0,approach-review
8929aeb1d0bffff,Bakersfield NE 96,,12.8,1.02,0.0,routed,445.0,approach-review
8929aeb1d0fffff,Bakersfield NE 94,,65.4,5.23,0.0,routed,504.0,approach-review
8929aeb1d13ffff,Bakersfield NE 81,,11.2,0.89,588.0,routed,163.0,approach-review
8929aeb1d17ffff,Bakersfield NE 78,,18.4,1.47,0.0,routed,171.0,approach-review
8929aeb1d1bffff,Bakersfield NE 90,,8.3,0.67,39.0,routed,90.0,network-estimate
8929aeb1d47ffff,Bakersfield NE 101,,13.1,1.04,0.0,routed,590.0,approach-review
8929aeb1d53ffff,Bakersfield NE 99,,6.8,0.54,252.0,routed,42.0,network-estimate
8929aeb1d57ffff,Bakersfield NE 97,,6.5,0.52,0.0,routed,264.0,approach-review
8929aeb1d5bffff,Crestview Meadows NW 133,,11.7,0.94,1049.0,routed,55.0,network-estimate
8929aeb1d63ffff,Bakersfield NE 102,,63.0,5.04,0.0,routed,311.0,approach-review
8929aeb1d6bffff,Bakersfield NE 105,,67.5,5.4,0.0,routed,671.0,approach-review
8929aeb1d6fffff,Bakersfield NE 104,,55.9,4.47,0.0,routed,331.0,approach-review
8929aeb1d73ffff,Bakersfield NE 100,,64.5,5.16,0.0,routed,438.0,approach-review
8929aeb1d7bffff,Bakersfield NE 103,,67.0,5.36,0.0,routed,636.0,approach-review
8929aeb1d83ffff,Bakersfield NE 60,,18.7,1.49,1665.0,routed,14.0,network-estimate
8929aeb1d87ffff,Bakersfield NE 59,,23.0,1.84,403.0,routed,123.0,approach-review
8929aeb1d8bffff,Bakersfield NE 71,,14.1,1.12,1720.0,routed,49.0,network-estimate
8929aeb1d8fffff,Bakersfield NE 70,,15.8,1.26,758.0,routed,59.0,network-estimate
8929aeb1d93ffff,Bakersfield NE 52,,22.0,1.76,1813.0,routed,29.0,network-estimate
8929aeb1d9bffff,Bakersfield NE 63,,16.9,1.35,1377.0,routed,62.0,network-estimate
8929aeb1da3ffff,Bakersfield NE 65,,25.0,2.0,0.0,routed,254.0,approach-review
8929aeb1da7ffff,Bakersfield NE 64,,59.2,4.73,0.0,routed,201.0,approach-review
8929aeb1dabffff,Bakersfield NE 77,,68.4,5.48,0.0,routed,309.0,approach-review
8929aeb1dafffff,Bakersfield NE 74,,58.9,4.71,0.0,routed,181.0,approach-review
8929aeb1db3ffff,Bakersfield NE 56,,24.6,1.97,669.0,routed,117.0,approach-review
8929aeb1db7ffff,Bakersfield NE 54,,29.8,2.39,0.0,routed,238.0,approach-review
8929aeb1dbbffff,Bakersfield NE 66,,18.9,1.51,0.0,routed,242.0,approach-review
8929aeb1dc3ffff,Bakersfield NE 87,,11.2,0.9,244.0,routed,78.0,network-estimate
8929aeb1dc7ffff,Bakersfield NE 83,,7.5,0.6,1401.0,routed,113.0,approach-review
8929aeb1dcbffff,Bakersfield NE 95,,8.6,0.69,243.0,routed,12.0,network-estimate
8929aeb1dcfffff,Bakersfield NE 92,,2.4,0.2,397.0,routed,11.0,network-estimate
8929aeb1dd3ffff,Bakersfield NE 80,,15.0,1.2,1428.0,routed,34.0,network-estimate
8929aeb1dd7ffff,Bakersfield NE 75,,13.6,1.09,1553.0,routed,88.0,network-estimate
8929aeb1ddbffff,Bakersfield NE 91,,11.7,0.94,888.0,routed,4.0,network-estimate
8929aeb1e03ffff,Crestview Meadows NW 66,,50.0,4.0,0.0,routed,122.0,approach-review
8929aeb1e07ffff,Crestview Meadows NW 75,,51.8,4.15,50.0,routed,273.0,approach-review
8929aeb1e0bffff,Crestview Meadows NW 67,,46.9,3.75,0.0,routed,93.0,network-estimate
8929aeb1e0fffff,Crestview Meadows NW 76,,51.0,4.08,0.0,routed,126.0,approach-review
8929aeb1e13ffff,Crestview Meadows NW 59,,9.0,0.72,859.0,routed,162.0,approach-review
8929aeb1e17ffff,Crestview Meadows NW 68,,5.5,0.44,438.0,routed,60.0,network-estimate
8929aeb1e1bffff,Crestview Meadows NW 58,,45.6,3.65,114.0,routed,135.0,approach-review
8929aeb1e23ffff,Crestview Meadows NW 96,,21.7,1.73,0.0,routed,74.0,network-estimate
8929aeb1e27ffff,Crestview Meadows NW 109,,24.9,1.99,122.0,routed,65.0,network-estimate
8929aeb1e2bffff,Crestview Meadows NW 97,,43.2,3.46,394.0,routed,120.0,approach-review
8929aeb1e2fffff,Crestview Meadows NW 107,,25.8,2.06,367.0,routed,233.0,approach-review
8929aeb1e33ffff,Crestview Meadows NW 87,,20.5,1.64,380.0,routed,230.0,approach-review
8929aeb1e37ffff,Crestview Meadows NW 99,,20.9,1.67,372.0,routed,99.0,network-estimate
8929aeb1e3bffff,Crestview Meadows NW 86,,24.6,1.97,0.0,routed,305.0,approach-review
8929aeb1e43ffff,Crestview Meadows N 60,,46.8,3.75,0.0,routed,99.0,network-estimate
8929aeb1e47ffff,Crestview Meadows NW 70,,53.3,4.27,242.0,routed,209.0,approach-review
8929aeb1e4bffff,Crestview Meadows N 64,,50.3,4.02,0.0,routed,299.0,approach-review
8929aeb1e4fffff,Crestview Meadows N 71,,51.4,4.11,82.0,routed,117.0,approach-review
8929aeb1e53ffff,Crestview Meadows NW 52,,52.2,4.18,0.0,routed,133.0,approach-review
8929aeb1e57ffff,Crestview Meadows NW 60,,46.8,3.74,0.0,routed,126.0,approach-review
8929aeb1e5bffff,Crestview Meadows N 54,,48.1,3.84,0.0,routed,123.0,approach-review
8929aeb1e63ffff,Crestview Meadows NW 90,,55.2,4.42,0.0,routed,203.0,approach-review
8929aeb1e67ffff,Crestview Meadows NW 100,,45.0,3.6,164.0,routed,264.0,approach-review
8929aeb1e6bffff,Crestview Meadows N 92,,57.8,4.62,0.0,routed,408.0,approach-review
8929aeb1e6fffff,Crestview Meadows NW 102,,59.5,4.76,0.0,routed,542.0,approach-review
8929aeb1e73ffff,Crestview Meadows NW 78,,50.9,4.07,380.0,routed,110.0,approach-review
8929aeb1e77ffff,Crestview Meadows NW 88,,52.8,4.23,297.0,routed,263.0,approach-review
8929aeb1e7bffff,Crestview Meadows NW 82,,55.2,4.41,0.0,routed,199.0,approach-review
8929aeb1e83ffff,Crestview Meadows NW 54,,11.5,0.92,779.0,routed,66.0,network-estimate
8929aeb1e87ffff,Crestview Meadows NW 62,,28.8,2.3,950.0,routed,3.0,network-estimate
8929aeb1e8bffff,Crestview Meadows NW 51,,8.9,0.71,1269.0,routed,55.0,network-estimate
8929aeb1e8fffff,Crestview Meadows NW 61,,4.3,0.35,920.0,routed,45.0,network-estimate
8929aeb1e93ffff,Crestview Meadows NW 46,,25.4,2.03,1360.0,routed,100.0,network-estimate
8929aeb1e97ffff,Crestview Meadows NW 55,,28.3,2.26,1452.0,routed,74.0,network-estimate
8929aeb1e9bffff,Crestview Meadows NW 45,,15.5,1.24,1060.0,routed,102.0,approach-review
8929aeb1ea3ffff,Crestview Meadows NW 81,,37.1,2.97,126.0,routed,261.0,approach-review
8929aeb1ea7ffff,Crestview Meadows NW 93,,39.8,3.18,0.0,routed,374.0,approach-review
8929aeb1eabffff,Crestview Meadows NW 77,,9.1,0.73,206.0,routed,381.0,approach-review
8929aeb1eafffff,Crestview Meadows NW 89,,21.2,1.7,0.0,routed,363.0,approach-review
8929aeb1eb3ffff,Crestview Meadows NW 72,,39.7,3.18,1313.0,routed,24.0,network-estimate
8929aeb1eb7ffff,Crestview Meadows NW 83,,35.3,2.83,1062.0,routed,21.0,network-estimate
8929aeb1ebbffff,Crestview Meadows NW 71,,35.6,2.85,186.0,routed,153.0,approach-review
8929aeb1ec3ffff,Crestview Meadows NW 41,,39.1,3.13,0.0,routed,262.0,approach-review
8929aeb1ec7ffff,Crestview Meadows NW 49,,28.6,2.29,1529.0,routed,239.0,approach-review
8929aeb1ecbffff,Crestview Meadows NW 44,,53.7,4.29,0.0,routed,249.0,approach-review
8929aeb1ecfffff,Crestview Meadows NW 50,,39.3,3.14,0.0,routed,80.0,network-estimate
8929aeb1ed3ffff,Crestview Meadows NW 35,,25.3,2.02,1024.0,routed,92.0,network-estimate
8929aeb1ed7ffff,Crestview Meadows NW 42,,24.9,1.99,1065.0,routed,55.0,network-estimate
8929aeb1edbffff,Crestview Meadows NW 36,,30.1,2.4,67.0,routed,110.0,approach-review
8929aeb2003ffff,Village at Lakeside NE 16,,52.0,4.16,457.0,routed,31.0,network-estimate
8929aeb2007ffff,Village at Lakeside NE 15,,49.9,3.99,966.0,routed,95.0,network-estimate
8929aeb200bffff,Village at Lakeside NE 20,,55.3,4.43,847.0,routed,97.0,network-estimate
8929aeb200fffff,Village at Lakeside NE 19,,47.7,3.81,279.0,routed,18.0,network-estimate
8929aeb2013ffff,Village at Lakeside NE 14,,56.9,4.55,410.0,routed,12.0,network-estimate
8929aeb2017ffff,Village at Lakeside NE 12,,63.5,5.08,0.0,routed,247.0,approach-review
8929aeb2023ffff,Village at Lakeside NE 17,,41.0,3.28,1354.0,routed,22.0,network-estimate
8929aeb2027ffff,Village at Lakeside N 16,,35.6,2.85,2022.0,routed,13.0,network-estimate
8929aeb202bffff,Village at Lakeside NE 21,,43.3,3.46,1692.0,routed,104.0,approach-review
8929aeb202fffff,Village at Lakeside N 17,,35.8,2.86,1834.0,routed,35.0,network-estimate
8929aeb2033ffff,Village at Lakeside NE 13,,44.1,3.53,1372.0,routed,4.0,network-estimate
8929aeb2037ffff,Village at Lakeside N 14,,38.1,3.05,1714.0,routed,93.0,network-estimate
8929aeb203bffff,Village at Lakeside NE 18,,45.5,3.64,1578.0,routed,14.0,network-estimate
8929aeb2043ffff,Village at Lakeside NE 29,,60.9,4.87,531.0,routed,2.0,network-estimate
8929aeb2047ffff,Village at Lakeside NE 25,,62.2,4.97,228.0,routed,246.0,approach-review
8929aeb204bffff,Village at Lakeside NE 35,,68.1,5.45,0.0,routed,65.0,network-estimate
8929aeb204fffff,Village at Lakeside NE 31,,70.1,5.61,0.0,routed,208.0,approach-review
8929aeb2053ffff,Village at Lakeside NE 26,,69.3,5.54,995.0,routed,134.0,approach-review
8929aeb205bffff,Village at Lakeside NE 33,,67.5,5.4,303.0,routed,133.0,approach-review
8929aeb2063ffff,Village at Lakeside NE 28,,44.8,3.59,299.0,routed,28.0,network-estimate
8929aeb2067ffff,Village at Lakeside NE 27,,38.5,3.08,944.0,routed,9.0,network-estimate
8929aeb206bffff,Village at Lakeside NE 34,,47.3,3.78,319.0,routed,107.0,approach-review
8929aeb206fffff,Village at Lakeside NE 32,,43.0,3.44,22.0,routed,24.0,network-estimate
8929aeb2073ffff,Village at Lakeside NE 23,,49.5,3.96,0.0,routed,63.0,network-estimate
8929aeb2077ffff,Village at Lakeside NE 22,,43.4,3.47,0.0,routed,25.0,network-estimate
8929aeb207bffff,Village at Lakeside NE 30,,49.8,3.98,0.0,routed,95.0,network-estimate
8929aeb2083ffff,Village at Lakeside E 7,,64.2,5.14,1112.0,routed,40.0,network-estimate
8929aeb2087ffff,Village at Lakeside NE 6,,58.0,4.64,1785.0,routed,30.0,network-estimate
8929aeb208bffff,Village at Lakeside E 11,,61.1,4.89,249.0,routed,58.0,network-estimate
8929aeb208fffff,Village at Lakeside NE 9,,60.7,4.86,903.0,routed,44.0,network-estimate
8929aeb2093ffff,Village at Lakeside E 6,,69.9,5.59,1820.0,routed,40.0,network-estimate
8929aeb2097ffff,Village at Lakeside E 4,,62.7,5.01,1420.0,routed,100.0,network-estimate
8929aeb209bffff,Village at Lakeside E 9,,65.9,5.27,369.0,routed,31.0,network-estimate
8929aeb20a3ffff,Village at Lakeside NE 7,,49.6,3.97,1138.0,routed,94.0,network-estimate
8929aeb20a7ffff,Village at Lakeside N 6,,41.7,3.33,820.0,routed,23.0,network-estimate
8929aeb20abffff,Village at Lakeside NE 11,,48.2,3.85,982.0,routed,123.0,approach-review
8929aeb20afffff,Village at Lakeside NE 10,,46.9,3.75,1243.0,routed,14.0,network-estimate
8929aeb20b3ffff,Village at Lakeside NE 5,,52.0,4.16,1620.0,routed,28.0,network-estimate
8929aeb20b7ffff,Village at Lakeside NE 4,,46.0,3.68,1806.0,routed,33.0,network-estimate
8929aeb20bbffff,Village at Lakeside NE 8,,53.0,4.24,249.0,routed,152.0,approach-review
8929aeb20cbffff,Village at Lakeside E 25,,72.5,5.8,1241.0,routed,85.0,network-estimate
8929aeb20d3ffff,Village at Lakeside E 17,,75.5,6.04,1768.0,routed,19.0,network-estimate
8929aeb20d7ffff,Village at Lakeside E 14,,70.4,5.63,1558.0,routed,49.0,network-estimate
8929aeb20dbffff,Village at Lakeside E 23,,74.5,5.96,1406.0,routed,47.0,network-estimate
8929aeb2103ffff,Coventry Place Apartments SE 5,,30.8,2.47,802.0,routed,24.0,network-estimate
8929aeb2107ffff,Coventry Place Apartments SE 3,,26.9,2.15,1094.0,routed,27.0,network-estimate
8929aeb210bffff,Coventry Place Apartments SE 7,,22.3,1.78,1510.0,routed,80.0,network-estimate
8929aeb210fffff,Coventry Place Apartments SE 4,,26.0,2.08,1348.0,routed,55.0,network-estimate
8929aeb2113ffff,Coventry Place Apartments SE 8,,34.1,2.73,429.0,routed,126.0,approach-review
8929aeb2117ffff,Coventry Place Apartments SE 6,,31.4,2.52,1190.0,routed,14.0,network-estimate
8929aeb211bffff,Coventry Place Apartments SE 9,,28.2,2.26,973.0,routed,27.0,network-estimate
8929aeb2123ffff,Coventry Place Apartments SE,,24.9,1.99,1483.0,routed,18.0,network-estimate
8929aeb2127ffff,Coventry Place Apartments SW,,28.3,2.26,1591.0,routed,94.0,network-estimate
8929aeb212bffff,Coventry Place Apartments E,,17.7,1.42,1596.0,routed,48.0,network-estimate
8929aeb212fffff,Coventry Place Apartments,,20.0,1.6,1328.0,routed,27.0,network-estimate
8929aeb2133ffff,Coventry Place Apartments S 2,,28.5,2.28,863.0,routed,59.0,network-estimate
8929aeb2137ffff,Coventry Place Apartments S,,32.0,2.56,578.0,routed,48.0,network-estimate
8929aeb213bffff,Coventry Place Apartments SE 2,,24.2,1.94,1167.0,routed,72.0,network-estimate
8929aeb2143ffff,Coventry Place Apartments E 14,,25.2,2.01,1800.0,routed,100.0,network-estimate
8929aeb2147ffff,Coventry Place Apartments E 10,,16.7,1.34,1345.0,routed,36.0,network-estimate
8929aeb214bffff,Coventry Place Apartments E 18,,28.2,2.26,331.0,routed,156.0,approach-review
8929aeb214fffff,Coventry Place Apartments E 13,,21.4,1.71,1306.0,routed,34.0,network-estimate
8929aeb2153ffff,Coventry Place Apartments SE 12,,28.2,2.25,1480.0,routed,26.0,network-estimate
8929aeb2157ffff,Coventry Place Apartments SE 10,,21.2,1.69,1824.0,routed,44.0,network-estimate
8929aeb215bffff,Coventry Place Apartments E 19,,28.7,2.3,1377.0,routed,15.0,network-estimate
8929aeb2163ffff,Coventry Place Apartments E 4,,13.7,1.1,1168.0,routed,29.0,network-estimate
8929aeb2167ffff,Coventry Place Apartments E 2,,11.3,0.9,1671.0,routed,105.0,approach-review
8929aeb216bffff,Coventry Place Apartments E 7,,7.9,0.63,1569.0,routed,17.0,network-estimate
8929aeb216fffff,Coventry Place Apartments E 5,,2.9,0.23,915.0,routed,99.0,network-estimate
8929aeb2173ffff,Coventry Place Apartments E 6,,18.2,1.46,1297.0,routed,37.0,network-estimate
8929aeb2177ffff,Coventry Place Apartments E 3,,17.8,1.43,1009.0,routed,46.0,network-estimate
8929aeb217bffff,Coventry Place Apartments E 8,,11.9,0.95,1477.0,routed,63.0,network-estimate
8929aeb2183ffff,Village at Lakeside NW 10,,42.4,3.39,1584.0,routed,36.0,network-estimate
8929aeb2187ffff,Coventry Place Apartments S 11,,50.7,4.05,548.0,routed,83.0,network-estimate
8929aeb218bffff,Village at Lakeside N 12,,43.4,3.47,1350.0,routed,58.0,network-estimate
8929aeb218fffff,Coventry Place Apartments S 10,,36.0,2.88,406.0,routed,100.0,network-estimate
8929aeb2193ffff,Village at Lakeside NW 7,,48.1,3.85,1868.0,routed,50.0,network-estimate
8929aeb2197ffff,Village at Lakeside NW 11,,48.8,3.9,654.0,routed,10.0,network-estimate
8929aeb219bffff,Village at Lakeside N 8,,44.3,3.55,1150.0,routed,76.0,network-estimate
8929aeb21a3ffff,Coventry Place Apartments S 6,,40.5,3.24,1210.0,routed,20.0,network-estimate
8929aeb21a7ffff,Coventry Place Apartments S 5,,41.9,3.35,1911.0,routed,65.0,network-estimate
8929aeb21abffff,Coventry Place Apartments S 4,,32.0,2.56,1036.0,routed,15.0,network-estimate
8929aeb21afffff,Coventry Place Apartments S 3,,38.0,3.04,740.0,routed,14.0,network-estimate
8929aeb21b3ffff,Coventry Place Apartments S 9,,44.9,3.59,747.0,routed,8.0,network-estimate
8929aeb21b7ffff,Coventry Place Apartments S 8,,44.9,3.59,908.0,routed,36.0,network-estimate
8929aeb21bbffff,Coventry Place Apartments S 7,,50.4,4.03,0.0,routed,194.0,approach-review
8929aeb21c3ffff,Village at Lakeside N 11,,30.8,2.47,1150.0,routed,51.0,network-estimate
8929aeb21c7ffff,Village at Lakeside N 13,,33.9,2.71,1395.0,routed,54.0,network-estimate
8929aeb21cbffff,Village at Lakeside N 15,,32.9,2.63,1337.0,routed,36.0,network-estimate
8929aeb21cfffff,Coventry Place Apartments SE 11,,25.9,2.07,1272.0,routed,26.0,network-estimate
8929aeb21d3ffff,Village at Lakeside N 7,,38.2,3.06,1528.0,routed,38.0,network-estimate
8929aeb21d7ffff,Village at Lakeside N 9,,38.0,3.04,1706.0,routed,41.0,network-estimate
8929aeb21dbffff,Village at Lakeside N 10,,40.5,3.24,1085.0,routed,69.0,network-estimate
8929aeb2203ffff,Village at Lakeside NE 59,,72.1,5.77,0.0,routed,207.0,approach-review
8929aeb2207ffff,Village at Lakeside NE 56,,63.9,5.11,1240.0,routed,87.0,network-estimate
8929aeb220bffff,Village at Lakeside NE 65,,91.9,7.35,0.0,routed,139.0,approach-review
8929aeb220fffff,Village at Lakeside NE 63,,68.2,5.45,315.0,routed,113.0,approach-review
8929aeb2213ffff,Village at Lakeside NE 55,,80.3,6.42,0.0,routed,137.0,approach-review
8929aeb2217ffff,Village at Lakeside NE 52,,81.7,6.54,0.0,routed,248.0,approach-review
8929aeb221bffff,Village at Lakeside NE 62,,92.3,7.38,0.0,routed,229.0,approach-review
8929aeb2223ffff,Village at Lakeside NE 58,,54.0,4.32,539.0,routed,70.0,network-estimate
8929aeb2227ffff,Coventry Place Apartments E 49,,44.6,3.57,543.0,routed,96.0,network-estimate
8929aeb222bffff,Coventry Place Apartments E 57,,51.6,4.13,0.0,routed,262.0,approach-review
8929aeb222fffff,Coventry Place Apartments E 53,,47.9,3.83,1080.0,routed,67.0,network-estimate
8929aeb2233ffff,Village at Lakeside NE 54,,56.7,4.53,1506.0,routed,54.0,network-estimate
8929aeb2237ffff,Village at Lakeside NE 51,,50.3,4.02,1096.0,routed,52.0,network-estimate
8929aeb223bffff,Village at Lakeside NE 61,,60.5,4.84,463.0,routed,120.0,approach-review
8929aeb2243ffff,Village at Lakeside NE 76,,82.3,6.59,0.0,routed,191.0,approach-review
8929aeb2247ffff,Village at Lakeside NE 72,,79.7,6.38,343.0,routed,401.0,approach-review
8929aeb224bffff,Village at Lakeside NE 83,,82.7,6.62,0.0,routed,194.0,approach-review
8929aeb224fffff,Village at Lakeside NE 79,,76.6,6.12,532.0,routed,148.0,approach-review
8929aeb2253ffff,Village at Lakeside NE 73,,82.5,6.6,0.0,routed,202.0,approach-review
8929aeb2257ffff,Village at Lakeside NE 69,,94.1,7.53,0.0,routed,371.0,approach-review
8929aeb225bffff,Village at Lakeside NE 80,,83.0,6.64,0.0,routed,245.0,approach-review
8929aeb2263ffff,Village at Lakeside NE 74,,70.8,5.66,0.0,routed,201.0,approach-review
8929aeb2267ffff,Coventry Place Apartments E 61,,69.9,5.6,157.0,routed,239.0,approach-review
8929aeb226bffff,Village at Lakeside NE 81,,60.3,4.82,0.0,routed,419.0,approach-review
8929aeb226fffff,Coventry Place Apartments E 64,,56.6,4.53,0.0,routed,122.0,approach-review
8929aeb2273ffff,Village at Lakeside NE 70,,66.3,5.3,309.0,routed,154.0,approach-review
8929aeb2277ffff,Village at Lakeside NE 67,,70.0,5.6,0.0,routed,61.0,network-estimate
8929aeb227bffff,Village at Lakeside NE 77,,80.9,6.47,0.0,routed,495.0,approach-review
8929aeb2283ffff,Village at Lakeside NE 46,,77.3,6.18,0.0,routed,254.0,approach-review
8929aeb2287ffff,Village at Lakeside NE 41,,71.4,5.71,365.0,routed,159.0,approach-review
8929aeb228bffff,Village at Lakeside NE 53,,102.7,8.21,0.0,routed,208.0,approach-review
8929aeb228fffff,Village at Lakeside NE 48,,81.9,6.55,0.0,routed,267.0,approach-review
8929aeb2293ffff,Village at Lakeside NE 43,,76.3,6.1,237.0,routed,171.0,approach-review
8929aeb2297ffff,Village at Lakeside NE 39,,69.6,5.57,750.0,routed,42.0,network-estimate
8929aeb229bffff,Village at Lakeside NE 50,,76.9,6.15,0.0,routed,219.0,approach-review
8929aeb22a3ffff,Village at Lakeside NE 42,,55.5,4.44,281.0,routed,136.0,approach-review
8929aeb22a7ffff,Village at Lakeside NE 40,,52.4,4.19,756.0,routed,116.0,approach-review
8929aeb22abffff,Village at Lakeside NE 49,,60.8,4.87,861.0,routed,96.0,network-estimate
8929aeb22afffff,Village at Lakeside NE 47,,55.8,4.46,1233.0,routed,90.0,network-estimate
8929aeb22b3ffff,Village at Lakeside NE 38,,57.1,4.57,0.0,routed,122.0,approach-review
8929aeb22b7ffff,Village at Lakeside NE 36,,60.0,4.8,441.0,routed,92.0,network-estimate
8929aeb22bbffff,Village at Lakeside NE 45,,59.8,4.78,585.0,routed,57.0,network-estimate
8929aeb22c3ffff,Village at Lakeside NE 64,,94.7,7.57,0.0,routed,382.0,approach-review
8929aeb22c7ffff,Village at Lakeside NE 60,,102.8,8.23,0.0,routed,221.0,approach-review
8929aeb22cbffff,Village at Lakeside NE 71,,87.0,6.96,0.0,routed,178.0,approach-review
8929aeb22cfffff,Village at Lakeside NE 66,,89.6,7.17,0.0,routed,384.0,approach-review
8929aeb22d3ffff,Village at Lakeside E 65,,99.6,7.97,0.0,routed,380.0,approach-review
8929aeb22d7ffff,Village at Lakeside NE 57,,101.9,8.15,0.0,routed,174.0,approach-review
8929aeb22dbffff,Village at Lakeside NE 68,,91.6,7.33,0.0,routed,136.0,approach-review
8929aeb2303ffff,Coventry Place Apartments E 30,,28.0,2.24,392.0,routed,61.0,network-estimate
8929aeb2307ffff,Coventry Place Apartments E 27,,22.0,1.76,1488.0,routed,42.0,network-estimate
8929aeb230bffff,Coventry Place Apartments E 37,,30.3,2.43,673.0,routed,46.0,network-estimate
8929aeb230fffff,Coventry Place Apartments E 32,,28.8,2.3,701.0,routed,75.0,network-estimate
8929aeb2313ffff,Coventry Place Apartments E 29,,31.0,2.48,0.0,routed,35.0,network-estimate
8929aeb2317ffff,Coventry Place Apartments E 25,,23.0,1.84,622.0,routed,83.0,network-estimate
8929aeb231bffff,Coventry Place Apartments E 35,,33.7,2.7,0.0,routed,101.0,approach-review
8929aeb2327ffff,Coventry Place Apartments NE 16,,22.4,1.79,959.0,routed,10.0,network-estimate
8929aeb232bffff,Coventry Place Apartments NE 24,,29.6,2.37,878.0,routed,10.0,network-estimate
8929aeb232fffff,Coventry Place Apartments NE 21,,30.0,2.4,1121.0,routed,58.0,network-estimate
8929aeb2333ffff,Coventry Place Apartments E 23,,18.8,1.5,739.0,routed,102.0,approach-review
8929aeb2343ffff,Coventry Place Apartments E 46,,35.2,2.82,717.0,routed,130.0,approach-review
8929aeb2347ffff,Coventry Place Apartments E 43,,35.8,2.86,0.0,routed,231.0,approach-review
8929aeb234bffff,Coventry Place Apartments E 51,,37.2,2.98,672.0,routed,10.0,network-estimate
8929aeb234fffff,Coventry Place Apartments E 47,,31.1,2.49,656.0,routed,82.0,network-estimate
8929aeb2353ffff,Coventry Place Apartments E 44,,41.1,3.29,595.0,routed,43.0,network-estimate
8929aeb2357ffff,Coventry Place Apartments E 41,,37.4,2.99,349.0,routed,229.0,approach-review
8929aeb235bffff,Coventry Place Apartments E 50,,40.0,3.2,1317.0,routed,34.0,network-estimate
8929aeb2363ffff,Coventry Place Apartments NE 28,,29.3,2.35,455.0,routed,65.0,network-estimate
8929aeb2367ffff,Coventry Place Apartments NE 26,,24.0,1.92,0.0,routed,24.0,network-estimate
8929aeb2373ffff,Coventry Place Apartments E 39,,33.6,2.69,0.0,routed,58.0,network-estimate
8929aeb2377ffff,Coventry Place Apartments E 34,,28.5,2.28,473.0,routed,75.0,network-estimate
8929aeb237bffff,Casa Loma County Park,,35.0,2.8,409.0,routed,88.0,network-estimate
8929aeb2383ffff,Coventry Place Apartments E 28,,30.7,2.45,1409.0,routed,87.0,network-estimate
8929aeb2387ffff,Coventry Place Apartments E 22,,25.6,2.05,1529.0,routed,32.0,network-estimate
8929aeb238bffff,Coventry Place Apartments E 31,,32.0,2.56,402.0,routed,22.0,network-estimate
8929aeb238fffff,Coventry Place Apartments E 26,,27.5,2.2,1334.0,routed,45.0,network-estimate
8929aeb2393ffff,Village at Lakeside NE 24,,36.2,2.9,842.0,routed,142.0,approach-review
8929aeb2397ffff,Coventry Place Apartments E 24,,30.0,2.4,1550.0,routed,35.0,network-estimate
8929aeb239bffff,Coventry Place Apartments E 33,,37.3,2.98,0.0,routed,18.0,network-estimate
8929aeb23a3ffff,Coventry Place Apartments E 15,,15.9,1.27,1720.0,routed,66.0,network-estimate
8929aeb23a7ffff,Coventry Place Apartments E 12,,10.9,0.87,1651.0,routed,28.0,network-estimate
8929aeb23abffff,Coventry Place Apartments E 21,,23.4,1.87,1248.0,routed,101.0,approach-review
8929aeb23afffff,Coventry Place Apartments E 17,,12.8,1.02,1945.0,routed,25.0,network-estimate
8929aeb23b3ffff,Coventry Place Apartments E 16,,22.5,1.8,1435.0,routed,114.0,approach-review
8929aeb23b7ffff,Coventry Place Apartments E 11,,14.8,1.18,1586.0,routed,83.0,network-estimate
8929aeb23bbffff,Coventry Place Apartments E 20,,20.1,1.61,1318.0,routed,53.0,network-estimate
8929aeb23c3ffff,Coventry Place Apartments E 42,,39.2,3.13,189.0,routed,171.0,approach-review
8929aeb23c7ffff,Coventry Place Apartments E 36,,35.1,2.81,179.0,routed,147.0,approach-review
8929aeb23cbffff,Coventry Place Apartments E 45,,52.4,4.19,361.0,routed,183.0,approach-review
8929aeb23cfffff,Coventry Place Apartments E 40,,37.2,2.98,0.0,routed,233.0,approach-review
8929aeb23d3ffff,Village at Lakeside NE 37,,46.1,3.69,34.0,routed,97.0,network-estimate
8929aeb23d7ffff,Coventry Place Apartments E 38,,45.5,3.64,405.0,routed,78.0,network-estimate
8929aeb23dbffff,Village at Lakeside NE 44,,47.8,3.83,1328.0,routed,154.0,approach-review
8929aeb2403ffff,Village at Lakeside SE 17,,86.3,6.91,870.0,routed,46.0,network-estimate
8929aeb2407ffff,Village at Lakeside SE 14,,83.0,6.64,1187.0,routed,31.0,network-estimate
8929aeb240bffff,Village at Lakeside SE 18,,88.5,7.08,1955.0,routed,111.0,approach-review
8929aeb240fffff,Village at Lakeside SE 15,,81.8,6.54,750.0,routed,38.0,network-estimate
8929aeb2413ffff,Southland R.V. Park NE 10,,92.7,7.42,427.0,routed,101.0,approach-review
8929aeb2417ffff,Village at Lakeside SE 16,,91.6,7.33,1446.0,routed,49.0,network-estimate
8929aeb241bffff,Southland R.V. Park NE 14,,93.6,7.49,1132.0,routed,40.0,network-estimate
8929aeb2423ffff,Village at Lakeside SE 7,,76.1,6.09,1375.0,routed,39.0,network-estimate
8929aeb2427ffff,Village at Lakeside SE 4,,69.9,5.59,1214.0,routed,39.0,network-estimate
8929aeb242bffff,Village at Lakeside E 8,,73.7,5.9,1450.0,routed,117.0,approach-review
8929aeb242fffff,Village at Lakeside E 5,,68.4,5.47,1844.0,routed,40.0,network-estimate
8929aeb2433ffff,Village at Lakeside SE 10,,76.5,6.12,1313.0,routed,33.0,network-estimate
8929aeb2437ffff,Village at Lakeside SE 6,,73.1,5.85,1637.0,routed,36.0,network-estimate
8929aeb243bffff,Village at Lakeside SE 11,,86.6,6.93,641.0,routed,150.0,approach-review
8929aeb2443ffff,Village at Lakeside E 26,,98.1,7.85,52.0,routed,176.0,approach-review
8929aeb2447ffff,Village at Lakeside E 20,,93.4,7.47,1825.0,routed,26.0,network-estimate
8929aeb244bffff,Village at Lakeside E 31,,98.0,7.84,25.0,routed,76.0,network-estimate
8929aeb244fffff,Village at Lakeside E 24,,97.0,7.76,560.0,routed,105.0,approach-review
8929aeb2453ffff,Southland R.V. Park NE 21,,99.1,7.93,0.0,routed,228.0,approach-review
8929aeb2457ffff,Village at Lakeside SE 19,,94.6,7.57,1376.0,routed,43.0,network-estimate
8929aeb2463ffff,Village at Lakeside E 15,,80.7,6.45,1568.0,routed,34.0,network-estimate
8929aeb2467ffff,Village at Lakeside E 10,,71.1,5.69,1287.0,routed,29.0,network-estimate
8929aeb246bffff,Village at Lakeside E 18,,80.9,6.47,1928.0,routed,42.0,network-estimate
8929aeb246fffff,Village at Lakeside E 13,,77.5,6.2,1879.0,routed,56.0,network-estimate
8929aeb2473ffff,Village at Lakeside E 16,,96.0,7.68,413.0,routed,66.0,network-estimate
8929aeb2477ffff,Village at Lakeside E 12,,87.2,6.97,689.0,routed,54.0,network-estimate
8929aeb247bffff,Village at Lakeside E 19,,84.6,6.76,1337.0,routed,73.0,network-estimate
8929aeb2483ffff,Southland R.V. Park NE 3,,102.5,8.2,640.0,routed,87.0,network-estimate
8929aeb2487ffff,Southland R.V. Park NE 2,,92.2,7.38,0.0,routed,130.0,approach-review
8929aeb248bffff,Southland R.V. Park NE 7,,95.8,7.66,646.0,routed,61.0,network-estimate
8929aeb248fffff,Southland R.V. Park NE 6,,91.5,7.32,564.0,routed,83.0,network-estimate
8929aeb249bffff,Southland R.V. Park NE 4,,100.2,8.01,650.0,routed,70.0,network-estimate
8929aeb24a3ffff,Village at Lakeside SE 12,,81.8,6.54,714.0,routed,97.0,network-estimate
8929aeb24a7ffff,Village at Lakeside SE 9,,76.0,6.08,1852.0,routed,47.0,network-estimate
8929aeb24abffff,Village at Lakeside SE 13,,91.3,7.31,542.0,routed,33.0,network-estimate
8929aeb24afffff,Village at Lakeside SE 8,,76.3,6.1,1414.0,routed,68.0,network-estimate
8929aeb24b3ffff,Southland R.V. Park N 9,,84.9,6.79,1971.0,routed,43.0,network-estimate
8929aeb24b7ffff,Southland R.V. Park N 10,,79.0,6.32,2259.0,routed,18.0,network-estimate
8929aeb24bbffff,Southland R.V. Park N 11,,87.9,7.03,838.0,routed,25.0,network-estimate
8929aeb24c3ffff,Southland R.V. Park NE 12,,105.5,8.44,0.0,routed,398.0,approach-review
8929aeb24c7ffff,Southland R.V. Park NE 11,,96.9,7.75,1007.0,routed,46.0,network-estimate
8929aeb24cbffff,Southland R.V. Park NE 17,,102.1,8.17,364.0,routed,485.0,approach-review
8929aeb24cfffff,Southland R.V. Park NE 16,,98.6,7.89,291.0,routed,203.0,approach-review
8929aeb24d3ffff,Southland R.V. Park NE 9,,116.4,9.31,0.0,routed,292.0,approach-review
8929aeb24d7ffff,Southland R.V. Park NE 8,,101.4,8.11,814.0,routed,67.0,network-estimate
8929aeb24dbffff,Southland R.V. Park NE 15,,118.9,9.51,0.0,routed,495.0,approach-review
8929aeb2503ffff,Village at Lakeside W,,59.8,4.79,1076.0,routed,4.0,network-estimate
8929aeb2507ffff,Village at Lakeside W 2,,65.5,5.24,738.0,routed,46.0,network-estimate
8929aeb250bffff,Village at Lakeside,,53.3,4.26,1266.0,routed,43.0,network-estimate
8929aeb250fffff,Village at Lakeside NW,,65.3,5.23,624.0,routed,47.0,network-estimate
8929aeb2513ffff,Village at Lakeside SW 2,,66.7,5.34,388.0,routed,96.0,network-estimate
8929aeb2517ffff,Village at Lakeside SW 3,,65.6,5.25,0.0,routed,138.0,approach-review
8929aeb251bffff,Village at Lakeside SW,,57.9,4.64,1973.0,routed,13.0,network-estimate
8929aeb2523ffff,Village at Lakeside NW 6,,57.7,4.61,567.0,routed,78.0,network-estimate
8929aeb2527ffff,Village at Lakeside NW 9,,59.1,4.73,1098.0,routed,16.0,network-estimate
8929aeb252bffff,Village at Lakeside NW 5,,52.7,4.21,1430.0,routed,46.0,network-estimate
8929aeb252fffff,Village at Lakeside NW 8,,53.9,4.31,381.0,routed,13.0,network-estimate
8929aeb2533ffff,Village at Lakeside W 4,,71.2,5.7,1073.0,routed,20.0,network-estimate
8929aeb2537ffff,Village at Lakeside W 7,,61.9,4.95,1389.0,routed,26.0,network-estimate
8929aeb253bffff,Village at Lakeside NW 3,,54.0,4.32,1113.0,routed,72.0,network-estimate
8929aeb2543ffff,Village at Lakeside E 2,,62.1,4.97,1295.0,routed,97.0,network-estimate
8929aeb2547ffff,Village at Lakeside NE,,49.3,3.94,1339.0,routed,87.0,network-estimate
8929aeb254bffff,Village at Lakeside NE 3,,56.5,4.52,1605.0,routed,35.0,network-estimate
8929aeb254fffff,Village at Lakeside NE 2,,52.2,4.18,1613.0,routed,51.0,network-estimate
8929aeb2553ffff,Village at Lakeside SE 2,,59.5,4.76,1785.0,routed,119.0,approach-review
8929aeb2557ffff,Village at Lakeside E,,55.2,4.42,1665.0,routed,39.0,network-estimate
8929aeb255bffff,Village at Lakeside E 3,,62.1,4.97,1817.0,routed,32.0,network-estimate
8929aeb2563ffff,Village at Lakeside N 3,,45.7,3.65,1685.0,routed,25.0,network-estimate
8929aeb2567ffff,Village at Lakeside NW 4,,47.5,3.8,1719.0,routed,38.0,network-estimate
8929aeb256bffff,Village at Lakeside N 4,,45.3,3.62,1185.0,routed,46.0,network-estimate
8929aeb256fffff,Village at Lakeside N 5,,42.4,3.39,1920.0,routed,80.0,network-estimate
8929aeb2573ffff,Village at Lakeside N,,48.8,3.9,1605.0,routed,54.0,network-estimate
8929aeb2577ffff,Village at Lakeside NW 2,,51.4,4.12,1575.0,routed,18.0,network-estimate
8929aeb257bffff,Village at Lakeside N 2,,45.0,3.6,1466.0,routed,52.0,network-estimate
8929aeb2583ffff,Village at Lakeside SW 7,,89.6,7.17,1535.0,routed,25.0,network-estimate
8929aeb2587ffff,Village at Lakeside SW 8,,84.8,6.78,1271.0,routed,40.0,network-estimate
8929aeb258bffff,Village at Lakeside SW 4,,69.4,5.55,362.0,routed,113.0,approach-review
8929aeb258fffff,Village at Lakeside SW 5,,91.3,7.3,1417.0,routed,77.0,network-estimate
8929aeb2593ffff,Village at Lakeside SW 10,,99.0,7.92,1041.0,routed,73.0,network-estimate
8929aeb2597ffff,Village at Lakeside SW 11,,88.4,7.07,1641.0,routed,51.0,network-estimate
8929aeb259bffff,Village at Lakeside S 5,,95.5,7.64,98.0,routed,144.0,approach-review
8929aeb25a3ffff,Village at Lakeside W 6,,72.6,5.81,539.0,routed,77.0,network-estimate
8929aeb25a7ffff,Village at Lakeside W 8,,72.6,5.81,847.0,routed,17.0,network-estimate
8929aeb25abffff,Village at Lakeside W 3,,70.1,5.6,1141.0,routed,33.0,network-estimate
8929aeb25afffff,Village at Lakeside W 5,,68.9,5.52,2225.0,routed,31.0,network-estimate
8929aeb25b3ffff,Village at Lakeside SW 9,,82.7,6.61,1275.0,routed,26.0,network-estimate
8929aeb25b7ffff,Village at Lakeside W 10,,79.1,6.33,760.0,routed,46.0,network-estimate
8929aeb25bbffff,Village at Lakeside SW 6,,80.6,6.45,255.0,routed,68.0,network-estimate
8929aeb25c3ffff,Village at Lakeside S 2,,67.9,5.43,1533.0,routed,35.0,network-estimate
8929aeb25c7ffff,Village at Lakeside S,,63.2,5.05,41.0,routed,207.0,approach-review
8929aeb25cbffff,Village at Lakeside SE 3,,72.5,5.8,1465.0,routed,10.0,network-estimate
8929aeb25cfffff,Village at Lakeside SE,,64.0,5.12,1262.0,routed,67.0,network-estimate
8929aeb25d3ffff,Village at Lakeside S 4,,72.6,5.8,1233.0,routed,104.0,approach-review
8929aeb25d7ffff,Village at Lakeside S 3,,66.2,5.3,340.0,routed,223.0,approach-review
8929aeb25dbffff,Village at Lakeside SE 5,,70.8,5.67,1709.0,routed,43.0,network-estimate
8929aeb2603ffff,Village at Lakeside E 44,,100.3,8.03,0.0,routed,94.0,network-estimate
8929aeb2607ffff,Village at Lakeside E 41,,88.0,7.04,0.0,routed,210.0,approach-review
8929aeb260bffff,Village at Lakeside E 52,,105.0,8.4,0.0,routed,464.0,approach-review
8929aeb260fffff,Village at Lakeside E 46,,89.2,7.13,0.0,routed,308.0,approach-review
8929aeb2613ffff,Village at Lakeside E 45,,98.4,7.87,254.0,routed,158.0,approach-review
8929aeb2617ffff,Village at Lakeside E 40,,93.7,7.5,399.0,routed,25.0,network-estimate
8929aeb261bffff,Village at Lakeside E 51,,101.7,8.14,365.0,routed,375.0,approach-review
8929aeb2623ffff,Village at Lakeside E 37,,77.8,6.22,365.0,routed,84.0,network-estimate
8929aeb2627ffff,Village at Lakeside E 32,,71.3,5.7,0.0,routed,227.0,approach-review
8929aeb262fffff,Village at Lakeside E 39,,79.5,6.36,365.0,routed,250.0,approach-review
8929aeb2633ffff,Village at Lakeside E 35,,82.4,6.59,390.0,routed,34.0,network-estimate
8929aeb2637ffff,Village at Lakeside E 30,,74.9,5.99,0.0,routed,278.0,approach-review
8929aeb2643ffff,Village at Lakeside E 67,,126.3,10.1,0.0,routed,550.0,approach-review
8929aeb2647ffff,Village at Lakeside E 60,,109.6,8.77,0.0,routed,836.0,approach-review
8929aeb264bffff,Village at Lakeside E 75,,126.3,10.11,0.0,routed,557.0,approach-review
8929aeb264fffff,Village at Lakeside E 69,,105.1,8.41,0.0,routed,823.0,approach-review
8929aeb2653ffff,Village at Lakeside E 66,,124.7,9.97,330.0,routed,421.0,approach-review
8929aeb2657ffff,Village at Lakeside E 58,,106.4,8.51,0.0,routed,713.0,approach-review
8929aeb265bffff,Village at Lakeside E 73,,122.0,9.76,0.0,routed,209.0,approach-review
8929aeb2663ffff,Village at Lakeside E 56,,83.0,6.64,0.0,routed,714.0,approach-review
8929aeb2667ffff,Village at Lakeside E 50,,78.8,6.3,0.0,routed,373.0,approach-review
8929aeb266bffff,Village at Lakeside E 64,,100.7,8.05,0.0,routed,467.0,approach-review
8929aeb266fffff,Village at Lakeside E 57,,106.2,8.5,0.0,routed,522.0,approach-review
8929aeb2673ffff,Village at Lakeside E 54,,93.4,7.48,0.0,routed,650.0,approach-review
8929aeb2677ffff,Village at Lakeside E 48,,91.1,7.29,0.0,routed,464.0,approach-review
8929aeb267bffff,Village at Lakeside E 62,,104.2,8.33,0.0,routed,747.0,approach-review
8929aeb2683ffff,Village at Lakeside E 43,,103.7,8.3,0.0,routed,354.0,approach-review
8929aeb2687ffff,Village at Lakeside E 36,,102.6,8.21,365.0,routed,270.0,approach-review
8929aeb268bffff,Village at Lakeside E 47,,101.1,8.09,0.0,routed,493.0,approach-review
8929aeb268fffff,Village at Lakeside E 42,,96.9,7.75,0.0,routed,156.0,approach-review
8929aeb2693ffff,Southland R.V. Park NE 29,,104.7,8.38,0.0,routed,434.0,approach-review
8929aeb2697ffff,Village at Lakeside E 38,,100.5,8.04,365.0,routed,98.0,network-estimate
8929aeb269bffff,Village at Lakeside E 49,,107.6,8.61,0.0,routed,664.0,approach-review
8929aeb26a3ffff,Village at Lakeside E 27,,86.3,6.9,1002.0,routed,42.0,network-estimate
8929aeb26a7ffff,Village at Lakeside E 21,,82.6,6.6,2263.0,routed,112.0,approach-review
8929aeb26abffff,Village at Lakeside E 33,,87.0,6.96,1302.0,routed,29.0,network-estimate
8929aeb26afffff,Village at Lakeside E 28,,92.7,7.42,973.0,routed,36.0,network-estimate
8929aeb26b3ffff,Village at Lakeside E 29,,92.2,7.38,246.0,routed,83.0,network-estimate
8929aeb26b7ffff,Village at Lakeside E 22,,85.1,6.81,1484.0,routed,36.0,network-estimate
8929aeb26bbffff,Village at Lakeside E 34,,91.3,7.31,585.0,routed,176.0,approach-review
8929aeb26c3ffff,Village at Lakeside E 61,,107.1,8.57,0.0,routed,851.0,approach-review
8929aeb26c7ffff,Village at Lakeside E 53,,102.6,8.21,0.0,routed,494.0,approach-review
8929aeb26cbffff,Village at Lakeside E 68,,126.4,10.11,0.0,routed,563.0,approach-review
8929aeb26cfffff,Village at Lakeside E 59,,105.3,8.42,289.0,routed,706.0,approach-review
8929aeb26d3ffff,Village at Lakeside E 63,,110.2,8.82,0.0,routed,1103.0,approach-review
8929aeb26d7ffff,Village at Lakeside E 55,,106.2,8.5,0.0,routed,781.0,approach-review
8929aeb26dbffff,Village at Lakeside E 70,,130.0,10.4,0.0,routed,850.0,approach-review
8929aeb2803ffff,Coventry Place Apartments NW 26,,19.2,1.54,1889.0,routed,32.0,network-estimate
8929aeb2807ffff,Coventry Place Apartments NW 29,,12.6,1.01,1601.0,routed,15.0,network-estimate
8929aeb280bffff,Coventry Place Apartments NW 28,,19.9,1.59,2168.0,routed,28.0,network-estimate
8929aeb280fffff,Coventry Place Apartments NW 30,,18.4,1.47,1716.0,routed,44.0,network-estimate
8929aeb2813ffff,Coventry Place Apartments NW 23,,21.6,1.72,1662.0,routed,74.0,network-estimate
8929aeb2817ffff,Coventry Place Apartments NW 27,,18.0,1.44,1149.0,routed,21.0,network-estimate
8929aeb2823ffff,The Springs Apartment Homes NE 42,,3.4,0.27,412.0,routed,15.0,network-estimate
8929aeb2827ffff,The Springs Apartment Homes NE 38,,8.1,0.65,1743.0,routed,89.0,network-estimate
8929aeb282bffff,The Springs Apartment Homes NE 49,,11.9,0.95,765.0,routed,52.0,network-estimate
8929aeb282fffff,The Springs Apartment Homes NE 45,,12.5,1.0,559.0,routed,50.0,network-estimate
8929aeb2833ffff,The Springs Apartment Homes NE 39,,7.2,0.58,903.0,routed,4.0,network-estimate
8929aeb2837ffff,The Springs Apartment Homes NE 34,,13.9,1.11,501.0,routed,52.0,network-estimate
8929aeb283bffff,The Springs Apartment Homes NE 47,,21.6,1.73,902.0,routed,56.0,network-estimate
8929aeb2843ffff,Coventry Place Apartments N 19,,28.1,2.25,1722.0,routed,20.0,network-estimate
8929aeb2847ffff,Coventry Place Apartments N 20,,26.4,2.11,916.0,routed,37.0,network-estimate
8929aeb284bffff,Bakersfield SW 26,,35.0,2.8,1131.0,routed,31.0,network-estimate
8929aeb284fffff,Bakersfield SW 28,,34.2,2.73,1594.0,routed,36.0,network-estimate
8929aeb2853ffff,Coventry Place Apartments N 15,,31.6,2.53,1040.0,routed,76.0,network-estimate
8929aeb2857ffff,Coventry Place Apartments N 18,,35.4,2.83,707.0,routed,16.0,network-estimate
8929aeb285bffff,Coventry Place Apartments N 17,,35.5,2.84,1106.0,routed,151.0,approach-review
8929aeb2863ffff,Bakersfield SW 31,,20.9,1.67,1111.0,routed,10.0,network-estimate
8929aeb2867ffff,Bakersfield SW 33,,18.5,1.48,1074.0,routed,42.0,network-estimate
8929aeb286bffff,Bakersfield SW 27,,29.0,2.32,1168.0,routed,57.0,network-estimate
8929aeb286fffff,Bakersfield SW 30,,24.1,1.93,1349.0,routed,59.0,network-estimate
8929aeb2873ffff,Bakersfield SW 32,,27.1,2.17,1241.0,routed,42.0,network-estimate
8929aeb2877ffff,Bakersfield SW 34,,21.2,1.69,1506.0,routed,17.0,network-estimate
8929aeb287bffff,Bakersfield SW 29,,32.2,2.58,645.0,routed,35.0,network-estimate
8929aeb2883ffff,Coventry Place Apartments NW 21,,15.2,1.21,429.0,routed,122.0,approach-review
8929aeb2887ffff,Coventry Place Apartments NW 25,,7.3,0.58,1487.0,routed,38.0,network-estimate
8929aeb288bffff,Coventry Place Apartments NW 20,,18.4,1.47,1224.0,routed,58.0,network-estimate
8929aeb288fffff,Coventry Place Apartments NW 24,,13.4,1.07,1134.0,routed,27.0,network-estimate
8929aeb2893ffff,Coventry Place Apartments NW 17,,14.5,1.16,2360.0,routed,38.0,network-estimate
8929aeb2897ffff,Coventry Place Apartments NW 22,,5.7,0.45,972.0,routed,6.0,network-estimate
8929aeb289bffff,Coventry Place Apartments NW 16,,14.8,1.19,870.0,routed,18.0,network-estimate
8929aeb28a3ffff,The Springs Apartment Homes E 29,,14.3,1.14,1024.0,routed,59.0,network-estimate
8929aeb28a7ffff,The Springs Apartment Homes NE 24,,18.4,1.47,1131.0,routed,35.0,network-estimate
8929aeb28abffff,The Springs Apartment Homes E 31,,13.5,1.08,1484.0,routed,20.0,network-estimate
8929aeb28afffff,The Springs Apartment Homes NE 30,,13.5,1.08,633.0,routed,24.0,network-estimate
8929aeb28b3ffff,The Springs Apartment Homes E 28,,11.5,0.92,904.0,routed,150.0,approach-review
8929aeb28b7ffff,The Springs Apartment Homes E 23,,17.1,1.37,804.0,routed,130.0,approach-review
8929aeb28bbffff,The Springs Apartment Homes E 30,,12.2,0.97,1416.0,routed,31.0,network-estimate
8929aeb28c3ffff,Coventry Place Apartments NW 15,,25.9,2.07,1396.0,routed,94.0,network-estimate
8929aeb28c7ffff,Coventry Place Apartments NW 19,,23.5,1.88,1748.0,routed,58.0,network-estimate
8929aeb28cbffff,Coventry Place Apartments N 12,,31.3,2.5,991.0,routed,64.0,network-estimate
8929aeb28d7ffff,Coventry Place Apartments NW 14,,21.3,1.7,1458.0,routed,25.0,network-estimate
8929aeb2903ffff,The Springs Apartment Homes NE 25,,31.0,2.48,554.0,routed,188.0,approach-review
8929aeb2907ffff,The Springs Apartment Homes N 20,,23.1,1.85,0.0,routed,474.0,approach-review
8929aeb290bffff,The Springs Apartment Homes NE 32,,28.5,2.28,0.0,routed,232.0,approach-review
8929aeb290fffff,The Springs Apartment Homes NE 31,,35.0,2.8,0.0,routed,510.0,approach-review
8929aeb2913ffff,The Springs Apartment Homes NE 20,,25.4,2.03,769.0,routed,98.0,network-estimate
8929aeb2917ffff,The Springs Apartment Homes NE 19,,18.8,1.5,1000.0,routed,131.0,approach-review
8929aeb291bffff,The Springs Apartment Homes NE 26,,26.3,2.1,1002.0,routed,35.0,network-estimate
8929aeb2923ffff,The Springs Apartment Homes N 28,,27.6,2.21,0.0,routed,250.0,approach-review
8929aeb2927ffff,Breakwater Apartments S 27,,23.3,1.87,239.0,routed,187.0,approach-review
8929aeb292fffff,Breakwater Apartments S 25,,30.6,2.45,0.0,routed,496.0,approach-review
8929aeb2933ffff,The Springs Apartment Homes N 21,,79.2,6.33,0.0,routed,202.0,approach-review
8929aeb2937ffff,The Springs Apartment Homes N 24,,26.3,2.1,61.0,routed,145.0,approach-review
8929aeb293bffff,The Springs Apartment Homes N 27,,83.1,6.65,0.0,routed,514.0,approach-review
8929aeb2943ffff,The Springs Apartment Homes NE 41,,18.5,1.48,750.0,routed,39.0,network-estimate
8929aeb2947ffff,The Springs Apartment Homes NE 40,,24.2,1.94,0.0,routed,309.0,approach-review
8929aeb294bffff,The Springs Apartment Homes NE 48,,18.8,1.5,911.0,routed,50.0,network-estimate
8929aeb294fffff,The Springs Apartment Homes NE 46,,53.8,4.3,0.0,routed,101.0,approach-review
8929aeb2953ffff,The Springs Apartment Homes NE 35,,17.1,1.37,1380.0,routed,114.0,approach-review
8929aeb2957ffff,The Springs Apartment Homes NE 33,,22.0,1.76,1035.0,routed,12.0,network-estimate
8929aeb295bffff,The Springs Apartment Homes NE 43,,17.7,1.41,987.0,routed,90.0,network-estimate
8929aeb2963ffff,Breakwater Apartments SE 22,,41.7,3.34,40.0,routed,172.0,approach-review
8929aeb296bffff,Breakwater Apartments SE 23,,42.5,3.4,369.0,routed,233.0,approach-review
8929aeb2973ffff,The Springs Apartment Homes NE 37,,46.1,3.68,0.0,routed,519.0,approach-review
8929aeb2977ffff,The Springs Apartment Homes NE 36,,46.2,3.7,0.0,routed,530.0,approach-review
8929aeb297bffff,The Springs Apartment Homes NE 44,,27.7,2.21,0.0,routed,370.0,approach-review
8929aeb2983ffff,The Springs Apartment Homes NE 11,,20.4,1.63,679.0,routed,97.0,network-estimate
8929aeb2987ffff,The Springs Apartment Homes NE 10,,13.9,1.11,937.0,routed,39.0,network-estimate
8929aeb298bffff,The Springs Apartment Homes NE 16,,23.9,1.91,1506.0,routed,52.0,network-estimate
8929aeb298fffff,The Springs Apartment Homes NE 15,,21.4,1.71,1424.0,routed,52.0,network-estimate
8929aeb2993ffff,The Springs Apartment Homes NE 9,,22.0,1.76,779.0,routed,102.0,approach-review
8929aeb2997ffff,The Springs Apartment Homes NE 8,,22.1,1.76,1222.0,routed,99.0,network-estimate
8929aeb299bffff,The Springs Apartment Homes NE 12,,29.4,2.35,330.0,routed,21.0,network-estimate
8929aeb29a3ffff,The Springs Apartment Homes N 11,,9.5,0.76,1467.0,routed,54.0,network-estimate
8929aeb29a7ffff,The Springs Apartment Homes N 12,,9.4,0.75,1167.0,routed,19.0,network-estimate
8929aeb29abffff,The Springs Apartment Homes N 15,,15.6,1.25,783.0,routed,202.0,approach-review
8929aeb29afffff,The Springs Apartment Homes N 16,,13.3,1.06,544.0,routed,151.0,approach-review
8929aeb29b3ffff,The Springs Apartment Homes N 8,,11.1,0.89,1462.0,routed,33.0,network-estimate
8929aeb29b7ffff,The Springs Apartment Homes N 9,,5.0,0.4,1427.0,routed,17.0,network-estimate
8929aeb29bbffff,The Springs Apartment Homes N 10,,17.9,1.43,1064.0,routed,58.0,network-estimate
8929aeb29c3ffff,The Springs Apartment Homes NE 23,,21.2,1.7,1409.0,routed,49.0,network-estimate
8929aeb29c7ffff,The Springs Apartment Homes NE 22,,24.0,1.92,1634.0,routed,37.0,network-estimate
8929aeb29cbffff,The Springs Apartment Homes NE 29,,13.4,1.07,1436.0,routed,66.0,network-estimate
8929aeb29cfffff,The Springs Apartment Homes NE 28,,20.0,1.6,1549.0,routed,20.0,network-estimate
8929aeb29d3ffff,The Springs Apartment Homes NE 21,,22.2,1.77,737.0,routed,41.0,network-estimate
8929aeb29d7ffff,The Springs Apartment Homes NE 17,,23.9,1.91,1311.0,routed,46.0,network-estimate
8929aeb29dbffff,The Springs Apartment Homes NE 27,,16.6,1.32,1133.0,routed,60.0,network-estimate
8929aeb2a03ffff,Bakersfield SW 7,,26.2,2.1,1462.0,routed,5.0,network-estimate
8929aeb2a07ffff,Bakersfield SW 8,,27.2,2.17,1841.0,routed,78.0,network-estimate
8929aeb2a0bffff,Bakersfield SW 3,,19.8,1.59,1300.0,routed,30.0,network-estimate
8929aeb2a0fffff,Bakersfield SW 4,,21.3,1.7,1185.0,routed,27.0,network-estimate
8929aeb2a13ffff,Bakersfield SW 9,,30.9,2.47,1459.0,routed,43.0,network-estimate
8929aeb2a17ffff,Bakersfield SW 11,,31.3,2.51,1540.0,routed,76.0,network-estimate
8929aeb2a1bffff,Bakersfield SW 6,,24.5,1.96,1247.0,routed,6.0,network-estimate
8929aeb2a23ffff,Bakersfield W 8,,14.3,1.15,261.0,routed,126.0,approach-review
8929aeb2a27ffff,Bakersfield W 10,,16.9,1.35,1336.0,routed,32.0,network-estimate
8929aeb2a2bffff,Bakersfield W 5,,8.9,0.71,1635.0,routed,50.0,network-estimate
8929aeb2a2fffff,Bakersfield W 7,,13.3,1.07,1574.0,routed,37.0,network-estimate
8929aeb2a33ffff,Bakersfield SW 10,,24.8,1.99,1098.0,routed,33.0,network-estimate
8929aeb2a37ffff,Bakersfield W 12,,21.1,1.69,877.0,routed,8.0,network-estimate
8929aeb2a3bffff,Bakersfield SW 5,,24.4,1.95,135.0,routed,126.0,approach-review
8929aeb2a43ffff,Bakersfield S 3,,12.1,0.97,2043.0,routed,42.0,network-estimate
8929aeb2a47ffff,Bakersfield S 2,,14.1,1.13,1622.0,routed,28.0,network-estimate
8929aeb2a4bffff,Bakersfield SE 2,,6.7,0.54,1235.0,routed,18.0,network-estimate
8929aeb2a4fffff,Bakersfield S,,7.6,0.61,2135.0,routed,39.0,network-estimate
8929aeb2a53ffff,Bakersfield S 5,,16.4,1.31,2041.0,routed,28.0,network-estimate
8929aeb2a57ffff,Bakersfield S 4,,18.3,1.46,1307.0,routed,24.0,network-estimate
8929aeb2a5bffff,Bakersfield SE 4,,10.5,0.84,2090.0,routed,37.0,network-estimate
8929aeb2a63ffff,Bakersfield W 2,,3.0,0.24,2035.0,routed,24.0,network-estimate
8929aeb2a67ffff,Bakersfield W 3,,5.3,0.42,1905.0,routed,21.0,network-estimate
8929aeb2a6bffff,Bakersfield W,,6.4,0.52,2463.0,routed,4.0,network-estimate
8929aeb2a6fffff,Bakersfield NW 2,,6.2,0.5,1930.0,routed,9.0,network-estimate
8929aeb2a73ffff,Bakersfield SW 2,,15.5,1.24,426.0,routed,77.0,network-estimate
8929aeb2a77ffff,Bakersfield W 4,,6.4,0.51,436.0,routed,86.0,network-estimate
8929aeb2a7bffff,Bakersfield SW,,8.5,0.68,1824.0,routed,38.0,network-estimate
8929aeb2a83ffff,Bakersfield SW 18,,40.0,3.2,1291.0,routed,114.0,approach-review
8929aeb2a87ffff,Bakersfield SW 19,,39.3,3.14,1481.0,routed,30.0,network-estimate
8929aeb2a8bffff,Bakersfield SW 13,,35.5,2.84,1294.0,routed,49.0,network-estimate
8929aeb2a8fffff,Bakersfield SW 14,,35.8,2.86,1661.0,routed,65.0,network-estimate
8929aeb2a93ffff,Bakersfield SW 23,,39.6,3.17,1115.0,routed,59.0,network-estimate
8929aeb2a97ffff,Bakersfield SW 24,,36.7,2.93,1416.0,routed,18.0,network-estimate
8929aeb2a9bffff,Bakersfield S 17,,35.3,2.83,1536.0,routed,38.0,network-estimate
8929aeb2aa3ffff,Bakersfield SW 17,,30.3,2.42,810.0,routed,66.0,network-estimate
8929aeb2aa7ffff,Bakersfield SW 20,,32.0,2.56,1013.0,routed,41.0,network-estimate
8929aeb2aabffff,Bakersfield SW 12,,29.4,2.35,1725.0,routed,11.0,network-estimate
8929aeb2aafffff,Bakersfield SW 15,,25.4,2.03,883.0,routed,4.0,network-estimate
8929aeb2ab3ffff,Bakersfield SW 21,,34.2,2.73,1170.0,routed,44.0,network-estimate
8929aeb2ab7ffff,Bakersfield SW 22,,33.7,2.7,1428.0,routed,55.0,network-estimate
8929aeb2abbffff,Bakersfield SW 16,,34.0,2.72,1823.0,routed,31.0,network-estimate
8929aeb2ac3ffff,Bakersfield S 10,,26.9,2.16,1832.0,routed,3.0,network-estimate
8929aeb2ac7ffff,Bakersfield S 9,,29.1,2.33,1625.0,routed,11.0,network-estimate
8929aeb2acbffff,Bakersfield S 8,,20.9,1.67,1891.0,routed,18.0,network-estimate
8929aeb2acfffff,Bakersfield S 6,,23.6,1.89,2027.0,routed,50.0,network-estimate
8929aeb2ad3ffff,Bakersfield S 15,,27.7,2.21,1725.0,routed,44.0,network-estimate
8929aeb2ad7ffff,Bakersfield S 13,,33.1,2.65,1744.0,routed,34.0,network-estimate
8929aeb2adbffff,Bakersfield S 12,,25.7,2.06,1195.0,routed,11.0,network-estimate
8929aeb2b03ffff,Bakersfield W 29,,17.8,1.42,0.0,routed,340.0,approach-review
8929aeb2b07ffff,Bakersfield W 36,,17.7,1.41,0.0,routed,261.0,approach-review
8929aeb2b0bffff,Bakersfield W 24,,15.1,1.21,144.0,routed,129.0,approach-review
8929aeb2b0fffff,Bakersfield W 31,,17.0,1.36,337.0,routed,106.0,approach-review
8929aeb2b13ffff,Bakersfield W 28,,35.2,2.81,766.0,routed,164.0,approach-review
8929aeb2b17ffff,Bakersfield W 34,,42.2,3.38,0.0,routed,114.0,approach-review
8929aeb2b1bffff,Bakersfield W 22,,30.2,2.42,643.0,routed,69.0,network-estimate
8929aeb2b23ffff,Breakwater Apartments SE 25,,22.2,1.78,117.0,routed,181.0,approach-review
8929aeb2b27ffff,Breakwater Apartments SE 19,,20.6,1.65,397.0,routed,35.0,network-estimate
8929aeb2b2bffff,Breakwater Apartments E 29,,13.6,1.09,279.0,routed,64.0,network-estimate
8929aeb2b2fffff,Breakwater Apartments E 24,,17.8,1.42,103.0,routed,97.0,network-estimate
8929aeb2b33ffff,Breakwater Apartments SE 27,,25.9,2.07,0.0,routed,258.0,approach-review
8929aeb2b37ffff,Breakwater Apartments SE 21,,27.4,2.19,162.0,routed,110.0,approach-review
8929aeb2b3bffff,Bakersfield W 38,,16.8,1.35,0.0,routed,130.0,approach-review
8929aeb2b43ffff,Bakersfield W 15,,25.8,2.06,500.0,routed,48.0,network-estimate
8929aeb2b47ffff,Bakersfield W 20,,17.3,1.38,35.0,routed,35.0,network-estimate
8929aeb2b4bffff,Beach Park,,21.5,1.72,655.0,routed,93.0,network-estimate
8929aeb2b4fffff,Bakersfield W 17,,26.9,2.15,0.0,routed,151.0,approach-review
8929aeb2b53ffff,Bakersfield W 13,,22.4,1.79,1020.0,routed,6.0,network-estimate
8929aeb2b57ffff,Yokuts Park,,25.7,2.05,378.0,routed,70.0,network-estimate
8929aeb2b5bffff,Bakersfield W 11,,20.9,1.68,788.0,routed,50.0,network-estimate
8929aeb2b63ffff,Bakersfield W 27,,4.9,0.39,224.0,routed,31.0,network-estimate
8929aeb2b6bffff,Bakersfield NW 29,,7.0,0.56,353.0,routed,14.0,network-estimate
8929aeb2b6fffff,Bakersfield NW 35,,13.4,1.07,260.0,routed,47.0,network-estimate
8929aeb2b73ffff,Bakersfield W 26,,6.3,0.51,810.0,routed,12.0,network-estimate
8929aeb2b77ffff,Bakersfield W 33,,10.0,0.8,402.0,routed,50.0,network-estimate
8929aeb2b7bffff,Bakersfield W 21,,2.6,0.21,435.0,routed,48.0,network-estimate
8929aeb2b83ffff,Bakersfield W 37,,26.8,2.15,282.0,routed,14.0,network-estimate
8929aeb2b87ffff,Bakersfield W 41,,23.1,1.85,1128.0,routed,38.0,network-estimate
8929aeb2b8bffff,Bakersfield W 30,,21.8,1.74,431.0,routed,19.0,network-estimate
8929aeb2b8fffff,Bakersfield W 35,,32.4,2.59,1005.0,routed,58.0,network-estimate
8929aeb2b93ffff,Bakersfield W 39,,12.9,1.04,672.0,routed,24.0,network-estimate
8929aeb2b97ffff,The Springs Apartment Homes NE 50,,23.8,1.91,643.0,routed,76.0,network-estimate
8929aeb2b9bffff,Bakersfield W 32,,17.1,1.36,761.0,routed,37.0,network-estimate
8929aeb2ba3ffff,Breakwater Apartments SE 29,,33.3,2.66,0.0,routed,115.0,approach-review
8929aeb2ba7ffff,Breakwater Apartments SE 24,,31.1,2.49,371.0,routed,160.0,approach-review
8929aeb2babffff,Breakwater Apartments SE 30,,37.4,2.99,0.0,routed,247.0,approach-review
8929aeb2bafffff,Breakwater Apartments SE 26,,36.1,2.88,4.0,routed,76.0,network-estimate
8929aeb2bb3ffff,The Springs Apartment Homes NE 51,,48.9,3.92,0.0,routed,114.0,approach-review
8929aeb2bb7ffff,Breakwater Apartments SE 28,,25.6,2.05,104.0,routed,203.0,approach-review
8929aeb2bbbffff,Bakersfield W 40,,47.0,3.76,0.0,routed,108.0,approach-review
8929aeb2bc3ffff,Bakersfield W 19,,26.9,2.15,752.0,routed,49.0,network-estimate
8929aeb2bc7ffff,Bakersfield W 23,,26.8,2.15,360.0,routed,53.0,network-estimate
8929aeb2bcbffff,Bakersfield W 14,,33.2,2.66,0.0,routed,47.0,network-estimate
8929aeb2bcfffff,Bakersfield W 18,,25.8,2.07,707.0,routed,89.0,network-estimate
8929aeb2bd3ffff,Bakersfield SW 25,,27.5,2.2,843.0,routed,41.0,network-estimate
8929aeb2bd7ffff,Bakersfield W 25,,21.6,1.73,213.0,routed,17.0,network-estimate
8929aeb2bdbffff,Bakersfield W 16,,26.6,2.13,313.0,routed,11.0,network-estimate
8929aeb2c03ffff,Coventry Place Apartments W 7,,29.1,2.33,1599.0,routed,69.0,network-estimate
8929aeb2c07ffff,Coventry Place Apartments W 11,,27.6,2.21,1971.0,routed,42.0,network-estimate
8929aeb2c0bffff,Coventry Place Apartments W 5,,32.0,2.56,1248.0,routed,35.0,network-estimate
8929aeb2c0fffff,Coventry Place Apartments W 9,,24.4,1.95,1024.0,routed,29.0,network-estimate
8929aeb2c13ffff,Coventry Place Apartments W 8,,32.3,2.58,1141.0,routed,22.0,network-estimate
8929aeb2c17ffff,Coventry Place Apartments W 10,,26.1,2.09,1600.0,routed,19.0,network-estimate
8929aeb2c1bffff,Coventry Place Apartments W 4,,33.3,2.66,1279.0,routed,18.0,network-estimate
8929aeb2c23ffff,Coventry Place Apartments W 18,,13.2,1.06,2078.0,routed,1.0,network-estimate
8929aeb2c27ffff,Coventry Place Apartments W 24,,13.1,1.05,1159.0,routed,22.0,network-estimate
8929aeb2c2bffff,Coventry Place Apartments NW 13,,17.5,1.4,1210.0,routed,26.0,network-estimate
8929aeb2c2fffff,Coventry Place Apartments NW 18,,11.0,0.88,1571.0,routed,28.0,network-estimate
8929aeb2c33ffff,Coventry Place Apartments W 16,,20.9,1.67,1964.0,routed,55.0,network-estimate
8929aeb2c37ffff,Coventry Place Apartments W 22,,18.1,1.44,877.0,routed,71.0,network-estimate
8929aeb2c3bffff,Coventry Place Apartments W 13,,22.4,1.79,1556.0,routed,40.0,network-estimate
8929aeb2c43ffff,Coventry Place Apartments NW 2,,23.8,1.91,1156.0,routed,34.0,network-estimate
8929aeb2c47ffff,Coventry Place Apartments NW 4,,27.7,2.21,918.0,routed,65.0,network-estimate
8929aeb2c4bffff,Coventry Place Apartments N 2,,20.7,1.66,1199.0,routed,33.0,network-estimate
8929aeb2c4fffff,Coventry Place Apartments NW 3,,28.6,2.29,901.0,routed,52.0,network-estimate
8929aeb2c53ffff,Coventry Place Apartments W,,27.1,2.17,1818.0,routed,78.0,network-estimate
8929aeb2c57ffff,Coventry Place Apartments W 2,,34.9,2.79,1199.0,routed,47.0,network-estimate
8929aeb2c5bffff,Coventry Place Apartments NW,,22.7,1.81,1458.0,routed,32.0,network-estimate
8929aeb2c63ffff,Coventry Place Apartments NW 9,,24.6,1.97,814.0,routed,39.0,network-estimate
8929aeb2c67ffff,Coventry Place Apartments NW 12,,17.4,1.39,1853.0,routed,20.0,network-estimate
8929aeb2c6bffff,Coventry Place Apartments NW 8,,26.1,2.09,1234.0,routed,22.0,network-estimate
8929aeb2c6fffff,Coventry Place Apartments NW 11,,20.1,1.61,1093.0,routed,36.0,network-estimate
8929aeb2c73ffff,Coventry Place Apartments NW 7,,26.5,2.12,1644.0,routed,120.0,approach-review
8929aeb2c77ffff,Coventry Place Apartments NW 10,,22.4,1.79,1591.0,routed,24.0,network-estimate
8929aeb2c7bffff,Coventry Place Apartments NW 6,,30.1,2.41,1659.0,routed,50.0,network-estimate
8929aeb2c83ffff,Coventry Place Apartments SW 12,,37.1,2.97,1330.0,routed,23.0,network-estimate
8929aeb2c87ffff,Coventry Place Apartments W 17,,34.4,2.75,1008.0,routed,20.0,network-estimate
8929aeb2c8bffff,Coventry Place Apartments SW 8,,40.6,3.25,1431.0,routed,98.0,network-estimate
8929aeb2c8fffff,Coventry Place Apartments W 12,,30.3,2.42,1447.0,routed,12.0,network-estimate
8929aeb2c93ffff,Coventry Place Apartments SW 14,,40.5,3.24,1516.0,routed,13.0,network-estimate
8929aeb2c97ffff,Coventry Place Apartments SW 17,,39.5,3.16,1964.0,routed,27.0,network-estimate
8929aeb2c9bffff,Coventry Place Apartments SW 10,,42.3,3.38,1748.0,routed,76.0,network-estimate
8929aeb2ca3ffff,Coventry Place Apartments W 19,,32.3,2.58,1539.0,routed,60.0,network-estimate
8929aeb2ca7ffff,The Springs Apartment Homes SE 27,,31.1,2.48,835.0,routed,61.0,network-estimate
8929aeb2cabffff,Coventry Place Apartments W 14,,25.2,2.02,1265.0,routed,96.0,network-estimate
8929aeb2cafffff,Coventry Place Apartments W 20,,26.4,2.11,1736.0,routed,104.0,approach-review
8929aeb2cb3ffff,Coventry Place Apartments W 21,,38.0,3.04,1427.0,routed,52.0,network-estimate
8929aeb2cb7ffff,Coventry Place Apartments W 25,,32.1,2.57,1799.0,routed,62.0,network-estimate
8929aeb2cbbffff,Coventry Place Apartments W 15,,31.8,2.54,1227.0,routed,67.0,network-estimate
8929aeb2cc3ffff,Coventry Place Apartments SW 4,,48.1,3.85,1169.0,routed,81.0,network-estimate
8929aeb2cc7ffff,Coventry Place Apartments W 6,,37.8,3.02,1674.0,routed,44.0,network-estimate
8929aeb2ccbffff,Coventry Place Apartments SW 2,,32.7,2.62,1369.0,routed,24.0,network-estimate
8929aeb2ccfffff,Coventry Place Apartments W 3,,37.0,2.96,1211.0,routed,51.0,network-estimate
8929aeb2cd3ffff,Coventry Place Apartments SW 5,,44.6,3.57,810.0,routed,39.0,network-estimate
8929aeb2cd7ffff,Coventry Place Apartments SW 6,,47.6,3.8,1366.0,routed,44.0,network-estimate
8929aeb2cdbffff,Coventry Place Apartments SW 3,,37.2,2.97,1102.0,routed,48.0,network-estimate
8929aeb2d03ffff,The Springs Apartment Homes E 9,,29.3,2.34,1579.0,routed,36.0,network-estimate
8929aeb2d07ffff,The Springs Apartment Homes E 5,,30.8,2.47,1516.0,routed,57.0,network-estimate
8929aeb2d0bffff,The Springs Apartment Homes E 11,,28.2,2.25,1602.0,routed,40.0,network-estimate
8929aeb2d0fffff,The Springs Apartment Homes E 8,,24.1,1.93,1460.0,routed,66.0,network-estimate
8929aeb2d13ffff,The Springs Apartment Homes E 10,,31.0,2.48,1990.0,routed,15.0,network-estimate
8929aeb2d17ffff,The Springs Apartment Homes E 7,,36.7,2.94,1113.0,routed,45.0,network-estimate
8929aeb2d1bffff,The Springs Apartment Homes E 13,,30.6,2.45,780.0,routed,133.0,approach-review
8929aeb2d23ffff,The Springs Apartment Homes NE 4,,23.9,1.91,563.0,routed,137.0,approach-review
8929aeb2d27ffff,The Springs Apartment Homes NE 3,,19.9,1.6,1322.0,routed,34.0,network-estimate
8929aeb2d2bffff,The Springs Apartment Homes NE 7,,24.7,1.98,0.0,routed,215.0,approach-review
8929aeb2d2fffff,The Springs Apartment Homes NE 6,,21.6,1.73,1456.0,routed,56.0,network-estimate
8929aeb2d33ffff,The Springs Apartment Homes E 3,,48.7,3.9,1007.0,routed,114.0,approach-review
8929aeb2d37ffff,The Springs Apartment Homes NE 2,,24.9,1.99,510.0,routed,138.0,approach-review
8929aeb2d3bffff,The Springs Apartment Homes E 6,,51.1,4.09,1077.0,routed,49.0,network-estimate
8929aeb2d43ffff,The Springs Apartment Homes E 20,,12.8,1.03,1327.0,routed,17.0,network-estimate
8929aeb2d47ffff,The Springs Apartment Homes E 15,,14.8,1.18,1285.0,routed,81.0,network-estimate
8929aeb2d4bffff,The Springs Apartment Homes E 26,,6.8,0.54,1113.0,routed,67.0,network-estimate
8929aeb2d4fffff,The Springs Apartment Homes E 21,,11.4,0.91,935.0,routed,86.0,network-estimate
8929aeb2d53ffff,The Springs Apartment Homes E 22,,20.5,1.64,933.0,routed,56.0,network-estimate
8929aeb2d57ffff,The Springs Apartment Homes E 16,,18.0,1.44,226.0,routed,211.0,approach-review
8929aeb2d5bffff,The Springs Apartment Homes E 27,,16.9,1.35,968.0,routed,93.0,network-estimate
8929aeb2d63ffff,The Springs Apartment Homes NE 13,,36.1,2.89,1431.0,routed,26.0,network-estimate
8929aeb2d6bffff,The Springs Apartment Homes NE 18,,23.2,1.85,1163.0,routed,132.0,approach-review
8929aeb2d6fffff,The Springs Apartment Homes NE 14,,30.3,2.42,1599.0,routed,17.0,network-estimate
8929aeb2d73ffff,The Springs Apartment Homes E 12,,19.6,1.57,1640.0,routed,46.0,network-estimate
8929aeb2d7bffff,The Springs Apartment Homes E 17,,18.7,1.5,722.0,routed,96.0,network-estimate
8929aeb2d83ffff,The Springs Apartment Homes SE 11,,38.3,3.07,1491.0,routed,77.0,network-estimate
8929aeb2d87ffff,The Springs Apartment Homes SE 7,,42.7,3.42,1458.0,routed,33.0,network-estimate
8929aeb2d8bffff,The Springs Apartment Homes SE 12,,31.4,2.51,1399.0,routed,34.0,network-estimate
8929aeb2d8fffff,The Springs Apartment Homes SE 8,,33.6,2.69,1659.0,routed,26.0,network-estimate
8929aeb2d93ffff,The Springs Apartment Homes SE 14,,40.6,3.25,1379.0,routed,48.0,network-estimate
8929aeb2d97ffff,The Springs Apartment Homes SE 9,,45.2,3.62,1437.0,routed,39.0,network-estimate
8929aeb2d9bffff,The Springs Apartment Homes SE 15,,35.6,2.85,1364.0,routed,73.0,network-estimate
8929aeb2da3ffff,The Springs Apartment Homes SE 3,,39.5,3.16,1724.0,routed,59.0,network-estimate
8929aeb2da7ffff,The Springs Apartment Homes SE,,43.2,3.46,2432.0,routed,19.0,network-estimate
8929aeb2dabffff,The Springs Apartment Homes E 4,,35.7,2.86,1454.0,routed,61.0,network-estimate
8929aeb2dafffff,The Springs Apartment Homes E 2,,30.0,2.4,1536.0,routed,14.0,network-estimate
8929aeb2db3ffff,The Springs Apartment Homes SE 4,,37.6,3.01,1643.0,routed,24.0,network-estimate
8929aeb2db7ffff,The Springs Apartment Homes SE 2,,36.7,2.94,1815.0,routed,28.0,network-estimate
8929aeb2dbbffff,The Springs Apartment Homes SE 5,,37.6,3.01,1661.0,routed,24.0,network-estimate
8929aeb2dc3ffff,The Springs Apartment Homes E 19,,23.3,1.87,1558.0,routed,54.0,network-estimate
8929aeb2dc7ffff,The Springs Apartment Homes E 14,,25.2,2.01,2339.0,routed,25.0,network-estimate
8929aeb2dcbffff,The Springs Apartment Homes E 24,,20.6,1.64,1796.0,routed,24.0,network-estimate
8929aeb2dcfffff,The Springs Apartment Homes E 18,,21.8,1.75,1545.0,routed,40.0,network-estimate
8929aeb2dd3ffff,The Springs Apartment Homes SE 20,,31.3,2.5,1397.0,routed,79.0,network-estimate
8929aeb2dd7ffff,The Springs Apartment Homes SE 16,,34.5,2.76,1447.0,routed,110.0,approach-review
8929aeb2ddbffff,The Springs Apartment Homes E 25,,23.5,1.88,1331.0,routed,39.0,network-estimate
8929aeb2e03ffff,Coventry Place Apartments NE 10,,24.7,1.97,1282.0,routed,155.0,approach-review
8929aeb2e13ffff,Coventry Place Apartments NE 7,,15.6,1.25,1608.0,routed,16.0,network-estimate
8929aeb2e17ffff,Coventry Place Apartments N 7,,22.3,1.79,1107.0,routed,25.0,network-estimate
8929aeb2e1bffff,Coventry Place Apartments NE 11,,21.8,1.74,1324.0,routed,47.0,network-estimate
8929aeb2e27ffff,Coventry Place Apartments N 13,,36.9,2.96,1106.0,routed,123.0,approach-review
8929aeb2e2fffff,Coventry Place Apartments N 14,,41.5,3.32,1113.0,routed,17.0,network-estimate
8929aeb2e33ffff,Coventry Place Apartments N 11,,33.7,2.7,972.0,routed,90.0,network-estimate
8929aeb2e43ffff,Coventry Place Apartments NE 17,,23.9,1.91,1292.0,routed,100.0,network-estimate
8929aeb2e47ffff,Coventry Place Apartments NE 15,,22.2,1.78,2042.0,routed,54.0,network-estimate
8929aeb2e4bffff,Coventry Place Apartments NE 22,,29.5,2.36,531.0,routed,33.0,network-estimate
8929aeb2e4fffff,Coventry Place Apartments NE 20,,28.0,2.24,1268.0,routed,61.0,network-estimate
8929aeb2e53ffff,Coventry Place Apartments NE 14,,19.5,1.56,1669.0,routed,15.0,network-estimate
8929aeb2e57ffff,Coventry Place Apartments NE 13,,18.0,1.44,1950.0,routed,17.0,network-estimate
8929aeb2e5bffff,Coventry Place Apartments NE 18,,31.6,2.53,394.0,routed,31.0,network-estimate
8929aeb2e63ffff,Coventry Place Apartments N 16,,32.2,2.57,1512.0,routed,49.0,network-estimate
8929aeb2e67ffff,Bakersfield S 23,,34.8,2.78,1261.0,routed,61.0,network-estimate
8929aeb2e6bffff,Bakersfield S 21,,29.2,2.34,1499.0,routed,34.0,network-estimate
8929aeb2e6fffff,Bakersfield S 19,,31.6,2.53,1369.0,routed,29.0,network-estimate
8929aeb2e7bffff,Coventry Place Apartments NE 19,,27.4,2.19,1853.0,routed,9.0,network-estimate
8929aeb2e83ffff,Coventry Place Apartments NE 2,,14.7,1.18,1718.0,routed,97.0,network-estimate
8929aeb2e87ffff,Coventry Place Apartments N 3,,22.2,1.78,1322.0,routed,42.0,network-estimate
8929aeb2e8bffff,Coventry Place Apartments NE 5,,11.6,0.93,1618.0,routed,27.0,network-estimate
8929aeb2e8fffff,Coventry Place Apartments NE 4,,18.3,1.46,805.0,routed,43.0,network-estimate
8929aeb2e93ffff,Coventry Place Apartments NE,,13.3,1.06,1283.0,routed,49.0,network-estimate
8929aeb2e97ffff,Coventry Place Apartments N,,16.7,1.34,1224.0,routed,51.0,network-estimate
8929aeb2e9bffff,Coventry Place Apartments NE 3,,7.1,0.57,1444.0,routed,31.0,network-estimate
8929aeb2ea3ffff,Coventry Place Apartments N 6,,29.1,2.33,1239.0,routed,19.0,network-estimate
8929aeb2ea7ffff,Coventry Place Apartments N 9,,30.3,2.42,1539.0,routed,80.0,network-estimate
8929aeb2eabffff,Coventry Place Apartments N 8,,27.4,2.19,804.0,routed,84.0,network-estimate
8929aeb2eafffff,Coventry Place Apartments N 10,,32.9,2.63,609.0,routed,15.0,network-estimate
8929aeb2eb3ffff,Coventry Place Apartments N 4,,24.6,1.97,1147.0,routed,14.0,network-estimate
8929aeb2eb7ffff,Coventry Place Apartments NW 5,,30.8,2.47,1722.0,routed,100.0,network-estimate
8929aeb2ebbffff,Coventry Place Apartments N 5,,23.7,1.9,756.0,routed,49.0,network-estimate
8929aeb2ec3ffff,Coventry Place Apartments NE 9,,8.5,0.68,2174.0,routed,30.0,network-estimate
8929aeb2ec7ffff,Coventry Place Apartments NE 8,,12.1,0.97,1655.0,routed,27.0,network-estimate
8929aeb2ecfffff,Coventry Place Apartments NE 12,,13.3,1.07,1965.0,routed,11.0,network-estimate
8929aeb2ed3ffff,Coventry Place Apartments E 9,,4.1,0.33,1586.0,routed,4.0,network-estimate
8929aeb2ed7ffff,Coventry Place Apartments NE 6,,6.2,0.5,1453.0,routed,45.0,network-estimate
8929aeb3023ffff,Crestview Meadows SW 56,,89.0,7.12,584.0,routed,85.0,network-estimate
8929aeb3027ffff,Crestview Meadows SW 57,,90.2,7.21,0.0,routed,195.0,approach-review
8929aeb302bffff,Crestview Meadows S 11,,82.6,6.61,671.0,routed,38.0,network-estimate
8929aeb302fffff,Crestview Meadows SW 48,,85.4,6.84,315.0,routed,158.0,approach-review
8929aeb3033ffff,Crestview Meadows S 12,,94.3,7.55,638.0,routed,101.0,approach-review
8929aeb3037ffff,Crestview Meadows SW 64,,101.0,8.08,0.0,routed,253.0,approach-review
8929aeb3063ffff,Crestview Meadows S 10,,85.9,6.87,994.0,routed,142.0,approach-review
8929aeb3067ffff,Crestview Meadows S 9,,81.0,6.48,943.0,routed,54.0,network-estimate
8929aeb306bffff,Crestview Meadows S 8,,88.4,7.07,182.0,routed,59.0,network-estimate
8929aeb306fffff,Crestview Meadows S 7,,81.4,6.52,497.0,routed,82.0,network-estimate
8929aeb30afffff,Crestview Meadows SW 70,,99.3,7.95,618.0,routed,117.0,approach-review
8929aeb3103ffff,Crestview Meadows SW 68,,92.6,7.41,0.0,routed,470.0,approach-review
8929aeb3107ffff,Crestview Meadows SW 69,,97.0,7.76,0.0,routed,827.0,approach-review
8929aeb310bffff,Crestview Meadows SW 61,,91.0,7.28,0.0,routed,343.0,approach-review
8929aeb310fffff,Crestview Meadows SW 62,,83.6,6.69,0.0,routed,579.0,approach-review
8929aeb3113ffff,Crestview Meadows SW 74,,93.1,7.45,0.0,routed,514.0,approach-review
8929aeb3117ffff,Village at Lakeside NE 100,,96.4,7.71,0.0,routed,775.0,approach-review
8929aeb311bffff,Crestview Meadows SW 67,,88.5,7.08,0.0,routed,144.0,approach-review
8929aeb3123ffff,Bakersfield SE 95,,62.9,5.03,0.0,routed,375.0,approach-review
8929aeb3127ffff,Bakersfield SE 91,,55.0,4.4,58.0,routed,287.0,approach-review
8929aeb312bffff,Crestview Meadows SW 59,,62.4,4.99,0.0,routed,335.0,approach-review
8929aeb312fffff,Bakersfield SE 93,,58.7,4.7,0.0,routed,37.0,network-estimate
8929aeb3133ffff,Bakersfield SE 96,,67.5,5.4,0.0,routed,739.0,approach-review
8929aeb3137ffff,Bakersfield SE 94,,59.0,4.72,37.0,routed,608.0,approach-review
8929aeb313bffff,Crestview Meadows SW 63,,65.9,5.27,0.0,routed,615.0,approach-review
8929aeb3143ffff,Crestview Meadows SW 51,,95.9,7.67,0.0,routed,353.0,approach-review
8929aeb3147ffff,Crestview Meadows SW 52,,80.8,6.47,0.0,routed,355.0,approach-review
8929aeb314bffff,Crestview Meadows SW 41,,81.0,6.48,0.0,routed,156.0,approach-review
8929aeb314fffff,Crestview Meadows SW 43,,83.1,6.65,606.0,routed,142.0,approach-review
8929aeb3153ffff,Crestview Meadows SW 58,,92.8,7.43,0.0,routed,105.0,approach-review
8929aeb3157ffff,Crestview Meadows SW 60,,89.6,7.17,0.0,routed,232.0,approach-review
8929aeb315bffff,Crestview Meadows SW 49,,89.9,7.19,0.0,routed,171.0,approach-review
8929aeb3163ffff,Crestview Meadows SW 46,,75.0,6.0,199.0,routed,171.0,approach-review
8929aeb3167ffff,Crestview Meadows SW 50,,115.9,9.28,0.0,routed,65.0,network-estimate
8929aeb316bffff,Crestview Meadows SW 36,,78.3,6.26,2091.0,routed,110.0,approach-review
8929aeb316fffff,Crestview Meadows SW 38,,71.0,5.68,175.0,routed,223.0,approach-review
8929aeb3173ffff,Crestview Meadows SW 54,,79.0,6.32,0.0,routed,210.0,approach-review
8929aeb3177ffff,Crestview Meadows SW 55,,119.7,9.58,0.0,routed,365.0,approach-review
8929aeb317bffff,Crestview Meadows SW 45,,84.9,6.79,1123.0,routed,90.0,network-estimate
8929aeb3183ffff,Village at Lakeside NE 94,,94.2,7.54,0.0,routed,336.0,approach-review
8929aeb3187ffff,Village at Lakeside NE 90,,82.8,6.63,0.0,routed,204.0,approach-review
8929aeb318bffff,Village at Lakeside NE 101,,92.4,7.39,0.0,routed,190.0,approach-review
8929aeb318fffff,Village at Lakeside NE 96,,96.2,7.69,0.0,routed,493.0,approach-review
8929aeb3193ffff,Village at Lakeside NE 92,,101.9,8.15,0.0,routed,383.0,approach-review
8929aeb3197ffff,Village at Lakeside NE 87,,83.3,6.66,0.0,routed,241.0,approach-review
8929aeb319bffff,Village at Lakeside NE 98,,92.2,7.38,0.0,routed,176.0,approach-review
8929aeb31a3ffff,Village at Lakeside NE 91,,89.3,7.15,0.0,routed,722.0,approach-review
8929aeb31a7ffff,Village at Lakeside NE 88,,64.2,5.14,362.0,routed,734.0,approach-review
8929aeb31abffff,Village at Lakeside NE 97,,91.5,7.32,0.0,routed,897.0,approach-review
8929aeb31afffff,Coventry Place Apartments E 67,,63.4,5.07,7.0,routed,961.0,approach-review
8929aeb31b3ffff,Village at Lakeside NE 86,,85.1,6.81,0.0,routed,383.0,approach-review
8929aeb31b7ffff,Village at Lakeside NE 84,,80.9,6.47,365.0,routed,496.0,approach-review
8929aeb31bbffff,Village at Lakeside NE 93,,87.0,6.96,0.0,routed,539.0,approach-review
8929aeb31c3ffff,Crestview Meadows SW 72,,99.7,7.98,0.0,routed,232.0,approach-review
8929aeb31c7ffff,Crestview Meadows SW 73,,100.3,8.03,0.0,routed,408.0,approach-review
8929aeb31cbffff,Crestview Meadows SW 65,,96.6,7.73,0.0,routed,404.0,approach-review
8929aeb31cfffff,Crestview Meadows SW 66,,90.3,7.22,0.0,routed,287.0,approach-review
8929aeb31d3ffff,Crestview Meadows SW 75,,102.0,8.16,49.0,routed,145.0,approach-review
8929aeb31d7ffff,Village at Lakeside NE 103,,96.7,7.74,0.0,routed,120.0,approach-review
8929aeb31dbffff,Crestview Meadows SW 71,,101.8,8.15,110.0,routed,129.0,approach-review
8929aeb3327ffff,Crestview Meadows SW 8,,58.5,4.68,717.0,routed,46.0,network-estimate
8929aeb3337ffff,Crestview Meadows SW 11,,62.9,5.04,1343.0,routed,46.0,network-estimate
8929aeb3383ffff,Crestview Meadows SW 30,,74.8,5.99,141.0,routed,206.0,approach-review
8929aeb3387ffff,Crestview Meadows SW 31,,84.9,6.79,84.0,routed,80.0,network-estimate
8929aeb338bffff,Crestview Meadows SW 20,,71.2,5.7,1405.0,routed,77.0,network-estimate
8929aeb338fffff,Crestview Meadows SW 21,,68.2,5.46,684.0,routed,92.0,network-estimate
8929aeb3393ffff,Crestview Meadows SW 39,,76.7,6.14,168.0,routed,181.0,approach-review
8929aeb3397ffff,Crestview Meadows SW 40,,88.0,7.04,0.0,routed,325.0,approach-review
8929aeb339bffff,Crestview Meadows S 6,,77.6,6.21,1661.0,routed,79.0,network-estimate
8929aeb33a3ffff,Crestview Meadows SW 23,,73.2,5.85,1415.0,routed,101.0,approach-review
8929aeb33a7ffff,Crestview Meadows SW 26,,73.8,5.9,1926.0,routed,188.0,approach-review
8929aeb33afffff,Crestview Meadows SW 16,,67.7,5.42,1576.0,routed,21.0,network-estimate
8929aeb33b3ffff,Crestview Meadows SW 32,,77.4,6.2,1071.0,routed,68.0,network-estimate
8929aeb33b7ffff,Crestview Meadows SW 34,,79.6,6.37,1742.0,routed,50.0,network-estimate
8929aeb33c3ffff,Crestview Meadows S 3,,69.6,5.57,781.0,routed,17.0,network-estimate
8929aeb33c7ffff,Crestview Meadows S 2,,72.8,5.83,839.0,routed,44.0,network-estimate
8929aeb33d3ffff,Crestview Meadows S 5,,75.7,6.05,594.0,routed,77.0,network-estimate
8929aeb33d7ffff,Crestview Meadows S 4,,76.4,6.12,1162.0,routed,27.0,network-estimate
8929aeb3503ffff,Village at Lakeside E 90,,134.1,10.73,0.0,routed,790.0,approach-review
8929aeb3507ffff,Village at Lakeside E 88,,100.4,8.03,0.0,routed,821.0,approach-review
8929aeb350bffff,Historic Vineyard Apartments NW 35,,113.2,9.06,0.0,routed,632.0,approach-review
8929aeb350fffff,Village at Lakeside E 91,,113.0,9.04,0.0,routed,615.0,approach-review
8929aeb3513ffff,Historic Vineyard Apartments NW 33,,130.5,10.44,0.0,routed,503.0,approach-review
8929aeb3517ffff,Village at Lakeside E 87,,134.9,10.8,0.0,routed,860.0,approach-review
8929aeb351bffff,Historic Vineyard Apartments NW 34,,130.7,10.46,0.0,routed,523.0,approach-review
8929aeb3523ffff,Village at Lakeside NE 82,,92.6,7.41,0.0,routed,202.0,approach-review
8929aeb3527ffff,Village at Lakeside NE 78,,92.3,7.38,0.0,routed,175.0,approach-review
8929aeb352bffff,Village at Lakeside NE 89,,101.7,8.13,0.0,routed,362.0,approach-review
8929aeb352fffff,Village at Lakeside NE 85,,93.4,7.48,0.0,routed,268.0,approach-review
8929aeb3533ffff,Village at Lakeside E 85,,96.7,7.73,0.0,routed,525.0,approach-review
8929aeb3537ffff,Village at Lakeside NE 75,,93.2,7.46,0.0,routed,267.0,approach-review
8929aeb353bffff,Village at Lakeside E 89,,97.1,7.77,0.0,routed,559.0,approach-review
8929aeb3563ffff,Village at Lakeside NE 99,,107.1,8.57,0.0,routed,144.0,approach-review
8929aeb3567ffff,Village at Lakeside NE 95,,97.5,7.8,0.0,routed,31.0,network-estimate
8929aeb356fffff,Village at Lakeside NE 102,,104.2,8.33,0.0,routed,240.0,approach-review
8929aeb3573ffff,Village at Lakeside E 93,,108.8,8.7,0.0,routed,278.0,approach-review
8929aeb3577ffff,Village at Lakeside E 92,,101.3,8.11,0.0,routed,334.0,approach-review
8929aeb3583ffff,Historic Vineyard Apartments NW 32,,134.3,10.75,0.0,routed,309.0,approach-review
8929aeb3587ffff,Village at Lakeside E 82,,136.8,10.95,0.0,routed,508.0,approach-review
8929aeb358bffff,Historic Vineyard Apartments NW 31,,129.0,10.32,0.0,routed,383.0,approach-review
8929aeb358fffff,Village at Lakeside E 86,,138.8,11.1,0.0,routed,663.0,approach-review
8929aeb3593ffff,Historic Vineyard Apartments NW 29,,132.1,10.57,0.0,routed,132.0,approach-review
8929aeb3597ffff,Village at Lakeside E 81,,133.4,10.67,0.0,routed,232.0,approach-review
8929aeb359bffff,Historic Vineyard Apartments NW 28,,136.0,10.88,0.0,routed,442.0,approach-review
8929aeb35a3ffff,Village at Lakeside E 78,,99.5,7.96,0.0,routed,375.0,approach-review
8929aeb35a7ffff,Village at Lakeside E 72,,96.2,7.69,0.0,routed,106.0,approach-review
8929aeb35abffff,Village at Lakeside E 84,,102.2,8.18,0.0,routed,588.0,approach-review
8929aeb35afffff,Village at Lakeside E 79,,98.4,7.87,0.0,routed,284.0,approach-review
8929aeb35b3ffff,Village at Lakeside E 77,,103.4,8.27,0.0,routed,683.0,approach-review
8929aeb35b7ffff,Village at Lakeside E 71,,100.6,8.05,0.0,routed,460.0,approach-review
8929aeb35bbffff,Village at Lakeside E 83,,104.0,8.32,0.0,routed,729.0,approach-review
8929aeb35c7ffff,Historic Vineyard Apartments NW 30,,126.3,10.1,265.0,routed,167.0,approach-review
8929aeb35d7ffff,Historic Vineyard Apartments NW 27,,126.9,10.15,371.0,routed,219.0,approach-review
8929aeb4003ffff,Gossamer Grove W 4,,137.8,11.02,0.0,routed,219.0,approach-review
8929aeb4007ffff,Gossamer Grove W 5,,138.0,11.04,0.0,routed,79.0,network-estimate
8929aeb400fffff,Gossamer Grove W 3,,137.3,10.99,325.0,routed,167.0,approach-review
8929aeb4013ffff,Gossamer Grove SW 41,,128.1,10.25,0.0,routed,163.0,approach-review
8929aeb4017ffff,Gossamer Grove W 6,,131.1,10.49,0.0,routed,398.0,approach-review
8929aeb4033ffff,Gossamer Grove W 7,,142.6,11.4,0.0,routed,190.0,approach-review
8929aeb4043ffff,Gossamer Grove W,,134.1,10.73,0.0,routed,195.0,approach-review
8929aeb4053ffff,Gossamer Grove SW 23,,131.7,10.53,0.0,routed,208.0,approach-review
8929aeb4057ffff,Gossamer Grove W 2,,130.6,10.45,344.0,routed,98.0,network-estimate
8929aeb405bffff,Gossamer Grove SW 17,,124.2,9.94,0.0,routed,153.0,approach-review
8929aeb4083ffff,Gossamer Grove SW 50,,137.3,10.98,0.0,routed,376.0,approach-review
8929aeb4087ffff,Gossamer Grove SW 54,,135.0,10.8,0.0,routed,196.0,approach-review
8929aeb408bffff,Gossamer Grove SW 44,,129.5,10.36,0.0,routed,159.0,approach-review
8929aeb408fffff,Gossamer Grove SW 48,,135.0,10.8,0.0,routed,197.0,approach-review
8929aeb4093ffff,Gossamer Grove SW 52,,124.1,9.92,0.0,routed,217.0,approach-review
8929aeb4097ffff,Gossamer Grove SW 56,,130.5,10.44,0.0,routed,306.0,approach-review
8929aeb409bffff,Gossamer Grove SW 46,,125.4,10.03,0.0,routed,322.0,approach-review
8929aeb40a3ffff,Bishop Acres E 29,,142.3,11.38,0.0,routed,376.0,approach-review
8929aeb40a7ffff,Bishop Acres E 25,,152.3,12.18,0.0,routed,275.0,approach-review
8929aeb40abffff,Gossamer Grove W 8,,143.6,11.49,0.0,routed,272.0,approach-review
8929aeb40afffff,Bishop Acres E 28,,146.3,11.7,0.0,routed,92.0,network-estimate
8929aeb40b3ffff,Bishop Acres E 30,,138.1,11.05,0.0,routed,41.0,network-estimate
8929aeb40b7ffff,Bishop Acres E 26,,142.6,11.41,0.0,routed,402.0,approach-review
8929aeb40bbffff,Gossamer Grove W 9,,135.6,10.85,0.0,routed,247.0,approach-review
8929aeb40c3ffff,Gossamer Grove SW 34,,121.5,9.72,365.0,routed,72.0,network-estimate
8929aeb40cbffff,Gossamer Grove SW 27,,136.5,10.92,0.0,routed,124.0,approach-review
8929aeb40cfffff,Gossamer Grove SW 31,,126.3,10.11,364.0,routed,79.0,network-estimate
8929aeb40d3ffff,Gossamer Grove SW 36,,116.5,9.32,35.0,routed,17.0,network-estimate
8929aeb40d7ffff,Gossamer Grove SW 39,,119.9,9.6,0.0,routed,30.0,network-estimate
8929aeb40dbffff,Gossamer Grove SW 29,,122.3,9.78,0.0,routed,2.0,network-estimate
8929aeb4183ffff,Bishop Acres E 10,,164.4,13.15,571.0,routed,42.0,network-estimate
8929aeb4187ffff,Bishop Acres E 7,,181.0,14.48,65.0,routed,152.0,approach-review
8929aeb4193ffff,Bishop Acres E 11,,168.2,13.45,364.0,routed,347.0,approach-review
8929aeb4197ffff,Bishop Acres E 8,,183.3,14.67,0.0,routed,381.0,approach-review
8929aeb419bffff,Bishop Acres E 13,,167.5,13.4,0.0,routed,305.0,approach-review
8929aeb41d3ffff,Bishop Acres E 20,,155.0,12.4,0.0,routed,133.0,approach-review
8929aeb41d7ffff,Bishop Acres E 16,,156.7,12.53,0.0,routed,218.0,approach-review
8929aeb41dbffff,Bishop Acres E 24,,150.0,12.0,0.0,routed,94.0,network-estimate
8929aeb4293ffff,Gossamer Grove SW 7,,116.1,9.29,0.0,routed,149.0,approach-review
8929aeb4297ffff,Gossamer Grove SW 11,,121.2,9.7,0.0,routed,81.0,network-estimate
8929aeb429bffff,Gossamer Grove SW 4,,115.7,9.26,1185.0,routed,78.0,network-estimate
8929aeb42d3ffff,Gossamer Grove SW,,105.5,8.44,208.0,routed,140.0,approach-review
8929aeb4403ffff,The Polo Greens NW 35,,108.4,8.67,1509.0,routed,62.0,network-estimate
8929aeb4407ffff,Sablewood Gardens Apartments N 20,,109.6,8.77,356.0,routed,184.0,approach-review
8929aeb440bffff,The Polo Greens NW 34,,103.8,8.31,581.0,routed,27.0,network-estimate
8929aeb440fffff,The Polo Greens NW 36,,110.9,8.87,741.0,routed,134.0,approach-review
8929aeb4413ffff,Sablewood Gardens Apartments N 16,,103.5,8.28,1577.0,routed,85.0,network-estimate
8929aeb4417ffff,Sablewood Gardens Apartments N 18,,104.8,8.38,1700.0,routed,47.0,network-estimate
8929aeb441bffff,The Polo Greens NW 32,,101.5,8.12,965.0,routed,55.0,network-estimate
8929aeb4423ffff,Gossamer Grove SW 59,,132.4,10.59,0.0,routed,454.0,approach-review
8929aeb4427ffff,Bishop Acres SE 54,,135.2,10.82,0.0,routed,280.0,approach-review
8929aeb442bffff,Gossamer Grove SW 55,,125.4,10.03,0.0,routed,322.0,approach-review
8929aeb442fffff,Gossamer Grove SW 57,,128.3,10.27,0.0,routed,131.0,approach-review
8929aeb4433ffff,Sablewood Gardens Apartments N 22,,111.5,8.92,410.0,routed,431.0,approach-review
8929aeb4437ffff,Bishop Acres SE 56,,123.9,9.91,233.0,routed,428.0,approach-review
8929aeb443bffff,Gossamer Grove SW 58,,112.7,9.02,0.0,routed,279.0,approach-review
8929aeb4443ffff,The Polo Greens NW 30,,105.4,8.43,1975.0,routed,76.0,network-estimate
8929aeb4447ffff,The Polo Greens NW 33,,101.8,8.15,1352.0,routed,74.0,network-estimate
8929aeb444bffff,The Polo Greens NW 28,,103.9,8.31,2161.0,routed,40.0,network-estimate
8929aeb444fffff,Gossamer Grove SW 42,,108.2,8.66,1632.0,routed,36.0,network-estimate
8929aeb4453ffff,The Polo Greens NW 26,,100.1,8.0,1321.0,routed,51.0,network-estimate
8929aeb4457ffff,The Polo Greens NW 31,,97.5,7.8,360.0,routed,12.0,network-estimate
8929aeb445bffff,The Polo Greens NW 25,,105.2,8.42,968.0,routed,19.0,network-estimate
8929aeb4463ffff,Gossamer Grove SW 47,,112.6,9.01,192.0,routed,95.0,network-estimate
8929aeb4467ffff,Gossamer Grove SW 49,,119.6,9.57,109.0,routed,93.0,network-estimate
8929aeb446bffff,Gossamer Grove SW 40,,112.3,8.99,504.0,routed,34.0,network-estimate
8929aeb446fffff,Gossamer Grove SW 43,,117.8,9.42,247.0,routed,132.0,approach-review
8929aeb4473ffff,Gossamer Grove SW 51,,111.9,8.95,1168.0,routed,73.0,network-estimate
8929aeb4477ffff,Gossamer Grove SW 53,,115.0,9.2,0.0,routed,323.0,approach-review
8929aeb447bffff,Gossamer Grove SW 45,,108.1,8.65,1158.0,routed,43.0,network-estimate
8929aeb4483ffff,Sablewood Gardens Apartments N 12,,94.0,7.52,425.0,routed,235.0,approach-review
8929aeb4487ffff,Sablewood Gardens Apartments N 14,,93.3,7.46,442.0,routed,145.0,approach-review
8929aeb448bffff,Sablewood Gardens Apartments N 13,,95.6,7.65,1254.0,routed,33.0,network-estimate
8929aeb448fffff,Sablewood Gardens Apartments N 15,,98.5,7.88,1085.0,routed,134.0,approach-review
8929aeb4493ffff,Sablewood Gardens Apartments N 8,,90.7,7.26,372.0,routed,272.0,approach-review
8929aeb4497ffff,Sablewood Gardens Apartments NW 6,,102.5,8.2,357.0,routed,208.0,approach-review
8929aeb449bffff,Sablewood Gardens Apartments N 9,,89.5,7.16,827.0,routed,36.0,network-estimate
8929aeb44a3ffff,Sablewood Gardens Apartments NW 11,,102.0,8.16,24.0,routed,248.0,approach-review
8929aeb44a7ffff,Sablewood Gardens Apartments NW 14,,123.7,9.89,327.0,routed,410.0,approach-review
8929aeb44abffff,Sablewood Gardens Apartments N 19,,107.4,8.59,182.0,routed,99.0,network-estimate
8929aeb44afffff,Sablewood Gardens Apartments N 21,,124.2,9.93,0.0,routed,451.0,approach-review
8929aeb44b3ffff,Sablewood Gardens Apartments NW 8,,104.5,8.36,839.0,routed,17.0,network-estimate
8929aeb44b7ffff,Sablewood Gardens Apartments NW 10,,102.4,8.19,591.0,routed,280.0,approach-review
8929aeb44bbffff,Sablewood Gardens Apartments N 17,,105.7,8.45,770.0,routed,110.0,approach-review
8929aeb44c3ffff,The Polo Greens W 21,,89.6,7.17,526.0,routed,62.0,network-estimate
8929aeb44c7ffff,The Polo Greens W 22,,94.1,7.53,1758.0,routed,29.0,network-estimate
8929aeb44cbffff,The Polo Greens NW 24,,96.6,7.73,1312.0,routed,81.0,network-estimate
8929aeb44cfffff,The Polo Greens NW 29,,97.6,7.8,1080.0,routed,60.0,network-estimate
8929aeb44d3ffff,Sablewood Gardens Apartments N 10,,84.3,6.75,1226.0,routed,33.0,network-estimate
8929aeb44d7ffff,Sablewood Gardens Apartments N 11,,91.4,7.31,1515.0,routed,79.0,network-estimate
8929aeb44dbffff,The Polo Greens W 20,,91.3,7.3,1121.0,routed,48.0,network-estimate
8929aeb4503ffff,Bishop Acres SE 26,,146.3,11.71,0.0,routed,264.0,approach-review
8929aeb4507ffff,Bishop Acres SE 20,,129.7,10.38,258.0,routed,180.0,approach-review
8929aeb450bffff,Bishop Acres SE 28,,137.1,10.96,0.0,routed,278.0,approach-review
8929aeb450fffff,Bishop Acres SE 21,,148.7,11.9,0.0,routed,455.0,approach-review
8929aeb4513ffff,Bishop Acres SE 31,,148.6,11.89,377.0,routed,445.0,approach-review
8929aeb4517ffff,Bishop Acres SE 25,,129.3,10.35,308.0,routed,173.0,approach-review
8929aeb451bffff,Bishop Acres SE 32,,136.4,10.92,0.0,routed,229.0,approach-review
8929aeb4523ffff,Bishop Acres SE 12,,178.4,14.27,0.0,routed,346.0,approach-review
8929aeb4527ffff,Bishop Acres SE 8,,143.2,11.46,485.0,routed,180.0,approach-review
8929aeb452bffff,Bishop Acres E 12,,175.4,14.03,288.0,routed,106.0,approach-review
8929aeb452fffff,Bishop Acres E 9,,179.5,14.36,0.0,routed,434.0,approach-review
8929aeb4533ffff,Bishop Acres SE 15,,193.8,15.5,629.0,routed,62.0,network-estimate
8929aeb4537ffff,Bishop Acres SE 11,,144.8,11.58,629.0,routed,302.0,approach-review
8929aeb453bffff,Bishop Acres SE 16,,177.3,14.18,0.0,routed,260.0,approach-review
8929aeb4543ffff,Bishop Acres SE 39,,131.8,10.55,0.0,routed,255.0,approach-review
8929aeb4547ffff,Bishop Acres E 23,,139.0,11.12,0.0,routed,433.0,approach-review
8929aeb454bffff,Bishop Acres E 31,,142.0,11.36,0.0,routed,356.0,approach-review
8929aeb454fffff,Bishop Acres E 27,,142.6,11.41,0.0,routed,402.0,approach-review
8929aeb4553ffff,Bishop Acres SE 46,,130.3,10.43,0.0,routed,135.0,approach-review
8929aeb4557ffff,Bishop Acres SE 37,,135.5,10.84,0.0,routed,150.0,approach-review
8929aeb455bffff,Bishop Acres SE 48,,132.8,10.62,0.0,routed,87.0,network-estimate
8929aeb4563ffff,Bishop Acres E 18,,181.9,14.55,0.0,routed,631.0,approach-review
8929aeb4567ffff,Bishop Acres E 14,,179.3,14.34,0.0,routed,422.0,approach-review
8929aeb456bffff,Bishop Acres E 21,,159.8,12.79,0.0,routed,486.0,approach-review
8929aeb456fffff,Bishop Acres E 17,,158.4,12.67,0.0,routed,370.0,approach-review
8929aeb4573ffff,Bishop Acres E 19,,141.2,11.29,0.0,routed,606.0,approach-review
8929aeb4577ffff,Bishop Acres E 15,,177.9,14.23,0.0,routed,308.0,approach-review
8929aeb457bffff,Bishop Acres E 22,,146.0,11.68,0.0,routed,676.0,approach-review
8929aeb4583ffff,Bishop Acres SE 34,,124.1,9.93,305.0,routed,103.0,approach-review
8929aeb4587ffff,Bishop Acres SE 27,,126.7,10.13,352.0,routed,304.0,approach-review
8929aeb458bffff,Bishop Acres SE 36,,127.2,10.18,312.0,routed,351.0,approach-review
8929aeb458fffff,Bishop Acres SE 30,,126.1,10.09,0.0,routed,264.0,approach-review
8929aeb4593ffff,Bishop Acres SE 41,,122.8,9.82,0.0,routed,339.0,approach-review
8929aeb4597ffff,Bishop Acres SE 33,,128.1,10.24,0.0,routed,417.0,approach-review
8929aeb459bffff,Bishop Acres SE 43,,128.3,10.26,0.0,routed,436.0,approach-review
8929aeb45a3ffff,Bishop Acres SE 17,,140.6,11.25,0.0,routed,283.0,approach-review
8929aeb45a7ffff,Bishop Acres SE 13,,139.0,11.12,0.0,routed,161.0,approach-review
8929aeb45abffff,Bishop Acres SE 19,,131.0,10.48,0.0,routed,284.0,approach-review
8929aeb45afffff,Bishop Acres SE 14,,139.7,11.18,0.0,routed,215.0,approach-review
8929aeb45b3ffff,Bishop Acres SE 22,,136.4,10.92,0.0,routed,289.0,approach-review
8929aeb45b7ffff,Bishop Acres SE 18,,138.0,11.04,0.0,routed,413.0,approach-review
8929aeb45bbffff,Bishop Acres SE 23,,133.1,10.64,0.0,routed,471.0,approach-review
8929aeb45c3ffff,Bishop Acres SE 47,,145.7,11.65,273.0,routed,188.0,approach-review
8929aeb45c7ffff,Bishop Acres SE 38,,147.1,11.77,293.0,routed,307.0,approach-review
8929aeb45cbffff,Bishop Acres SE 50,,122.8,9.82,0.0,routed,337.0,approach-review
8929aeb45cfffff,Bishop Acres SE 40,,138.0,11.04,0.0,routed,350.0,approach-review
8929aeb45d3ffff,Bishop Acres SE 53,,115.9,9.27,525.0,routed,264.0,approach-review
8929aeb45d7ffff,Bishop Acres SE 45,,114.9,9.19,751.0,routed,139.0,approach-review
8929aeb45dbffff,Bishop Acres SE 55,,119.7,9.57,383.0,routed,90.0,network-estimate
8929aeb4603ffff,Gossamer Grove SW 18,,106.4,8.51,33.0,routed,169.0,approach-review
8929aeb4607ffff,Gossamer Grove SW 19,,111.1,8.89,3.0,routed,198.0,approach-review
8929aeb460bffff,Gossamer Grove SW 12,,102.3,8.18,172.0,routed,351.0,approach-review
8929aeb460fffff,Gossamer Grove SW 13,,110.3,8.83,0.0,routed,487.0,approach-review
8929aeb4613ffff,Gossamer Grove SW 24,,103.7,8.3,1825.0,routed,11.0,network-estimate
8929aeb4617ffff,Gossamer Grove SW 25,,105.0,8.4,999.0,routed,80.0,network-estimate
8929aeb461bffff,Gossamer Grove S 21,,98.6,7.89,827.0,routed,87.0,network-estimate
8929aeb4623ffff,Gossamer Grove SW 16,,129.7,10.38,0.0,routed,373.0,approach-review
8929aeb4627ffff,Gossamer Grove SW 20,,127.2,10.18,0.0,routed,176.0,approach-review
8929aeb462bffff,Gossamer Grove SW 10,,119.5,9.56,0.0,routed,372.0,approach-review
8929aeb462fffff,Gossamer Grove SW 14,,124.0,9.92,0.0,routed,302.0,approach-review
8929aeb4633ffff,Gossamer Grove SW 21,,117.1,9.37,15.0,routed,206.0,approach-review
8929aeb4637ffff,Gossamer Grove SW 22,,122.9,9.83,0.0,routed,110.0,approach-review
8929aeb463bffff,Gossamer Grove SW 15,,115.5,9.24,0.0,routed,551.0,approach-review
8929aeb4643ffff,Gossamer Grove S 14,,97.1,7.77,980.0,routed,81.0,network-estimate
8929aeb4647ffff,Gossamer Grove S 12,,104.0,8.32,915.0,routed,84.0,network-estimate
8929aeb464bffff,Gossamer Grove S 10,,100.1,8.01,1321.0,routed,59.0,network-estimate
8929aeb464fffff,Gossamer Grove S 9,,100.6,8.05,1512.0,routed,27.0,network-estimate
8929aeb4653ffff,Gossamer Grove S 19,,93.7,7.5,1131.0,routed,94.0,network-estimate
8929aeb4657ffff,Gossamer Grove S 17,,99.4,7.95,600.0,routed,123.0,approach-review
8929aeb465bffff,Gossamer Grove S 15,,91.8,7.34,0.0,routed,89.0,network-estimate
8929aeb4663ffff,Gossamer Grove SW 5,,112.1,8.97,0.0,routed,323.0,approach-review
8929aeb4667ffff,Gossamer Grove SW 6,,117.7,9.41,0.0,routed,223.0,approach-review
8929aeb466bffff,Gossamer Grove SW 2,,106.5,8.52,0.0,routed,225.0,approach-review
8929aeb466fffff,Gossamer Grove SW 3,,119.0,9.52,307.0,routed,138.0,approach-review
8929aeb4673ffff,Gossamer Grove SW 8,,108.1,8.65,0.0,routed,314.0,approach-review
8929aeb4677ffff,Gossamer Grove SW 9,,121.6,9.73,0.0,routed,538.0,approach-review
8929aeb467bffff,Gossamer Grove S 7,,106.4,8.51,760.0,routed,95.0,network-estimate
8929aeb4683ffff,The Polo Greens NW 21,,96.2,7.69,1464.0,routed,80.0,network-estimate
8929aeb4687ffff,The Polo Greens NW 27,,103.9,8.32,1226.0,routed,64.0,network-estimate
8929aeb468bffff,The Polo Greens NW 22,,99.0,7.92,1908.0,routed,2.0,network-estimate
8929aeb468fffff,Gossamer Grove SW 30,,101.1,8.09,1057.0,routed,33.0,network-estimate
8929aeb4693ffff,The Polo Greens NW 16,,98.0,7.84,1230.0,routed,38.0,network-estimate
8929aeb4697ffff,The Polo Greens NW 23,,99.8,7.99,1951.0,routed,24.0,network-estimate
8929aeb469bffff,The Polo Greens NW 15,,96.3,7.7,2011.0,routed,42.0,network-estimate
8929aeb46a3ffff,Gossamer Grove SW 33,,112.7,9.01,915.0,routed,36.0,network-estimate
8929aeb46a7ffff,Gossamer Grove SW 35,,116.8,9.34,0.0,routed,99.0,network-estimate
8929aeb46abffff,Gossamer Grove SW 26,,115.3,9.22,522.0,routed,137.0,approach-review
8929aeb46afffff,Gossamer Grove SW 28,,117.4,9.39,575.0,routed,35.0,network-estimate
8929aeb46b3ffff,Gossamer Grove SW 37,,108.1,8.65,1668.0,routed,55.0,network-estimate
8929aeb46b7ffff,Gossamer Grove SW 38,,112.0,8.96,1519.0,routed,37.0,network-estimate
8929aeb46bbffff,Gossamer Grove SW 32,,108.4,8.67,1374.0,routed,51.0,network-estimate
8929aeb46c3ffff,The Polo Greens N 20,,94.9,7.59,816.0,routed,102.0,approach-review
8929aeb46c7ffff,Gossamer Grove S 25,,95.2,7.62,1529.0,routed,13.0,network-estimate
8929aeb46cbffff,Gossamer Grove S 24,,87.6,7.01,1890.0,routed,51.0,network-estimate
8929aeb46cfffff,Gossamer Grove S 22,,96.9,7.75,1121.0,routed,150.0,approach-review
8929aeb46d3ffff,The Polo Greens N 15,,87.4,6.99,1505.0,routed,33.0,network-estimate
8929aeb46d7ffff,The Polo Greens NW 17,,91.4,7.31,944.0,routed,27.0,network-estimate
8929aeb46dbffff,The Polo Greens N 17,,84.7,6.78,709.0,routed,49.0,network-estimate
8929aeb5403ffff,Gossamer Grove SE 36,,58.9,4.71,0.0,routed,81.0,network-estimate
8929aeb5407ffff,Gossamer Grove SE 31,,65.1,5.2,0.0,routed,323.0,approach-review
8929aeb540bffff,Gossamer Grove SE 38,,51.3,4.11,373.0,routed,113.0,approach-review
8929aeb540fffff,Gossamer Grove SE 34,,53.9,4.31,344.0,routed,67.0,network-estimate
8929aeb5413ffff,Gossamer Grove SE 39,,46.7,3.74,295.0,routed,179.0,approach-review
8929aeb5417ffff,Gossamer Grove SE 35,,54.0,4.32,0.0,routed,300.0,approach-review
8929aeb541bffff,Gossamer Grove SE 40,,61.7,4.93,216.0,routed,307.0,approach-review
8929aeb5423ffff,Gossamer Grove SE 23,,67.4,5.39,0.0,routed,172.0,approach-review
8929aeb5427ffff,Gossamer Grove SE 17,,72.9,5.83,175.0,routed,252.0,approach-review
8929aeb542bffff,Gossamer Grove E 3,,63.0,5.04,335.0,routed,147.0,approach-review
8929aeb542fffff,Gossamer Grove E 2,,76.1,6.09,384.0,routed,28.0,network-estimate
8929aeb5433ffff,Gossamer Grove SE 25,,61.5,4.92,0.0,routed,39.0,network-estimate
8929aeb5437ffff,Gossamer Grove SE 19,,67.9,5.44,144.0,routed,214.0,approach-review
8929aeb543bffff,Gossamer Grove SE 29,,60.3,4.82,142.0,routed,128.0,approach-review
8929aeb5457ffff,Gossamer Grove SE 41,,63.6,5.09,300.0,routed,28.0,network-estimate
8929aeb548fffff,Gossamer Grove SE 37,,51.6,4.13,1475.0,routed,32.0,network-estimate
8929aeb54a3ffff,Gossamer Grove SE 28,,60.5,4.84,78.0,routed,271.0,approach-review
8929aeb54a7ffff,Gossamer Grove SE 22,,74.6,5.97,509.0,routed,105.0,approach-review
8929aeb54abffff,Gossamer Grove SE 30,,65.3,5.22,0.0,routed,341.0,approach-review
8929aeb54afffff,Gossamer Grove SE 24,,70.4,5.63,130.0,routed,181.0,approach-review
8929aeb54b3ffff,Gossamer Grove SE 32,,58.7,4.7,1439.0,routed,63.0,network-estimate
8929aeb54b7ffff,Gossamer Grove SE 27,,70.5,5.64,811.0,routed,99.0,network-estimate
8929aeb54bbffff,Gossamer Grove SE 33,,54.8,4.39,389.0,routed,103.0,approach-review
8929aeb54c7ffff,Gossamer Grove SE 42,,47.4,3.79,899.0,routed,108.0,approach-review
8929aeb54cfffff,Gossamer Grove SE 43,,39.8,3.19,623.0,routed,146.0,approach-review
8929aeb5503ffff,Gossamer Grove SE 2,,84.6,6.77,3.0,routed,49.0,network-estimate
8929aeb5513ffff,Gossamer Grove SE 3,,88.7,7.1,0.0,routed,272.0,approach-review
8929aeb5517ffff,Gossamer Grove SE,,89.4,7.15,139.0,routed,154.0,approach-review
8929aeb551bffff,Gossamer Grove SE 5,,80.6,6.45,0.0,routed,143.0,approach-review
8929aeb5553ffff,Gossamer Grove SE 10,,74.1,5.93,176.0,routed,109.0,approach-review
8929aeb5557ffff,Gossamer Grove SE 6,,79.0,6.32,107.0,routed,85.0,network-estimate
8929aeb555bffff,Gossamer Grove E,,68.7,5.5,564.0,routed,132.0,approach-review
8929aeb5583ffff,Gossamer Grove S 11,,88.3,7.07,1611.0,routed,21.0,network-estimate
8929aeb5587ffff,Gossamer Grove S 8,,98.0,7.84,1792.0,routed,68.0,network-estimate
8929aeb558bffff,Gossamer Grove SE 7,,84.5,6.76,643.0,routed,180.0,approach-review
8929aeb558fffff,Gossamer Grove SE 4,,91.3,7.31,714.0,routed,13.0,network-estimate
8929aeb5593ffff,Gossamer Grove S 16,,81.9,6.55,704.0,routed,22.0,network-estimate
8929aeb5597ffff,Gossamer Grove S 13,,88.8,7.1,751.0,routed,124.0,approach-review
8929aeb559bffff,Gossamer Grove SE 12,,80.6,6.45,1303.0,routed,11.0,network-estimate
8929aeb55a3ffff,Gossamer Grove S 3,,110.6,8.85,0.0,routed,257.0,approach-review
8929aeb55a7ffff,Gossamer Grove S 2,,100.6,8.05,457.0,routed,46.0,network-estimate
8929aeb55abffff,Gossamer Grove S,,95.8,7.66,1005.0,routed,62.0,network-estimate
8929aeb55afffff,Gossamer Grove,,100.4,8.03,1720.0,routed,81.0,network-estimate
8929aeb55b3ffff,Gossamer Grove S 6,,101.4,8.11,1376.0,routed,35.0,network-estimate
8929aeb55b7ffff,Gossamer Grove S 5,,105.8,8.46,737.0,routed,78.0,network-estimate
8929aeb55bbffff,Gossamer Grove S 4,,99.0,7.92,790.0,routed,85.0,network-estimate
8929aeb55c3ffff,Gossamer Grove SE 13,,77.8,6.22,282.0,routed,151.0,approach-review
8929aeb55c7ffff,Gossamer Grove SE 8,,87.0,6.96,259.0,routed,53.0,network-estimate
8929aeb55cbffff,Gossamer Grove SE 14,,75.1,6.01,205.0,routed,381.0,approach-review
8929aeb55cfffff,Gossamer Grove SE 9,,80.7,6.45,0.0,routed,297.0,approach-review
8929aeb55d3ffff,Gossamer Grove SE 16,,74.4,5.95,1524.0,routed,24.0,network-estimate
8929aeb55d7ffff,Gossamer Grove SE 11,,83.0,6.64,1414.0,routed,16.0,network-estimate
8929aeb55dbffff,Gossamer Grove SE 18,,80.5,6.44,930.0,routed,109.0,approach-review
8929aeb60c3ffff,Masterpiece Parke W 5,,65.4,5.23,386.0,routed,144.0,approach-review
8929aeb60c7ffff,Masterpiece Parke W 8,,70.6,5.65,1324.0,routed,44.0,network-estimate
8929aeb60d3ffff,Masterpiece Parke W 4,,62.3,4.98,50.0,routed,209.0,approach-review
8929aeb60d7ffff,Masterpiece Parke W 6,,81.7,6.54,930.0,routed,37.0,network-estimate
8929aeb60dbffff,Masterpiece Parke W 2,,60.2,4.82,1319.0,routed,41.0,network-estimate
8929aeb6223ffff,Sablewood Gardens Apartments NW 2,,88.2,7.06,1465.0,routed,55.0,network-estimate
8929aeb6227ffff,Sablewood Gardens Apartments NW 3,,94.6,7.57,1006.0,routed,40.0,network-estimate
8929aeb622bffff,Sablewood Gardens Apartments N 4,,88.6,7.09,755.0,routed,79.0,network-estimate
8929aeb622fffff,Sablewood Gardens Apartments NW 4,,94.6,7.57,0.0,routed,173.0,approach-review
8929aeb6247ffff,Sablewood Gardens Apartments N,,70.7,5.66,513.0,routed,40.0,network-estimate
8929aeb624bffff,Sablewood Gardens Apartments NE 6,,87.9,7.03,1594.0,routed,105.0,approach-review
8929aeb624fffff,Sablewood Gardens Apartments N 2,,76.6,6.13,1518.0,routed,113.0,approach-review
8929aeb625bffff,Sablewood Gardens Apartments NE 4,,87.8,7.02,1438.0,routed,92.0,network-estimate
8929aeb626bffff,Sablewood Gardens Apartments N 6,,80.7,6.46,261.0,routed,72.0,network-estimate
8929aeb626fffff,Sablewood Gardens Apartments N 7,,85.4,6.83,995.0,routed,30.0,network-estimate
8929aeb627bffff,Sablewood Gardens Apartments N 3,,75.6,6.05,716.0,routed,50.0,network-estimate
8929aeb6283ffff,Sablewood Gardens Apartments W 2,,64.4,5.15,365.0,routed,152.0,approach-review
8929aeb628bffff,Sablewood Gardens Apartments NW,,72.4,5.79,436.0,routed,46.0,network-estimate
8929aeb6293ffff,Sablewood Gardens Apartments SW 2,,59.8,4.79,364.0,routed,90.0,network-estimate
8929aeb629bffff,Sablewood Gardens Apartments W,,58.8,4.7,152.0,routed,81.0,network-estimate
8929aeb62c3ffff,Sablewood Gardens Apartments NE,,56.7,4.54,707.0,routed,52.0,network-estimate
8929aeb62d7ffff,Sablewood Gardens Apartments,,61.0,4.88,785.0,routed,62.0,network-estimate
8929aeb6327ffff,Bishop Acres SE 44,,131.3,10.5,373.0,routed,215.0,approach-review
8929aeb632bffff,Bishop Acres SE 49,,119.1,9.53,604.0,routed,44.0,network-estimate
8929aeb632fffff,Bishop Acres SE 42,,122.7,9.82,262.0,routed,228.0,approach-review
8929aeb634bffff,Sablewood Gardens Apartments NW 7,,100.7,8.06,1506.0,routed,38.0,network-estimate
8929aeb635bffff,Sablewood Gardens Apartments NW 5,,98.6,7.89,1020.0,routed,16.0,network-estimate
8929aeb6363ffff,Sablewood Gardens Apartments NW 13,,110.2,8.82,671.0,routed,137.0,approach-review
8929aeb6367ffff,Bishop Acres SE 51,,123.4,9.87,222.0,routed,389.0,approach-review
8929aeb636bffff,Sablewood Gardens Apartments NW 12,,111.9,8.95,120.0,routed,273.0,approach-review
8929aeb636fffff,Bishop Acres SE 52,,113.5,9.08,231.0,routed,401.0,approach-review
8929aeb637bffff,Sablewood Gardens Apartments NW 9,,111.5,8.92,332.0,routed,241.0,approach-review
8929aeb6403ffff,Park West at Stockdale River Ranch NE 2,,64.3,5.14,485.0,routed,32.0,network-estimate
8929aeb640bffff,Village Greens Gated Neighborhood NW 5,,56.9,4.55,821.0,routed,71.0,network-estimate
8929aeb6413ffff,Park West at Stockdale River Ranch NE,,50.1,4.01,0.0,routed,21.0,network-estimate
8929aeb6417ffff,Park West at Stockdale River Ranch N,,63.0,5.04,996.0,routed,74.0,network-estimate
8929aeb641bffff,Village Greens Gated Neighborhood NW 4,,68.2,5.46,0.0,routed,259.0,approach-review
8929aeb6443ffff,Village Greens Gated Neighborhood N 5,,51.9,4.15,1209.0,routed,75.0,network-estimate
8929aeb6447ffff,Village Greens Gated Neighborhood N 6,,51.5,4.12,1169.0,routed,28.0,network-estimate
8929aeb644bffff,Village Greens Gated Neighborhood N 7,,49.4,3.96,620.0,routed,137.0,approach-review
8929aeb644fffff,Village Greens Gated Neighborhood N 8,,50.1,4.01,540.0,routed,28.0,network-estimate
8929aeb6453ffff,Village Greens Gated Neighborhood N 2,,40.9,3.27,1834.0,routed,99.0,network-estimate
8929aeb6457ffff,Village Greens Gated Neighborhood N 3,,57.2,4.57,760.0,routed,101.0,approach-review
8929aeb645bffff,Village Greens Gated Neighborhood N 4,,34.8,2.78,844.0,routed,59.0,network-estimate
8929aeb646bffff,Masterpiece Parke SW 6,,60.9,4.87,0.0,routed,267.0,approach-review
8929aeb646fffff,Masterpiece Parke W 7,,84.5,6.76,776.0,routed,30.0,network-estimate
8929aeb647bffff,Village Greens Gated Neighborhood N 9,,57.5,4.6,10.0,routed,212.0,approach-review
8929aeb6483ffff,Park West at Stockdale River Ranch S,,59.1,4.73,1543.0,routed,77.0,network-estimate
8929aeb6487ffff,Park West at Stockdale River Ranch SW,,61.0,4.88,564.0,routed,83.0,network-estimate
8929aeb648bffff,Park West at Stockdale River Ranch E,,57.6,4.61,1559.0,routed,37.0,network-estimate
8929aeb648fffff,Park West at Stockdale River Ranch,,62.6,5.01,96.0,routed,15.0,network-estimate
8929aeb6493ffff,Park West at Stockdale River Ranch S 2,,60.8,4.86,231.0,routed,109.0,approach-review
8929aeb6497ffff,Park West at Stockdale River Ranch SW 2,,64.6,5.17,824.0,routed,85.0,network-estimate
8929aeb649bffff,Park West at Stockdale River Ranch SE,,57.6,4.61,1258.0,routed,22.0,network-estimate
8929aeb64abffff,Park West at Stockdale River Ranch NW 2,,62.9,5.03,538.0,routed,69.0,network-estimate
8929aeb64b3ffff,Park West at Stockdale River Ranch W,,63.6,5.09,219.0,routed,164.0,approach-review
8929aeb64b7ffff,Park West at Stockdale River Ranch W 2,,66.6,5.33,536.0,routed,35.0,network-estimate
8929aeb64bbffff,Park West at Stockdale River Ranch NW,,58.4,4.67,408.0,routed,13.0,network-estimate
8929aeb64c3ffff,Village Greens Gated Neighborhood NW,,45.7,3.66,1510.0,routed,71.0,network-estimate
8929aeb64c7ffff,Village Greens Gated Neighborhood NW 3,,49.0,3.92,1055.0,routed,68.0,network-estimate
8929aeb64cbffff,Village Greens Gated Neighborhood N,,39.4,3.16,1714.0,routed,39.0,network-estimate
8929aeb64cfffff,Village Greens Gated Neighborhood NW 2,,42.2,3.37,775.0,routed,113.0,approach-review
8929aeb64d3ffff,Village Greens Gated Neighborhood SW,,52.7,4.22,1448.0,routed,51.0,network-estimate
8929aeb64d7ffff,Village Greens Gated Neighborhood W,,48.7,3.9,1445.0,routed,13.0,network-estimate
8929aeb64dbffff,Village Greens Gated Neighborhood,,42.7,3.41,2413.0,routed,76.0,network-estimate
8929aeb6603ffff,Masterpiece Parke SE,,39.1,3.13,1556.0,routed,221.0,approach-review
8929aeb6607ffff,Masterpiece Parke,,46.8,3.74,1565.0,routed,78.0,network-estimate
8929aeb660bffff,Masterpiece Parke E,,36.8,2.94,996.0,routed,140.0,approach-review
8929aeb660fffff,Masterpiece Parke NE,,49.0,3.92,1034.0,routed,245.0,approach-review
8929aeb6613ffff,Masterpiece Parke S 2,,34.9,2.79,1182.0,routed,61.0,network-estimate
8929aeb6617ffff,Masterpiece Parke S,,40.5,3.24,1893.0,routed,37.0,network-estimate
8929aeb661bffff,Masterpiece Parke SE 2,,33.6,2.69,1170.0,routed,18.0,network-estimate
8929aeb662bffff,Masterpiece Parke N 2,,55.0,4.4,1052.0,routed,80.0,network-estimate
8929aeb663bffff,Masterpiece Parke NW,,52.7,4.21,1349.0,routed,92.0,network-estimate
8929aeb6643ffff,Masterpiece Parke E 4,,41.1,3.29,920.0,routed,55.0,network-estimate
8929aeb6647ffff,Masterpiece Parke E 2,,38.5,3.08,1036.0,routed,95.0,network-estimate
8929aeb664bffff,Sablewood Gardens Apartments SE 3,,43.4,3.47,1190.0,routed,78.0,network-estimate
8929aeb6653ffff,Masterpiece Parke E 5,,36.8,2.95,1886.0,routed,21.0,network-estimate
8929aeb6657ffff,Masterpiece Parke E 3,,38.7,3.09,887.0,routed,65.0,network-estimate
8929aeb665bffff,Masterpiece Parke E 6,,38.8,3.1,1371.0,routed,63.0,network-estimate
8929aeb6663ffff,Sablewood Gardens Apartments S 2,,47.2,3.78,1106.0,routed,46.0,network-estimate
8929aeb6667ffff,Sablewood Gardens Apartments SW,,56.6,4.53,926.0,routed,33.0,network-estimate
8929aeb666bffff,Sablewood Gardens Apartments SE,,47.9,3.84,160.0,routed,62.0,network-estimate
8929aeb666fffff,Sablewood Gardens Apartments S,,56.1,4.49,565.0,routed,14.0,network-estimate
8929aeb6673ffff,Masterpiece Parke NE 2,,45.2,3.61,1482.0,routed,102.0,approach-review
8929aeb6677ffff,Masterpiece Parke N,,49.5,3.96,1550.0,routed,105.0,approach-review
8929aeb667bffff,Sablewood Gardens Apartments SE 2,,42.8,3.43,1317.0,routed,110.0,approach-review
8929aeb6687ffff,Masterpiece Parke S 4,,58.7,4.7,415.0,routed,86.0,network-estimate
8929aeb668fffff,Masterpiece Parke S 3,,44.3,3.54,843.0,routed,17.0,network-estimate
8929aeb6693ffff,Village Greens Gated Neighborhood NE 7,,26.6,2.13,627.0,routed,30.0,network-estimate
8929aeb6697ffff,Village Greens Gated Neighborhood NE 6,,52.4,4.19,490.0,routed,26.0,network-estimate
8929aeb66a3ffff,Masterpiece Parke SW 3,,51.3,4.1,944.0,routed,123.0,approach-review
8929aeb66a7ffff,Masterpiece Parke W 3,,58.9,4.71,542.0,routed,111.0,approach-review
8929aeb66abffff,Masterpiece Parke SW,,47.6,3.81,1448.0,routed,65.0,network-estimate
8929aeb66afffff,Masterpiece Parke W,,55.9,4.47,604.0,routed,122.0,approach-review
8929aeb66b3ffff,Masterpiece Parke SW 4,,56.2,4.5,938.0,routed,93.0,network-estimate
8929aeb66b7ffff,Masterpiece Parke SW 5,,54.2,4.34,68.0,routed,201.0,approach-review
8929aeb66bbffff,Masterpiece Parke SW 2,,42.4,3.39,1040.0,routed,22.0,network-estimate
8929aeb66c3ffff,Masterpiece Parke SE 5,,30.4,2.43,1124.0,routed,61.0,network-estimate
8929aeb66cbffff,Masterpiece Parke SE 6,,33.5,2.68,1408.0,routed,143.0,approach-review
8929aeb66cfffff,Masterpiece Parke SE 3,,31.2,2.49,1476.0,routed,123.0,approach-review
8929aeb66d3ffff,Masterpiece Parke SE 7,,35.0,2.8,44.0,routed,203.0,approach-review
8929aeb66d7ffff,Masterpiece Parke SE 4,,35.2,2.81,0.0,routed,309.0,approach-review
8929aeb66dbffff,Masterpiece Parke SE 8,,35.0,2.8,1240.0,routed,44.0,network-estimate
8929aeb6843ffff,Bishop Acres SW 13,,167.6,13.41,0.0,routed,40.0,network-estimate
8929aeb684bffff,Bishop Acres SW 10,,164.7,13.17,0.0,routed,201.0,approach-review
8929aeb684fffff,Bishop Acres SW 11,,171.7,13.73,0.0,routed,365.0,approach-review
8929aeb685bffff,Bishop Acres SW 12,,164.3,13.15,0.0,routed,171.0,approach-review
8929aeb6a03ffff,Bishop Acres S,,164.3,13.14,0.0,routed,461.0,approach-review
8929aeb6a07ffff,Bishop Acres SW,,169.0,13.52,0.0,routed,290.0,approach-review
8929aeb6a0bffff,Bishop Acres SE,,157.9,12.63,245.0,routed,211.0,approach-review
8929aeb6a0fffff,Bishop Acres,,160.1,12.81,336.0,routed,126.0,approach-review
8929aeb6a13ffff,Bishop Acres S 3,,155.3,12.42,0.0,routed,308.0,approach-review
8929aeb6a17ffff,Bishop Acres S 2,,164.2,13.13,0.0,routed,226.0,approach-review
8929aeb6a1bffff,Bishop Acres SE 2,,153.7,12.3,0.0,routed,181.0,approach-review
8929aeb6a33ffff,Bishop Acres W 2,,170.8,13.67,0.0,routed,199.0,approach-review
8929aeb6a37ffff,Bishop Acres W 3,,174.5,13.96,0.0,routed,79.0,network-estimate
8929aeb6a3bffff,Bishop Acres W,,166.8,13.35,554.0,routed,120.0,approach-review
8929aeb6a43ffff,Bishop Acres E 4,,177.4,14.19,117.0,routed,280.0,approach-review
8929aeb6a47ffff,Bishop Acres E 2,,179.1,14.32,128.0,routed,116.0,approach-review
8929aeb6a4bffff,Bishop Acres E 5,,173.3,13.86,428.0,routed,44.0,network-estimate
8929aeb6a4fffff,Bishop Acres E 3,,178.3,14.26,491.0,routed,27.0,network-estimate
8929aeb6a53ffff,Bishop Acres SE 5,,145.0,11.6,509.0,routed,246.0,approach-review
8929aeb6a57ffff,Bishop Acres SE 3,,183.0,14.64,377.0,routed,433.0,approach-review
8929aeb6a5bffff,Bishop Acres E 6,,177.7,14.22,229.0,routed,400.0,approach-review
8929aeb6a73ffff,Bishop Acres E,,157.8,12.62,885.0,routed,94.0,network-estimate
8929aeb6a83ffff,Bishop Acres S 8,,160.8,12.87,0.0,routed,298.0,approach-review
8929aeb6a87ffff,Bishop Acres SW 7,,162.4,12.99,0.0,routed,421.0,approach-review
8929aeb6a8bffff,Bishop Acres S 6,,157.6,12.61,0.0,routed,439.0,approach-review
8929aeb6a8fffff,Bishop Acres S 5,,164.8,13.18,0.0,routed,275.0,approach-review
8929aeb6a93ffff,Bishop Acres S 12,,160.0,12.8,0.0,routed,233.0,approach-review
8929aeb6a97ffff,Bishop Acres S 10,,158.8,12.7,0.0,routed,133.0,approach-review
8929aeb6a9bffff,Bishop Acres S 9,,153.7,12.29,0.0,routed,124.0,approach-review
8929aeb6aa3ffff,Bishop Acres SW 5,,168.2,13.45,0.0,routed,133.0,approach-review
8929aeb6aa7ffff,Bishop Acres SW 6,,174.9,14.0,0.0,routed,283.0,approach-review
8929aeb6aabffff,Bishop Acres SW 2,,165.8,13.26,0.0,routed,352.0,approach-review
8929aeb6aafffff,Bishop Acres SW 3,,177.6,14.21,0.0,routed,329.0,approach-review
8929aeb6ab3ffff,Bishop Acres SW 8,,169.6,13.57,0.0,routed,246.0,approach-review
8929aeb6ab7ffff,Bishop Acres SW 9,,172.5,13.8,0.0,routed,85.0,network-estimate
8929aeb6abbffff,Bishop Acres SW 4,,163.3,13.06,0.0,routed,153.0,approach-review
8929aeb6ac3ffff,Bishop Acres SE 6,,157.5,12.6,0.0,routed,483.0,approach-review
8929aeb6ac7ffff,Bishop Acres S 4,,153.7,12.3,0.0,routed,184.0,approach-review
8929aeb6acbffff,Bishop Acres SE 7,,144.3,11.54,100.0,routed,187.0,approach-review
8929aeb6acfffff,Bishop Acres SE 4,,155.5,12.44,0.0,routed,328.0,approach-review
8929aeb6ad3ffff,Bishop Acres SE 10,,151.6,12.13,0.0,routed,358.0,approach-review
8929aeb6ad7ffff,Bishop Acres S 7,,150.5,12.04,0.0,routed,269.0,approach-review
8929aeb6adbffff,Bishop Acres SE 9,,141.3,11.3,0.0,routed,343.0,approach-review
8929aeb6bdbffff,Bishop Acres W 4,,180.3,14.42,23.0,routed,160.0,approach-review
8929aeb6e0bffff,Bishop Acres S 26,,147.6,11.81,364.0,routed,376.0,approach-review
8929aeb6e1bffff,Bishop Acres S 29,,139.8,11.18,708.0,routed,90.0,network-estimate
8929aeb6e23ffff,Bishop Acres S 21,,154.9,12.39,337.0,routed,163.0,approach-review
8929aeb6e27ffff,Bishop Acres S 19,,165.1,13.21,0.0,routed,140.0,approach-review
8929aeb6e2bffff,Bishop Acres S 17,,152.8,12.22,0.0,routed,303.0,approach-review
8929aeb6e2fffff,Bishop Acres S 15,,167.1,13.37,0.0,routed,294.0,approach-review
8929aeb6e37ffff,Bishop Acres S 24,,159.1,12.73,330.0,routed,81.0,network-estimate
8929aeb6e3bffff,Bishop Acres S 23,,150.3,12.03,383.0,routed,195.0,approach-review
8929aeb6e43ffff,Bishop Acres S 27,,137.3,10.99,302.0,routed,360.0,approach-review
8929aeb6e47ffff,Bishop Acres S 25,,147.9,11.84,221.0,routed,403.0,approach-review
8929aeb6e4bffff,Bishop Acres SE 29,,135.8,10.86,337.0,routed,236.0,approach-review
8929aeb6e4fffff,Bishop Acres SE 24,,134.5,10.76,506.0,routed,133.0,approach-review
8929aeb6e53ffff,Bishop Acres S 30,,130.6,10.44,633.0,routed,155.0,approach-review
8929aeb6e57ffff,Bishop Acres S 28,,144.4,11.55,0.0,routed,457.0,approach-review
8929aeb6e5bffff,Bishop Acres SE 35,,133.1,10.65,50.0,routed,362.0,approach-review
8929aeb6e63ffff,Bishop Acres S 16,,147.4,11.79,0.0,routed,356.0,approach-review
8929aeb6e67ffff,Bishop Acres S 13,,156.1,12.49,0.0,routed,321.0,approach-review
8929aeb6e6bffff,Bishop Acres S 14,,152.6,12.21,0.0,routed,438.0,approach-review
8929aeb6e6fffff,Bishop Acres S 11,,148.4,11.87,0.0,routed,101.0,approach-review
8929aeb6e73ffff,Bishop Acres S 22,,143.4,11.48,605.0,routed,43.0,network-estimate
8929aeb6e77ffff,Bishop Acres S 18,,150.6,12.05,244.0,routed,131.0,approach-review
8929aeb6e7bffff,Bishop Acres S 20,,147.9,11.84,0.0,routed,403.0,approach-review
8929aeb6ecfffff,Bishop Acres S 31,,143.6,11.48,313.0,routed,391.0,approach-review
8929aeb7003ffff,Breakwater Apartments W 2,,62.3,4.98,1443.0,routed,22.0,network-estimate
8929aeb7007ffff,The Polo Greens SE 3,,61.3,4.9,1944.0,routed,18.0,network-estimate
8929aeb700bffff,Breakwater Apartments NW,,52.1,4.16,485.0,routed,129.0,approach-review
8929aeb700fffff,Breakwater Apartments NW 3,,63.6,5.09,727.0,routed,191.0,approach-review
8929aeb7013ffff,Breakwater Apartments SW 2,,58.7,4.7,1530.0,routed,5.0,network-estimate
8929aeb7017ffff,The Polo Greens SE 5,,58.3,4.67,1306.0,routed,81.0,network-estimate
8929aeb701bffff,Breakwater Apartments W,,64.7,5.18,342.0,routed,73.0,network-estimate
8929aeb7023ffff,The Polo Greens E,,65.9,5.27,1040.0,routed,64.0,network-estimate
8929aeb7027ffff,The Polo Greens NE,,76.0,6.08,1583.0,routed,20.0,network-estimate
8929aeb702bffff,The Polo Greens E 3,,63.8,5.11,949.0,routed,136.0,approach-review
8929aeb702fffff,The Polo Greens NE 2,,70.4,5.63,1291.0,routed,44.0,network-estimate
8929aeb7033ffff,The Polo Greens SE,,61.5,4.92,1455.0,routed,43.0,network-estimate
8929aeb7037ffff,The Polo Greens,,72.5,5.8,1308.0,routed,55.0,network-estimate
8929aeb703bffff,The Polo Greens E 2,,65.2,5.22,989.0,routed,153.0,approach-review
8929aeb7043ffff,Breakwater Apartments NE,,47.3,3.79,1456.0,routed,58.0,network-estimate
8929aeb7047ffff,Breakwater Apartments N,,48.1,3.84,1805.0,routed,36.0,network-estimate
8929aeb704bffff,Breakwater Apartments NE 2,,38.9,3.12,937.0,routed,27.0,network-estimate
8929aeb704fffff,Breakwater Apartments N 2,,40.9,3.27,1777.0,routed,53.0,network-estimate
8929aeb7053ffff,Breakwater Apartments E,,50.8,4.07,1121.0,routed,54.0,network-estimate
8929aeb7057ffff,Breakwater Apartments,,52.8,4.22,698.0,routed,13.0,network-estimate
8929aeb705bffff,Breakwater Apartments E 2,,43.9,3.51,478.0,routed,62.0,network-estimate
8929aeb7063ffff,The Polo Greens E 5,,56.4,4.51,1282.0,routed,161.0,approach-review
8929aeb7067ffff,The Polo Greens NE 5,,58.5,4.68,589.0,routed,30.0,network-estimate
8929aeb706bffff,Breakwater Apartments N 5,,54.0,4.32,1100.0,routed,132.0,approach-review
8929aeb706fffff,The Polo Greens NE 8,,57.4,4.59,1202.0,routed,63.0,network-estimate
8929aeb7073ffff,Breakwater Apartments NW 2,,50.0,4.0,1639.0,routed,163.0,approach-review
8929aeb7077ffff,The Polo Greens E 4,,62.4,4.99,14.0,routed,200.0,approach-review
8929aeb707bffff,Breakwater Apartments N 3,,51.6,4.13,2114.0,routed,27.0,network-estimate
8929aeb7083ffff,The Polo Greens SE 7,,49.0,3.92,908.0,routed,15.0,network-estimate
8929aeb7087ffff,The Polo Greens S 4,,47.3,3.78,1547.0,routed,27.0,network-estimate
8929aeb708bffff,Breakwater Apartments SW 4,,59.1,4.73,1817.0,routed,96.0,network-estimate
8929aeb708fffff,The Polo Greens SE 6,,53.4,4.27,1430.0,routed,14.0,network-estimate
8929aeb7093ffff,Breakwater Apartments SW 7,,44.3,3.55,70.0,routed,12.0,network-estimate
8929aeb7097ffff,The Polo Greens S 8,,42.8,3.42,928.0,routed,19.0,network-estimate
8929aeb709bffff,Breakwater Apartments SW 5,,52.5,4.2,423.0,routed,73.0,network-estimate
8929aeb70a3ffff,The Polo Greens S 2,,58.4,4.67,1416.0,routed,27.0,network-estimate
8929aeb70abffff,The Polo Greens SE 2,,56.6,4.53,2193.0,routed,47.0,network-estimate
8929aeb70afffff,The Polo Greens S,,62.8,5.02,1763.0,routed,30.0,network-estimate
8929aeb70b3ffff,The Polo Greens S 3,,53.6,4.29,996.0,routed,131.0,approach-review
8929aeb70bbffff,The Polo Greens SE 4,,51.9,4.15,1999.0,routed,26.0,network-estimate
8929aeb70c3ffff,Breakwater Apartments S,,59.1,4.73,878.0,routed,22.0,network-estimate
8929aeb70c7ffff,Breakwater Apartments SW,,65.3,5.23,1640.0,routed,52.0,network-estimate
8929aeb70cbffff,Breakwater Apartments SE,,51.3,4.11,862.0,routed,22.0,network-estimate
8929aeb70cfffff,Riverlakes Ranch Park,,58.1,4.65,11.0,routed,26.0,network-estimate
8929aeb70d3ffff,Breakwater Apartments S 3,,48.1,3.85,548.0,routed,66.0,network-estimate
8929aeb70d7ffff,Breakwater Apartments SW 3,,53.3,4.27,2025.0,routed,11.0,network-estimate
8929aeb70dbffff,Breakwater Apartments S 2,,46.3,3.7,1297.0,routed,65.0,network-estimate
8929aeb7103ffff,The Polo Greens W 8,,91.0,7.28,1949.0,routed,26.0,network-estimate
8929aeb7107ffff,The Polo Greens W 12,,98.8,7.9,1369.0,routed,51.0,network-estimate
8929aeb710bffff,The Polo Greens NW 3,,91.3,7.3,1491.0,routed,43.0,network-estimate
8929aeb710fffff,The Polo Greens NW 6,,94.5,7.56,1834.0,routed,47.0,network-estimate
8929aeb7113ffff,The Polo Greens W 6,,87.0,6.96,1701.0,routed,40.0,network-estimate
8929aeb7117ffff,The Polo Greens W 10,,93.6,7.49,1022.0,routed,74.0,network-estimate
8929aeb711bffff,The Polo Greens W 5,,86.4,6.92,1661.0,routed,39.0,network-estimate
8929aeb7123ffff,The Polo Greens NW 14,,100.1,8.01,1980.0,routed,66.0,network-estimate
8929aeb7127ffff,The Polo Greens NW 20,,100.4,8.03,151.0,routed,18.0,network-estimate
8929aeb712bffff,The Polo Greens NW 13,,97.7,7.82,1211.0,routed,53.0,network-estimate
8929aeb712fffff,The Polo Greens NW 19,,103.7,8.29,1587.0,routed,35.0,network-estimate
8929aeb7133ffff,The Polo Greens NW 10,,102.2,8.18,1425.0,routed,111.0,approach-review
8929aeb7137ffff,The Polo Greens NW 18,,96.9,7.75,1809.0,routed,24.0,network-estimate
8929aeb713bffff,The Polo Greens NW 9,,98.2,7.86,1535.0,routed,24.0,network-estimate
8929aeb7143ffff,The Polo Greens N 2,,83.3,6.66,1503.0,routed,55.0,network-estimate
8929aeb7147ffff,Almondale Park,,86.2,6.9,945.0,routed,34.0,network-estimate
8929aeb714bffff,The Polo Greens N 3,,80.6,6.45,822.0,routed,42.0,network-estimate
8929aeb714fffff,The Polo Greens N 4,,82.7,6.62,1417.0,routed,89.0,network-estimate
8929aeb7153ffff,The Polo Greens NW,,79.5,6.36,1759.0,routed,65.0,network-estimate
8929aeb7157ffff,The Polo Greens NW 2,,88.1,7.05,1359.0,routed,28.0,network-estimate
8929aeb715bffff,The Polo Greens N,,76.2,6.1,1594.0,routed,7.0,network-estimate
8929aeb7163ffff,The Polo Greens NW 7,,95.2,7.62,1588.0,routed,32.0,network-estimate
8929aeb7167ffff,The Polo Greens NW 11,,99.9,7.99,2007.0,routed,38.0,network-estimate
8929aeb716bffff,The Polo Greens N 10,,82.6,6.61,1657.0,routed,46.0,network-estimate
8929aeb716fffff,The Polo Greens NW 12,,87.4,6.99,1804.0,routed,44.0,network-estimate
8929aeb7173ffff,The Polo Greens NW 4,,94.3,7.54,1667.0,routed,68.0,network-estimate
8929aeb7177ffff,The Polo Greens NW 8,,95.0,7.6,1886.0,routed,37.0,network-estimate
8929aeb717bffff,The Polo Greens NW 5,,87.9,7.03,1443.0,routed,105.0,approach-review
8929aeb7183ffff,The Polo Greens W 11,,84.3,6.75,1767.0,routed,57.0,network-estimate
8929aeb7187ffff,The Polo Greens W 13,,88.7,7.1,1813.0,routed,83.0,network-estimate
8929aeb718bffff,The Polo Greens W 7,,82.8,6.63,1903.0,routed,82.0,network-estimate
8929aeb718fffff,The Polo Greens W 9,,90.0,7.2,1559.0,routed,44.0,network-estimate
8929aeb7193ffff,The Polo Greens SW 6,,81.4,6.51,1348.0,routed,110.0,approach-review
8929aeb7197ffff,The Polo Greens W 15,,83.7,6.7,1326.0,routed,21.0,network-estimate
8929aeb719bffff,The Polo Greens SW 4,,76.9,6.15,1029.0,routed,54.0,network-estimate
8929aeb71a3ffff,The Polo Greens W 17,,88.2,7.06,1728.0,routed,44.0,network-estimate
8929aeb71a7ffff,The Polo Greens W 19,,85.5,6.84,1487.0,routed,32.0,network-estimate
8929aeb71abffff,The Polo Greens W 14,,99.5,7.96,1450.0,routed,84.0,network-estimate
8929aeb71afffff,The Polo Greens W 18,,91.0,7.28,1453.0,routed,15.0,network-estimate
8929aeb71b3ffff,The Polo Greens W 16,,83.4,6.67,1648.0,routed,16.0,network-estimate
8929aeb71b7ffff,Sablewood Gardens Apartments N 5,,80.7,6.45,1440.0,routed,90.0,network-estimate
8929aeb71bbffff,Polo Community Park,,90.5,7.24,176.0,routed,105.0,approach-review
8929aeb71c3ffff,The Polo Greens W 2,,78.2,6.26,754.0,routed,129.0,approach-review
8929aeb71c7ffff,The Polo Greens W 4,,84.1,6.73,1311.0,routed,57.0,network-estimate
8929aeb71cbffff,The Polo Greens W,,75.2,6.01,1646.0,routed,44.0,network-estimate
8929aeb71cfffff,The Polo Greens W 3,,80.9,6.47,1464.0,routed,54.0,network-estimate
8929aeb71d3ffff,The Polo Greens SW 2,,70.0,5.6,1649.0,routed,50.0,network-estimate
8929aeb71d7ffff,The Polo Greens SW 3,,79.5,6.36,1669.0,routed,32.0,network-estimate
8929aeb71dbffff,The Polo Greens SW,,68.8,5.51,1974.0,routed,15.0,network-estimate
8929aeb7207ffff,Breakwater Apartments NE 13,,40.1,3.21,1521.0,routed,80.0,network-estimate
8929aeb720bffff,Breakwater Apartments NE 18,,30.9,2.47,1769.0,routed,22.0,network-estimate
8929aeb720fffff,Breakwater Apartments NE 16,,32.4,2.59,1981.0,routed,23.0,network-estimate
8929aeb7213ffff,Breakwater Apartments NE 12,,33.0,2.64,1740.0,routed,47.0,network-estimate
8929aeb7217ffff,Breakwater Apartments NE 11,,38.3,3.06,1511.0,routed,39.0,network-estimate
8929aeb721bffff,Breakwater Apartments NE 15,,29.8,2.39,1481.0,routed,49.0,network-estimate
8929aeb7233ffff,Breakwater Apartments N 10,,42.5,3.4,1509.0,routed,63.0,network-estimate
8929aeb7243ffff,Breakwater Apartments NE 24,,23.1,1.85,1184.0,routed,77.0,network-estimate
8929aeb7247ffff,Breakwater Apartments NE 23,,24.1,1.93,1808.0,routed,25.0,network-estimate
8929aeb7253ffff,Breakwater Apartments NE 22,,17.0,1.36,1094.0,routed,52.0,network-estimate
8929aeb7257ffff,Breakwater Apartments NE 19,,29.6,2.36,1363.0,routed,54.0,network-estimate
8929aeb725bffff,Breakwater Apartments NE 26,,17.4,1.39,1285.0,routed,7.0,network-estimate
8929aeb7273ffff,Breakwater Apartments NE 21,,29.9,2.39,2079.0,routed,17.0,network-estimate
8929aeb7283ffff,Breakwater Apartments NE 6,,32.0,2.56,1535.0,routed,7.0,network-estimate
8929aeb7287ffff,Breakwater Apartments NE 5,,38.3,3.07,1811.0,routed,55.0,network-estimate
8929aeb728bffff,Breakwater Apartments NE 9,,27.5,2.2,2114.0,routed,18.0,network-estimate
8929aeb728fffff,Breakwater Apartments NE 8,,34.4,2.76,1608.0,routed,45.0,network-estimate
8929aeb7293ffff,Breakwater Apartments E 4,,37.2,2.98,475.0,routed,24.0,network-estimate
8929aeb7297ffff,Breakwater Apartments NE 3,,37.2,2.98,1221.0,routed,14.0,network-estimate
8929aeb729bffff,Breakwater Apartments E 6,,30.2,2.41,1256.0,routed,20.0,network-estimate
8929aeb72a3ffff,Breakwater Apartments N 6,,44.4,3.55,1251.0,routed,33.0,network-estimate
8929aeb72a7ffff,Breakwater Apartments N 7,,50.9,4.07,1840.0,routed,64.0,network-estimate
8929aeb72abffff,Breakwater Apartments NE 10,,43.6,3.49,1351.0,routed,81.0,network-estimate
8929aeb72afffff,Breakwater Apartments N 8,,47.7,3.82,1330.0,routed,40.0,network-estimate
8929aeb72b3ffff,Breakwater Apartments NE 4,,41.3,3.3,1484.0,routed,85.0,network-estimate
8929aeb72b7ffff,Breakwater Apartments N 4,,44.3,3.55,1439.0,routed,46.0,network-estimate
8929aeb72bbffff,Breakwater Apartments NE 7,,37.4,2.99,1453.0,routed,65.0,network-estimate
8929aeb72c3ffff,Breakwater Apartments E 12,,17.9,1.43,1226.0,routed,30.0,network-estimate
8929aeb72c7ffff,Breakwater Apartments NE 14,,33.4,2.67,710.0,routed,69.0,network-estimate
8929aeb72cbffff,Breakwater Apartments NE 20,,23.9,1.91,1285.0,routed,136.0,approach-review
8929aeb72cfffff,Breakwater Apartments NE 17,,22.4,1.79,821.0,routed,35.0,network-estimate
8929aeb72d3ffff,Breakwater Apartments E 10,,27.4,2.19,385.0,routed,39.0,network-estimate
8929aeb72d7ffff,Breakwater Apartments E 8,,24.2,1.94,1781.0,routed,90.0,network-estimate
8929aeb72dbffff,Breakwater Apartments E 14,,14.9,1.19,1179.0,routed,105.0,approach-review
8929aeb7303ffff,The Polo Greens NE 16,,68.3,5.46,1503.0,routed,61.0,network-estimate
8929aeb7307ffff,The Polo Greens N 16,,74.2,5.94,1306.0,routed,77.0,network-estimate
8929aeb730bffff,The Polo Greens NE 20,,66.0,5.28,1283.0,routed,69.0,network-estimate
8929aeb7313ffff,The Polo Greens NE 12,,62.1,4.96,606.0,routed,125.0,approach-review
8929aeb7317ffff,The Polo Greens N 11,,70.5,5.64,826.0,routed,24.0,network-estimate
8929aeb731bffff,The Polo Greens NE 17,,63.2,5.06,864.0,routed,102.0,approach-review
8929aeb7323ffff,Gossamer Grove S 23,,82.7,6.61,1377.0,routed,95.0,network-estimate
8929aeb7327ffff,Gossamer Grove S 20,,86.1,6.89,1610.0,routed,40.0,network-estimate
8929aeb732fffff,Gossamer Grove S 18,,83.4,6.67,1564.0,routed,80.0,network-estimate
8929aeb7333ffff,The Polo Greens N 18,,83.4,6.67,1305.0,routed,35.0,network-estimate
8929aeb7337ffff,The Polo Greens N 19,,86.4,6.91,1411.0,routed,72.0,network-estimate
8929aeb7343ffff,The Polo Greens NE 23,,58.1,4.65,609.0,routed,90.0,network-estimate
8929aeb7353ffff,The Polo Greens NE 22,,67.8,5.42,1234.0,routed,19.0,network-estimate
8929aeb7357ffff,The Polo Greens NE 21,,60.5,4.84,1696.0,routed,11.0,network-estimate
8929aeb7363ffff,Gossamer Grove SE 21,,81.5,6.52,1568.0,routed,23.0,network-estimate
8929aeb736bffff,Gossamer Grove SE 20,,68.8,5.5,1748.0,routed,11.0,network-estimate
8929aeb736fffff,Gossamer Grove SE 15,,79.8,6.38,1707.0,routed,50.0,network-estimate
8929aeb737bffff,Gossamer Grove SE 26,,67.1,5.37,562.0,routed,83.0,network-estimate
8929aeb7383ffff,The Polo Greens NE 6,,68.0,5.44,431.0,routed,108.0,approach-review
8929aeb7387ffff,The Polo Greens N 5,,69.7,5.58,1380.0,routed,6.0,network-estimate
8929aeb738bffff,The Polo Greens NE 10,,62.4,4.99,1099.0,routed,93.0,network-estimate
8929aeb738fffff,The Polo Greens NE 9,,65.0,5.2,1792.0,routed,15.0,network-estimate
8929aeb7393ffff,The Polo Greens NE 4,,76.5,6.12,760.0,routed,128.0,approach-review
8929aeb7397ffff,The Polo Greens NE 3,,76.5,6.12,1862.0,routed,32.0,network-estimate
8929aeb739bffff,The Polo Greens NE 7,,63.5,5.08,319.0,routed,81.0,network-estimate
8929aeb73a3ffff,The Polo Greens N 9,,79.8,6.39,846.0,routed,99.0,network-estimate
8929aeb73a7ffff,The Polo Greens N 12,,80.7,6.45,883.0,routed,4.0,network-estimate
8929aeb73abffff,The Polo Greens N 13,,78.8,6.3,1829.0,routed,29.0,network-estimate
8929aeb73afffff,The Polo Greens N 14,,81.5,6.52,1117.0,routed,83.0,network-estimate
8929aeb73b3ffff,The Polo Greens N 6,,81.4,6.51,1668.0,routed,78.0,network-estimate
8929aeb73b7ffff,The Polo Greens N 7,,81.5,6.52,2257.0,routed,28.0,network-estimate
8929aeb73bbffff,The Polo Greens N 8,,75.0,6.0,1722.0,routed,52.0,network-estimate
8929aeb73c3ffff,The Polo Greens NE 15,,53.0,4.24,2104.0,routed,76.0,network-estimate
8929aeb73c7ffff,The Polo Greens NE 14,,60.8,4.87,2001.0,routed,61.0,network-estimate
8929aeb73cbffff,The Polo Greens NE 19,,50.6,4.05,1256.0,routed,10.0,network-estimate
8929aeb73cfffff,The Polo Greens NE 18,,65.2,5.22,1305.0,routed,35.0,network-estimate
8929aeb73d3ffff,The Polo Greens NE 13,,56.3,4.5,1487.0,routed,34.0,network-estimate
8929aeb73d7ffff,The Polo Greens NE 11,,56.9,4.55,1275.0,routed,109.0,approach-review
8929aeb73dbffff,Breakwater Apartments N 9,,52.8,4.22,1946.0,routed,56.0,network-estimate
8929aeb7403ffff,Breakwater Apartments S 22,,34.4,2.75,0.0,routed,268.0,approach-review
8929aeb7407ffff,Breakwater Apartments S 21,,35.1,2.81,778.0,routed,25.0,network-estimate
8929aeb740bffff,Breakwater Apartments S 18,,41.6,3.33,0.0,routed,222.0,approach-review
8929aeb740fffff,Breakwater Apartments S 16,,42.9,3.43,956.0,routed,72.0,network-estimate
8929aeb7413ffff,Breakwater Apartments S 29,,27.8,2.22,400.0,routed,156.0,approach-review
8929aeb7417ffff,Breakwater Apartments S 28,,27.6,2.21,1072.0,routed,62.0,network-estimate
8929aeb741bffff,Breakwater Apartments S 24,,28.7,2.3,0.0,routed,324.0,approach-review
8929aeb742bffff,Breakwater Apartments SW 8,,45.8,3.66,838.0,routed,44.0,network-estimate
8929aeb742fffff,The Polo Greens S 12,,38.7,3.1,1059.0,routed,25.0,network-estimate
8929aeb7433ffff,Breakwater Apartments SW 10,,36.3,2.9,1867.0,routed,120.0,approach-review
8929aeb743bffff,Breakwater Apartments SW 9,,37.8,3.02,1202.0,routed,37.0,network-estimate
8929aeb7443ffff,Breakwater Apartments S 17,,30.2,2.42,1086.0,routed,108.0,approach-review
8929aeb7447ffff,Breakwater Apartments S 14,,33.0,2.64,292.0,routed,332.0,approach-review
8929aeb744bffff,Breakwater Apartments S 15,,32.8,2.63,0.0,routed,321.0,approach-review
8929aeb744fffff,Breakwater Apartments S 12,,33.0,2.64,1358.0,routed,55.0,network-estimate
8929aeb7453ffff,Breakwater Apartments S 23,,26.5,2.12,903.0,routed,34.0,network-estimate
8929aeb7457ffff,Breakwater Apartments S 19,,27.3,2.19,0.0,routed,217.0,approach-review
8929aeb745bffff,Breakwater Apartments S 20,,28.8,2.31,0.0,routed,332.0,approach-review
8929aeb7463ffff,Breakwater Apartments S 8,,50.9,4.07,197.0,routed,157.0,approach-review
8929aeb7467ffff,Breakwater Apartments SW 6,,48.9,3.91,166.0,routed,41.0,network-estimate
8929aeb746bffff,Breakwater Apartments S 6,,43.7,3.49,279.0,routed,25.0,network-estimate
8929aeb746fffff,Breakwater Apartments S 5,,48.8,3.9,715.0,routed,40.0,network-estimate
8929aeb7473ffff,Breakwater Apartments S 13,,47.0,3.76,53.0,routed,170.0,approach-review
8929aeb7477ffff,Breakwater Apartments S 11,,43.9,3.51,1037.0,routed,66.0,network-estimate
8929aeb747bffff,Breakwater Apartments S 9,,36.9,2.95,0.0,routed,293.0,approach-review
8929aeb7483ffff,The Springs Apartment Homes NW 19,,21.8,1.74,1273.0,routed,37.0,network-estimate
8929aeb7487ffff,The Springs Apartment Homes NW 23,,19.7,1.58,1249.0,routed,49.0,network-estimate
8929aeb748bffff,The Springs Apartment Homes N 23,,32.7,2.61,1590.0,routed,54.0,network-estimate
8929aeb748fffff,The Springs Apartment Homes NW 25,,25.4,2.03,2024.0,routed,53.0,network-estimate
8929aeb7493ffff,The Springs Apartment Homes NW 16,,25.0,2.0,45.0,routed,142.0,approach-review
8929aeb7497ffff,The Springs Apartment Homes NW 17,,20.4,1.63,1218.0,routed,33.0,network-estimate
8929aeb749bffff,The Springs Apartment Homes N 17,,35.0,2.8,1225.0,routed,31.0,network-estimate
8929aeb74a3ffff,The Polo Greens S 13,,23.9,1.91,279.0,routed,50.0,network-estimate
8929aeb74abffff,Breakwater Apartments SW 11,,24.2,1.94,1607.0,routed,36.0,network-estimate
8929aeb74b3ffff,The Springs Apartment Homes NW 27,,19.3,1.54,1848.0,routed,29.0,network-estimate
8929aeb74b7ffff,The Polo Greens S 14,,21.6,1.72,756.0,routed,35.0,network-estimate
8929aeb74bbffff,Breakwater Apartments SW 12,,20.1,1.61,1447.0,routed,28.0,network-estimate
8929aeb74c3ffff,The Springs Apartment Homes N 22,,25.3,2.02,504.0,routed,16.0,network-estimate
8929aeb74c7ffff,The Springs Apartment Homes N 25,,26.9,2.15,1337.0,routed,40.0,network-estimate
8929aeb74cbffff,The Springs Apartment Homes N 26,,18.4,1.47,1454.0,routed,22.0,network-estimate
8929aeb74cfffff,Breakwater Apartments S 26,,24.3,1.94,307.0,routed,139.0,approach-review
8929aeb74d3ffff,The Springs Apartment Homes N 14,,29.5,2.36,141.0,routed,53.0,network-estimate
8929aeb74d7ffff,The Springs Apartment Homes N 19,,34.5,2.76,1285.0,routed,66.0,network-estimate
8929aeb74dbffff,The Springs Apartment Homes N 18,,26.7,2.13,728.0,routed,231.0,approach-review
8929aeb7523ffff,Sablewood Gardens Apartments NE 3,,75.3,6.03,1158.0,routed,44.0,network-estimate
8929aeb7527ffff,Sablewood Gardens Apartments NE 2,,66.1,5.28,531.0,routed,92.0,network-estimate
8929aeb752bffff,The Polo Greens SW 8,,72.9,5.83,1533.0,routed,28.0,network-estimate
8929aeb752fffff,Sablewood Gardens Apartments NE 5,,78.9,6.31,1859.0,routed,9.0,network-estimate
8929aeb753bffff,Sablewood Gardens Apartments E,,68.4,5.47,1464.0,routed,58.0,network-estimate
8929aeb7543ffff,The Polo Greens S 7,,50.1,4.01,113.0,routed,172.0,approach-review
8929aeb7547ffff,The Polo Greens S 6,,58.8,4.7,1178.0,routed,99.0,network-estimate
8929aeb754bffff,The Polo Greens S 5,,48.5,3.88,283.0,routed,43.0,network-estimate
8929aeb7553ffff,The Polo Greens S 11,,45.5,3.64,441.0,routed,32.0,network-estimate
8929aeb7557ffff,The Polo Greens S 10,,51.6,4.13,785.0,routed,15.0,network-estimate
8929aeb755bffff,The Polo Greens S 9,,43.9,3.51,233.0,routed,65.0,network-estimate
8929aeb7567ffff,The Polo Greens SW 5,,72.4,5.79,1341.0,routed,40.0,network-estimate
8929aeb7577ffff,The Polo Greens SW 7,,69.8,5.58,1288.0,routed,82.0,network-estimate
8929aeb7583ffff,Sablewood Gardens Apartments SE 5,,37.8,3.02,1298.0,routed,35.0,network-estimate
8929aeb7587ffff,Sablewood Gardens Apartments SE 4,,42.6,3.41,815.0,routed,65.0,network-estimate
8929aeb758bffff,Sablewood Gardens Apartments E 2,,36.6,2.93,1064.0,routed,100.0,network-estimate
8929aeb7593ffff,Masterpiece Parke E 11,,32.8,2.62,892.0,routed,77.0,network-estimate
8929aeb7597ffff,Masterpiece Parke E 8,,37.8,3.02,1005.0,routed,154.0,approach-review
8929aeb759bffff,Sablewood Gardens Apartments SE 6,,33.4,2.67,1280.0,routed,76.0,network-estimate
8929aeb75d7ffff,Sablewood Gardens Apartments E 3,,38.6,3.09,923.0,routed,56.0,network-estimate
8929aeb7613ffff,Breakwater Apartments SE 11,,36.4,2.91,54.0,routed,68.0,network-estimate
8929aeb7617ffff,Breakwater Apartments SE 8,,39.8,3.19,411.0,routed,54.0,network-estimate
8929aeb761bffff,Breakwater Apartments SE 12,,33.1,2.65,365.0,routed,15.0,network-estimate
8929aeb7623ffff,Breakwater Apartments SE 4,,50.6,4.05,267.0,routed,52.0,network-estimate
8929aeb7627ffff,Breakwater Apartments SE 2,,47.8,3.82,452.0,routed,58.0,network-estimate
8929aeb762bffff,Breakwater Apartments E 5,,42.3,3.39,712.0,routed,102.0,approach-review
8929aeb762fffff,Breakwater Apartments E 3,,44.0,3.52,458.0,routed,44.0,network-estimate
8929aeb7637ffff,Breakwater Apartments SE 3,,52.7,4.22,577.0,routed,19.0,network-estimate
8929aeb764fffff,Breakwater Apartments E 15,,27.0,2.16,677.0,routed,55.0,network-estimate
8929aeb766bffff,Breakwater Apartments E 9,,27.9,2.23,884.0,routed,26.0,network-estimate
8929aeb766fffff,Breakwater Apartments E 7,,27.8,2.22,1062.0,routed,74.0,network-estimate
8929aeb767bffff,Breakwater Apartments E 11,,37.5,3.0,3.0,routed,155.0,approach-review
8929aeb7687ffff,Breakwater Apartments SE 10,,47.6,3.81,0.0,routed,230.0,approach-review
8929aeb768fffff,Breakwater Apartments SE 9,,42.9,3.44,399.0,routed,68.0,network-estimate
8929aeb7697ffff,Breakwater Apartments SE 13,,52.3,4.19,0.0,routed,361.0,approach-review
8929aeb76a3ffff,Breakwater Apartments SE 6,,43.1,3.45,210.0,routed,24.0,network-estimate
8929aeb76a7ffff,Breakwater Apartments S 4,,42.2,3.38,920.0,routed,39.0,network-estimate
8929aeb76abffff,Breakwater Apartments SE 5,,46.0,3.68,246.0,routed,114.0,approach-review
8929aeb76b3ffff,Breakwater Apartments S 10,,48.0,3.84,0.0,routed,47.0,network-estimate
8929aeb76b7ffff,Breakwater Apartments S 7,,45.2,3.61,732.0,routed,108.0,approach-review
8929aeb76bbffff,Breakwater Apartments SE 7,,45.9,3.67,191.0,routed,61.0,network-estimate
8929aeb76c3ffff,Breakwater Apartments SE 16,,41.7,3.34,0.0,routed,61.0,network-estimate
8929aeb76cbffff,Breakwater Apartments SE 17,,27.8,2.23,0.0,routed,137.0,approach-review
8929aeb76cfffff,Breakwater Apartments SE 14,,32.0,2.56,0.0,routed,189.0,approach-review
8929aeb76d3ffff,Breakwater Apartments SE 18,,43.7,3.5,0.0,routed,203.0,approach-review
8929aeb76d7ffff,Breakwater Apartments SE 15,,39.0,3.12,304.0,routed,36.0,network-estimate
8929aeb76dbffff,Breakwater Apartments SE 20,,31.7,2.54,189.0,routed,152.0,approach-review
8929aeb8403ffff,Crestview Meadows NE 260,,178.9,14.31,0.0,routed,694.0,approach-review
8929aeb8407ffff,Crestview Meadows NE 256,,239.2,19.14,0.0,routed,451.0,approach-review
8929aeb840bffff,Crestview Meadows NE 266,,244.9,19.59,0.0,routed,407.0,approach-review
8929aeb840fffff,Crestview Meadows NE 265,,174.4,13.95,0.0,routed,334.0,approach-review
8929aeb8413ffff,Crestview Meadows NE 255,,225.3,18.02,0.0,routed,578.0,approach-review
8929aeb8417ffff,Crestview Meadows NE 250,,225.2,18.02,0.0,routed,407.0,approach-review
8929aeb841bffff,Crestview Meadows NE 264,,248.6,19.89,0.0,routed,700.0,approach-review
8929aeb8423ffff,Crestview Meadows NE 258,,239.4,19.15,326.0,routed,469.0,approach-review
8929aeb8427ffff,Crestview Meadows NE 254,,156.6,12.53,125.0,routed,586.0,approach-review
8929aeb842fffff,Crestview Meadows NE 263,,184.1,14.73,0.0,routed,423.0,approach-review
8929aeb8433ffff,Crestview Meadows NE 252,,235.5,18.84,0.0,routed,152.0,approach-review
8929aeb8437ffff,Crestview Meadows NE 247,,152.5,12.2,402.0,routed,258.0,approach-review
8929aeb843bffff,Crestview Meadows NE 262,,175.4,14.04,166.0,routed,417.0,approach-review
8929aeb8443ffff,Crestview Meadows NE 275,,244.9,19.59,0.0,routed,408.0,approach-review
8929aeb8447ffff,Crestview Meadows NE 272,,240.7,19.26,0.0,routed,72.0,network-estimate
8929aeb844bffff,Crestview Meadows NE 281,,252.8,20.22,0.0,routed,643.0,approach-review
8929aeb844fffff,Crestview Meadows NE 278,,248.3,19.86,0.0,routed,281.0,approach-review
8929aeb8453ffff,Crestview Meadows NE 273,,248.5,19.88,0.0,routed,691.0,approach-review
8929aeb8457ffff,Crestview Meadows NE 269,,245.3,19.62,0.0,routed,436.0,approach-review
8929aeb845bffff,Crestview Meadows NE 279,,249.4,19.95,0.0,routed,768.0,approach-review
8929aeb8463ffff,Crestview Meadows NE 274,,175.0,14.0,0.0,routed,95.0,network-estimate
8929aeb8473ffff,Crestview Meadows NE 270,,178.6,14.28,0.0,routed,212.0,approach-review
8929aeb8477ffff,Crestview Meadows NE 268,,171.2,13.7,753.0,routed,79.0,network-estimate
8929aeb847bffff,Crestview Meadows NE 276,,243.5,19.48,0.0,routed,9.0,network-estimate
8929aeb8483ffff,Crestview Meadows NE 237,,221.7,17.73,0.0,routed,289.0,approach-review
8929aeb8487ffff,Crestview Meadows NE 229,,215.5,17.24,61.0,routed,47.0,network-estimate
8929aeb848bffff,Crestview Meadows NE 251,,224.1,17.93,0.0,routed,484.0,approach-review
8929aeb848fffff,Crestview Meadows NE 243,,220.6,17.65,0.0,routed,207.0,approach-review
8929aeb8493ffff,Crestview Meadows NE 232,,207.7,16.62,0.0,routed,50.0,network-estimate
8929aeb8497ffff,Crestview Meadows NE 224,,212.3,16.98,0.0,routed,82.0,network-estimate
8929aeb849bffff,Crestview Meadows NE 246,,212.3,16.99,0.0,routed,421.0,approach-review
8929aeb84a3ffff,Crestview Meadows NE 230,,225.7,18.06,0.0,routed,53.0,network-estimate
8929aeb84a7ffff,Crestview Meadows NE 225,,155.8,12.46,131.0,routed,100.0,network-estimate
8929aeb84abffff,Crestview Meadows NE 244,,237.3,18.99,0.0,routed,303.0,approach-review
8929aeb84afffff,Crestview Meadows NE 238,,152.4,12.19,125.0,routed,76.0,network-estimate
8929aeb84b3ffff,Crestview Meadows NE 223,,220.4,17.63,15.0,routed,144.0,approach-review
8929aeb84b7ffff,Crestview Meadows NE 218,,232.3,18.58,0.0,routed,167.0,approach-review
8929aeb84bbffff,Crestview Meadows NE 236,,220.8,17.67,1.0,routed,55.0,network-estimate
8929aeb84c7ffff,Crestview Meadows NE 261,,228.2,18.26,0.0,routed,814.0,approach-review
8929aeb84cbffff,Crestview Meadows NE 271,,252.7,20.21,0.0,routed,1026.0,approach-review
8929aeb84cfffff,Crestview Meadows NE 267,,249.8,19.99,0.0,routed,800.0,approach-review
8929aeb84d7ffff,Crestview Meadows NE 257,,217.0,17.36,0.0,routed,792.0,approach-review
8929aeb850bffff,Crestview Meadows NE 240,,197.6,15.81,0.0,routed,1269.0,approach-review
8929aeb851bffff,Crestview Meadows NE 231,,159.8,12.79,0.0,routed,1004.0,approach-review
8929aeb8553ffff,Crestview Meadows NE 249,,158.6,12.69,0.0,routed,750.0,approach-review
8929aeb8557ffff,Crestview Meadows NE 245,,162.0,12.96,0.0,routed,1022.0,approach-review
8929aeb855bffff,Crestview Meadows NE 259,,187.7,15.02,0.0,routed,713.0,approach-review
8929aeb85c3ffff,Crestview Meadows NE 227,,155.5,12.44,0.0,routed,503.0,approach-review
8929aeb85c7ffff,Crestview Meadows NE 222,,155.7,12.46,0.0,routed,675.0,approach-review
8929aeb85cbffff,Crestview Meadows NE 241,,154.3,12.34,0.0,routed,400.0,approach-review
8929aeb85cfffff,Crestview Meadows NE 235,,158.2,12.66,0.0,routed,718.0,approach-review
8929aeb85d3ffff,Crestview Meadows NE 220,,143.4,11.47,138.0,routed,187.0,approach-review
8929aeb85d7ffff,Crestview Meadows NE 215,,152.4,12.19,0.0,routed,411.0,approach-review
8929aeb85dbffff,Crestview Meadows NE 233,,151.2,12.09,397.0,routed,152.0,approach-review
8929aeb8617ffff,Crestview Meadows NE 299,,196.3,15.7,0.0,routed,927.0,approach-review
8929aeb8683ffff,Crestview Meadows NE 292,,199.1,15.93,0.0,routed,1148.0,approach-review
8929aeb8687ffff,Crestview Meadows NE 287,,194.6,15.57,0.0,routed,791.0,approach-review
8929aeb868fffff,Crestview Meadows NE 295,,196.9,15.76,0.0,routed,978.0,approach-review
8929aeb8693ffff,Crestview Meadows NE 289,,256.6,20.53,0.0,routed,1342.0,approach-review
8929aeb8697ffff,Crestview Meadows NE 285,,252.2,20.18,0.0,routed,989.0,approach-review
8929aeb869bffff,Crestview Meadows NE 297,,203.6,16.29,0.0,routed,1508.0,approach-review
8929aeb86a3ffff,Crestview Meadows NE 288,,188.4,15.07,0.0,routed,290.0,approach-review
8929aeb86abffff,Crestview Meadows NE 296,,192.8,15.42,0.0,routed,646.0,approach-review
8929aeb86b3ffff,Crestview Meadows NE 284,,190.2,15.22,0.0,routed,442.0,approach-review
8929aeb86b7ffff,Crestview Meadows NE 282,,186.8,14.94,0.0,routed,165.0,approach-review
8929aeb86bbffff,Crestview Meadows NE 291,,192.5,15.4,0.0,routed,624.0,approach-review
8929aeb86d3ffff,Crestview Meadows NE 305,,210.4,16.83,0.0,routed,2057.0,approach-review
8929aeb86d7ffff,Crestview Meadows NE 302,,205.9,16.47,0.0,routed,1696.0,approach-review
8929aeb86dbffff,Crestview Meadows NE 308,,213.4,17.07,0.0,routed,2290.0,approach-review
8929aeba003ffff,Crestview Meadows E 60,,141.9,11.35,0.0,routed,573.0,approach-review
8929aeba007ffff,Crestview Meadows E 54,,133.5,10.68,133.0,routed,535.0,approach-review
8929aeba00bffff,Crestview Meadows E 67,,158.9,12.71,0.0,routed,454.0,approach-review
8929aeba00fffff,Crestview Meadows E 61,,160.0,12.8,648.0,routed,544.0,approach-review
8929aeba013ffff,Crestview Meadows E 59,,137.3,10.98,0.0,routed,208.0,approach-review
8929aeba017ffff,Crestview Meadows E 53,,140.9,11.27,0.0,routed,499.0,approach-review
8929aeba01bffff,Crestview Meadows E 66,,141.1,11.29,0.0,routed,509.0,approach-review
8929aeba023ffff,Crestview Meadows NE 130,,132.1,10.57,489.0,routed,423.0,approach-review
8929aeba027ffff,Crestview Meadows NE 122,,108.3,8.66,678.0,routed,542.0,approach-review
8929aeba02bffff,Crestview Meadows NE 147,,136.4,10.91,535.0,routed,764.0,approach-review
8929aeba02fffff,Crestview Meadows NE 138,,114.7,9.18,964.0,routed,508.0,approach-review
8929aeba033ffff,Crestview Meadows E 49,,129.2,10.34,786.0,routed,193.0,approach-review
8929aeba037ffff,Crestview Meadows NE 115,,129.6,10.37,835.0,routed,223.0,approach-review
8929aeba03bffff,Crestview Meadows E 56,,133.7,10.69,1278.0,routed,550.0,approach-review
8929aeba043ffff,Crestview Meadows E 78,,176.9,14.15,0.0,routed,239.0,approach-review
8929aeba047ffff,Crestview Meadows E 74,,156.7,12.54,0.0,routed,277.0,approach-review
8929aeba04bffff,Crestview Meadows E 81,,169.8,13.58,0.0,routed,547.0,approach-review
8929aeba04fffff,Crestview Meadows E 79,,159.1,12.73,0.0,routed,474.0,approach-review
8929aeba053ffff,Crestview Meadows E 77,,170.1,13.61,0.0,routed,91.0,network-estimate
8929aeba057ffff,Crestview Meadows E 73,,176.2,14.09,0.0,routed,182.0,approach-review
8929aeba063ffff,Crestview Meadows NE 170,,157.6,12.61,786.0,routed,348.0,approach-review
8929aeba067ffff,Crestview Meadows NE 161,,161.7,12.94,553.0,routed,680.0,approach-review
8929aeba06bffff,Crestview Meadows NE 182,,159.7,12.78,284.0,routed,521.0,approach-review
8929aeba06fffff,Crestview Meadows NE 175,,161.9,12.95,744.0,routed,690.0,approach-review
8929aeba073ffff,Crestview Meadows E 68,,155.4,12.43,657.0,routed,175.0,approach-review
8929aeba077ffff,Crestview Meadows E 64,,159.4,12.75,1125.0,routed,496.0,approach-review
8929aeba07bffff,Crestview Meadows E 75,,155.8,12.46,446.0,routed,203.0,approach-review
8929aeba083ffff,Crestview Meadows E 51,,140.6,11.25,0.0,routed,474.0,approach-review
8929aeba087ffff,Crestview Meadows E 46,,126.6,10.13,0.0,routed,425.0,approach-review
8929aeba08bffff,Crestview Meadows E 58,,136.7,10.93,0.0,routed,156.0,approach-review
8929aeba08fffff,Crestview Meadows E 52,,138.7,11.1,0.0,routed,322.0,approach-review
8929aeba093ffff,Crestview Meadows E 50,,142.5,11.4,0.0,routed,533.0,approach-review
8929aeba097ffff,Crestview Meadows E 45,,154.5,12.36,0.0,routed,253.0,approach-review
8929aeba09bffff,Crestview Meadows E 57,,141.2,11.3,0.0,routed,521.0,approach-review
8929aeba0a3ffff,Crestview Meadows E 42,,122.7,9.81,0.0,routed,173.0,approach-review
8929aeba0abffff,Crestview Meadows E 48,,124.4,9.95,0.0,routed,307.0,approach-review
8929aeba0afffff,Crestview Meadows E 43,,122.9,9.83,208.0,routed,193.0,approach-review
8929aeba0b3ffff,Crestview Meadows E 41,,122.5,9.8,0.0,routed,93.0,network-estimate
8929aeba0bbffff,Crestview Meadows E 47,,125.6,10.05,0.0,routed,347.0,approach-review
8929aeba0c3ffff,Crestview Meadows E 71,,156.6,12.52,0.0,routed,140.0,approach-review
8929aeba0c7ffff,Crestview Meadows E 65,,138.7,11.09,0.0,routed,317.0,approach-review
8929aeba0cbffff,Crestview Meadows E 76,,155.2,12.42,0.0,routed,59.0,network-estimate
8929aeba0cfffff,Crestview Meadows E 72,,156.7,12.53,0.0,routed,343.0,approach-review
8929aeba0d3ffff,Crestview Meadows E 70,,158.3,12.67,0.0,routed,282.0,approach-review
8929aeba0d7ffff,Crestview Meadows E 63,,160.1,12.81,0.0,routed,426.0,approach-review
8929aeba103ffff,Crestview Meadows NE 87,,87.6,7.01,652.0,routed,75.0,network-estimate
8929aeba107ffff,Crestview Meadows NE 83,,85.2,6.82,308.0,routed,76.0,network-estimate
8929aeba10bffff,Crestview Meadows NE 99,,95.2,7.61,953.0,routed,201.0,approach-review
8929aeba10fffff,Crestview Meadows NE 93,,88.4,7.07,185.0,routed,232.0,approach-review
8929aeba117ffff,Crestview Meadows NE 76,,83.9,6.71,46.0,routed,229.0,approach-review
8929aeba11bffff,Crestview Meadows NE 92,,99.3,7.94,317.0,routed,139.0,approach-review
8929aeba123ffff,Crestview Meadows NE 84,,87.4,6.99,0.0,routed,321.0,approach-review
8929aeba127ffff,Crestview Meadows NE 82,,102.1,8.16,599.0,routed,371.0,approach-review
8929aeba12bffff,Crestview Meadows NE 96,,104.6,8.37,0.0,routed,325.0,approach-review
8929aeba12fffff,Crestview Meadows NE 91,,106.9,8.55,0.0,routed,508.0,approach-review
8929aeba133ffff,Crestview Meadows NE 80,,84.8,6.78,637.0,routed,113.0,approach-review
8929aeba137ffff,Crestview Meadows NE 75,,84.0,6.72,0.0,routed,211.0,approach-review
8929aeba13bffff,Crestview Meadows NE 89,,86.9,6.95,163.0,routed,205.0,approach-review
8929aeba143ffff,Crestview Meadows NE 119,,114.1,9.13,1554.0,routed,318.0,approach-review
8929aeba147ffff,Crestview Meadows NE 111,,95.4,7.63,971.0,routed,27.0,network-estimate
8929aeba14bffff,Crestview Meadows NE 135,,110.9,8.87,1881.0,routed,71.0,network-estimate
8929aeba14fffff,Crestview Meadows NE 126,,99.6,7.96,323.0,routed,359.0,approach-review
8929aeba153ffff,Crestview Meadows NE 112,,106.5,8.52,442.0,routed,399.0,approach-review
8929aeba157ffff,Crestview Meadows NE 103,,97.1,7.77,1311.0,routed,360.0,approach-review
8929aeba15bffff,Crestview Meadows NE 127,,113.7,9.1,1570.0,routed,284.0,approach-review
8929aeba163ffff,Crestview Meadows NE 113,,103.4,8.27,1217.0,routed,390.0,approach-review
8929aeba167ffff,Crestview Meadows NE 108,,99.5,7.96,1122.0,routed,81.0,network-estimate
8929aeba16bffff,Crestview Meadows NE 129,,154.3,12.34,1078.0,routed,611.0,approach-review
8929aeba16fffff,Crestview Meadows NE 124,,102.6,8.2,464.0,routed,316.0,approach-review
8929aeba173ffff,Crestview Meadows NE 104,,96.0,7.68,589.0,routed,265.0,approach-review
8929aeba177ffff,Crestview Meadows NE 100,,104.1,8.33,1178.0,routed,443.0,approach-review
8929aeba17bffff,Crestview Meadows NE 120,,99.3,7.94,0.0,routed,337.0,approach-review
8929aeba183ffff,Crestview Meadows NE 67,,121.4,9.72,0.0,routed,157.0,approach-review
8929aeba187ffff,Crestview Meadows NE 61,,91.6,7.33,369.0,routed,332.0,approach-review
8929aeba18fffff,Crestview Meadows NE 72,,88.9,7.11,332.0,routed,117.0,approach-review
8929aeba193ffff,Crestview Meadows NE 64,,107.9,8.63,0.0,routed,183.0,approach-review
8929aeba197ffff,Crestview Meadows NE 56,,124.1,9.93,0.0,routed,371.0,approach-review
8929aeba1a3ffff,Crestview Meadows NE 62,,73.9,5.91,741.0,routed,87.0,network-estimate
8929aeba1a7ffff,Crestview Meadows NE 57,,78.3,6.27,425.0,routed,182.0,approach-review
8929aeba1abffff,Crestview Meadows NE 74,,78.9,6.31,353.0,routed,43.0,network-estimate
8929aeba1afffff,Crestview Meadows NE 68,,81.0,6.48,1097.0,routed,78.0,network-estimate
8929aeba1b3ffff,Crestview Meadows NE 55,,75.2,6.02,848.0,routed,364.0,approach-review
8929aeba1b7ffff,Crestview Meadows NE 52,,72.5,5.8,0.0,routed,142.0,approach-review
8929aeba1bbffff,Crestview Meadows NE 66,,82.5,6.6,246.0,routed,35.0,network-estimate
8929aeba1cbffff,Crestview Meadows NE 107,,103.9,8.31,0.0,routed,195.0,approach-review
8929aeba1dbffff,Crestview Meadows E 38,,117.3,9.38,0.0,routed,386.0,approach-review
8929aeba203ffff,Crestview Meadows E 93,,190.7,15.26,0.0,routed,530.0,approach-review
8929aeba207ffff,Crestview Meadows NE 216,,206.9,16.56,0.0,routed,554.0,approach-review
8929aeba20bffff,Crestview Meadows E 97,,192.8,15.42,0.0,routed,695.0,approach-review
8929aeba20fffff,Crestview Meadows NE 228,,205.8,16.46,0.0,routed,459.0,approach-review
8929aeba213ffff,Crestview Meadows E 92,,187.0,14.96,0.0,routed,235.0,approach-review
8929aeba217ffff,Crestview Meadows E 89,,191.5,15.32,0.0,routed,597.0,approach-review
8929aeba21bffff,Crestview Meadows E 96,,188.4,15.07,0.0,routed,342.0,approach-review
8929aeba223ffff,Crestview Meadows NE 214,,204.4,16.36,0.0,routed,354.0,approach-review
8929aeba227ffff,Crestview Meadows NE 208,,222.6,17.81,0.0,routed,478.0,approach-review
8929aeba22bffff,Crestview Meadows NE 226,,203.4,16.27,0.0,routed,37.0,network-estimate
8929aeba22fffff,Crestview Meadows NE 219,,211.1,16.89,0.0,routed,323.0,approach-review
8929aeba233ffff,Crestview Meadows NE 210,,206.5,16.52,0.0,routed,520.0,approach-review
8929aeba237ffff,Crestview Meadows NE 204,,208.8,16.71,0.0,routed,704.0,approach-review
8929aeba23bffff,Crestview Meadows NE 221,,202.4,16.19,0.0,routed,192.0,approach-review
8929aeba263ffff,Crestview Meadows NE 248,,210.8,16.87,0.0,routed,632.0,approach-review
8929aeba267ffff,Crestview Meadows NE 239,,207.3,16.58,0.0,routed,349.0,approach-review
8929aeba26fffff,Crestview Meadows NE 253,,215.5,17.24,0.0,routed,676.0,approach-review
8929aeba273ffff,Crestview Meadows NE 242,,207.8,16.63,0.0,routed,624.0,approach-review
8929aeba277ffff,Crestview Meadows NE 234,,203.6,16.28,0.0,routed,283.0,approach-review
8929aeba283ffff,Crestview Meadows E 87,,178.1,14.25,0.0,routed,350.0,approach-review
8929aeba287ffff,Crestview Meadows E 85,,171.1,13.69,0.0,routed,654.0,approach-review
8929aeba28bffff,Crestview Meadows E 91,,187.9,15.03,0.0,routed,308.0,approach-review
8929aeba28fffff,Crestview Meadows E 88,,190.6,15.25,0.0,routed,519.0,approach-review
8929aeba297ffff,Crestview Meadows E 84,,166.6,13.32,0.0,routed,290.0,approach-review
8929aeba29bffff,Crestview Meadows E 90,,174.9,13.99,134.0,routed,89.0,network-estimate
8929aeba2a3ffff,Crestview Meadows E 83,,165.0,13.2,0.0,routed,945.0,approach-review
8929aeba2a7ffff,Crestview Meadows NE 192,,163.7,13.09,0.0,routed,836.0,approach-review
8929aeba2abffff,Crestview Meadows NE 205,,210.3,16.83,0.0,routed,825.0,approach-review
8929aeba2afffff,Crestview Meadows NE 200,,211.1,16.88,0.0,routed,883.0,approach-review
8929aeba2b3ffff,Crestview Meadows E 82,,163.3,13.06,0.0,routed,805.0,approach-review
8929aeba2b7ffff,Crestview Meadows E 80,,160.4,12.83,0.0,routed,573.0,approach-review
8929aeba2bbffff,Crestview Meadows E 86,,194.6,15.57,0.0,routed,841.0,approach-review
8929aeba2c7ffff,Crestview Meadows E 95,,185.7,14.86,0.0,routed,129.0,approach-review
8929aeba2d7ffff,Crestview Meadows E 94,,189.4,15.15,0.0,routed,427.0,approach-review
8929aeba303ffff,Crestview Meadows NE 183,,124.3,9.95,0.0,routed,370.0,approach-review
8929aeba307ffff,Crestview Meadows NE 179,,135.7,10.86,0.0,routed,135.0,approach-review
8929aeba30bffff,Crestview Meadows NE 193,,129.4,10.35,0.0,routed,176.0,approach-review
8929aeba30fffff,Crestview Meadows NE 189,,129.9,10.39,0.0,routed,210.0,approach-review
8929aeba313ffff,Crestview Meadows NE 178,,123.3,9.87,0.0,routed,290.0,approach-review
8929aeba317ffff,Crestview Meadows NE 171,,114.2,9.14,0.0,routed,431.0,approach-review
8929aeba31bffff,Crestview Meadows NE 188,,120.9,9.67,0.0,routed,96.0,network-estimate
8929aeba323ffff,Crestview Meadows NE 181,,143.9,11.51,0.0,routed,114.0,approach-review
8929aeba327ffff,Crestview Meadows NE 176,,148.1,11.85,0.0,routed,446.0,approach-review
8929aeba32bffff,Crestview Meadows NE 191,,145.8,11.66,0.0,routed,261.0,approach-review
8929aeba32fffff,Crestview Meadows NE 187,,146.8,11.74,0.0,routed,343.0,approach-review
8929aeba333ffff,Crestview Meadows NE 174,,137.8,11.02,0.0,routed,303.0,approach-review
8929aeba337ffff,Crestview Meadows NE 168,,151.8,12.14,0.0,routed,412.0,approach-review
8929aeba33bffff,Crestview Meadows NE 185,,136.9,10.95,0.0,routed,231.0,approach-review
8929aeba343ffff,Crestview Meadows NE 206,,137.4,10.99,0.0,routed,287.0,approach-review
8929aeba347ffff,Crestview Meadows NE 201,,141.4,11.31,0.0,routed,390.0,approach-review
8929aeba34bffff,Crestview Meadows NE 217,,223.4,17.87,0.0,routed,113.0,approach-review
8929aeba34fffff,Crestview Meadows NE 211,,232.9,18.64,0.0,routed,221.0,approach-review
8929aeba353ffff,Crestview Meadows NE 202,,222.2,17.78,0.0,routed,451.0,approach-review
8929aeba357ffff,Crestview Meadows NE 197,,125.4,10.04,0.0,routed,459.0,approach-review
8929aeba35bffff,Crestview Meadows NE 212,,218.0,17.44,0.0,routed,114.0,approach-review
8929aeba363ffff,Crestview Meadows NE 203,,137.9,11.03,0.0,routed,228.0,approach-review
8929aeba36bffff,Crestview Meadows NE 213,,140.5,11.24,518.0,routed,81.0,network-estimate
8929aeba36fffff,Crestview Meadows NE 209,,145.6,11.65,364.0,routed,362.0,approach-review
8929aeba373ffff,Crestview Meadows NE 198,,130.4,10.43,0.0,routed,254.0,approach-review
8929aeba377ffff,Crestview Meadows NE 195,,132.9,10.63,0.0,routed,451.0,approach-review
8929aeba37bffff,Crestview Meadows NE 207,,137.1,10.96,184.0,routed,40.0,network-estimate
8929aeba383ffff,Crestview Meadows NE 159,,114.2,9.14,428.0,routed,433.0,approach-review
8929aeba387ffff,Crestview Meadows NE 151,,111.5,8.92,639.0,routed,211.0,approach-review
8929aeba38bffff,Crestview Meadows NE 173,,126.5,10.12,168.0,routed,545.0,approach-review
8929aeba38fffff,Crestview Meadows NE 165,,111.7,8.94,577.0,routed,232.0,approach-review
8929aeba393ffff,Crestview Meadows NE 154,,115.6,9.25,666.0,routed,584.0,approach-review
8929aeba397ffff,Crestview Meadows NE 142,,111.1,8.89,1235.0,routed,222.0,approach-review
8929aeba39bffff,Crestview Meadows NE 167,,118.4,9.48,693.0,routed,769.0,approach-review
8929aeba3a3ffff,Crestview Meadows NE 152,,110.8,8.87,502.0,routed,253.0,approach-review
8929aeba3a7ffff,Crestview Meadows NE 144,,151.0,12.08,373.0,routed,354.0,approach-review
8929aeba3abffff,Crestview Meadows NE 166,,139.5,11.16,0.0,routed,444.0,approach-review
8929aeba3afffff,Crestview Meadows NE 160,,151.5,12.12,0.0,routed,392.0,approach-review
8929aeba3b3ffff,Crestview Meadows NE 141,,105.7,8.46,749.0,routed,114.0,approach-review
8929aeba3b7ffff,Crestview Meadows NE 136,,112.5,9.0,315.0,routed,385.0,approach-review
8929aeba3bbffff,Crestview Meadows NE 157,,111.2,8.9,464.0,routed,192.0,approach-review
8929aeba3c3ffff,Crestview Meadows NE 190,,127.0,10.16,0.0,routed,585.0,approach-review
8929aeba3c7ffff,Crestview Meadows NE 184,,123.3,9.86,0.0,routed,287.0,approach-review
8929aeba3cbffff,Crestview Meadows NE 199,,128.9,10.31,0.0,routed,735.0,approach-review
8929aeba3cfffff,Crestview Meadows NE 194,,124.4,9.96,0.0,routed,379.0,approach-review
8929aeba3d3ffff,Crestview Meadows NE 186,,164.2,13.13,0.0,routed,876.0,approach-review
8929aeba3d7ffff,Crestview Meadows NE 180,,127.8,10.22,0.0,routed,649.0,approach-review
8929aeba3dbffff,Crestview Meadows NE 196,,131.3,10.51,0.0,routed,930.0,approach-review
8929aeba42fffff,Crestview Meadows E 44,,156.7,12.54,0.0,routed,427.0,approach-review
8929aeba467ffff,Crestview Meadows E 55,,138.2,11.05,0.0,routed,183.0,approach-review
8929aeba46bffff,Crestview Meadows E 69,,137.4,10.99,345.0,routed,454.0,approach-review
8929aeba46fffff,Crestview Meadows E 62,,140.9,11.27,0.0,routed,400.0,approach-review
8929aeba507ffff,Crestview Meadows E 35,,115.1,9.21,0.0,routed,151.0,approach-review
8929aeba523ffff,Crestview Meadows E 33,,122.9,9.83,0.0,routed,775.0,approach-review
8929aeba527ffff,Crestview Meadows E 30,,67.6,5.41,0.0,routed,911.0,approach-review
8929aeba52bffff,Crestview Meadows E 37,,111.1,8.89,0.0,routed,441.0,approach-review
8929aeba52fffff,Crestview Meadows E 34,,112.4,9.0,0.0,routed,548.0,approach-review
8929aeba533ffff,Crestview Meadows E 32,,119.3,9.55,0.0,routed,492.0,approach-review
8929aeba537ffff,Crestview Meadows E 29,,123.8,9.91,0.0,routed,851.0,approach-review
8929aeba53bffff,Crestview Meadows E 36,,119.5,9.56,0.0,routed,505.0,approach-review
8929aeba54bffff,Crestview Meadows E 40,,153.9,12.31,0.0,routed,203.0,approach-review
8929aeba55bffff,Crestview Meadows E 39,,153.7,12.3,0.0,routed,185.0,approach-review
8929aeba5a7ffff,Crestview Meadows E 25,,122.7,9.82,0.0,routed,536.0,approach-review
8929aeba5abffff,Crestview Meadows E 31,,133.6,10.69,0.0,routed,359.0,approach-review
8929aeba5afffff,Crestview Meadows E 28,,136.3,10.91,0.0,routed,578.0,approach-review
8929aeba883ffff,Crestview Meadows N 116,,129.8,10.39,0.0,routed,10.0,network-estimate
8929aeba887ffff,Crestview Meadows N 121,,137.3,10.98,0.0,routed,258.0,approach-review
8929aeba88bffff,Crestview Meadows N 128,,158.8,12.7,0.0,routed,111.0,approach-review
8929aeba893ffff,Crestview Meadows N 103,,132.2,10.58,0.0,routed,324.0,approach-review
8929aeba897ffff,Crestview Meadows N 107,,131.3,10.51,0.0,routed,256.0,approach-review
8929aeba89bffff,Crestview Meadows N 115,,135.4,10.84,0.0,routed,117.0,approach-review
8929aeba8b3ffff,Kern County Soccer Park SE,,121.1,9.69,0.0,routed,234.0,approach-review
8929aeba8b7ffff,Kern County Soccer Park,,122.1,9.77,0.0,routed,316.0,approach-review
8929aeba8c3ffff,Crestview Meadows N 134,,151.2,12.09,811.0,routed,100.0,network-estimate
8929aeba8cbffff,Crestview Meadows NE 145,,152.4,12.19,497.0,routed,265.0,approach-review
8929aeba8d3ffff,Crestview Meadows NE 117,,134.5,10.76,113.0,routed,130.0,approach-review
8929aeba8d7ffff,Crestview Meadows N 126,,153.8,12.3,277.0,routed,89.0,network-estimate
8929aeba8dbffff,Crestview Meadows NE 131,,134.3,10.75,780.0,routed,47.0,network-estimate
8929aeba983ffff,Hart Memorial Park,,95.3,7.63,0.0,routed,224.0,approach-review
8929aeba993ffff,Crestview Meadows N 133,,97.5,7.8,0.0,routed,396.0,approach-review
8929aeba997ffff,Crestview Meadows N 140,,88.3,7.06,0.0,routed,274.0,approach-review
8929aeba99bffff,Crestview Meadows N 139,,94.6,7.57,0.0,routed,167.0,approach-review
8929aeba9d3ffff,Kern River State Recreation Area,,108.3,8.66,62.0,routed,177.0,approach-review
8929aeba9d7ffff,Hart Memorial Park SE,,99.6,7.97,118.0,routed,13.0,network-estimate
8929aebac03ffff,Crestview Meadows NE 69,,91.7,7.33,358.0,routed,123.0,approach-review
8929aebac07ffff,Crestview Meadows N 69,,97.3,7.78,0.0,routed,261.0,approach-review
8929aebac0bffff,Crestview Meadows NE 78,,90.0,7.2,11.0,routed,191.0,approach-review
8929aebac0fffff,Crestview Meadows NE 77,,99.7,7.98,0.0,routed,459.0,approach-review
8929aebac13ffff,Crestview Meadows NE 59,,89.9,7.19,605.0,routed,34.0,network-estimate
8929aebac17ffff,Crestview Meadows NE 58,,80.1,6.41,456.0,routed,67.0,network-estimate
8929aebac1bffff,Crestview Meadows NE 70,,85.5,6.84,870.0,routed,148.0,approach-review
8929aebac23ffff,Crestview Meadows N 81,,86.1,6.89,0.0,routed,345.0,approach-review
8929aebac27ffff,Crestview Meadows N 84,,88.3,7.06,0.0,routed,514.0,approach-review
8929aebac2bffff,Crestview Meadows N 91,,136.6,10.93,0.0,routed,680.0,approach-review
8929aebac2fffff,Crestview Meadows N 94,,135.0,10.8,0.0,routed,545.0,approach-review
8929aebac33ffff,Crestview Meadows N 70,,83.8,6.7,191.0,routed,155.0,approach-review
8929aebac37ffff,Crestview Meadows N 74,,84.5,6.76,0.0,routed,210.0,approach-review
8929aebac3bffff,Crestview Meadows N 80,,87.9,7.03,0.0,routed,485.0,approach-review
8929aebac43ffff,Crestview Meadows NE 88,,100.6,8.05,386.0,routed,256.0,approach-review
8929aebac47ffff,Crestview Meadows NE 86,,92.7,7.41,105.0,routed,400.0,approach-review
8929aebac4bffff,Crestview Meadows NE 98,,103.4,8.27,0.0,routed,478.0,approach-review
8929aebac4fffff,Crestview Meadows NE 97,,105.0,8.4,0.0,routed,608.0,approach-review
8929aebac53ffff,Crestview Meadows NE 81,,99.5,7.96,207.0,routed,165.0,approach-review
8929aebac57ffff,Crestview Meadows NE 79,,90.2,7.22,30.0,routed,204.0,approach-review
8929aebac5bffff,Crestview Meadows NE 90,,100.2,8.02,798.0,routed,225.0,approach-review
8929aebac63ffff,Crestview Meadows NE 94,,143.9,11.51,0.0,routed,683.0,approach-review
8929aebac67ffff,Crestview Meadows N 101,,140.4,11.23,0.0,routed,473.0,approach-review
8929aebac6bffff,Crestview Meadows NE 105,,138.3,11.06,0.0,routed,434.0,approach-review
8929aebac6fffff,Crestview Meadows N 113,,139.8,11.18,0.0,routed,352.0,approach-review
8929aebac73ffff,Crestview Meadows NE 85,,94.3,7.54,0.0,routed,530.0,approach-review
8929aebac77ffff,Crestview Meadows N 89,,104.1,8.33,0.0,routed,805.0,approach-review
8929aebac7bffff,Crestview Meadows NE 95,,96.9,7.75,0.0,routed,737.0,approach-review
8929aebac83ffff,Crestview Meadows NE 43,,73.1,5.85,2594.0,routed,48.0,network-estimate
8929aebac87ffff,Crestview Meadows N 43,,74.4,5.95,2071.0,routed,205.0,approach-review
8929aebac8bffff,Crestview Meadows NE 50,,78.9,6.32,647.0,routed,136.0,approach-review
8929aebac8fffff,Crestview Meadows NE 49,,77.7,6.21,1530.0,routed,94.0,network-estimate
8929aebac93ffff,Crestview Meadows NE 36,,70.6,5.64,1566.0,routed,97.0,network-estimate
8929aebac97ffff,Crestview Meadows NE 35,,70.7,5.66,2225.0,routed,50.0,network-estimate
8929aebac9bffff,Crestview Meadows NE 44,,74.8,5.98,1336.0,routed,8.0,network-estimate
8929aebaca3ffff,Crestview Meadows N 53,,77.7,6.22,124.0,routed,196.0,approach-review
8929aebaca7ffff,Crestview Meadows N 55,,70.7,5.66,371.0,routed,30.0,network-estimate
8929aebacabffff,Crestview Meadows N 59,,79.0,6.32,918.0,routed,67.0,network-estimate
8929aebacafffff,Crestview Meadows N 63,,79.8,6.38,106.0,routed,242.0,approach-review
8929aebacb3ffff,Crestview Meadows N 44,,72.2,5.77,1711.0,routed,190.0,approach-review
8929aebacb7ffff,Crestview Meadows N 46,,65.5,5.24,1479.0,routed,53.0,network-estimate
8929aebacbbffff,Crestview Meadows N 50,,79.2,6.34,1745.0,routed,91.0,network-estimate
8929aebacc3ffff,Crestview Meadows NE 63,,80.6,6.45,0.0,routed,239.0,approach-review
8929aebacc7ffff,Crestview Meadows NE 60,,82.4,6.59,726.0,routed,107.0,approach-review
8929aebaccbffff,Crestview Meadows NE 73,,85.5,6.84,383.0,routed,436.0,approach-review
8929aebaccfffff,Crestview Meadows NE 71,,86.5,6.92,267.0,routed,225.0,approach-review
8929aebacd3ffff,Crestview Meadows NE 54,,85.2,6.81,0.0,routed,299.0,approach-review
8929aebacd7ffff,Crestview Meadows NE 53,,81.6,6.53,1932.0,routed,41.0,network-estimate
8929aebacdbffff,Crestview Meadows NE 65,,81.6,6.53,199.0,routed,127.0,approach-review
8929aebad03ffff,Crestview Meadows N 88,,89.5,7.16,0.0,routed,1155.0,approach-review
8929aebad07ffff,Crestview Meadows N 97,,78.7,6.3,0.0,routed,824.0,approach-review
8929aebad0bffff,Crestview Meadows N 98,,129.2,10.33,0.0,routed,881.0,approach-review
8929aebad0fffff,Crestview Meadows N 102,,86.3,6.91,0.0,routed,905.0,approach-review
8929aebad13ffff,Crestview Meadows N 77,,93.0,7.44,0.0,routed,902.0,approach-review
8929aebad17ffff,Crestview Meadows N 83,,81.5,6.52,0.0,routed,1049.0,approach-review
8929aebad1bffff,Crestview Meadows N 85,,84.0,6.72,0.0,routed,1015.0,approach-review
8929aebad23ffff,Crestview Meadows N 119,,77.6,6.21,0.0,routed,207.0,approach-review
8929aebad27ffff,Crestview Meadows N 125,,77.8,6.22,0.0,routed,219.0,approach-review
8929aebad2bffff,Crestview Meadows N 123,,80.2,6.42,0.0,routed,417.0,approach-review
8929aebad2fffff,Crestview Meadows N 131,,77.6,6.21,0.0,routed,208.0,approach-review
8929aebad33ffff,Crestview Meadows N 105,,74.2,5.93,0.0,routed,462.0,approach-review
8929aebad37ffff,Crestview Meadows N 112,,69.7,5.57,0.0,routed,100.0,network-estimate
8929aebad3bffff,Crestview Meadows N 110,,81.9,6.55,0.0,routed,547.0,approach-review
8929aebad43ffff,Crestview Meadows N 100,,123.8,9.9,0.0,routed,451.0,approach-review
8929aebad47ffff,Crestview Meadows N 106,,124.5,9.96,0.0,routed,509.0,approach-review
8929aebad4bffff,Crestview Meadows N 109,,122.1,9.77,0.0,routed,315.0,approach-review
8929aebad4fffff,Crestview Meadows N 114,,119.9,9.59,294.0,routed,138.0,approach-review
8929aebad53ffff,Crestview Meadows N 87,,128.3,10.26,0.0,routed,809.0,approach-review
8929aebad57ffff,Crestview Meadows N 93,,127.7,10.22,0.0,routed,764.0,approach-review
8929aebad5bffff,Crestview Meadows N 96,,136.0,10.88,0.0,routed,628.0,approach-review
8929aebad63ffff,Crestview Meadows N 124,,109.5,8.76,205.0,routed,426.0,approach-review
8929aebad67ffff,Crestview Meadows N 130,,110.3,8.82,0.0,routed,489.0,approach-review
8929aebad6bffff,Kern County Soccer Park W,,108.0,8.64,10.0,routed,305.0,approach-review
8929aebad6fffff,Crestview Meadows N 135,,105.7,8.45,328.0,routed,118.0,approach-review
8929aebad73ffff,Crestview Meadows N 111,,127.7,10.21,0.0,routed,760.0,approach-review
8929aebad77ffff,Crestview Meadows N 117,,113.4,9.07,0.0,routed,739.0,approach-review
8929aebad7bffff,Crestview Meadows N 120,,123.8,9.9,371.0,routed,448.0,approach-review
8929aebad83ffff,Crestview Meadows N 61,,57.5,4.6,0.0,routed,391.0,approach-review
8929aebad87ffff,Crestview Meadows N 67,,58.8,4.7,0.0,routed,490.0,approach-review
8929aebad8bffff,Crestview Meadows N 66,,88.7,7.1,0.0,routed,561.0,approach-review
8929aebad8fffff,Crestview Meadows N 72,,61.6,4.93,0.0,routed,716.0,approach-review
8929aebad93ffff,Crestview Meadows N 51,,55.7,4.46,0.0,routed,244.0,approach-review
8929aebad97ffff,Crestview Meadows N 57,,54.4,4.35,0.0,routed,143.0,approach-review
8929aebad9bffff,Crestview Meadows N 56,,85.2,6.82,0.0,routed,283.0,approach-review
8929aebada3ffff,Crestview Meadows N 86,,59.0,4.72,0.0,routed,729.0,approach-review
8929aebada7ffff,Crestview Meadows N 95,,76.5,6.12,0.0,routed,650.0,approach-review
8929aebadabffff,Crestview Meadows N 90,,77.3,6.19,0.0,routed,713.0,approach-review
8929aebadafffff,Crestview Meadows N 99,,73.7,5.9,0.0,routed,424.0,approach-review
8929aebadb3ffff,Crestview Meadows N 75,,56.0,4.48,0.0,routed,485.0,approach-review
8929aebadb7ffff,Crestview Meadows N 82,,55.0,4.4,0.0,routed,411.0,approach-review
8929aebadbbffff,Crestview Meadows N 78,,63.3,5.06,0.0,routed,851.0,approach-review
8929aebadc3ffff,Crestview Meadows N 68,,76.2,6.1,0.0,routed,391.0,approach-review
8929aebadc7ffff,Crestview Meadows N 73,,90.4,7.23,0.0,routed,700.0,approach-review
8929aebadcbffff,Crestview Meadows N 76,,78.2,6.25,0.0,routed,523.0,approach-review
8929aebadcfffff,Crestview Meadows N 79,,80.4,6.43,0.0,routed,724.0,approach-review
8929aebadd3ffff,Crestview Meadows N 58,,79.8,6.38,1.0,routed,177.0,approach-review
8929aebadd7ffff,Crestview Meadows N 62,,85.9,6.87,0.0,routed,339.0,approach-review
8929aebaddbffff,Crestview Meadows N 65,,73.7,5.9,175.0,routed,165.0,approach-review
8929aebae03ffff,Crestview Meadows NE 153,,142.0,11.36,0.0,routed,314.0,approach-review
8929aebae07ffff,Crestview Meadows NE 150,,139.8,11.18,679.0,routed,196.0,approach-review
8929aebae0bffff,Crestview Meadows NE 164,,143.9,11.52,0.0,routed,403.0,approach-review
8929aebae0fffff,Crestview Meadows NE 162,,139.8,11.19,254.0,routed,75.0,network-estimate
8929aebae13ffff,Crestview Meadows NE 140,,146.5,11.72,0.0,routed,671.0,approach-review
8929aebae17ffff,Crestview Meadows NE 137,,143.8,11.5,0.0,routed,516.0,approach-review
8929aebae1bffff,Crestview Meadows NE 156,,145.9,11.67,0.0,routed,625.0,approach-review
8929aebae23ffff,Kern River County Park,,135.9,10.87,674.0,routed,68.0,network-estimate
8929aebae33ffff,Crestview Meadows NE 148,,132.6,10.61,1795.0,routed,101.0,approach-review
8929aebae37ffff,Crestview Meadows NE 146,,135.9,10.87,885.0,routed,191.0,approach-review
8929aebae3bffff,Kern River County Park S,,135.3,10.82,939.0,routed,96.0,network-estimate
8929aebae47ffff,Crestview Meadows NE 177,,203.6,16.29,18.0,routed,587.0,approach-review
8929aebae53ffff,Crestview Meadows NE 172,,155.9,12.47,0.0,routed,742.0,approach-review
8929aebae57ffff,Crestview Meadows NE 169,,148.4,11.87,0.0,routed,762.0,approach-review
8929aebae73ffff,Kern River County Park SE,,143.1,11.45,0.0,routed,339.0,approach-review
8929aebae83ffff,Crestview Meadows NE 114,,106.7,8.54,0.0,routed,493.0,approach-review
8929aebae87ffff,Crestview Meadows NE 110,,137.1,10.96,0.0,routed,800.0,approach-review
8929aebae8bffff,Crestview Meadows NE 128,,107.1,8.57,0.0,routed,631.0,approach-review
8929aebae8fffff,Crestview Meadows NE 125,,111.1,8.89,0.0,routed,842.0,approach-review
8929aebae93ffff,Crestview Meadows NE 102,,103.1,8.25,0.0,routed,204.0,approach-review
8929aebae97ffff,Crestview Meadows NE 101,,107.6,8.61,0.0,routed,566.0,approach-review
8929aebae9bffff,Crestview Meadows NE 116,,102.6,8.21,68.0,routed,267.0,approach-review
8929aebaea3ffff,Crestview Meadows NE 121,,129.3,10.35,10.0,routed,180.0,approach-review
8929aebaea7ffff,Crestview Meadows NE 118,,132.3,10.58,10.0,routed,179.0,approach-review
8929aebaeabffff,Crestview Meadows NE 134,,127.8,10.22,13.0,routed,269.0,approach-review
8929aebaeafffff,Crestview Meadows NE 132,,125.9,10.07,1359.0,routed,58.0,network-estimate
8929aebaeb3ffff,Crestview Meadows NE 109,,133.8,10.7,0.0,routed,540.0,approach-review
8929aebaeb7ffff,Crestview Meadows NE 106,,132.7,10.62,0.0,routed,453.0,approach-review
8929aebaebbffff,Crestview Meadows NE 123,,133.4,10.67,0.0,routed,505.0,approach-review
8929aebaec3ffff,Crestview Meadows NE 149,,150.8,12.06,0.0,routed,335.0,approach-review
8929aebaec7ffff,Crestview Meadows NE 143,,155.3,12.42,0.0,routed,696.0,approach-review
8929aebaecbffff,Crestview Meadows NE 163,,151.3,12.11,0.0,routed,379.0,approach-review
8929aebaecfffff,Crestview Meadows NE 158,,154.3,12.34,0.0,routed,616.0,approach-review
8929aebaed3ffff,Crestview Meadows NE 139,,150.8,12.06,411.0,routed,332.0,approach-review
8929aebaed7ffff,Crestview Meadows NE 133,,105.6,8.45,0.0,routed,557.0,approach-review
8929aebaedbffff,Crestview Meadows NE 155,,147.1,11.77,0.0,routed,41.0,network-estimate
8929aebb123ffff,Crestview Meadows NE 280,,256.8,20.54,0.0,routed,1355.0,approach-review
8929aebb127ffff,Crestview Meadows NE 277,,252.5,20.2,0.0,routed,1013.0,approach-review
8929aebb12bffff,Crestview Meadows NE 286,,258.5,20.68,0.0,routed,1491.0,approach-review
8929aebb12fffff,Crestview Meadows NE 283,,253.9,20.32,0.0,routed,1129.0,approach-review
8929aebb14fffff,Crestview Meadows NE 304,,264.0,21.12,0.0,routed,1479.0,approach-review
8929aebb163ffff,Crestview Meadows NE 298,,266.7,21.33,0.0,routed,1693.0,approach-review
8929aebb167ffff,Crestview Meadows NE 293,,261.1,20.88,0.0,routed,1698.0,approach-review
8929aebb16bffff,Crestview Meadows NE 303,,269.3,21.55,0.0,routed,1907.0,approach-review
8929aebb16fffff,Crestview Meadows NE 300,,208.1,16.65,0.0,routed,1868.0,approach-review
8929aebb173ffff,Crestview Meadows NE 294,,262.1,20.97,0.0,routed,1328.0,approach-review
8929aebb177ffff,Crestview Meadows NE 290,,264.7,21.18,0.0,routed,1540.0,approach-review
8929aebb17bffff,Crestview Meadows NE 301,,264.9,21.19,0.0,routed,1548.0,approach-review
8929aebb3a7ffff,Crestview Meadows NE 307,,272.6,21.8,0.0,routed,2164.0,approach-review
8929aebb3b7ffff,Crestview Meadows NE 306,,268.2,21.46,0.0,routed,1817.0,approach-review
