h3,name,holc,access_min,access_km,street_m,access_src
8828301001fffff,Waterstone Terrace SW 2,,46.8,3.74,1002.0,routed
8828301003fffff,Crockett SE 3,,52.4,4.2,2573.0,routed
8828301005fffff,Benicia,,55.9,4.47,281.0,routed
8828301007fffff,Waterstone Terrace SW,,50.9,4.07,1826.0,routed
8828301009fffff,Rancho Benicia SW 5,,69.3,5.54,1107.0,routed
882830100bfffff,Crockett SE 4,,60.8,4.86,744.0,routed
882830100dfffff,Rancho Benicia SW 2,,63.4,5.07,0.0,routed
8828301011fffff,Crockett,,18.0,1.44,2513.0,routed
8828301013fffff,Alexander Park,,0.9,0.08,10850.0,routed
8828301015fffff,Crockett E 2,,41.5,3.32,2534.0,routed
8828301017fffff,Crockett E,,13.5,1.08,6418.0,routed
8828301019fffff,Crockett S,,39.0,3.12,1270.0,routed
882830101bfffff,Valona S,,59.8,4.79,759.0,routed
882830101dfffff,Crockett SE,,35.2,2.82,199.0,routed
8828301029fffff,Rancho Benicia,,67.3,5.38,355.0,routed
882830102bfffff,Waterstone Terrace,,40.2,3.21,0.0,routed
8828301031fffff,Hampton Bay,,52.7,4.22,0.0,routed
8828301039fffff,Aqua Vista Condominium SW,,41.0,3.28,0.0,routed
882830103bfffff,Glen Cove SE,,34.6,2.77,11.0,routed
882830103dfffff,Aqua Vista Condominium,,62.8,5.02,0.0,routed
8828301041fffff,Rancho Benicia SW 6,,82.2,6.57,1117.0,routed
8828301043fffff,Crockett SE 6,,72.8,5.82,786.0,routed
8828301045fffff,Martinez W 7,,89.7,7.18,1177.0,routed
8828301047fffff,Rancho Benicia SW 4,,78.2,6.25,1040.0,routed
8828301049fffff,Martinez W 10,,97.4,7.79,102.0,routed
882830104bfffff,Crockett SE 7,,82.4,6.59,1487.0,routed
882830104dfffff,Martinez W 8,,122.7,9.82,364.0,routed
8828301051fffff,Crockett S 3,,59.2,4.74,0.0,routed
8828301053fffff,Crockett S 2,,53.2,4.26,0.0,routed
8828301055fffff,Crockett SE 5,,55.0,4.4,0.0,routed
8828301057fffff,Crockett SE 2,,43.0,3.44,502.0,routed
8828301059fffff,Crockett S 5,,80.1,6.41,0.0,routed
882830105bfffff,Valona S 4,,61.3,4.9,0.0,routed
882830105dfffff,Crockett S 4,,85.5,6.84,0.0,routed
8828301061fffff,Rancho Benicia S 3,,32.8,2.63,607.0,routed
8828301063fffff,Rancho Benicia SW,,68.6,5.49,0.0,routed
8828301065fffff,Rancho Benicia S 2,,38.2,3.06,0.0,routed
8828301067fffff,Rancho Benicia S,,42.9,3.44,0.0,routed
8828301069fffff,Martinez W 4,,40.5,3.24,360.0,routed
882830106bfffff,Rancho Benicia SW 3,,48.4,3.87,0.0,routed
882830106dfffff,Martinez NW 3,,36.3,2.9,1300.0,routed
88283010c1fffff,Valona W,,22.9,1.83,2456.0,routed
88283010c3fffff,Carquinez Highlands Mobile Home Park SW,,39.3,3.15,0.0,routed
88283010c5fffff,Valona N,,12.2,0.98,1674.0,routed
88283010c7fffff,Carquinez Highlands Mobile Home Park,,25.4,2.04,0.0,routed
88283010c9fffff,Valona W 2,,42.0,3.36,1172.0,routed
88283010cbfffff,Bayo Vista NE 2,,44.8,3.58,887.0,routed
88283010cdfffff,Valona,,21.7,1.73,5674.0,routed
88283010d1fffff,Bay Village Apartments,,67.0,5.36,0.0,routed
88283010d9fffff,Bayo Vista N 2,,60.6,4.85,0.0,routed
88283010dbfffff,Bayo Vista N 4,,71.8,5.75,0.0,routed
88283010ddfffff,Bayo Vista N 3,,53.2,4.25,0.0,routed
88283010e9fffff,Crockett N,,10.6,0.85,60.0,routed
88283010edfffff,Glen Cove,,23.7,1.89,496.0,routed
882830110dfffff,Maingate Townhomes E 2,,92.7,7.41,0.0,routed
8828301141fffff,Mountain View N 3,,44.3,3.55,1834.0,routed
8828301143fffff,Maingate Townhomes SE 2,,51.2,4.1,0.0,routed
8828301145fffff,Vine Hill N 4,,75.6,6.05,0.0,routed
8828301147fffff,Maingate Townhomes E,,59.8,4.79,0.0,routed
8828301149fffff,Mountain View N 2,,30.4,2.43,4130.0,routed
882830114bfffff,Martinez NE 2,,38.9,3.11,0.0,routed
882830114dfffff,Mountain View NE 2,,46.7,3.74,1615.0,routed
8828301159fffff,Maingate Townhomes,,25.6,2.05,0.0,routed
882830115dfffff,Maingate Townhomes SE,,31.9,2.55,185.0,routed
8828301161fffff,Vine Hill N 7,,87.8,7.03,170.0,routed
8828301163fffff,Maingate Townhomes E 4,,92.2,7.38,0.0,routed
8828301165fffff,Vine Hill N 8,,99.7,7.97,0.0,routed
8828301167fffff,Maingate Townhomes E 5,,98.3,7.86,0.0,routed
8828301169fffff,Vine Hill N 5,,70.2,5.62,0.0,routed
882830116bfffff,Maingate Townhomes E 3,,81.2,6.5,0.0,routed
882830116dfffff,Vine Hill N 6,,78.6,6.29,910.0,routed
8828301201fffff,Carriage Hills North E 6,,86.6,6.93,0.0,routed
8828301203fffff,Carriage Hills North NE 8,,69.3,5.54,0.0,routed
8828301205fffff,Carriage Hills North E 8,,131.8,10.55,160.0,routed
8828301207fffff,Carriage Hills North NE 12,,66.5,5.32,0.0,routed
8828301209fffff,Carriage Hills North E 5,,86.2,6.9,790.0,routed
882830120bfffff,Carriage Hills North E 4,,91.5,7.32,0.0,routed
882830120dfffff,Carriage Hills North E 7,,93.8,7.5,1002.0,routed
8828301211fffff,Carriage Hills North NE 6,,30.4,2.43,3924.0,routed
8828301213fffff,Carriage Hills North N 4,,13.8,1.1,8400.0,routed
8828301215fffff,Carriage Hills North NE 7,,48.7,3.89,0.0,routed
8828301217fffff,Carriage Hills North NE 9,,32.7,2.62,943.0,routed
8828301219fffff,Carriage Hills North NE 3,,40.2,3.21,0.0,routed
882830121bfffff,Carriage Hills North N 3,,30.4,2.43,687.0,routed
882830121dfffff,Carriage Hills North NE 5,,61.2,4.9,0.0,routed
8828301221fffff,Martinez SW 10,,97.6,7.81,0.0,routed
8828301223fffff,Martinez W 11,,107.2,8.58,450.0,routed
8828301225fffff,Martinez SW 9,,82.8,6.62,831.0,routed
8828301227fffff,Martinez W 9,,102.7,8.21,395.0,routed
8828301229fffff,Alhambra Valley W 15,,102.1,8.17,751.0,routed
882830122bfffff,Carriage Hills North NE 15,,101.5,8.12,697.0,routed
882830122dfffff,Alhambra Valley NW 6,,100.9,8.07,853.0,routed
8828301231fffff,Carriage Hills North NE 13,,82.8,6.62,744.0,routed
8828301233fffff,Alexandria Victoria By the Bay E 5,,93.5,7.48,0.0,routed
8828301235fffff,Crockett S 7,,95.3,7.63,0.0,routed
8828301237fffff,Crockett S 6,,91.4,7.32,313.0,routed
8828301239fffff,Carriage Hills North NE 10,,60.5,4.84,0.0,routed
882830123bfffff,Carriage Hills North NE 11,,43.4,3.47,0.0,routed
882830123dfffff,Carriage Hills North NE 14,,94.8,7.58,878.0,routed
8828301241fffff,Carriage Hills South E 6,,119.7,9.58,0.0,routed
8828301243fffff,Carriage Hills South E 4,,95.6,7.65,0.0,routed
8828301245fffff,Carriage Hills South E 9,,124.8,9.99,1219.0,routed
8828301247fffff,Carriage Hills South E 7,,104.7,8.38,1484.0,routed
8828301249fffff,Carriage Hills South E 5,,95.8,7.66,241.0,routed
882830124bfffff,Carriage Hills South E 3,,104.4,8.35,0.0,routed
882830124dfffff,Carriage Hills South E 8,,125.3,10.02,1689.0,routed
8828301251fffff,Carriage Hills North E 2,,69.9,5.59,0.0,routed
8828301253fffff,Carriage Hills North NE,,60.0,4.8,1319.0,routed
8828301255fffff,Carriage Hills North E 3,,93.6,7.49,852.0,routed
8828301257fffff,Carriage Hills North NE 4,,66.9,5.35,998.0,routed
8828301259fffff,Carriage Hills South E,,89.1,7.13,0.0,routed
882830125bfffff,Carriage Hills North E,,79.2,6.34,1775.0,routed
882830125dfffff,Carriage Hills South E 2,,102.9,8.24,0.0,routed
8828301261fffff,Alhambra Valley W 14,,113.2,9.06,1142.0,routed
8828301263fffff,Carriage Hills North E 9,,128.5,10.28,138.0,routed
8828301265fffff,Alhambra Valley W 10,,119.9,9.59,1513.0,routed
8828301267fffff,Alhambra Valley W 13,,121.0,9.68,450.0,routed
8828301269fffff,Carriage Hills South E 13,,123.5,9.88,957.0,routed
882830126bfffff,Carriage Hills South E 10,,119.9,9.59,1151.0,routed
882830126dfffff,Alhambra Valley W 11,,115.6,9.25,2129.0,routed
8828301281fffff,Alexandria Victoria By the Bay E,,25.1,2.0,9097.0,routed
8828301283fffff,Alexandria Victoria By the Bay N,,18.9,1.51,12007.0,routed
8828301285fffff,Alexandria Victoria By the Bay E 2,,35.4,2.83,6064.0,routed
8828301287fffff,Bayo Vista S,,23.3,1.86,6500.0,routed
8828301289fffff,Valley Oak Villas NE,,17.5,1.4,7459.0,routed
882830128bfffff,Alexandria Victoria By the Bay,,25.1,2.01,6068.0,routed
882830128dfffff,Alexandria Victoria By the Bay SE,,24.1,1.93,6310.0,routed
8828301291fffff,Dylan Apartment Homes N,,45.0,3.6,0.0,routed
8828301293fffff,Dylan Apartment Homes NW,,48.5,3.88,0.0,routed
8828301295fffff,Rodeo W,,11.0,0.88,4192.0,routed
8828301297fffff,Rodeo W 2,,19.0,1.52,0.0,routed
8828301299fffff,Hercules,,28.6,2.29,1666.0,routed
882830129bfffff,Hercules NW,,40.0,3.2,0.0,routed
882830129dfffff,Dylan Apartment Homes,,34.8,2.78,3920.0,routed
88283012a1fffff,Bayo Vista E 3,,52.3,4.18,344.0,routed
88283012a3fffff,Bayo Vista E 2,,51.0,4.08,1274.0,routed
88283012a5fffff,Valona S 2,,43.1,3.44,0.0,routed
88283012a7fffff,Valona SW,,65.0,5.2,0.0,routed
88283012a9fffff,Bayo Vista SE 2,,43.4,3.48,761.0,routed
88283012abfffff,Bayo Vista SE,,36.0,2.88,0.0,routed
88283012adfffff,Valona S 3,,66.8,5.34,0.0,routed
88283012b1fffff,Bayo Vista,,16.4,1.31,2534.0,routed
88283012b3fffff,Bayo Vista NW,,24.3,1.95,0.0,routed
88283012b5fffff,Bayo Vista NE,,42.6,3.41,1441.0,routed
88283012b7fffff,Bayo Vista N,,50.7,4.05,609.0,routed
88283012b9fffff,Rodeo,,7.4,0.59,12179.0,routed
88283012bbfffff,Bayo Vista W,,9.1,0.72,1379.0,routed
88283012bdfffff,Bayo Vista E,,17.7,1.42,630.0,routed
88283012c1fffff,Valley Oak Villas SE,,21.3,1.7,4590.0,routed
88283012c3fffff,Valley Oak Villas,,22.7,1.82,10167.0,routed
88283012c5fffff,Valley Oak Villas E 2,,13.7,1.09,7677.0,routed
88283012c7fffff,Valley Oak Villas E,,15.8,1.27,9299.0,routed
88283012c9fffff,Valley Oak Villas SE 2,,34.9,2.8,2758.0,routed
88283012cbfffff,Westwood SE,,28.8,2.3,3552.0,routed
88283012cdfffff,Valley Oak Villas SE 3,,21.7,1.73,371.0,routed
88283012d1fffff,Glenwood,,16.9,1.35,11980.0,routed
88283012d3fffff,Olympian Hills W,,23.4,1.87,8456.0,routed
88283012d5fffff,Forest Past,,11.9,0.95,7967.0,routed
88283012d7fffff,Olympian Hills,,30.6,2.45,10848.0,routed
88283012d9fffff,Westwood SW,,11.1,0.89,6243.0,routed
88283012dbfffff,Pinole,,6.3,0.5,8791.0,routed
88283012ddfffff,Westwood,,24.1,1.93,4941.0,routed
88283012e1fffff,Alexandria Victoria By the Bay E 4,,117.0,9.36,0.0,routed
88283012e3fffff,Alexandria Victoria By the Bay E 3,,41.2,3.29,981.0,routed
88283012e5fffff,Bayo Vista SE 4,,78.9,6.31,603.0,routed
88283012e7fffff,Bayo Vista SE 3,,124.7,9.98,634.0,routed
88283012e9fffff,Valley Oak Villas E 4,,23.7,1.9,3574.0,routed
88283012ebfffff,Valley Oak Villas E 3,,28.5,2.28,3440.0,routed
88283012edfffff,Valley Oak Villas E 5,,105.2,8.42,14.0,routed
8828301301fffff,Martinez S 2,,21.7,1.73,6831.0,routed
8828301303fffff,Martinez SW 2,,28.8,2.31,0.0,routed
8828301305fffff,Mountain View SW,,13.3,1.07,8292.0,routed
8828301307fffff,Martinez S,,7.7,0.61,8123.0,routed
8828301309fffff,Alhambra Valley N 3,,34.9,2.79,1202.0,routed
882830130bfffff,Martinez SW 5,,46.2,3.7,1708.0,routed
882830130dfffff,Mountain View SW 2,,20.7,1.66,6128.0,routed
8828301311fffff,Martinez W 3,,36.3,2.9,0.0,routed
8828301313fffff,Martinez W 5,,36.3,2.9,469.0,routed
8828301315fffff,Martinez SW 3,,25.0,2.0,0.0,routed
8828301317fffff,Martinez W 2,,26.6,2.13,0.0,routed
8828301319fffff,Martinez SW 7,,73.5,5.88,1388.0,routed
882830131bfffff,Martinez W 6,,122.3,9.79,817.0,routed
882830131dfffff,Martinez SW 4,,37.3,2.98,2522.0,routed
8828301321fffff,Mountain View E,,16.3,1.31,8660.0,routed
8828301323fffff,Mountain View N,,14.5,1.16,5998.0,routed
8828301325fffff,Vine Hill W,,30.7,2.46,4945.0,routed
8828301327fffff,Mountain View NE,,44.8,3.58,1975.0,routed
8828301329fffff,Mountain View S,,5.7,0.45,8968.0,routed
882830132bfffff,Mountain View,,15.8,1.27,11683.0,routed
882830132dfffff,Mountain View SE,,28.3,2.26,8403.0,routed
8828301331fffff,Martinez NW,,4.6,0.37,12075.0,routed
8828301333fffff,Martinez NW 2,,17.2,1.38,0.0,routed
8828301335fffff,Martinez NE,,14.0,1.12,4270.0,routed
8828301337fffff,Martinez N,,20.5,1.64,1283.0,routed
8828301339fffff,Martinez SW,,12.8,1.02,6786.0,routed
882830133bfffff,Martinez W,,9.7,0.78,1935.0,routed
882830133dfffff,Martinez,,6.3,0.51,13890.0,routed
8828301341fffff,Alhambra Valley NW,,72.9,5.83,2220.0,routed
8828301343fffff,Alhambra Valley NW 2,,48.5,3.88,189.0,routed
8828301345fffff,Alhambra Valley N,,41.1,3.29,3124.0,routed
8828301347fffff,Alhambra Valley N 2,,40.8,3.27,620.0,routed
8828301349fffff,Alhambra Valley W,,60.4,4.83,3792.0,routed
882830134bfffff,Alhambra Valley W 2,,78.8,6.31,2507.0,routed
882830134dfffff,Alhambra Valley,,52.0,4.16,4398.0,routed
8828301351fffff,Alhambra Valley NW 5,,75.2,6.01,0.0,routed
8828301353fffff,Martinez SW 8,,87.4,6.99,179.0,routed
8828301355fffff,Alhambra Valley NW 4,,68.2,5.46,182.0,routed
8828301357fffff,Martinez SW 6,,70.0,5.6,1145.0,routed
8828301359fffff,Alhambra Valley W 6,,104.3,8.35,783.0,routed
882830135bfffff,Alhambra Valley W 9,,92.8,7.42,0.0,routed
882830135dfffff,Alhambra Valley NW 3,,73.1,5.85,0.0,routed
8828301361fffff,Traditions at the Meadow W,,29.6,2.37,4513.0,routed
8828301363fffff,Traditions at the Meadow NW 2,,11.7,0.93,5245.0,routed
8828301365fffff,Traditions at the Meadow,,14.2,1.14,10562.0,routed
8828301367fffff,Traditions at the Meadow NW,,17.9,1.43,8503.0,routed
8828301369fffff,Traditions at the Meadow SW 2,,40.7,3.26,4677.0,routed
882830136bfffff,Traditions at the Meadow W 2,,28.7,2.29,8480.0,routed
882830136dfffff,Traditions at the Meadow SW,,25.4,2.03,8979.0,routed
8828301601fffff,Tara Hills Mobile Manor NW 27,,164.0,13.12,0.0,routed
8828301605fffff,Tara Hills Mobile Manor NW 24,,161.9,12.95,0.0,routed
8828301609fffff,Tara Hills Mobile Manor NW 25,,155.8,12.46,0.0,routed
882830160dfffff,Tara Hills Mobile Manor NW 20,,153.5,12.28,0.0,routed
8828301621fffff,Tara Hills Mobile Manor NW 26,,175.5,14.04,0.0,routed
8828301625fffff,Tara Hills Mobile Manor N 8,,180.5,14.44,0.0,routed
8828301627fffff,Farragut Village SW 11,,187.2,14.97,0.0,routed
8828301629fffff,Tara Hills Mobile Manor NW 22,,164.0,13.12,0.0,routed
882830162bfffff,Tara Hills Mobile Manor NW 28,,172.6,13.81,0.0,routed
882830162dfffff,Tara Hills Mobile Manor NW 21,,168.6,13.49,0.0,routed
8828301641fffff,Tara Hills Mobile Manor NW 17,,133.1,10.65,0.0,routed
8828301643fffff,Tara Hills Mobile Manor NW 23,,144.5,11.56,0.0,routed
8828301645fffff,Tara Hills Mobile Manor NW 14,,133.6,10.69,0.0,routed
8828301647fffff,Tara Hills Mobile Manor NW 19,,144.6,11.56,0.0,routed
8828301649fffff,San Marcos Apartments NW 8,,131.3,10.5,0.0,routed
882830164bfffff,San Marcos Apartments NW 10,,141.3,11.31,0.0,routed
882830164dfffff,Tara Hills Mobile Manor NW 12,,121.8,9.74,0.0,routed
8828301661fffff,Tara Hills Mobile Manor NW 13,,145.0,11.6,0.0,routed
8828301663fffff,Tara Hills Mobile Manor NW 18,,152.7,12.22,0.0,routed
8828301665fffff,Tara Hills Mobile Manor NW 11,,151.6,12.13,0.0,routed
8828301667fffff,Tara Hills Mobile Manor NW 16,,156.8,12.54,0.0,routed
8828301669fffff,Tara Hills Mobile Manor NW 10,,133.2,10.66,0.0,routed
882830166bfffff,Tara Hills Mobile Manor NW 15,,141.9,11.35,0.0,routed
882830166dfffff,Tara Hills Mobile Manor NW 8,,140.2,11.21,0.0,routed
8828301701fffff,Farragut Village SW 3,,61.8,4.94,0.0,routed
8828301703fffff,Farragut Village SW 4,,73.1,5.85,0.0,routed
8828301705fffff,Farragut Village SW 2,,55.5,4.44,0.0,routed
8828301707fffff,Farragut Village SW,,67.0,5.36,0.0,routed
8828301709fffff,Hercules NW 7,,58.9,4.71,0.0,routed
882830170bfffff,Farragut Village SW 6,,69.7,5.58,0.0,routed
882830170dfffff,Bayo Vista NW 8,,50.5,4.04,0.0,routed
8828301711fffff,Farragut Village SW 8,,91.9,7.35,0.0,routed
8828301713fffff,Farragut Village W,,204.2,16.34,0.0,routed
8828301715fffff,Farragut Village SW 5,,84.5,6.76,0.0,routed
8828301719fffff,Farragut Village SW 9,,187.0,14.96,0.0,routed
882830171bfffff,Farragut Village SW 10,,192.3,15.39,0.0,routed
882830171dfffff,Farragut Village SW 7,,80.7,6.46,0.0,routed
8828301729fffff,Farragut Village,,51.8,4.14,0.0,routed
8828301741fffff,Hercules NW 4,,62.9,5.03,0.0,routed
8828301743fffff,Hercules NW 6,,74.3,5.95,0.0,routed
8828301745fffff,Dylan Apartment Homes NW 2,,59.4,4.75,0.0,routed
8828301747fffff,Hercules NW 5,,48.5,3.88,0.0,routed
8828301749fffff,Bayside Apartment Homes N 2,,63.1,5.04,0.0,routed
882830174bfffff,Bayside Apartment Homes NW 4,,71.4,5.71,0.0,routed
882830174dfffff,Hercules NW 3,,51.5,4.12,0.0,routed
8828301751fffff,Bayside Apartment Homes NW 7,,91.6,7.33,0.0,routed
8828301753fffff,Bayside Apartment Homes NW 9,,175.2,14.01,0.0,routed
8828301755fffff,Hercules NW 8,,91.4,7.32,0.0,routed
8828301757fffff,Bayside Apartment Homes NW 8,,101.2,8.1,0.0,routed
8828301759fffff,Tara Hills Mobile Manor N 6,,83.0,6.64,0.0,routed
882830175bfffff,Tara Hills Mobile Manor N 7,,163.4,13.07,0.0,routed
882830175dfffff,Bayside Apartment Homes NW 6,,81.2,6.49,0.0,routed
8828301761fffff,Bayo Vista NW 4,,32.7,2.62,0.0,routed
8828301763fffff,Bayo Vista NW 7,,44.1,3.53,0.0,routed
8828301765fffff,Bayo Vista NW 3,,35.6,2.85,0.0,routed
8828301767fffff,Bayo Vista NW 5,,41.1,3.28,0.0,routed
8828301769fffff,Rodeo NW,,28.5,2.28,0.0,routed
882830176bfffff,Bayo Vista NW 6,,39.3,3.15,0.0,routed
882830176dfffff,Bayo Vista NW 2,,21.4,1.71,0.0,routed
8828301a09fffff,Clyde N 10,,151.9,12.15,0.0,routed
8828301a41fffff,Clyde N 4,,137.9,11.03,1227.0,routed
8828301a43fffff,Clyde NW 7,,150.0,12.0,439.0,routed
8828301a45fffff,Clyde N 5,,133.9,10.72,4687.0,routed
8828301a47fffff,Clyde N 7,,143.9,11.51,2385.0,routed
8828301a49fffff,Clyde NW 3,,147.1,11.77,958.0,routed
8828301a4bfffff,Clyde NW 5,,155.8,12.46,0.0,routed
8828301a4dfffff,Clyde N 2,,120.2,9.61,3286.0,routed
8828301a51fffff,Clyde NW 11,,170.1,13.61,0.0,routed
8828301a55fffff,Clyde NW 10,,160.6,12.85,0.0,routed
8828301a57fffff,Clyde NW 13,,172.0,13.76,0.0,routed
8828301a59fffff,Clyde NW 9,,95.8,7.67,0.0,routed
8828301a5bfffff,Clyde NW 12,,108.5,8.68,0.0,routed
8828301a5dfffff,Clyde NW 8,,161.8,12.94,0.0,routed
8828301a61fffff,Clyde N 9,,156.6,12.53,0.0,routed
8828301a65fffff,Shore Acres NW 10,,153.5,12.28,0.0,routed
8828301a69fffff,Clyde N 6,,145.1,11.6,1906.0,routed
8828301a6bfffff,Clyde N 8,,145.4,11.63,2563.0,routed
8828301a6dfffff,Shore Acres NW 9,,146.0,11.68,991.0,routed
8828301b41fffff,Shore Acres N 5,,133.1,10.65,0.0,routed
8828301b49fffff,Shore Acres N 2,,123.9,9.91,0.0,routed
8828301b4bfffff,Shore Acres N 4,,136.3,10.9,0.0,routed
8828301b4dfffff,Shore Acres N 3,,124.7,9.98,0.0,routed
8828301b59fffff,Shore Acres NW 8,,160.4,12.83,0.0,routed
8828301b5dfffff,Shore Acres N 6,,168.5,13.48,0.0,routed
8828305245fffff,Edgewater Mobile Home Park,,189.5,15.16,1006.0,routed
8828305261fffff,The Willows At Bethel Island NW 20,,204.2,16.34,102.0,routed
8828305263fffff,Edgewater Mobile Home Park E 2,,211.6,16.93,491.0,routed
8828305265fffff,The Willows At Bethel Island NW 19,,224.9,17.99,1250.0,routed
8828305267fffff,The Willows At Bethel Island NW 21,,216.1,17.29,1091.0,routed
8828305269fffff,The Willows At Bethel Island NW 18,,192.4,15.39,813.0,routed
882830526bfffff,Edgewater Mobile Home Park E,,200.3,16.03,1323.0,routed
882830526dfffff,The Willows At Bethel Island NW 16,,214.0,17.12,987.0,routed
8828305341fffff,The Willows At Bethel Island N 16,,240.5,19.24,0.0,routed
8828305343fffff,The Willows At Bethel Island N 19,,242.7,19.41,93.0,routed
8828305345fffff,The Willows At Bethel Island N 18,,147.7,11.81,0.0,routed
8828305347fffff,The Willows At Bethel Island N 20,,251.6,20.13,0.0,routed
8828305349fffff,The Willows At Bethel Island N 12,,229.7,18.38,0.0,routed
882830534bfffff,The Willows At Bethel Island N 15,,231.1,18.49,0.0,routed
882830534dfffff,The Willows At Bethel Island N 13,,135.9,10.87,0.0,routed
8828305359fffff,The Willows At Bethel Island N 17,,228.7,18.3,681.0,routed
882830535bfffff,The Willows At Bethel Island N 22,,236.2,18.89,210.0,routed
8828305369fffff,The Willows At Bethel Island N 21,,155.7,12.46,0.0,routed
882830536dfffff,The Willows At Bethel Island NE 25,,164.7,13.18,0.0,routed
8828308801fffff,Orinda,,18.0,1.44,6205.0,routed
8828308803fffff,Orinda NW,,16.6,1.33,7667.0,routed
8828308805fffff,Orinda NE,,33.2,2.65,3756.0,routed
8828308807fffff,Orinda N,,32.5,2.6,5397.0,routed
8828308809fffff,Orinda S,,28.2,2.26,8365.0,routed
882830880bfffff,Orinda W,,9.4,0.75,970.0,routed
882830880dfffff,Orinda E,,28.9,2.31,4214.0,routed
8828308811fffff,Orinda NW 4,,12.6,1.01,6694.0,routed
8828308813fffff,Orinda NW 6,,5.8,0.46,1345.0,routed
8828308815fffff,Orinda NW 3,,19.3,1.55,5478.0,routed
8828308817fffff,Orinda NW 5,,24.2,1.93,4068.0,routed
8828308819fffff,Wilder NW 5,,34.5,2.76,5258.0,routed
882830881bfffff,Wilder NW 6,,45.3,3.63,2849.0,routed
882830881dfffff,Orinda NW 2,,18.3,1.46,5131.0,routed
8828308821fffff,Orinda NE 4,,13.6,1.08,6978.0,routed
8828308823fffff,Orinda NE 5,,33.9,2.71,4476.0,routed
8828308825fffff,Lafayette NW 3,,21.8,1.74,4612.0,routed
8828308827fffff,Lafayette NW 6,,28.9,2.31,5951.0,routed
8828308829fffff,Orinda NE 3,,17.2,1.38,7477.0,routed
882830882bfffff,Orinda NE 2,,31.9,2.55,6349.0,routed
882830882dfffff,Lafayette W 4,,6.7,0.54,2586.0,routed
8828308831fffff,Orinda N 5,,54.1,4.33,4579.0,routed
8828308833fffff,Orinda N 7,,52.5,4.2,5434.0,routed
8828308835fffff,Orinda N 6,,54.9,4.39,4851.0,routed
8828308837fffff,Orinda N 8,,57.0,4.56,3497.0,routed
8828308839fffff,Orinda N 2,,29.3,2.35,7783.0,routed
882830883bfffff,Orinda N 4,,31.0,2.48,5164.0,routed
882830883dfffff,Orinda N 3,,41.1,3.29,7310.0,routed
8828308841fffff,Wilder SE,,23.5,1.88,1435.0,routed
8828308843fffff,Wilder,,12.2,0.98,7879.0,routed
8828308845fffff,Glorietta,,31.4,2.51,4949.0,routed
8828308847fffff,Wilder NE,,25.0,2.0,6248.0,routed
8828308849fffff,Wilder S 2,,28.5,2.28,0.0,routed
882830884bfffff,Wilder S,,37.1,2.97,1652.0,routed
882830884dfffff,Lost Valley,,38.2,3.05,2981.0,routed
8828308851fffff,Wilder NW 2,,18.8,1.5,579.0,routed
8828308853fffff,Wilder NW 4,,45.4,3.63,0.0,routed
8828308855fffff,Wilder NW,,13.1,1.05,1012.0,routed
8828308857fffff,Wilder NW 3,,30.1,2.41,0.0,routed
8828308859fffff,Wilder W 2,,44.8,3.58,1166.0,routed
882830885bfffff,Parkwoods Condominiums NE,,44.3,3.55,1145.0,routed
882830885dfffff,Wilder W,,11.0,0.88,860.0,routed
8828308861fffff,Glorietta NE 2,,35.4,2.83,2573.0,routed
8828308863fffff,Orinda E 2,,31.6,2.53,6693.0,routed
8828308865fffff,Rheem Valley NW 3,,22.5,1.8,418.0,routed
8828308867fffff,Glorietta NE 3,,28.7,2.3,0.0,routed
8828308869fffff,Glorietta E,,45.0,3.6,5027.0,routed
882830886bfffff,Glorietta NE,,39.3,3.15,6115.0,routed
882830886dfffff,Glorietta E 2,,36.8,2.95,4420.0,routed
8828308881fffff,Cragmont NE 5,,55.8,4.46,0.0,routed
8828308883fffff,Carriage Hills South S 6,,72.2,5.78,0.0,routed
8828308885fffff,Carriage Hills South SE 13,,48.9,3.92,0.0,routed
8828308887fffff,Carriage Hills South SE 9,,80.7,6.45,0.0,routed
8828308889fffff,Cragmont NE 4,,43.5,3.48,924.0,routed
882830888bfffff,Cragmont NE 3,,61.6,4.93,0.0,routed
882830888dfffff,Berkeley Hills NE 4,,46.8,3.75,0.0,routed
8828308891fffff,Carriage Hills South S 5,,88.1,7.05,0.0,routed
8828308893fffff,Carriage Hills South SW 5,,95.6,7.65,0.0,routed
8828308895fffff,Carriage Hills South S 4,,97.6,7.81,0.0,routed
8828308897fffff,Carriage Hills South S 3,,96.0,7.68,0.0,routed
8828308899fffff,Kensington NE 2,,72.3,5.78,0.0,routed
882830889bfffff,Kensington NE 3,,96.1,7.69,0.0,routed
882830889dfffff,Kensington NE 4,,71.3,5.71,0.0,routed
88283088a1fffff,Carriage Hills South SE 12,,106.6,8.52,0.0,routed
88283088a3fffff,Carriage Hills South SE 8,,87.6,7.01,0.0,routed
88283088a5fffff,Carriage Hills South SE 15,,113.6,9.09,0.0,routed
88283088a7fffff,Carriage Hills South SE 11,,108.6,8.69,350.0,routed
88283088a9fffff,Carriage Hills South SE 14,,121.8,9.74,0.0,routed
88283088abfffff,Carriage Hills South SE 10,,98.5,7.88,0.0,routed
88283088adfffff,Carriage Hills South SE 16,,115.5,9.24,0.0,routed
88283088b1fffff,Carriage Hills South SE 4,,95.2,7.62,0.0,routed
88283088b3fffff,Carriage Hills South SE 2,,104.1,8.33,0.0,routed
88283088b5fffff,Carriage Hills South SE 5,,88.0,7.04,0.0,routed
88283088b7fffff,Carriage Hills South SE 3,,99.1,7.93,0.0,routed
88283088b9fffff,Carriage Hills South SE 6,,99.4,7.95,0.0,routed
88283088bbfffff,Carriage Hills South S 2,,105.5,8.44,0.0,routed
88283088bdfffff,Carriage Hills South SE 7,,87.6,7.01,0.0,routed
88283088c1fffff,La Loma Park NE 4,,32.8,2.62,1180.0,routed
88283088c3fffff,Berkeley Hills NE 3,,42.9,3.43,0.0,routed
88283088c5fffff,La Loma Park NE 6,,17.3,1.39,1664.0,routed
88283088c7fffff,La Loma Park NE 5,,41.4,3.31,1125.0,routed
88283088c9fffff,La Loma Park NE 3,,72.1,5.77,507.0,routed
88283088cbfffff,La Loma Park NE 2,,62.0,4.96,1094.0,routed
88283088cdfffff,La Loma Park E 3,,32.0,2.56,1350.0,routed
88283088d1fffff,Cragmont NE,,55.3,4.42,0.0,routed
88283088d3fffff,Kensington E 2,,50.3,4.02,0.0,routed
88283088d5fffff,Cragmont NE 2,,67.6,5.41,0.0,routed
88283088d7fffff,Kensington E 3,,61.8,4.94,0.0,routed
88283088d9fffff,Cragmont,,42.0,3.36,3767.0,routed
88283088dbfffff,Cragmont N,,30.7,2.46,3697.0,routed
88283088ddfffff,Berkeley Hills NE 2,,52.2,4.18,1555.0,routed
88283088e1fffff,Orinda NW 9,,37.3,2.98,1006.0,routed
88283088e3fffff,La Loma Park NE 8,,39.6,3.17,0.0,routed
88283088e5fffff,Orinda N 10,,55.4,4.43,4919.0,routed
88283088e7fffff,Orinda N 15,,68.8,5.5,738.0,routed
88283088e9fffff,Orinda NW 8,,21.0,1.68,1551.0,routed
88283088ebfffff,La Loma Park NE 7,,29.4,2.35,126.0,routed
88283088edfffff,Orinda NW 7,,46.3,3.7,3222.0,routed
8828308901fffff,Lafayette NE 2,,52.0,4.16,4889.0,routed
8828308903fffff,Lafayette N 3,,19.7,1.57,3279.0,routed
8828308905fffff,Acalanes Ridge SW 2,,23.7,1.9,5383.0,routed
8828308907fffff,Acalanes Ridge W 3,,32.1,2.57,3078.0,routed
8828308909fffff,Lafayette NE,,23.3,1.87,6717.0,routed
882830890bfffff,Lafayette N,,6.1,0.49,8800.0,routed
882830890dfffff,Lafayette E,,22.7,1.82,7551.0,routed
8828308911fffff,Lafayette NW 4,,42.1,3.37,498.0,routed
8828308913fffff,Lafayette NW 7,,56.1,4.49,0.0,routed
8828308915fffff,Lafayette N 4,,33.9,2.71,0.0,routed
8828308917fffff,Lafayette N 5,,69.5,5.56,204.0,routed
8828308919fffff,Lafayette NW 2,,29.1,2.33,5370.0,routed
882830891bfffff,Lafayette NW 5,,37.7,3.01,3926.0,routed
882830891dfffff,Lafayette N 2,,24.8,1.98,4163.0,routed
8828308921fffff,Acalanes Ridge NW,,34.6,2.77,4966.0,routed
8828308923fffff,Acalanes Ridge NW 2,,33.2,2.66,5005.0,routed
8828308925fffff,The Waymark NW,,28.2,2.25,9262.0,routed
8828308927fffff,Acalanes Ridge N,,22.1,1.77,8349.0,routed
8828308929fffff,Acalanes Ridge SW,,27.1,2.16,4647.0,routed
882830892bfffff,Acalanes Ridge W,,39.5,3.16,4400.0,routed
882830892dfffff,Acalanes Ridge,,19.5,1.56,6547.0,routed
8828308931fffff,Reliez Valley SW 3,,53.3,4.27,4476.0,routed
8828308933fffff,Reliez Valley SW 2,,62.5,5.0,3999.0,routed
8828308935fffff,Reliez Valley S 2,,36.8,2.94,6128.0,routed
8828308937fffff,Reliez Valley SW,,65.6,5.25,3821.0,routed
8828308939fffff,Acalanes Ridge W 4,,46.6,3.72,5820.0,routed
882830893bfffff,Reliez Valley SW 4,,56.3,4.5,2298.0,routed
882830893dfffff,Acalanes Ridge W 2,,39.0,3.12,5384.0,routed
8828308941fffff,Burton Valley NW,,26.4,2.11,4020.0,routed
8828308943fffff,Lafayette SE,,21.8,1.74,6177.0,routed
8828308945fffff,Burton Valley N,,24.0,1.92,3722.0,routed
8828308947fffff,Burton Valley N 2,,32.9,2.63,6622.0,routed
8828308949fffff,Burton Valley W,,10.8,0.86,2806.0,routed
882830894bfffff,Lafayette S,,21.3,1.7,844.0,routed
882830894dfffff,Burton Valley,,16.8,1.34,6338.0,routed
8828308951fffff,Lafayette W,,23.0,1.84,5193.0,routed
8828308953fffff,Lafayette W 2,,20.5,1.64,4546.0,routed
8828308955fffff,Lafayette,,11.8,0.94,8221.0,routed
8828308957fffff,Lafayette NW,,14.7,1.18,8553.0,routed
8828308959fffff,Lafayette SW 2,,15.4,1.23,1866.0,routed
882830895bfffff,Lafayette W 3,,27.2,2.18,0.0,routed
882830895dfffff,Lafayette SW,,22.7,1.81,5855.0,routed
8828308961fffff,Saranap,,19.0,1.52,8469.0,routed
8828308963fffff,Saranap NW,,30.6,2.45,6542.0,routed
8828308965fffff,Saranap E,,19.3,1.55,8380.0,routed
8828308967fffff,Saranap N,,15.2,1.21,6605.0,routed
8828308969fffff,Saranap SW,,26.8,2.15,4072.0,routed
882830896bfffff,Saranap W,,28.0,2.24,6724.0,routed
882830896dfffff,Saranap SE,,23.7,1.9,7994.0,routed
8828308981fffff,Alhambra Valley SW 8,,99.4,7.95,0.0,routed
8828308983fffff,Alhambra Valley SW 7,,111.6,8.93,0.0,routed
8828308985fffff,Alhambra Valley SW 6,,92.8,7.42,0.0,routed
8828308987fffff,Alhambra Valley SW 4,,95.7,7.66,0.0,routed
8828308989fffff,Alhambra Valley SW 13,,97.4,7.79,869.0,routed
882830898bfffff,Alhambra Valley SW 11,,107.2,8.58,0.0,routed
882830898dfffff,Alhambra Valley SW 10,,94.9,7.6,0.0,routed
8828308991fffff,Alhambra Valley SW 14,,138.3,11.07,3201.0,routed
8828308993fffff,Carriage Hills South E 12,,139.3,11.14,881.0,routed
8828308995fffff,Alhambra Valley SW 9,,151.1,12.09,1140.0,routed
8828308997fffff,Alhambra Valley W 12,,132.2,10.58,1541.0,routed
8828308999fffff,Carriage Hills South SE 17,,126.5,10.12,1746.0,routed
882830899bfffff,Carriage Hills South E 11,,154.5,12.36,259.0,routed
882830899dfffff,Alhambra Valley SW 12,,120.3,9.62,1628.0,routed
88283089a1fffff,Alhambra Valley S 3,,67.0,5.36,233.0,routed
88283089a3fffff,Alhambra Valley SW,,62.9,5.03,790.0,routed
88283089a5fffff,Alhambra Valley S 2,,48.3,3.87,120.0,routed
88283089a7fffff,Alhambra Valley S,,56.7,4.54,1598.0,routed
88283089a9fffff,Alhambra Valley S 5,,68.8,5.51,0.0,routed
88283089abfffff,Alhambra Valley SW 3,,87.3,6.98,0.0,routed
88283089adfffff,Alhambra Valley S 4,,61.1,4.89,0.0,routed
88283089b1fffff,Alhambra Valley W 5,,116.5,9.32,0.0,routed
88283089b3fffff,Alhambra Valley W 7,,99.9,8.0,1124.0,routed
88283089b5fffff,Alhambra Valley W 3,,72.8,5.82,2495.0,routed
88283089b7fffff,Alhambra Valley W 4,,81.3,6.51,2807.0,routed
88283089b9fffff,Alhambra Valley SW 5,,141.1,11.29,54.0,routed
88283089bbfffff,Alhambra Valley W 8,,141.5,11.32,2370.0,routed
88283089bdfffff,Alhambra Valley SW 2,,101.7,8.14,0.0,routed
88283089c1fffff,Lafayette NW 10,,78.9,6.31,1910.0,routed
88283089c3fffff,Orinda N 13,,80.9,6.47,1713.0,routed
88283089c5fffff,Lafayette NW 9,,76.9,6.15,0.0,routed
88283089c7fffff,Alhambra Valley SW 15,,86.5,6.92,329.0,routed
88283089c9fffff,Orinda NE 6,,44.5,3.56,3636.0,routed
88283089cbfffff,Orinda N 9,,59.2,4.74,3245.0,routed
88283089cdfffff,Lafayette NW 8,,47.0,3.76,345.0,routed
88283089d1fffff,Orinda N 16,,118.9,9.51,0.0,routed
88283089d3fffff,Carriage Hills South SE 18,,134.9,10.79,0.0,routed
88283089d5fffff,Alhambra Valley SW 17,,101.0,8.08,782.0,routed
88283089d7fffff,Alhambra Valley SW 16,,108.7,8.7,978.0,routed
88283089d9fffff,Orinda N 11,,59.5,4.76,1925.0,routed
88283089dbfffff,Orinda N 14,,67.0,5.36,1109.0,routed
88283089ddfffff,Orinda N 12,,71.9,5.75,987.0,routed
88283089e1fffff,Reliez Valley W 5,,82.7,6.61,0.0,routed
88283089e3fffff,Alhambra Valley S 6,,89.0,7.12,0.0,routed
88283089e5fffff,Reliez Valley W 3,,84.8,6.78,0.0,routed
88283089e7fffff,Reliez Valley W 4,,72.5,5.8,0.0,routed
88283089e9fffff,Reliez Valley SW 6,,64.8,5.18,0.0,routed
88283089ebfffff,Reliez Valley W 6,,88.5,7.08,0.0,routed
88283089edfffff,Reliez Valley SW 5,,91.8,7.35,0.0,routed
8828308a05fffff,Piedmont Pines,,33.1,2.64,9770.0,routed
8828308a21fffff,Canyon NW,,60.4,4.83,3600.0,routed
8828308a23fffff,Wilder S 4,,51.9,4.15,922.0,routed
8828308a25fffff,Canyon N,,59.8,4.79,793.0,routed
8828308a27fffff,Lost Valley SW,,48.2,3.85,0.0,routed
8828308a29fffff,Canyon W,,39.2,3.13,0.0,routed
8828308a2bfffff,Piedmont Pines NE,,43.1,3.45,8281.0,routed
8828308a2dfffff,Canyon,,61.2,4.9,3552.0,routed
8828308a31fffff,Wilder SW 2,,47.6,3.8,6177.0,routed
8828308a33fffff,Parkwoods Condominiums SE,,40.1,3.21,4440.0,routed
8828308a35fffff,Wilder S 3,,42.6,3.41,0.0,routed
8828308a37fffff,Wilder SW,,29.6,2.36,72.0,routed
8828308a3dfffff,Piedmont Pines N,,36.5,2.92,7590.0,routed
8828308a61fffff,Oakland Hills,,3.5,0.28,866.0,routed
8828308a63fffff,Piedmont Pines E,,14.4,1.15,1266.0,routed
8828308a65fffff,Canyon S,,26.2,2.1,0.0,routed
8828308a67fffff,Canyon SW,,21.6,1.73,0.0,routed
8828308aa1fffff,Panoramic Hill,,45.3,3.62,1032.0,routed
8828308aa3fffff,La Loma Park E,,57.8,4.63,1735.0,routed
8828308aa5fffff,Parkwoods Condominiums N 3,,53.6,4.29,2202.0,routed
8828308aa7fffff,La Loma Park E 2,,61.3,4.9,652.0,routed
8828308aadfffff,Parkwoods Condominiums N 2,,34.6,2.77,2536.0,routed
8828308ab1fffff,La Loma Park,,26.4,2.11,9979.0,routed
8828308ab3fffff,Berkeley Hills,,22.1,1.77,11188.0,routed
8828308ab5fffff,La Loma Park NE,,47.1,3.77,1947.0,routed
8828308ab7fffff,Berkeley Hills NE,,42.5,3.4,5230.0,routed
8828308abdfffff,La Loma Park SE,,35.6,2.85,4599.0,routed
8828308ae5fffff,Parkwoods Condominiums,,34.7,2.78,4084.0,routed
8828308ae7fffff,Parkwoods Condominiums N,,36.3,2.9,4096.0,routed
8828308b01fffff,Moraga Commons Park,,6.2,0.5,5288.0,routed
8828308b03fffff,Miramonte Gardens NE,,20.2,1.62,6027.0,routed
8828308b05fffff,Moraga NE,,8.5,0.68,5969.0,routed
8828308b07fffff,Rheem Valley S,,8.3,0.67,4975.0,routed
8828308b09fffff,Moraga Royale,,6.3,0.5,9131.0,routed
8828308b0bfffff,Miramonte Gardens E,,13.3,1.06,5981.0,routed
8828308b0dfffff,Moraga,,14.3,1.14,2544.0,routed
8828308b11fffff,Lost Valley E,,24.0,1.92,6639.0,routed
8828308b13fffff,Lost Valley NE,,35.5,2.84,5450.0,routed
8828308b15fffff,Miramonte Gardens N,,20.9,1.68,3609.0,routed
8828308b17fffff,Lost Valley NE 2,,31.5,2.52,3135.0,routed
8828308b19fffff,Miramonte Gardens W,,27.0,2.16,2515.0,routed
8828308b1bfffff,Lost Valley SE,,25.1,2.01,2142.0,routed
8828308b1dfffff,Miramonte Gardens,,10.3,0.82,6985.0,routed
8828308b21fffff,Rheem Valley E 2,,21.0,1.68,1990.0,routed
8828308b23fffff,Rheem Valley E,,27.3,2.19,152.0,routed
8828308b25fffff,Burton Valley S,,24.2,1.93,2450.0,routed
8828308b27fffff,Lafayette Community Park,,11.4,0.91,5097.0,routed
8828308b29fffff,Rheem Valley SE 2,,37.3,2.98,4555.0,routed
8828308b2bfffff,Rheem Valley SE,,29.6,2.37,3958.0,routed
8828308b2dfffff,Burton Valley S 2,,43.3,3.46,0.0,routed
8828308b31fffff,Rheem Valley NW,,16.7,1.34,4389.0,routed
8828308b33fffff,Rheem Valley NW 2,,8.7,0.7,4096.0,routed
8828308b35fffff,Rheem Valley NE,,19.6,1.57,1775.0,routed
8828308b37fffff,Rheem Valley N,,9.2,0.74,4785.0,routed
8828308b39fffff,Rheem Valley SW,,8.4,0.67,2786.0,routed
8828308b3bfffff,Rheem Valley W,,20.8,1.66,1987.0,routed
8828308b3dfffff,Rheem Valley,,15.5,1.24,4964.0,routed
8828308b41fffff,Moraga Royale S 2,,16.8,1.34,4792.0,routed
8828308b43fffff,Moraga Royale S,,15.9,1.27,3944.0,routed
8828308b45fffff,Moraga Royale SE 2,,36.1,2.89,4194.0,routed
8828308b47fffff,Moraga Royale SE,,13.4,1.07,5080.0,routed
8828308b49fffff,Moraga Royale S 4,,48.3,3.86,285.0,routed
8828308b4bfffff,Moraga Royale S 3,,41.4,3.31,0.0,routed
8828308b4dfffff,Moraga Royale SE 4,,28.9,2.32,4761.0,routed
8828308b51fffff,Miramonte Gardens SW 2,,34.0,2.72,0.0,routed
8828308b53fffff,Canyon NE,,35.2,2.81,1028.0,routed
8828308b55fffff,Moraga Royale W,,13.3,1.07,2699.0,routed
8828308b57fffff,Miramonte Gardens SW,,17.2,1.37,1370.0,routed
8828308b59fffff,Canyon SE 2,,38.6,3.09,846.0,routed
8828308b5bfffff,Canyon SE,,46.9,3.75,1817.0,routed
8828308b5dfffff,Moraga Royale SW,,25.0,2.0,1285.0,routed
8828308b61fffff,Moraga Royale E 2,,56.7,4.54,876.0,routed
8828308b63fffff,Moraga E,,26.6,2.13,734.0,routed
8828308b65fffff,Moraga Royale E 4,,46.0,3.68,1142.0,routed
8828308b67fffff,Moraga E 2,,35.4,2.83,1492.0,routed
8828308b69fffff,Moraga Royale SE 3,,45.2,3.62,2650.0,routed
8828308b6bfffff,Moraga Royale E,,46.8,3.75,2018.0,routed
8828308b6dfffff,Moraga Royale E 3,,60.5,4.84,0.0,routed
8828308c01fffff,Triangle Court E,,25.5,2.04,13145.0,routed
8828308c03fffff,Triangle Court,,29.5,2.36,7902.0,routed
8828308c05fffff,Triangle Court E 2,,21.2,1.7,11458.0,routed
8828308c07fffff,Triangle Court NE,,19.2,1.54,12951.0,routed
8828308c09fffff,Barrett Terrace Plaza Apartments,,11.4,0.91,12930.0,routed
8828308c0bfffff,Triangle Court SW,,15.5,1.24,10295.0,routed
8828308c0dfffff,Richmond N,,9.5,0.76,13985.0,routed
8828308c11fffff,North Richmond W,,49.4,3.95,324.0,routed
8828308c13fffff,North Richmond W 2,,57.4,4.59,0.0,routed
8828308c15fffff,North Richmond,,37.5,3.0,9767.0,routed
8828308c17fffff,North Richmond NW,,50.4,4.03,1522.0,routed
8828308c19fffff,Atchison Village NW 2,,43.6,3.49,440.0,routed
8828308c1bfffff,North Richmond W 3,,56.8,4.54,0.0,routed
8828308c1dfffff,Triangle Court W,,37.7,3.02,3134.0,routed
8828308c21fffff,San Pablo E,,14.0,1.12,4308.0,routed
8828308c23fffff,San Pablo NE,,13.9,1.11,9502.0,routed
8828308c25fffff,The Tides S 2,,18.4,1.48,4343.0,routed
8828308c27fffff,The Tides SW,,23.3,1.86,8718.0,routed
8828308c29fffff,East Richmond NW 2,,13.6,1.09,9238.0,routed
8828308c2bfffff,San Pablo SE,,4.1,0.33,8456.0,routed
8828308c2dfffff,East Richmond Heights NW,,36.0,2.88,8365.0,routed
8828308c31fffff,San Pablo NW,,28.2,2.26,7264.0,routed
8828308c33fffff,North Richmond N 3,,48.9,3.92,1680.0,routed
8828308c35fffff,San Pablo N,,22.6,1.81,12750.0,routed
8828308c37fffff,San Marcos Apartments SW,,36.2,2.89,7615.0,routed
8828308c39fffff,North Richmond E,,28.3,2.26,6734.0,routed
8828308c3bfffff,North Richmond N,,37.9,3.04,3621.0,routed
8828308c3dfffff,San Pablo,,14.1,1.13,11024.0,routed
8828308c41fffff,Rows/Places at NOMA,,28.3,2.26,11674.0,routed
8828308c43fffff,Nystrom Village,,15.1,1.21,11900.0,routed
8828308c45fffff,Easter Hill Village,,22.5,1.8,12001.0,routed
8828308c47fffff,Richmond,,18.4,1.47,13897.0,routed
8828308c49fffff,Rows/Places at NOMA S,,32.7,2.61,5685.0,routed
8828308c4bfffff,Rows/Places at NOMA W,,30.1,2.41,3120.0,routed
8828308c4dfffff,Marina Bay,,21.9,1.75,7835.0,routed
8828308c51fffff,Atchison Village W,,48.1,3.84,2202.0,routed
8828308c53fffff,Atchison Village NW,,29.5,2.36,254.0,routed
8828308c55fffff,Atchison Village,,5.8,0.47,11242.0,routed
8828308c57fffff,Atchison Village N,,28.7,2.29,1077.0,routed
8828308c59fffff,Point Richmond,,8.6,0.69,9092.0,routed
8828308c5bfffff,Point Richmond NW,,15.4,1.24,7094.0,routed
8828308c5dfffff,Atchison Village S,,23.4,1.87,3160.0,routed
8828308c61fffff,East Richmond SW,,12.4,0.99,12407.0,routed
8828308c63fffff,Richmond NE,,16.2,1.3,13874.0,routed
8828308c65fffff,East Richmond,,26.8,2.14,11780.0,routed
8828308c67fffff,East Richmond NW,,22.8,1.82,11347.0,routed
8828308c69fffff,Easter Hill Village NE,,9.9,0.79,10264.0,routed
8828308c6bfffff,Richmond E,,7.2,0.57,11391.0,routed
8828308c6dfffff,East Richmond S,,15.3,1.22,9589.0,routed
8828308c81fffff,North Richmond NW 11,,94.9,7.59,0.0,routed
8828308c83fffff,North Richmond NW 15,,106.3,8.5,0.0,routed
8828308c85fffff,North Richmond NW 9,,89.4,7.15,0.0,routed
8828308c87fffff,North Richmond NW 13,,100.5,8.04,0.0,routed
8828308c89fffff,North Richmond NW 10,,91.7,7.34,0.0,routed
8828308c8bfffff,North Richmond NW 14,,102.5,8.2,0.0,routed
8828308c8dfffff,North Richmond NW 7,,83.5,6.68,0.0,routed
8828308c95fffff,North Richmond NW 19,,164.2,13.14,0.0,routed
8828308c9dfffff,North Richmond NW 18,,113.5,9.08,0.0,routed
8828308ca1fffff,San Marcos Apartments W 7,,111.3,8.9,0.0,routed
8828308ca3fffff,San Marcos Apartments NW 7,,128.7,10.3,0.0,routed
8828308ca5fffff,San Marcos Apartments NW 4,,105.3,8.42,0.0,routed
8828308ca7fffff,San Marcos Apartments NW 6,,117.2,9.38,0.0,routed
8828308ca9fffff,North Richmond NW 8,,82.7,6.61,0.0,routed
8828308cabfffff,San Marcos Apartments W 8,,122.9,9.83,0.0,routed
8828308cadfffff,San Marcos Apartments W 6,,102.9,8.23,0.0,routed
8828308cb1fffff,San Marcos Apartments W 10,,148.2,11.86,0.0,routed
8828308cb5fffff,San Marcos Apartments NW 9,,137.2,10.98,0.0,routed
8828308cb7fffff,San Marcos Apartments NW 11,,151.3,12.11,0.0,routed
8828308cb9fffff,North Richmond NW 17,,152.3,12.19,0.0,routed
8828308cbbfffff,North Richmond NW 20,,159.6,12.77,0.0,routed
8828308cbdfffff,San Marcos Apartments W 9,,140.5,11.24,0.0,routed
8828308cc1fffff,North Richmond W 6,,89.9,7.2,0.0,routed
8828308cc3fffff,North Richmond W 8,,100.3,8.03,0.0,routed
8828308cc5fffff,North Richmond W 4,,73.4,5.87,0.0,routed
8828308cc7fffff,North Richmond NW 6,,81.6,6.53,0.0,routed
8828308cc9fffff,North Richmond W 7,,81.5,6.52,974.0,routed
8828308ccbfffff,North Richmond W 9,,93.0,7.44,714.0,routed
8828308ccdfffff,North Richmond W 5,,82.1,6.57,0.0,routed
8828308cd5fffff,North Richmond NW 12,,111.3,8.9,0.0,routed
8828308cd7fffff,North Richmond NW 16,,122.5,9.8,0.0,routed
8828308cddfffff,North Richmond W 10,,104.4,8.35,331.0,routed
8828308ce1fffff,North Richmond NW 3,,69.1,5.53,0.0,routed
8828308ce3fffff,North Richmond NW 5,,78.6,6.28,0.0,routed
8828308ce5fffff,North Richmond N 4,,61.6,4.93,323.0,routed
8828308ce7fffff,North Richmond N 5,,71.3,5.71,0.0,routed
8828308ce9fffff,North Richmond NW 2,,61.6,4.93,0.0,routed
8828308cebfffff,North Richmond NW 4,,72.1,5.77,0.0,routed
8828308cedfffff,North Richmond N 2,,63.3,5.06,948.0,routed
8828308d01fffff,Carriage Hills North W 3,,36.5,2.92,5786.0,routed
8828308d03fffff,El Sobrante SE,,30.4,2.43,7859.0,routed
8828308d05fffff,Carriage Hills North W 2,,53.6,4.29,4512.0,routed
8828308d07fffff,El Sobrante SE 2,,44.3,3.54,4550.0,routed
8828308d09fffff,Carriage Hills North SW 4,,43.5,3.48,1949.0,routed
8828308d0bfffff,El Sobrante S 2,,26.0,2.08,2344.0,routed
8828308d0dfffff,Carriage Hills North SW 2,,46.0,3.68,5791.0,routed
8828308d11fffff,El Sobrante SW,,10.3,0.83,5557.0,routed
8828308d13fffff,The Tides E,,24.7,1.98,7090.0,routed
8828308d15fffff,El Sobrante,,23.9,1.91,8649.0,routed
8828308d17fffff,El Sobrante NW,,25.1,2.01,7281.0,routed
8828308d19fffff,The Tides SE,,6.4,0.51,5307.0,routed
8828308d1bfffff,The Tides S,,33.5,2.68,2481.0,routed
8828308d1dfffff,El Sobrante S,,13.7,1.1,6992.0,routed
8828308d21fffff,Carriage Hills North N,,39.9,3.19,1450.0,routed
8828308d23fffff,Carriage Hills North NW 2,,29.6,2.37,6836.0,routed
8828308d25fffff,Carriage Hills North NE 2,,47.8,3.83,131.0,routed
8828308d27fffff,Carriage Hills North N 2,,38.0,3.04,4110.0,routed
8828308d29fffff,Carriage Hills North W,,58.2,4.66,1389.0,routed
8828308d2bfffff,Carriage Hills North NW,,38.7,3.1,1267.0,routed
8828308d2dfffff,Carriage Hills North,,62.6,5.01,1602.0,routed
8828308d31fffff,El Sobrante NE,,7.7,0.62,6197.0,routed
8828308d33fffff,El Sobrante N 3,,10.8,0.87,4448.0,routed
8828308d35fffff,Westwood S 2,,23.8,1.91,6899.0,routed
8828308d37fffff,Westwood S,,12.7,1.01,6155.0,routed
8828308d39fffff,El Sobrante E,,36.1,2.89,8849.0,routed
8828308d3bfffff,El Sobrante N,,32.7,2.61,6488.0,routed
8828308d3dfffff,El Sobrante E 2,,51.2,4.09,4949.0,routed
8828308d41fffff,East Richmond Heights E 4,,67.9,5.43,0.0,routed
8828308d43fffff,East Richmond Heights E 3,,59.4,4.75,0.0,routed
8828308d45fffff,Carriage Hills South SW 4,,116.5,9.32,1090.0,routed
8828308d47fffff,Carriage Hills North SW 3,,53.5,4.28,434.0,routed
8828308d49fffff,Kensington N 4,,40.6,3.25,0.0,routed
8828308d4bfffff,East Richmond Heights E 2,,50.5,4.04,0.0,routed
8828308d4dfffff,Kensington N 5,,92.3,7.39,0.0,routed
8828308d51fffff,East Richmond Heights NE,,42.7,3.41,0.0,routed
8828308d53fffff,East Richmond Heights N,,33.9,2.71,785.0,routed
8828308d55fffff,East Richmond Heights NE 3,,37.2,2.98,0.0,routed
8828308d57fffff,East Richmond Heights NE 2,,21.9,1.76,1355.0,routed
8828308d59fffff,East Richmond Heights SE,,40.3,3.22,6417.0,routed
8828308d5bfffff,East Richmond Heights,,37.9,3.03,7729.0,routed
8828308d5dfffff,East Richmond Heights E,,50.1,4.01,0.0,routed
8828308d61fffff,Carriage Hills South SW,,79.9,6.39,0.0,routed
8828308d63fffff,Carriage Hills North SW,,59.3,4.74,2091.0,routed
8828308d65fffff,Carriage Hills South SE,,81.9,6.55,484.0,routed
8828308d67fffff,Carriage Hills South,,73.0,5.84,5970.0,routed
8828308d69fffff,Carriage Hills South SW 3,,72.7,5.81,12.0,routed
8828308d6bfffff,Carriage Hills South SW 2,,57.8,4.62,2865.0,routed
8828308d6dfffff,Carriage Hills South S,,100.2,8.02,0.0,routed
8828308d81fffff,Tara Hills Mobile Manor NW,,53.8,4.31,13.0,routed
8828308d83fffff,Tara Hills Mobile Manor NW 2,,114.3,9.15,0.0,routed
8828308d85fffff,Tara Hills Mobile Manor N,,41.9,3.35,4171.0,routed
8828308d87fffff,Tara Hills Mobile Manor N 2,,55.3,4.42,0.0,routed
8828308d89fffff,San Marcos Apartments N,,62.4,4.99,7711.0,routed
8828308d8bfffff,Tara Hills Mobile Manor W,,78.6,6.29,771.0,routed
8828308d8dfffff,Tara Hills Mobile Manor,,44.7,3.58,9809.0,routed
8828308d91fffff,Tara Hills Mobile Manor NW 6,,119.2,9.54,0.0,routed
8828308d93fffff,Tara Hills Mobile Manor NW 9,,121.9,9.75,0.0,routed
8828308d95fffff,Tara Hills Mobile Manor NW 4,,115.1,9.21,0.0,routed
8828308d97fffff,Tara Hills Mobile Manor NW 7,,128.7,10.3,0.0,routed
8828308d99fffff,San Marcos Apartments NW 3,,103.2,8.26,0.0,routed
8828308d9bfffff,San Marcos Apartments NW 5,,111.4,8.92,0.0,routed
8828308d9dfffff,Tara Hills Mobile Manor W 2,,103.2,8.26,0.0,routed
8828308da1fffff,Bayside Apartment Homes N,,40.9,3.27,0.0,routed
8828308da3fffff,Bayside Apartment Homes NW 2,,51.5,4.12,0.0,routed
8828308da5fffff,Hercules W,,22.2,1.77,0.0,routed
8828308da7fffff,Hercules NW 2,,32.3,2.59,0.0,routed
8828308da9fffff,Bayside Apartment Homes W,,31.0,2.48,5994.0,routed
8828308dabfffff,Bayside Apartment Homes NW,,41.8,3.35,0.0,routed
8828308dadfffff,Bayside Apartment Homes,,22.6,1.81,2579.0,routed
8828308db1fffff,Tara Hills Mobile Manor N 4,,64.7,5.18,0.0,routed
8828308db3fffff,Tara Hills Mobile Manor N 5,,138.9,11.11,0.0,routed
8828308db5fffff,Bayside Apartment Homes NW 3,,61.2,4.9,0.0,routed
8828308db7fffff,Bayside Apartment Homes NW 5,,71.9,5.75,0.0,routed
8828308db9fffff,Tara Hills Mobile Manor NW 3,,125.6,10.05,0.0,routed
8828308dbbfffff,Tara Hills Mobile Manor NW 5,,127.0,10.16,0.0,routed
8828308dbdfffff,Tara Hills Mobile Manor N 3,,53.3,4.26,0.0,routed
8828308dc1fffff,Heritage Park at Hilltop,,46.1,3.69,9436.0,routed
8828308dc3fffff,San Marcos Apartments,,49.9,3.99,7044.0,routed
8828308dc5fffff,Bella Vista at Hilltop,,51.6,4.12,7106.0,routed
8828308dc7fffff,Bella Vista at Hilltop NW,,56.4,4.51,4961.0,routed
8828308dc9fffff,Heritage Park at Hilltop S,,30.3,2.42,9167.0,routed
8828308dcbfffff,Heritage Park at Hilltop SW,,35.4,2.83,7782.0,routed
8828308dcdfffff,The Tides,,35.9,2.87,9458.0,routed
8828308dd1fffff,San Marcos Apartments W 2,,60.5,4.84,1909.0,routed
8828308dd3fffff,San Marcos Apartments W 4,,89.6,7.16,0.0,routed
8828308dd5fffff,San Marcos Apartments NW,,68.7,5.49,5518.0,routed
8828308dd7fffff,San Marcos Apartments NW 2,,76.1,6.09,787.0,routed
8828308dd9fffff,San Marcos Apartments W 3,,62.5,5.0,1427.0,routed
8828308ddbfffff,San Marcos Apartments W 5,,73.2,5.86,0.0,routed
8828308dddfffff,San Marcos Apartments W,,50.5,4.04,6274.0,routed
8828308de1fffff,Vue at 3600 Apartments NE,,33.9,2.71,7189.0,routed
8828308de3fffff,Tara Hills Mobile Manor E,,33.8,2.7,8325.0,routed
8828308de5fffff,Pinole S,,19.0,1.52,6639.0,routed
8828308de7fffff,Pacific Crest,,19.9,1.6,7642.0,routed
8828308de9fffff,Vue at 3600 Apartments,,39.8,3.18,6143.0,routed
8828308debfffff,Bella Vista at Hilltop NE,,45.2,3.61,9758.0,routed
8828308dedfffff,El Sobrante N 2,,29.5,2.36,6836.0,routed
8828308e01fffff,Waterline S 3,,67.6,5.4,0.0,routed
8828308e03fffff,Waterline SW 3,,57.4,4.6,0.0,routed
8828308e05fffff,Waterline S 2,,74.4,5.95,0.0,routed
8828308e07fffff,Waterline S,,55.7,4.46,0.0,routed
8828308e0dfffff,Waterline S 4,,86.0,6.88,0.0,routed
8828308e11fffff,Waterline SW 4,,47.7,3.82,0.0,routed
8828308e13fffff,Waterline W 3,,49.3,3.94,0.0,routed
8828308e15fffff,Waterline SW 2,,40.5,3.24,0.0,routed
8828308e17fffff,Waterline W 2,,37.5,3.0,0.0,routed
8828308e21fffff,Marina Bay S 2,,45.4,3.64,0.0,routed
8828308e23fffff,Waterline E,,45.8,3.67,490.0,routed
8828308e25fffff,Marina Bay S,,34.9,2.79,239.0,routed
8828308e27fffff,Marina Bay SW,,38.6,3.09,3114.0,routed
8828308e29fffff,Waterline SE 3,,75.2,6.02,0.0,routed
8828308e2bfffff,Waterline SE 2,,63.5,5.08,0.0,routed
8828308e2dfffff,Marina Bay S 3,,45.9,3.67,0.0,routed
8828308e31fffff,Waterline,,31.2,2.5,6933.0,routed
8828308e33fffff,Point Richmond S,,17.0,1.36,1188.0,routed
8828308e35fffff,Waterline NE,,32.8,2.63,1791.0,routed
8828308e37fffff,Waterline N,,25.9,2.07,2522.0,routed
8828308e39fffff,Waterline SW,,45.8,3.66,0.0,routed
8828308e3bfffff,Waterline W,,28.7,2.3,888.0,routed
8828308e3dfffff,Waterline SE,,44.5,3.56,1319.0,routed
8828308e63fffff,Waterline SE 4,,83.5,6.68,0.0,routed
8828308e67fffff,Marina Bay S 5,,65.6,5.25,0.0,routed
8828308e81fffff,Point Richmond W 8,,49.7,3.97,0.0,routed
8828308e85fffff,Point Richmond W 4,,38.3,3.07,0.0,routed
8828308e87fffff,Point Richmond W 7,,48.1,3.85,0.0,routed
8828308e8dfffff,Point Richmond W 5,,43.2,3.45,0.0,routed
8828308ea1fffff,Point Richmond NW 4,,84.8,6.79,0.0,routed
8828308ea3fffff,Point Richmond NW 6,,83.5,6.68,1789.0,routed
8828308ea5fffff,Atchison Village NW 3,,50.5,4.04,0.0,routed
8828308ea7fffff,Atchison Village NW 4,,73.2,5.86,0.0,routed
8828308ea9fffff,Point Richmond NW 3,,28.3,2.26,935.0,routed
8828308eabfffff,Point Richmond NW 5,,93.2,7.46,802.0,routed
8828308eadfffff,Point Richmond NW 2,,23.3,1.86,179.0,routed
8828308eb1fffff,Point Richmond NW 9,,102.0,8.16,0.0,routed
8828308eb5fffff,Point Richmond NW 8,,90.9,7.27,2886.0,routed
8828308eb7fffff,North Richmond W 11,,100.9,8.07,2093.0,routed
8828308ebdfffff,Point Richmond NW 7,,95.4,7.63,163.0,routed
8828308ec5fffff,Point Richmond SW 5,,55.9,4.48,0.0,routed
8828308ec7fffff,Point Richmond W 6,,51.5,4.12,0.0,routed
8828308ee1fffff,Point Richmond SW 3,,21.2,1.7,0.0,routed
8828308ee3fffff,Point Richmond W 2,,31.3,2.5,0.0,routed
8828308ee5fffff,Point Richmond SW,,9.3,0.74,3297.0,routed
8828308ee7fffff,Point Richmond W,,19.9,1.59,979.0,routed
8828308ee9fffff,Point Richmond SW 4,,44.9,3.59,0.0,routed
8828308eebfffff,Point Richmond W 3,,40.7,3.26,0.0,routed
8828308eedfffff,Point Richmond SW 2,,28.5,2.28,0.0,routed
8828308f01fffff,Idaho Apartments,,8.4,0.67,12804.0,routed
8828308f03fffff,Richmond Annex,,12.6,1.01,12277.0,routed
8828308f05fffff,Kensington W,,17.9,1.43,8958.0,routed
8828308f07fffff,Cerrito Vista Park,,4.7,0.37,10331.0,routed
8828308f09fffff,Albany Hill Park,,18.8,1.51,6321.0,routed
8828308f0bfffff,Richmond Annex S,,15.0,1.2,9782.0,routed
8828308f0dfffff,Idaho Apartments SE,,12.4,0.99,10549.0,routed
8828308f11fffff,Crescent Park Apartments,,17.4,1.39,8690.0,routed
8828308f13fffff,Crescent Park Apartments NW,,15.7,1.26,8069.0,routed
8828308f15fffff,Crescent Park Apartments E,,8.5,0.68,10758.0,routed
8828308f17fffff,State Court Park,,11.4,0.91,9254.0,routed
8828308f19fffff,Crescent Park Apartments SW,,23.0,1.84,0.0,routed
8828308f1bfffff,Marina Bay E,,27.3,2.19,7895.0,routed
8828308f1dfffff,Richmond Annex W,,12.0,0.96,5108.0,routed
8828308f21fffff,Kensington N,,10.9,0.87,2902.0,routed
8828308f23fffff,Kensington N 2,,20.3,1.62,2606.0,routed
8828308f25fffff,Kensington NE,,65.4,5.23,0.0,routed
8828308f27fffff,Kensington N 3,,27.1,2.17,0.0,routed
8828308f29fffff,Kensington,,6.8,0.54,8749.0,routed
8828308f2bfffff,Kensington NW,,15.3,1.23,9847.0,routed
8828308f2dfffff,Kensington E,,13.2,1.06,2756.0,routed
8828308f31fffff,Rose Park N,,26.0,2.08,5701.0,routed
8828308f33fffff,East Richmond SE,,27.1,2.17,12349.0,routed
8828308f35fffff,El Cerrito N,,30.6,2.45,4023.0,routed
8828308f37fffff,East Richmond Heights SE 2,,40.6,3.25,1905.0,routed
8828308f39fffff,Rose Park,,13.8,1.1,11101.0,routed
8828308f3bfffff,Crescent Park Apartments NE,,12.9,1.03,10152.0,routed
8828308f3dfffff,El Cerrito,,23.1,1.85,5755.0,routed
8828308f51fffff,Albany Hill W,,42.2,3.38,0.0,routed
8828308f53fffff,Marina Bay SE,,46.2,3.7,0.0,routed
8828308f55fffff,Albany Hill,,30.8,2.46,437.0,routed
8828308f57fffff,Richmond Annex SW,,31.0,2.48,1255.0,routed
8828308f5bfffff,Marina Bay S 4,,54.9,4.39,0.0,routed
8828308f61fffff,Thousand Oaks,,17.9,1.43,12563.0,routed
8828308f63fffff,Thousand Oaks NW,,16.5,1.32,9576.0,routed
8828308f67fffff,Kensington SE,,19.5,1.56,11865.0,routed
8828308f6bfffff,Thousand Oaks W,,9.9,0.79,13332.0,routed
88283099a3fffff,Moraga Royale S 7,,73.4,5.88,837.0,routed
88283099a7fffff,Moraga Royale S 6,,53.1,4.25,0.0,routed
88283099b5fffff,Moraga Royale S 5,,61.7,4.93,1123.0,routed
88283099b7fffff,Moraga Royale SW 2,,50.1,4.01,875.0,routed
882830c001fffff,Clayton Palms Community W 8,,147.2,11.77,0.0,routed
882830c003fffff,Clayton Palms Community NW 11,,154.4,12.35,0.0,routed
882830c005fffff,Clayton Palms Community NW 5,,134.8,10.79,0.0,routed
882830c007fffff,Clayton Palms Community NW 8,,122.5,9.8,0.0,routed
882830c009fffff,Clayton Palms Community W 9,,158.2,12.66,0.0,routed
882830c00bfffff,Clayton Palms Community W 12,,140.4,11.23,0.0,routed
882830c00dfffff,Clayton Palms Community W 5,,159.6,12.77,0.0,routed
882830c011fffff,Clayton Palms Community W 21,,112.9,9.03,0.0,routed
882830c013fffff,Clayton E 16,,92.5,7.4,0.0,routed
882830c015fffff,Clayton Palms Community NW 16,,124.5,9.96,0.0,routed
882830c017fffff,Clayton Palms Community NW 18,,122.3,9.78,0.0,routed
882830c019fffff,Clayton Palms Community W 20,,112.7,9.02,0.0,routed
882830c01bfffff,Clayton SE 23,,96.5,7.72,0.0,routed
882830c01dfffff,Clayton Palms Community W 15,,141.8,11.35,0.0,routed
882830c021fffff,Clayton Palms Community NW 6,,102.7,8.22,0.0,routed
882830c023fffff,Clayton Palms Community NW 9,,102.3,8.19,916.0,routed
882830c025fffff,Clayton Palms Community N 6,,87.0,6.96,979.0,routed
882830c027fffff,Clayton Palms Community N 9,,97.4,7.79,885.0,routed
882830c029fffff,Clayton Palms Community NW 4,,149.8,11.98,1043.0,routed
882830c02bfffff,Clayton Palms Community NW 7,,132.1,10.57,377.0,routed
882830c02dfffff,Clayton Palms Community N 3,,160.5,12.84,0.0,routed
882830c031fffff,Clayton Palms Community NW 15,,106.1,8.49,0.0,routed
882830c033fffff,Twin Creeks S 4,,90.4,7.23,0.0,routed
882830c035fffff,Clayton Palms Community NW 14,,91.7,7.33,1060.0,routed
882830c037fffff,Tabora Gardens Senior Apartments S 6,,77.3,6.18,1045.0,routed
882830c039fffff,Clayton Palms Community NW 13,,123.0,9.84,0.0,routed
882830c03bfffff,Clayton Palms Community NW 17,,100.9,8.07,0.0,routed
882830c03dfffff,Clayton Palms Community NW 10,,123.9,9.91,0.0,routed
882830c041fffff,Clayton Palms Community W 7,,151.2,12.1,1832.0,routed
882830c043fffff,Clayton Palms Community W 10,,143.2,11.45,615.0,routed
882830c045fffff,Clayton Palms Community W 4,,162.4,12.99,1791.0,routed
882830c047fffff,Clayton Palms Community W 6,,166.3,13.31,0.0,routed
882830c049fffff,Clayton Palms Community SW 10,,165.8,13.26,757.0,routed
882830c04bfffff,Clayton Palms Community W 11,,177.7,14.22,171.0,routed
882830c04dfffff,Clayton Palms Community SW 6,,178.2,14.26,526.0,routed
882830c051fffff,Clayton Palms Community W 18,,129.0,10.32,2059.0,routed
882830c053fffff,Clayton Palms Community W 22,,103.5,8.28,2064.0,routed
882830c055fffff,Clayton Palms Community W 13,,144.5,11.56,523.0,routed
882830c057fffff,Clayton Palms Community W 16,,131.4,10.51,2287.0,routed
882830c059fffff,Clayton Palms Community W 19,,156.3,12.5,2068.0,routed
882830c05bfffff,Clayton Palms Community W 24,,118.1,9.45,3544.0,routed
882830c05dfffff,Clayton Palms Community W 14,,134.6,10.77,1865.0,routed
882830c061fffff,Clayton Palms Community W,,185.0,14.8,0.0,routed
882830c063fffff,Clayton Palms Community NW 3,,153.2,12.25,0.0,routed
882830c065fffff,Clayton Palms Community NW,,161.9,12.95,346.0,routed
882830c067fffff,Clayton Palms Community NW 2,,153.2,12.25,1049.0,routed
882830c069fffff,Clayton Palms Community W 2,,178.7,14.3,2014.0,routed
882830c06bfffff,Clayton Palms Community W 3,,184.3,14.74,0.0,routed
882830c06dfffff,Clayton Palms Community SW,,165.1,13.2,1121.0,routed
882830c081fffff,Clayton E 10,,77.8,6.22,0.0,routed
882830c083fffff,Clayton E 7,,58.3,4.66,280.0,routed
882830c085fffff,Kirker Creek Apartment Homes S 8,,87.0,6.96,0.0,routed
882830c087fffff,Kirker Creek Apartment Homes S 7,,61.2,4.9,0.0,routed
882830c089fffff,Clayton E 9,,92.1,7.37,0.0,routed
882830c08bfffff,Clayton E 6,,75.2,6.02,0.0,routed
882830c08dfffff,Clayton E 13,,87.8,7.02,0.0,routed
882830c091fffff,Canyon Creek E 4,,63.6,5.09,0.0,routed
882830c093fffff,Canyon Creek E 2,,70.6,5.65,547.0,routed
882830c095fffff,Canyon Creek E 6,,65.0,5.2,244.0,routed
882830c097fffff,Canyon Creek E 5,,68.7,5.49,0.0,routed
882830c099fffff,Clayton NE 2,,36.7,2.94,2102.0,routed
882830c09bfffff,Canyon Creek SE 2,,33.4,2.67,3997.0,routed
882830c09dfffff,Clayton E 4,,52.0,4.16,0.0,routed
882830c0a1fffff,Twin Creeks SW 7,,76.6,6.13,993.0,routed
882830c0a3fffff,Kirker Creek Apartment Homes SE 5,,85.1,6.81,88.0,routed
882830c0a5fffff,Twin Creeks SW 4,,78.2,6.26,0.0,routed
882830c0a7fffff,Vista Diablo Mobile Estates S 2,,70.3,5.62,636.0,routed
882830c0a9fffff,Twin Creeks SW 9,,85.7,6.85,0.0,routed
882830c0abfffff,Kirker Creek Apartment Homes SE 6,,71.6,5.73,0.0,routed
882830c0adfffff,Twin Creeks SW 6,,71.9,5.76,0.0,routed
882830c0b1fffff,Kirker Creek Apartment Homes S 3,,85.9,6.87,1040.0,routed
882830c0b3fffff,Kirker Creek Apartment Homes S 2,,30.8,2.46,1004.0,routed
882830c0b5fffff,Kirker Creek Apartment Homes SE 4,,85.6,6.85,0.0,routed
882830c0b7fffff,Kirker Creek Apartment Homes SE 2,,76.2,6.09,0.0,routed
882830c0b9fffff,Kirker Creek Apartment Homes S 6,,54.3,4.34,1026.0,routed
882830c0bbfffff,Kirker Creek Apartment Homes S 4,,79.3,6.34,0.0,routed
882830c0bdfffff,Kirker Creek Apartment Homes S 5,,80.5,6.44,0.0,routed
882830c0c1fffff,Clayton E 11,,98.3,7.87,0.0,routed
882830c0c3fffff,Clayton E 8,,65.7,5.26,0.0,routed
882830c0c5fffff,Clayton E 14,,92.7,7.42,0.0,routed
882830c0c7fffff,Clayton E 12,,103.3,8.26,0.0,routed
882830c0c9fffff,Clayton SE 14,,70.4,5.63,1768.0,routed
882830c0cbfffff,Clayton SE 10,,62.8,5.02,867.0,routed
882830c0cdfffff,Clayton SE 17,,90.2,7.22,0.0,routed
882830c0d1fffff,Clayton E 2,,41.5,3.32,0.0,routed
882830c0d3fffff,Clayton E,,25.8,2.07,2364.0,routed
882830c0d5fffff,Clayton E 5,,47.7,3.81,0.0,routed
882830c0d7fffff,Clayton E 3,,34.7,2.78,0.0,routed
882830c0d9fffff,Clayton SE 4,,38.9,3.12,2798.0,routed
882830c0dbfffff,Clayton SE 2,,24.0,1.92,3749.0,routed
882830c0ddfffff,Clayton SE 6,,55.4,4.43,0.0,routed
882830c0e1fffff,Twin Creeks SW 13,,117.8,9.42,0.0,routed
882830c0e3fffff,Twin Creeks SW 12,,101.8,8.14,0.0,routed
882830c0e5fffff,Twin Creeks SW 11,,131.6,10.53,0.0,routed
882830c0e7fffff,Twin Creeks SW 10,,111.3,8.91,0.0,routed
882830c0e9fffff,Clayton E 17,,94.5,7.56,0.0,routed
882830c0ebfffff,Clayton E 15,,110.0,8.8,0.0,routed
882830c0edfffff,Twin Creeks SW 14,,118.1,9.45,0.0,routed
882830c101fffff,Villa Amador Apartments SW 5,,34.4,2.75,1255.0,routed
882830c103fffff,Brighton Station SW 3,,44.4,3.56,809.0,routed
882830c105fffff,Villa Amador Apartments SW 3,,19.9,1.59,6708.0,routed
882830c107fffff,Villa Amador Apartments SW 4,,37.8,3.02,1332.0,routed
882830c109fffff,Clayton Palms Community NE 5,,81.9,6.56,732.0,routed
882830c10bfffff,Clayton Palms Community NE 6,,50.0,4.0,992.0,routed
882830c10dfffff,Villa Amador Apartments SW 6,,35.8,2.86,2706.0,routed
882830c111fffff,Cross Pointe SW 7,,67.7,5.41,1459.0,routed
882830c113fffff,Quail Lodge S 7,,70.5,5.64,1456.0,routed
882830c115fffff,Cross Pointe SW 6,,59.4,4.75,1295.0,routed
882830c117fffff,Quail Lodge S 6,,62.2,4.97,104.0,routed
882830c119fffff,Clayton Palms Community N 7,,70.0,5.6,686.0,routed
882830c11bfffff,Clayton Palms Community N 10,,75.3,6.02,588.0,routed
882830c11dfffff,Clayton Palms Community N 8,,51.4,4.11,1421.0,routed
882830c121fffff,Villa Amador Apartments SW,,47.3,3.78,6411.0,routed
882830c123fffff,Villa Amador Apartments W,,40.2,3.21,4138.0,routed
882830c125fffff,Villa Amador Apartments SE,,39.3,3.14,10978.0,routed
882830c127fffff,Villa Amador Apartments,,50.2,4.01,8092.0,routed
882830c129fffff,Villa Amador Apartments S 2,,14.6,1.17,9771.0,routed
882830c12bfffff,Villa Amador Apartments SW 2,,36.2,2.9,6803.0,routed
882830c12dfffff,Villa Amador Apartments S,,32.1,2.57,8756.0,routed
882830c131fffff,Cross Pointe SW 3,,57.3,4.59,2677.0,routed
882830c133fffff,Cross Pointe SW 2,,33.2,2.65,7366.0,routed
882830c135fffff,Brighton Station SW,,49.4,3.95,6853.0,routed
882830c137fffff,Cross Pointe SW,,33.3,2.66,14209.0,routed
882830c139fffff,Cross Pointe SW 5,,63.8,5.11,0.0,routed
882830c13bfffff,Cross Pointe SW 4,,44.3,3.54,1331.0,routed
882830c13dfffff,Brighton Station SW 2,,60.1,4.81,0.0,routed
882830c141fffff,Clayton Palms Community E 5,,99.0,7.92,1214.0,routed
882830c143fffff,Clayton Palms Community NE 4,,89.1,7.13,2341.0,routed
882830c145fffff,Clayton Palms Community E 8,,42.0,3.36,817.0,routed
882830c147fffff,Clayton Palms Community NE 7,,41.9,3.35,0.0,routed
882830c149fffff,Clayton Palms Community E 4,,108.9,8.71,1232.0,routed
882830c14bfffff,Clayton Palms Community E 3,,104.5,8.36,2286.0,routed
882830c14dfffff,Clayton Palms Community E 7,,117.9,9.43,0.0,routed
882830c151fffff,Clayton Palms Community N 2,,120.5,9.64,153.0,routed
882830c153fffff,Clayton Palms Community N 4,,90.1,7.21,238.0,routed
882830c155fffff,Clayton Palms Community NE 3,,92.3,7.38,637.0,routed
882830c157fffff,Clayton Palms Community N 5,,63.4,5.07,1487.0,routed
882830c159fffff,Clayton Palms Community NE,,129.8,10.39,1007.0,routed
882830c15bfffff,Clayton Palms Community N,,127.0,10.16,328.0,routed
882830c15dfffff,Clayton Palms Community NE 2,,123.7,9.9,1059.0,routed
882830c161fffff,Villa Amador Apartments S 5,,16.1,1.29,4894.0,routed
882830c163fffff,Villa Amador Apartments S 4,,18.7,1.5,7626.0,routed
882830c165fffff,Woodgate Mobile Home Park SW 6,,37.7,3.02,9577.0,routed
882830c167fffff,Villa Amador Apartments S 3,,4.6,0.37,7208.0,routed
882830c169fffff,Villa Amador Apartments S 7,,48.4,3.88,1915.0,routed
882830c16bfffff,Villa Amador Apartments S 6,,26.9,2.15,4483.0,routed
882830c16dfffff,Woodgate Mobile Home Park SW 8,,23.0,1.84,9690.0,routed
882830c181fffff,Vista Della Montagna SW 2,,26.1,2.09,6493.0,routed
882830c183fffff,Contra Loma Regional Park,,16.3,1.31,689.0,routed
882830c185fffff,Vista Della Montagna S,,12.9,1.03,11267.0,routed
882830c187fffff,Vista Della Montagna SW,,25.2,2.02,503.0,routed
882830c189fffff,Tabora Gardens Senior Apartments S,,41.0,3.28,952.0,routed
882830c18bfffff,Tabora Gardens Senior Apartments,,26.6,2.13,1517.0,routed
882830c18dfffff,Quail Lodge SW 3,,25.1,2.01,6677.0,routed
882830c191fffff,Twin Creeks SW,,20.5,1.64,1308.0,routed
882830c193fffff,Twin Creeks W 2,,26.3,2.11,6641.0,routed
882830c195fffff,Contra Loma Regional Park NW,,14.0,1.12,1331.0,routed
882830c197fffff,Twin Creeks W,,21.2,1.7,12573.0,routed
882830c199fffff,Twin Creeks SW 2,,46.1,3.69,0.0,routed
882830c19bfffff,Twin Creeks SW 3,,51.4,4.12,0.0,routed
882830c19dfffff,Contra Loma Regional Park SW,,13.0,1.04,0.0,routed
882830c1a1fffff,Quail Lodge NW,,25.4,2.03,10692.0,routed
882830c1a3fffff,Vista Della Montagna NE,,13.5,1.08,11070.0,routed
882830c1a5fffff,Quail Lodge N,,33.2,2.65,8113.0,routed
882830c1a7fffff,Antioch Hillcrest Terrace,,33.9,2.71,10889.0,routed
882830c1a9fffff,Quail Lodge W,,8.2,0.65,10593.0,routed
882830c1abfffff,Vista Della Montagna SE,,9.5,0.76,7956.0,routed
882830c1adfffff,Quail Lodge,,20.2,1.61,9933.0,routed
882830c1b1fffff,Chichibu Park,,16.9,1.35,8307.0,routed
882830c1b3fffff,Somerset Senior Apartments,,25.0,2.0,9996.0,routed
882830c1b5fffff,Valley Mountain,,14.7,1.18,8415.0,routed
882830c1b7fffff,Almond Knolls,,23.2,1.86,8043.0,routed
882830c1b9fffff,Antioch Community Park,,15.7,1.25,3948.0,routed
882830c1bbfffff,Twin Creeks,,27.4,2.19,10388.0,routed
882830c1bdfffff,Vista Della Montagna,,4.4,0.35,6816.0,routed
882830c1c1fffff,Quail Lodge SW 6,,60.5,4.84,0.0,routed
882830c1c3fffff,Tabora Gardens Senior Apartments S 3,,57.5,4.6,0.0,routed
882830c1c5fffff,Quail Lodge SW 5,,57.3,4.58,653.0,routed
882830c1c7fffff,Quail Lodge SW 4,,45.6,3.65,895.0,routed
882830c1c9fffff,Clayton Palms Community NW 12,,69.7,5.58,0.0,routed
882830c1cbfffff,Tabora Gardens Senior Apartments S 5,,71.3,5.7,0.0,routed
882830c1cdfffff,Quail Lodge SW 7,,72.3,5.78,505.0,routed
882830c1d1fffff,Twin Creeks S 2,,64.5,5.16,0.0,routed
882830c1d3fffff,Twin Creeks SW 5,,51.4,4.11,0.0,routed
882830c1d5fffff,Tabora Gardens Senior Apartments S 2,,42.2,3.37,0.0,routed
882830c1d7fffff,Twin Creeks S,,52.0,4.16,0.0,routed
882830c1d9fffff,Twin Creeks S 3,,67.4,5.39,526.0,routed
882830c1dbfffff,Twin Creeks SW 8,,80.6,6.45,0.0,routed
882830c1ddfffff,Tabora Gardens Senior Apartments S 4,,58.6,4.69,0.0,routed
882830c1e1fffff,Quail Lodge S 3,,31.4,2.51,5878.0,routed
882830c1e3fffff,Quail Lodge SW,,18.8,1.5,12059.0,routed
882830c1e5fffff,Quail Lodge S 2,,19.0,1.52,13176.0,routed
882830c1e7fffff,Quail Lodge S,,17.1,1.36,8596.0,routed
882830c1e9fffff,Quail Lodge S 5,,46.7,3.74,0.0,routed
882830c1ebfffff,Quail Lodge SW 2,,28.5,2.28,2738.0,routed
882830c1edfffff,Quail Lodge S 4,,33.2,2.66,2170.0,routed
882830c201fffff,Blackhawk NE 14,,130.0,10.4,0.0,routed
882830c203fffff,Blackhawk NE 12,,133.4,10.67,0.0,routed
882830c205fffff,Clayton Palms Community SW 21,,136.0,10.88,999.0,routed
882830c207fffff,Clayton Palms Community SW 22,,143.5,11.48,737.0,routed
882830c209fffff,Wendt Ranch NE 15,,105.7,8.46,0.0,routed
882830c20bfffff,Blackhawk NE 11,,110.4,8.83,0.0,routed
882830c20dfffff,Wendt Ranch NE 19,,116.3,9.31,0.0,routed
882830c211fffff,Hidden Oaks NE 15,,150.4,12.03,0.0,routed
882830c213fffff,Hidden Oaks NE 13,,145.9,11.67,476.0,routed
882830c215fffff,Blackhawk NE 13,,139.1,11.13,0.0,routed
882830c217fffff,Hidden Oaks NE 17,,156.5,12.52,1076.0,routed
882830c219fffff,Blackhawk NE 8,,162.0,12.96,0.0,routed
882830c21bfffff,Hidden Oaks NE 11,,142.0,11.36,0.0,routed
882830c21dfffff,Blackhawk NE 10,,144.3,11.54,0.0,routed
882830c221fffff,Clayton Palms Community SW 12,,184.9,14.79,0.0,routed
882830c223fffff,Clayton Palms Community SW 13,,176.0,14.08,14.0,routed
882830c225fffff,Clayton Palms Community SW 9,,207.6,16.61,0.0,routed
882830c227fffff,Clayton Palms Community SW 8,,172.6,13.81,20.0,routed
882830c229fffff,Clayton Palms Community SW 17,,152.9,12.23,0.0,routed
882830c22bfffff,Clayton Palms Community SW 16,,179.5,14.36,0.0,routed
882830c22dfffff,Clayton Palms Community SW 14,,211.0,16.88,0.0,routed
882830c231fffff,Clayton Palms Community SW 20,,152.9,12.24,2366.0,routed
882830c233fffff,Clayton Palms Community W 23,,138.0,11.04,2054.0,routed
882830c235fffff,Clayton Palms Community SW 15,,239.2,19.14,0.0,routed
882830c237fffff,Clayton Palms Community W 17,,153.2,12.25,644.0,routed
882830c239fffff,Clayton Palms Community SW 24,,166.3,13.31,59.0,routed
882830c23bfffff,Hidden Oaks NE 21,,149.1,11.93,0.0,routed
882830c23dfffff,Clayton Palms Community SW 18,,173.5,13.88,1836.0,routed
882830c241fffff,Wendt Ranch NE 8,,77.2,6.18,92.0,routed
882830c243fffff,Wendt Ranch NE 10,,92.2,7.38,0.0,routed
882830c245fffff,Wendt Ranch NE 12,,129.3,10.35,0.0,routed
882830c247fffff,Wendt Ranch NE 13,,114.9,9.19,0.0,routed
882830c249fffff,Wendt Ranch NE 5,,67.3,5.39,999.0,routed
882830c24bfffff,Wendt Ranch NE 6,,80.6,6.45,0.0,routed
882830c24dfffff,Wendt Ranch NE 9,,85.8,6.87,0.0,routed
882830c251fffff,Blackhawk NE 6,,136.3,10.91,0.0,routed
882830c253fffff,Blackhawk NE 5,,143.4,11.47,0.0,routed
882830c255fffff,Blackhawk NE 9,,104.4,8.35,0.0,routed
882830c257fffff,Blackhawk NE 7,,131.0,10.48,0.0,routed
882830c259fffff,Blackhawk E 2,,138.7,11.09,0.0,routed
882830c25bfffff,Blackhawk NE 3,,140.2,11.22,0.0,routed
882830c25dfffff,Oak Gate NE 3,,143.9,11.51,0.0,routed
882830c261fffff,Wendt Ranch NE 22,,138.2,11.05,1065.0,routed
882830c263fffff,Clayton Palms Community SW 23,,151.7,12.13,2640.0,routed
882830c265fffff,Clayton Palms Community S 21,,171.1,13.69,956.0,routed
882830c267fffff,Clayton Palms Community SW 19,,209.9,16.79,0.0,routed
882830c269fffff,Wendt Ranch NE 18,,144.3,11.54,0.0,routed
882830c26bfffff,Wendt Ranch NE 17,,138.2,11.06,0.0,routed
882830c26dfffff,Wendt Ranch NE 23,,177.0,14.16,0.0,routed
882830c281fffff,Clayton SE 20,,125.0,10.0,0.0,routed
882830c283fffff,Clayton S 13,,97.5,7.8,0.0,routed
882830c285fffff,Clayton SE 22,,129.2,10.33,0.0,routed
882830c287fffff,Clayton SE 16,,115.6,9.25,0.0,routed
882830c289fffff,Diablo Country Club NE 15,,123.6,9.89,533.0,routed
882830c28bfffff,Diablo Country Club NE 16,,102.0,8.16,0.0,routed
882830c28dfffff,Diablo Country Club NE 17,,162.1,12.97,0.0,routed
882830c291fffff,Clayton S 12,,69.4,5.55,0.0,routed
882830c293fffff,Clayton S 10,,91.0,7.28,0.0,routed
882830c295fffff,Clayton S 11,,69.2,5.54,0.0,routed
882830c297fffff,Clayton S 9,,56.4,4.51,0.0,routed
882830c299fffff,Diablo Country Club N 11,,104.0,8.32,0.0,routed
882830c29bfffff,North Gate E 11,,96.4,7.71,0.0,routed
882830c29dfffff,Clayton S 14,,93.6,7.49,0.0,routed
882830c2a1fffff,Clayton SE 21,,103.5,8.28,1749.0,routed
882830c2a3fffff,Clayton SE 15,,83.3,6.66,767.0,routed
882830c2a5fffff,Clayton SE 25,,91.1,7.29,3034.0,routed
882830c2a7fffff,Clayton SE 19,,80.6,6.45,1391.0,routed
882830c2a9fffff,Clayton SE 24,,121.9,9.75,0.0,routed
882830c2abfffff,Clayton SE 18,,114.9,9.2,0.0,routed
882830c2adfffff,Clayton Palms Community W 26,,106.8,8.54,1361.0,routed
882830c2b1fffff,Clayton SE 9,,64.6,5.17,667.0,routed
882830c2b3fffff,Clayton SE 5,,49.5,3.96,375.0,routed
882830c2b5fffff,Clayton SE 11,,65.4,5.23,3116.0,routed
882830c2b7fffff,Clayton SE 7,,49.8,3.99,2479.0,routed
882830c2b9fffff,Clayton SE 12,,80.4,6.43,0.0,routed
882830c2bbfffff,Clayton SE 8,,64.4,5.15,0.0,routed
882830c2bdfffff,Clayton SE 13,,96.2,7.7,1283.0,routed
882830c2c1fffff,Hidden Oaks NE 12,,157.1,12.57,0.0,routed
882830c2c3fffff,Diablo Country Club NE 11,,138.5,11.08,0.0,routed
882830c2c5fffff,Hidden Oaks NE 14,,164.4,13.15,0.0,routed
882830c2c7fffff,Diablo Country Club NE 14,,155.4,12.43,0.0,routed
882830c2c9fffff,Hidden Oaks NE 8,,131.8,10.55,0.0,routed
882830c2cbfffff,Diablo Country Club NE 8,,146.1,11.69,0.0,routed
882830c2cdfffff,Hidden Oaks NE 10,,159.5,12.76,0.0,routed
882830c2d1fffff,Diablo Country Club NE 10,,120.0,9.6,1039.0,routed
882830c2d3fffff,Diablo Country Club N 9,,106.6,8.53,0.0,routed
882830c2d5fffff,Diablo Country Club NE 12,,129.7,10.38,2429.0,routed
882830c2d7fffff,Diablo Country Club NE 13,,107.9,8.63,0.0,routed
882830c2d9fffff,Diablo Country Club NE 7,,104.9,8.4,1653.0,routed
882830c2dbfffff,Diablo Country Club N 7,,94.7,7.58,700.0,routed
882830c2ddfffff,Diablo Country Club NE 9,,121.5,9.72,1404.0,routed
882830c2e1fffff,Hidden Oaks NE 20,,135.4,10.83,170.0,routed
882830c2e3fffff,Hidden Oaks NE 22,,141.3,11.3,0.0,routed
882830c2e5fffff,Clayton Palms Community W 25,,138.5,11.08,1672.0,routed
882830c2e7fffff,Clayton Palms Community W 27,,121.0,9.68,1255.0,routed
882830c2e9fffff,Hidden Oaks NE 16,,149.3,11.95,0.0,routed
882830c2ebfffff,Hidden Oaks NE 18,,141.9,11.35,0.0,routed
882830c2edfffff,Hidden Oaks NE 19,,143.6,11.49,935.0,routed
882830c301fffff,Clayton Palms Community S 6,,177.8,14.23,0.0,routed
882830c303fffff,Clayton Palms Community S 4,,171.0,13.68,0.0,routed
882830c305fffff,Clayton Palms Community SE 6,,141.9,11.36,0.0,routed
882830c307fffff,Clayton Palms Community SE 3,,178.5,14.28,0.0,routed
882830c309fffff,Clayton Palms Community S 9,,168.5,13.48,0.0,routed
882830c30bfffff,Clayton Palms Community S 7,,199.9,15.99,0.0,routed
882830c30dfffff,Clayton Palms Community SE 9,,148.7,11.89,0.0,routed
882830c311fffff,Clayton Palms Community SW 4,,196.3,15.7,0.0,routed
882830c313fffff,Clayton Palms Community SW 3,,195.6,15.65,0.0,routed
882830c315fffff,Clayton Palms Community S 3,,190.1,15.21,0.0,routed
882830c317fffff,Clayton Palms Community SW 2,,179.4,14.35,0.0,routed
882830c319fffff,Clayton Palms Community SW 7,,205.3,16.43,0.0,routed
882830c31bfffff,Clayton Palms Community SW 5,,188.6,15.09,0.0,routed
882830c31dfffff,Clayton Palms Community S 5,,195.2,15.62,0.0,routed
882830c321fffff,Clayton Palms Community SE 7,,141.3,11.3,372.0,routed
882830c323fffff,Clayton Palms Community SE 4,,123.9,9.91,0.0,routed
882830c325fffff,Clayton Palms Community E 9,,126.6,10.13,0.0,routed
882830c327fffff,Clayton Palms Community E 6,,131.5,10.52,0.0,routed
882830c329fffff,Clayton Palms Community SE 8,,129.2,10.33,342.0,routed
882830c32bfffff,Clayton Palms Community SE 5,,139.0,11.12,896.0,routed
882830c32dfffff,Clayton Palms Community SE 11,,115.3,9.22,874.0,routed
882830c331fffff,Clayton Palms Community SE,,141.1,11.29,1163.0,routed
882830c333fffff,Clayton Palms Community,,154.2,12.34,3142.0,routed
882830c335fffff,Clayton Palms Community E 2,,116.5,9.32,2168.0,routed
882830c337fffff,Clayton Palms Community E,,119.2,9.54,1443.0,routed
882830c339fffff,Clayton Palms Community S 2,,144.0,11.52,0.0,routed
882830c33bfffff,Clayton Palms Community S,,157.2,12.58,0.0,routed
882830c33dfffff,Clayton Palms Community SE 2,,127.5,10.2,1423.0,routed
882830c341fffff,Clayton Palms Community S 18,,178.0,14.24,0.0,routed
882830c343fffff,Clayton Palms Community S 13,,178.1,14.25,0.0,routed
882830c345fffff,Clayton Palms Community S 17,,198.2,15.86,0.0,routed
882830c347fffff,Clayton Palms Community S 12,,177.8,14.23,0.0,routed
882830c349fffff,Clayton Palms Community S 23,,214.6,17.17,0.0,routed
882830c34bfffff,Clayton Palms Community S 19,,220.6,17.65,0.0,routed
882830c34dfffff,Clayton Palms Community S 22,,190.4,15.23,0.0,routed
882830c351fffff,Clayton Palms Community S 11,,207.2,16.58,0.0,routed
882830c353fffff,Clayton Palms Community SW 11,,216.9,17.35,0.0,routed
882830c355fffff,Clayton Palms Community S 10,,222.8,17.82,0.0,routed
882830c357fffff,Clayton Palms Community S 8,,198.6,15.89,0.0,routed
882830c359fffff,Clayton Palms Community S 16,,193.1,15.45,0.0,routed
882830c35bfffff,Clayton Palms Community S 15,,209.3,16.74,0.0,routed
882830c35dfffff,Clayton Palms Community S 14,,215.7,17.25,0.0,routed
882830c361fffff,Clayton Palms Community SE 15,,199.3,15.94,0.0,routed
882830c363fffff,Clayton Palms Community SE 10,,144.2,11.54,0.0,routed
882830c365fffff,Clayton Palms Community SE 17,,122.2,9.77,0.0,routed
882830c367fffff,Clayton Palms Community SE 12,,126.3,10.11,0.0,routed
882830c369fffff,Clayton Palms Community SE 18,,198.5,15.88,0.0,routed
882830c36bfffff,Clayton Palms Community SE 13,,158.0,12.64,0.0,routed
882830c36dfffff,Clayton Palms Community SE 20,,196.4,15.71,0.0,routed
882830c401fffff,Penny Lane,,25.1,2.01,8210.0,routed
882830c403fffff,Kona Kai Villege,,9.9,0.79,8934.0,routed
882830c405fffff,Turtle Dove Terrace,,24.3,1.95,9738.0,routed
882830c407fffff,Willow Pass Mobile Home Park SE,,14.6,1.17,10194.0,routed
882830c409fffff,Concord Community Park,,34.8,2.78,8071.0,routed
882830c40bfffff,Lincoln Arms,,22.9,1.83,9969.0,routed
882830c40dfffff,Vista Heights,,36.4,2.91,8627.0,routed
882830c411fffff,Concord,,6.3,0.5,8450.0,routed
882830c413fffff,Benton Arms Apartments,,17.1,1.37,9594.0,routed
882830c415fffff,Willow Walk,,6.8,0.54,9842.0,routed
882830c417fffff,Sun Terrace S,,18.4,1.47,11430.0,routed
882830c419fffff,Concord SW,,11.5,0.92,7025.0,routed
882830c41bfffff,Benton Arms Apartments SW,,7.5,0.6,6550.0,routed
882830c41dfffff,Blue Oak Square,,8.6,0.69,10365.0,routed
882830c421fffff,Bishop Estates NW 2,,58.2,4.66,846.0,routed
882830c423fffff,Willow Pass Mobile Home Park NE 3,,63.4,5.07,416.0,routed
882830c425fffff,Bishop Estates N,,60.9,4.87,940.0,routed
882830c427fffff,Bishop Estates N 3,,49.4,3.95,941.0,routed
882830c429fffff,Bishop Estates W 2,,24.9,1.99,8271.0,routed
882830c42bfffff,Willow Pass Mobile Home Park E,,6.0,0.48,11099.0,routed
882830c42dfffff,Bishop Estates NW,,43.0,3.44,1153.0,routed
882830c431fffff,Willow Pass Mobile Home Park N,,23.1,1.85,0.0,routed
882830c433fffff,Sun Terrace E,,36.1,2.89,988.0,routed
882830c435fffff,Willow Pass Mobile Home Park NE 2,,39.6,3.17,1158.0,routed
882830c437fffff,Sun Terrace E 2,,37.3,2.99,0.0,routed
882830c439fffff,Willow Pass Mobile Home Park,,7.2,0.57,3894.0,routed
882830c43bfffff,Sun Terrace SE,,11.4,0.92,8055.0,routed
882830c43dfffff,Willow Pass Mobile Home Park NE,,15.9,1.27,8633.0,routed
882830c441fffff,Ygnacio Hills,,29.7,2.38,5372.0,routed
882830c443fffff,Concord Mobile Home Park E,,26.2,2.09,4539.0,routed
882830c445fffff,Rose,,32.8,2.62,10650.0,routed
882830c447fffff,Canterbury Village W,,35.6,2.85,9881.0,routed
882830c449fffff,Ygnacio Wood,,27.1,2.17,9120.0,routed
882830c44bfffff,The Palms,,22.6,1.81,10524.0,routed
882830c44dfffff,Limeridge,,43.4,3.48,1054.0,routed
882830c451fffff,Diablo Mobile Lodge,,22.1,1.77,6374.0,routed
882830c453fffff,Castilian,,29.1,2.33,8828.0,routed
882830c455fffff,Town & Country Mobile Home Park,,38.5,3.08,9251.0,routed
882830c457fffff,Palm Terrace Appartments,,17.0,1.36,8447.0,routed
882830c459fffff,Fruitbowl,,29.7,2.38,9941.0,routed
882830c45bfffff,CityPlace Apartments,,22.9,1.83,9870.0,routed
882830c45dfffff,Concord Mobile Home Park,,33.3,2.66,5288.0,routed
882830c461fffff,Turtle Creek NE,,13.3,1.06,6718.0,routed
882830c463fffff,Clayton-West Apartments,,28.3,2.26,10041.0,routed
882830c465fffff,Bishop Estates S,,14.4,1.15,10492.0,routed
882830c467fffff,Bishop Estates W,,30.5,2.44,11657.0,routed
882830c469fffff,Turtle Creek,,24.6,1.96,10404.0,routed
882830c46bfffff,Canterbury Village,,26.2,2.09,11525.0,routed
882830c46dfffff,Turtle Creek E,,6.8,0.54,6551.0,routed
882830c481fffff,Dalis Gardens NW 2,,45.7,3.65,908.0,routed
882830c483fffff,Vine Hill NE 3,,57.3,4.58,358.0,routed
882830c485fffff,Dalis Gardens N,,47.4,3.79,0.0,routed
882830c487fffff,Dalis Gardens NW 3,,66.2,5.3,1813.0,routed
882830c489fffff,Dalis Gardens W,,37.2,2.98,493.0,routed
882830c48bfffff,Vine Hill E 2,,45.6,3.65,528.0,routed
882830c48dfffff,Dalis Gardens NW,,47.9,3.83,953.0,routed
882830c491fffff,Waterbird Regional Preserve,,65.6,5.25,1774.0,routed
882830c493fffff,Vine Hill N 2,,54.1,4.33,1717.0,routed
882830c495fffff,Vine Hill NE 2,,73.9,5.91,0.0,routed
882830c497fffff,Vine Hill N 3,,68.4,5.47,959.0,routed
882830c499fffff,Vine Hill N,,54.6,4.37,7379.0,routed
882830c49bfffff,Vine Hill NW,,41.4,3.31,1170.0,routed
882830c49dfffff,Vine Hill NE,,70.4,5.63,1355.0,routed
882830c4a1fffff,Clyde W,,58.4,4.67,234.0,routed
882830c4a3fffff,Clyde NW 2,,88.1,7.05,379.0,routed
882830c4a5fffff,Clyde,,71.8,5.74,5230.0,routed
882830c4a7fffff,Clyde NW,,114.5,9.16,2090.0,routed
882830c4a9fffff,Clyde SW,,58.3,4.66,0.0,routed
882830c4abfffff,Clyde W 2,,55.3,4.43,847.0,routed
882830c4adfffff,Clyde S,,52.8,4.22,4753.0,routed
882830c4b1fffff,Clyde W 4,,86.4,6.91,959.0,routed
882830c4b3fffff,Vine Hill NE 6,,84.3,6.74,215.0,routed
882830c4b5fffff,Clyde NW 4,,158.5,12.68,972.0,routed
882830c4b7fffff,Clyde NW 6,,166.9,13.35,0.0,routed
882830c4b9fffff,Vine Hill NE 4,,67.0,5.36,870.0,routed
882830c4bbfffff,Vine Hill NE 5,,74.4,5.96,2194.0,routed
882830c4bdfffff,Clyde W 3,,61.9,4.95,0.0,routed
882830c4c1fffff,Pacheco NE,,18.3,1.46,7702.0,routed
882830c4c3fffff,Pacheco N,,30.1,2.41,2834.0,routed
882830c4c5fffff,Terraza Del Sol,,17.5,1.4,4772.0,routed
882830c4c7fffff,Terraza Del Sol W,,27.9,2.23,3047.0,routed
882830c4c9fffff,Camelback NE,,9.1,0.73,5751.0,routed
882830c4cbfffff,Pacheco,,6.4,0.51,9258.0,routed
882830c4cdfffff,Benton Arms Apartments W,,23.3,1.86,1932.0,routed
882830c4d1fffff,Vine Hill S,,20.8,1.66,6244.0,routed
882830c4d3fffff,Vine Hill,,42.7,3.41,3710.0,routed
882830c4d5fffff,Vine Hill SE,,29.9,2.39,4955.0,routed
882830c4d7fffff,Vine Hill E,,54.4,4.35,1460.0,routed
882830c4d9fffff,Traditions at the Meadow NE,,11.2,0.9,7530.0,routed
882830c4dbfffff,Traditions at the Meadow N,,25.7,2.06,9398.0,routed
882830c4ddfffff,Pacheco NW,,16.6,1.32,7091.0,routed
882830c4e1fffff,Northwood,,28.1,2.25,6447.0,routed
882830c4e3fffff,Northwood NW,,34.1,2.73,2016.0,routed
882830c4e5fffff,Sun Terrace NE,,37.8,3.02,6503.0,routed
882830c4e7fffff,Sun Terrace N,,40.9,3.28,3849.0,routed
882830c4e9fffff,Adobe Mobile Lodge,,9.1,0.73,9283.0,routed
882830c4ebfffff,Dalis Gardens,,18.9,1.51,8483.0,routed
882830c4edfffff,Sun Terrace,,25.0,2.0,9337.0,routed
882830c501fffff,Oak Hills SE 3,,97.1,7.77,0.0,routed
882830c503fffff,Oak Hills S 2,,76.4,6.11,920.0,routed
882830c505fffff,Woodland Hills Apartment Homes SW 5,,95.8,7.66,0.0,routed
882830c507fffff,Oak Hills SE 2,,101.6,8.13,0.0,routed
882830c509fffff,Canyon Creek N,,79.5,6.36,0.0,routed
882830c50bfffff,Oak Hills S 4,,66.4,5.32,927.0,routed
882830c50dfffff,Canyon Creek NE 3,,89.2,7.14,0.0,routed
882830c511fffff,Oak Hills SW,,100.9,8.07,0.0,routed
882830c513fffff,Vista Del Mar SW,,90.6,7.25,1223.0,routed
882830c515fffff,Oak Hills S,,81.9,6.55,263.0,routed
882830c517fffff,Vista Del Mar S,,105.1,8.41,4522.0,routed
882830c519fffff,Bishop Estates N 2,,77.2,6.17,0.0,routed
882830c51bfffff,Vista Del Mar SW 2,,68.1,5.45,0.0,routed
882830c51dfffff,Oak Hills S 3,,93.1,7.45,0.0,routed
882830c521fffff,Woodland Hills Apartment Homes W,,32.8,2.63,0.0,routed
882830c523fffff,Woodland Hills Apartment Homes W 2,,54.6,4.37,759.0,routed
882830c525fffff,Woodland Hills Apartment Homes,,23.4,1.87,7688.0,routed
882830c527fffff,Woodland Hills Apartment Homes NW,,46.9,3.75,1098.0,routed
882830c529fffff,Woodland Hills Apartment Homes SW 2,,84.3,6.74,0.0,routed
882830c52bfffff,Woodland Hills Apartment Homes W 3,,70.3,5.63,0.0,routed
882830c52dfffff,Woodland Hills Apartment Homes SW,,16.9,1.35,2816.0,routed
882830c531fffff,Lawlor Estates,,71.4,5.71,3281.0,routed
882830c533fffff,Oak Hills N,,76.0,6.08,7769.0,routed
882830c535fffff,Emerald Cove Mobile Home Park S,,57.2,4.57,7924.0,routed
882830c537fffff,Emerald Cove Mobile Home Park,,54.5,4.36,6936.0,routed
882830c539fffff,Oak Hills SE,,93.0,7.44,1105.0,routed
882830c53bfffff,Oak Hills,,86.3,6.91,6809.0,routed
882830c53dfffff,Oak Hills E,,98.8,7.9,210.0,routed
882830c541fffff,Canyon Creek,,54.9,4.39,1259.0,routed
882830c543fffff,Canyon Creek NW,,75.0,6.0,0.0,routed
882830c545fffff,Canyon Creek E,,57.9,4.63,539.0,routed
882830c547fffff,Canyon Creek NE,,74.3,5.95,0.0,routed
882830c549fffff,Canyon Creek S,,36.2,2.9,3930.0,routed
882830c54bfffff,Canyon Creek W,,51.9,4.15,2852.0,routed
882830c54dfffff,Canyon Creek SE,,60.3,4.83,671.0,routed
882830c551fffff,Bishop Estates E,,40.0,3.2,1784.0,routed
882830c553fffff,Bishop Estates NE,,54.0,4.32,1039.0,routed
882830c555fffff,Canyon Creek NW 2,,58.0,4.64,618.0,routed
882830c557fffff,Bishop Estates NE 2,,64.8,5.18,64.0,routed
882830c559fffff,Ayers Ranch,,33.2,2.66,7745.0,routed
882830c55bfffff,Bishop Estates,,32.7,2.61,6881.0,routed
882830c55dfffff,Ayers Ranch E,,60.2,4.82,200.0,routed
882830c561fffff,Woodland Hills Apartment Homes SW 6,,87.1,6.97,0.0,routed
882830c563fffff,Woodland Hills Apartment Homes SW 4,,79.4,6.36,0.0,routed
882830c565fffff,Woodland Hills Apartment Homes S 2,,20.7,1.66,880.0,routed
882830c567fffff,Woodland Hills Apartment Homes SW 3,,93.6,7.49,0.0,routed
882830c569fffff,Canyon Creek E 3,,54.0,4.32,0.0,routed
882830c56bfffff,Canyon Creek NE 2,,57.7,4.62,0.0,routed
882830c56dfffff,Woodland Hills Apartment Homes S 3,,35.5,2.84,0.0,routed
882830c581fffff,California Skyline W,,95.1,7.6,951.0,routed
882830c583fffff,California Skyline W 2,,117.3,9.38,0.0,routed
882830c585fffff,California Skyline,,88.4,7.07,7189.0,routed
882830c587fffff,California Skyline NW,,96.3,7.7,1823.0,routed
882830c589fffff,California Skyline SW,,66.9,5.35,2644.0,routed
882830c58bfffff,California Skyline W 3,,77.4,6.19,71.0,routed
882830c58dfffff,California Skyline S,,73.4,5.87,3182.0,routed
882830c591fffff,Clyde NE 2,,106.5,8.52,1123.0,routed
882830c593fffff,Clyde N 3,,114.8,9.18,4130.0,routed
882830c595fffff,California Skyline NW 2,,123.2,9.86,1721.0,routed
882830c597fffff,Clyde NE 4,,122.7,9.81,500.0,routed
882830c599fffff,Clyde NE,,88.0,7.04,436.0,routed
882830c59bfffff,Clyde N,,102.7,8.22,194.0,routed
882830c59dfffff,Clyde NE 3,,90.2,7.21,0.0,routed
882830c5a1fffff,Shore Acres NE,,104.6,8.36,919.0,routed
882830c5a3fffff,Shore Acres N,,118.7,9.5,0.0,routed
882830c5a5fffff,Shore Acres NE 2,,108.6,8.69,0.0,routed
882830c5a7fffff,Shore Acres NE 3,,113.1,9.04,0.0,routed
882830c5a9fffff,Shore Acres,,99.3,7.95,8395.0,routed
882830c5abfffff,Shore Acres NW,,99.3,7.94,6069.0,routed
882830c5adfffff,Anchor Square Apartments,,99.9,7.99,3122.0,routed
882830c5b1fffff,Shore Acres NW 4,,122.2,9.77,0.0,routed
882830c5b3fffff,Shore Acres NW 7,,148.5,11.88,10.0,routed
882830c5b5fffff,Shore Acres NW 3,,124.9,9.99,0.0,routed
882830c5b7fffff,Shore Acres NW 5,,130.8,10.47,0.0,routed
882830c5b9fffff,Shore Acres W,,108.6,8.69,1462.0,routed
882830c5bbfffff,Shore Acres NW 6,,143.8,11.5,1279.0,routed
882830c5bdfffff,Shore Acres NW 2,,116.5,9.32,261.0,routed
882830c5c1fffff,Positano at San Marco SW,,55.5,4.44,0.0,routed
882830c5c3fffff,Positano at San Marco W 2,,52.3,4.18,3081.0,routed
882830c5c5fffff,Positano at San Marco S,,86.4,6.91,286.0,routed
882830c5c7fffff,Positano at San Marco W,,63.2,5.05,1278.0,routed
882830c5c9fffff,Positano at San Marco SW 3,,57.4,4.59,940.0,routed
882830c5cbfffff,Positano at San Marco SW 2,,36.5,2.92,2363.0,routed
882830c5cdfffff,Positano at San Marco S 2,,60.3,4.83,0.0,routed
882830c5d1fffff,Sun Terrace NE 4,,59.1,4.72,3858.0,routed
882830c5d3fffff,Clyde SE,,68.4,5.47,2280.0,routed
882830c5d5fffff,California Skyline SW 2,,72.7,5.81,1731.0,routed
882830c5d7fffff,Clyde E,,81.2,6.49,1136.0,routed
882830c5d9fffff,Sun Terrace NE 2,,48.1,3.85,147.0,routed
882830c5dbfffff,Sun Terrace NE 3,,49.1,3.93,3057.0,routed
882830c5ddfffff,Sun Terrace NE 5,,47.3,3.78,1699.0,routed
882830c5e1fffff,Toscana,,95.9,7.67,9388.0,routed
882830c5e3fffff,San Marco Villas,,88.5,7.08,6025.0,routed
882830c5e5fffff,Elaine Null Court,,80.1,6.41,8329.0,routed
882830c5e7fffff,Willow View Apartments,,84.6,6.77,11266.0,routed
882830c5e9fffff,Vista Del Mar W,,109.0,8.72,10430.0,routed
882830c5ebfffff,Positano at San Marco,,110.1,8.81,8986.0,routed
882830c5edfffff,Vista Del Mar,,89.8,7.18,9902.0,routed
882830c601fffff,Shell Ridge N,,18.2,1.45,9899.0,routed
882830c603fffff,Bancroft Village,,11.1,0.89,6966.0,routed
882830c605fffff,Bancroft Village SE,,22.7,1.81,10198.0,routed
882830c607fffff,Bancroft Village E,,15.6,1.25,7349.0,routed
882830c609fffff,Shell Ridge,,27.8,2.22,6440.0,routed
882830c60bfffff,Heather Farms,,13.7,1.1,5937.0,routed
882830c60dfffff,Shell Ridge E,,31.4,2.51,7640.0,routed
882830c611fffff,Oak Road Station,,14.3,1.15,8328.0,routed
882830c613fffff,Walnut Creek Apartments,,8.5,0.68,10757.0,routed
882830c615fffff,Bancroft Village NW,,26.1,2.09,9154.0,routed
882830c617fffff,Centerre Place,,19.7,1.57,10331.0,routed
882830c619fffff,Oak Road Station S,,24.2,1.94,8674.0,routed
882830c61bfffff,Walnut Creek Apartments SW,,14.9,1.19,9658.0,routed
882830c61dfffff,Heather Farms NW,,10.9,0.87,6737.0,routed
882830c621fffff,Kelly Glen Estates SE,,11.6,0.93,6870.0,routed
882830c623fffff,Kelly Glen Estates,,12.9,1.04,9217.0,routed
882830c625fffff,Ygnacio Hills SE 2,,31.7,2.54,0.0,routed
882830c627fffff,Ygnacio Hills SE,,45.2,3.62,3659.0,routed
882830c629fffff,North Gate NW 2,,12.8,1.03,10474.0,routed
882830c62bfffff,Peppertree S,,13.4,1.08,6351.0,routed
882830c62dfffff,North Gate N 2,,18.0,1.44,4134.0,routed
882830c631fffff,Peppertree W,,33.0,2.64,9691.0,routed
882830c633fffff,Fruitbowl S,,25.5,2.04,9333.0,routed
882830c635fffff,Palm Lake,,21.4,1.71,8799.0,routed
882830c637fffff,Fruitbowl SE,,32.3,2.58,9970.0,routed
882830c639fffff,Bancroft Village NE,,38.8,3.11,8805.0,routed
882830c63bfffff,Avalon Walnut Ridge,,30.3,2.43,10061.0,routed
882830c63dfffff,Peppertree,,6.0,0.48,3565.0,routed
882830c641fffff,Walnut Heights,,44.1,3.53,5278.0,routed
882830c643fffff,Walnut Heights NW,,33.5,2.68,4473.0,routed
882830c645fffff,Walnut Heights E,,47.3,3.78,0.0,routed
882830c647fffff,Shell Ridge SE,,39.4,3.15,700.0,routed
882830c649fffff,San Miguel,,42.3,3.38,7556.0,routed
882830c64bfffff,Walnut Heights W,,38.1,3.05,7524.0,routed
882830c64dfffff,Walnut Heights SE,,55.0,4.4,5921.0,routed
882830c651fffff,Walnut Creek,,8.2,0.66,9419.0,routed
882830c653fffff,The Waymark,,12.2,0.97,9260.0,routed
882830c655fffff,Shell Ridge W,,25.2,2.02,9289.0,routed
882830c657fffff,Heather Farms SW,,17.7,1.42,5236.0,routed
882830c659fffff,Walnut Creek S,,14.1,1.12,10207.0,routed
882830c65bfffff,Walnut Creek SW,,7.5,0.6,9665.0,routed
882830c65dfffff,Walnut Heights W 2,,23.7,1.89,7654.0,routed
882830c661fffff,North Gate W,,28.7,2.3,4099.0,routed
882830c663fffff,North Gate W 2,,26.3,2.11,8402.0,routed
882830c665fffff,North Gate,,34.1,2.73,3080.0,routed
882830c667fffff,North Gate NW,,22.2,1.77,9279.0,routed
882830c669fffff,North Gate SW,,35.8,2.86,0.0,routed
882830c66bfffff,Shell Ridge E 2,,47.0,3.76,1504.0,routed
882830c66dfffff,North Gate S,,42.0,3.36,1709.0,routed
882830c681fffff,Hillcrest SW,,15.6,1.25,9001.0,routed
882830c683fffff,Virginia Hills NE,,8.4,0.68,8408.0,routed
882830c685fffff,Hillcrest,,16.5,1.32,8435.0,routed
882830c687fffff,Valhalla,,21.4,1.71,8118.0,routed
882830c689fffff,Rodgers Smith Park,,23.4,1.87,9059.0,routed
882830c68bfffff,Shannon Hills,,11.6,0.93,8424.0,routed
882830c68dfffff,Gregory Gardens SW,,18.4,1.47,9862.0,routed
882830c691fffff,Virginia Hills NW,,32.3,2.58,2371.0,routed
882830c693fffff,Alhambra Valley E,,45.5,3.64,228.0,routed
882830c695fffff,Ridgeview,,16.7,1.34,6180.0,routed
882830c697fffff,Valley High W,,34.1,2.73,7251.0,routed
882830c699fffff,Virginia Hills W,,30.2,2.41,4740.0,routed
882830c69bfffff,Alhambra Valley SE,,36.6,2.93,3176.0,routed
882830c69dfffff,Virginia Hills,,14.7,1.18,8936.0,routed
882830c6a1fffff,College Park,,23.1,1.85,5539.0,routed
882830c6a3fffff,Briarwood Apartments,,19.1,1.53,8665.0,routed
882830c6a5fffff,Palm Terrace Appartments W,,12.8,1.03,5618.0,routed
882830c6a7fffff,Briarwood Apartments NE,,22.9,1.83,7985.0,routed
882830c6a9fffff,The Gate Apartments,,13.0,1.04,11286.0,routed
882830c6abfffff,College Park W,,9.5,0.76,3995.0,routed
882830c6adfffff,Ellinwood,,23.9,1.91,5692.0,routed
882830c6b1fffff,Diablo Valley Estates,,26.6,2.13,6694.0,routed
882830c6b3fffff,Hidden Valley Park,,18.6,1.49,7844.0,routed
882830c6b5fffff,Camelback,,17.9,1.43,11702.0,routed
882830c6b7fffff,Pacheco W,,18.4,1.47,10119.0,routed
882830c6b9fffff,Ridgeview E,,19.3,1.54,7681.0,routed
882830c6bbfffff,Valley High,,32.5,2.6,8594.0,routed
882830c6bdfffff,Valhalla N,,25.0,2.0,6095.0,routed
882830c6c1fffff,Hillsdale SE,,18.5,1.48,8908.0,routed
882830c6c3fffff,Hillsdale,,64.0,5.12,5024.0,routed
882830c6c5fffff,Oak Park NE,,8.1,0.65,9480.0,routed
882830c6c7fffff,Poet's Corner,,25.6,2.04,8620.0,routed
882830c6c9fffff,Hillsdale S,,25.4,2.03,9253.0,routed
882830c6cbfffff,Reliez Valley S,,34.6,2.77,6020.0,routed
882830c6cdfffff,Oak Park,,12.8,1.02,9402.0,routed
882830c6d1fffff,Grayson Woods SW,,56.0,4.48,3008.0,routed
882830c6d3fffff,Grayson Woods W,,61.5,4.92,1167.0,routed
882830c6d5fffff,Woodside Meadows,,38.9,3.11,4639.0,routed
882830c6d7fffff,Grayson Woods,,30.4,2.43,4397.0,routed
882830c6d9fffff,Reliez Valley W,,66.6,5.32,2528.0,routed
882830c6dbfffff,Reliez Valley W 2,,76.1,6.08,0.0,routed
882830c6ddfffff,Reliez Valley,,43.3,3.46,6730.0,routed
882830c6e1fffff,Sherman Acres,,14.8,1.19,11508.0,routed
882830c6e3fffff,Gregory Gardens,,19.2,1.53,11190.0,routed
882830c6e5fffff,The Trees Mobile Home Park,,9.9,0.79,9565.0,routed
882830c6e7fffff,West Sherman Acres,,25.9,2.07,9004.0,routed
882830c6e9fffff,Walnut Creek Manor,,14.2,1.13,8516.0,routed
882830c6ebfffff,Poet's Corner NE,,17.5,1.4,8201.0,routed
882830c6edfffff,Fair Oaks,,31.9,2.55,9221.0,routed
882830c701fffff,Roundtree S,,36.8,2.94,474.0,routed
882830c703fffff,Roundtree SW 2,,23.9,1.91,4637.0,routed
882830c705fffff,Clayton SW,,27.8,2.22,1150.0,routed
882830c707fffff,Roundtree SE,,26.0,2.08,9403.0,routed
882830c709fffff,Roundtree S 3,,57.5,4.6,0.0,routed
882830c70bfffff,Roundtree S 2,,36.0,2.88,3476.0,routed
882830c70dfffff,Clayton SW 2,,46.6,3.73,0.0,routed
882830c711fffff,Limeridge SE,,20.3,1.62,1064.0,routed
882830c713fffff,Limeridge E,,22.8,1.82,6518.0,routed
882830c715fffff,Roundtree SW,,17.2,1.38,2896.0,routed
882830c717fffff,Limeridge E 2,,16.6,1.33,9029.0,routed
882830c719fffff,Limeridge SE 2,,46.1,3.69,0.0,routed
882830c71bfffff,Limeridge S,,37.0,2.96,0.0,routed
882830c71dfffff,Roundtree SW 3,,36.4,2.91,3991.0,routed
882830c721fffff,Clayton,,10.6,0.85,10803.0,routed
882830c723fffff,Clayton NW,,14.8,1.18,8657.0,routed
882830c725fffff,Clayton NE,,46.5,3.72,1280.0,routed
882830c727fffff,Clayton N,,25.9,2.07,4642.0,routed
882830c729fffff,Clayton S,,16.0,1.28,8311.0,routed
882830c72bfffff,Clayton W,,15.2,1.22,10890.0,routed
882830c72dfffff,Clayton SE,,11.1,0.89,9415.0,routed
882830c731fffff,Roundtree N,,17.2,1.37,7481.0,routed
882830c733fffff,Ayers Ranch S,,18.5,1.48,9272.0,routed
882830c735fffff,Roundtree NE,,30.1,2.4,6924.0,routed
882830c737fffff,Ayers Ranch SE,,38.3,3.06,8585.0,routed
882830c739fffff,Roundtree,,15.1,1.21,9308.0,routed
882830c73bfffff,Roundtree W,,16.6,1.33,9032.0,routed
882830c73dfffff,Roundtree E,,26.2,2.09,11799.0,routed
882830c741fffff,North Gate E 8,,77.5,6.2,0.0,routed
882830c743fffff,North Gate E 6,,65.7,5.26,0.0,routed
882830c745fffff,Clayton S 8,,56.4,4.51,0.0,routed
882830c747fffff,Clayton SW 3,,86.8,6.95,0.0,routed
882830c749fffff,North Gate E 7,,85.7,6.86,0.0,routed
882830c74bfffff,North Gate E 5,,74.9,5.99,0.0,routed
882830c74dfffff,North Gate E 10,,68.8,5.5,0.0,routed
882830c751fffff,North Gate NE,,43.8,3.51,604.0,routed
882830c753fffff,North Gate N 3,,31.0,2.48,205.0,routed
882830c755fffff,North Gate NE 2,,50.6,4.05,0.0,routed
882830c757fffff,Limeridge SE 3,,43.9,3.51,310.0,routed
882830c759fffff,North Gate E,,45.4,3.63,0.0,routed
882830c75bfffff,North Gate N,,34.0,2.72,5199.0,routed
882830c75dfffff,North Gate E 3,,57.2,4.58,0.0,routed
882830c761fffff,Clayton S 4,,47.0,3.76,1359.0,routed
882830c763fffff,Clayton S 3,,32.4,2.59,3147.0,routed
882830c765fffff,Clayton SE 3,,33.2,2.65,5855.0,routed
882830c767fffff,Clayton S 2,,21.5,1.72,8625.0,routed
882830c769fffff,Clayton S 7,,74.0,5.92,0.0,routed
882830c76bfffff,Clayton S 5,,43.9,3.51,154.0,routed
882830c76dfffff,Clayton S 6,,43.7,3.49,0.0,routed
882830c801fffff,Summer Lake W 4,,65.5,5.24,992.0,routed
882830c803fffff,Summer Lake W 5,,61.5,4.92,49.0,routed
882830c805fffff,Summer Lake W 2,,90.3,7.22,1115.0,routed
882830c807fffff,Summer Lake NW 6,,93.9,7.51,2053.0,routed
882830c809fffff,Knightsen N 3,,61.5,4.92,5038.0,routed
882830c80bfffff,Summer Lake W 6,,49.6,3.97,10939.0,routed
882830c80dfffff,Summer Lake W 3,,63.5,5.08,1806.0,routed
882830c811fffff,Oakley NE 3,,101.5,8.12,0.0,routed
882830c813fffff,Oakley NE 2,,44.5,3.56,0.0,routed
882830c815fffff,Summer Lake W 7,,89.4,7.15,0.0,routed
882830c817fffff,Summer Lake NW 14,,87.9,7.03,0.0,routed
882830c819fffff,Oakley E 2,,37.1,2.97,3306.0,routed
882830c81bfffff,Oakley NE,,29.9,2.39,0.0,routed
882830c81dfffff,Summer Lake W 8,,63.8,5.1,1257.0,routed
882830c821fffff,Summer Lake NW 3,,51.7,4.14,3273.0,routed
882830c823fffff,Summer Lake NW 5,,57.0,4.56,1513.0,routed
882830c825fffff,Summer Lake N 2,,55.1,4.41,5299.0,routed
882830c827fffff,Bethel Island,,40.2,3.22,5573.0,routed
882830c829fffff,Summer Lake NW 2,,100.0,8.0,723.0,routed
882830c82bfffff,Summer Lake NW 4,,95.7,7.65,1007.0,routed
882830c82dfffff,Summer Lake N,,68.1,5.45,1326.0,routed
882830c831fffff,Summer Lake NW 10,,89.5,7.16,920.0,routed
882830c833fffff,Summer Lake NW 13,,114.2,9.14,1279.0,routed
882830c835fffff,Summer Lake NW 8,,67.3,5.38,984.0,routed
882830c837fffff,Summer Lake NW 11,,79.5,6.36,1450.0,routed
882830c839fffff,Summer Lake NW 9,,79.1,6.33,0.0,routed
882830c83bfffff,Summer Lake NW 12,,114.5,9.16,0.0,routed
882830c83dfffff,Summer Lake NW 7,,72.9,5.83,1706.0,routed
882830c841fffff,Knightsen NE,,74.9,5.99,3299.0,routed
882830c843fffff,Knightsen N,,62.9,5.03,3447.0,routed
882830c845fffff,Summer Lake SW 4,,91.0,7.28,1563.0,routed
882830c847fffff,Knightsen N 2,,79.1,6.33,784.0,routed
882830c849fffff,Knightsen,,68.0,5.44,3317.0,routed
882830c84bfffff,Knightsen NW,,61.0,4.88,2883.0,routed
882830c84dfffff,Knightsen E,,76.0,6.08,2957.0,routed
882830c851fffff,Brentwood Park NE 4,,38.6,3.09,9197.0,routed
882830c853fffff,Oakley SE,,23.0,1.84,8846.0,routed
882830c855fffff,Knightsen NW 3,,51.7,4.14,4833.0,routed
882830c857fffff,Oakley E 3,,36.1,2.89,11494.0,routed
882830c859fffff,Brentwood Park NE 2,,40.9,3.27,8554.0,routed
882830c85bfffff,Brentwood Park NE 3,,35.2,2.81,10994.0,routed
882830c85dfffff,Knightsen NW 2,,68.1,5.45,5074.0,routed
882830c861fffff,Summer Lake SW,,90.0,7.2,4889.0,routed
882830c863fffff,Summer Lake W,,77.8,6.23,2254.0,routed
882830c865fffff,Summer Lake,,95.1,7.6,7154.0,routed
882830c867fffff,Summer Lake NW,,105.5,8.44,4976.0,routed
882830c869fffff,Summer Lake SW 2,,101.8,8.15,155.0,routed
882830c86bfffff,Summer Lake SW 3,,101.5,8.12,260.0,routed
882830c86dfffff,Summer Lake S,,96.2,7.7,2109.0,routed
882830c881fffff,The Oaks NE 5,,185.6,14.85,0.0,routed
882830c885fffff,Oakley N 8,,152.3,12.19,0.0,routed
882830c889fffff,The Oaks NE 4,,174.1,13.93,0.0,routed
882830c88bfffff,The Oaks N 5,,181.8,14.54,862.0,routed
882830c88dfffff,Oakley N 6,,185.5,14.84,0.0,routed
882830c8a1fffff,Summer Lake NW 23,,145.0,11.6,1348.0,routed
882830c8a5fffff,The Willows At Bethel Island W 8,,168.7,13.49,1014.0,routed
882830c8a7fffff,The Willows At Bethel Island NW 17,,175.9,14.07,1026.0,routed
882830c8a9fffff,Summer Lake NW 22,,140.2,11.21,1007.0,routed
882830c8adfffff,Summer Lake NW 21,,139.4,11.15,416.0,routed
882830c8c1fffff,Oakley N 2,,61.9,4.95,0.0,routed
882830c8c3fffff,The Oaks NE 3,,176.9,14.16,0.0,routed
882830c8c5fffff,Oakley N 3,,44.4,3.55,0.0,routed
882830c8c7fffff,Oakley N 4,,181.5,14.52,0.0,routed
882830c8c9fffff,Oakley NW,,22.3,1.78,4545.0,routed
882830c8cbfffff,The Oaks NE 2,,47.2,3.78,355.0,routed
882830c8cdfffff,Oakley N,,34.9,2.79,0.0,routed
882830c8d1fffff,The Oaks N 3,,83.7,6.69,0.0,routed
882830c8d5fffff,The Oaks N 4,,177.2,14.18,0.0,routed
882830c8d9fffff,The Oaks NW,,72.6,5.81,1245.0,routed
882830c8dbfffff,Antioch Family & Senior Apartments N 3,,75.7,6.06,137.0,routed
882830c8ddfffff,The Oaks N 2,,50.7,4.05,0.0,routed
882830c8e1fffff,Summer Lake NW 19,,127.2,10.18,0.0,routed
882830c8e3fffff,Oakley N 7,,149.9,11.99,0.0,routed
882830c8e5fffff,Summer Lake NW 17,,122.3,9.78,920.0,routed
882830c8e7fffff,Summer Lake NW 20,,125.2,10.02,994.0,routed
882830c8e9fffff,Oakley NE 4,,126.7,10.14,0.0,routed
882830c8ebfffff,Oakley N 5,,143.1,11.45,0.0,routed
882830c8edfffff,Summer Lake NW 16,,120.5,9.64,0.0,routed
882830c901fffff,Flamingo Mobile Manor E 2,,238.6,19.09,0.0,routed
882830c903fffff,Flamingo Mobile Manor E,,207.0,16.56,439.0,routed
882830c905fffff,Flamingo Mobile Manor E 4,,229.0,18.32,1029.0,routed
882830c907fffff,Flamingo Mobile Manor E 3,,238.7,19.1,0.0,routed
882830c909fffff,Flamingo Mobile Manor SE 2,,189.8,15.18,0.0,routed
882830c90bfffff,Flamingo Mobile Manor SE,,216.4,17.31,980.0,routed
882830c90dfffff,Flamingo Mobile Manor SE 3,,213.8,17.11,663.0,routed
882830c911fffff,Flamingo Mobile Manor NW,,22.8,1.82,2678.0,routed
882830c913fffff,Santiago Mobile Home park NE,,15.0,1.2,788.0,routed
882830c915fffff,Flamingo Mobile Manor NE,,12.0,0.96,616.0,routed
882830c917fffff,Flamingo Mobile Manor N,,8.7,0.7,1088.0,routed
882830c919fffff,Flamingo Mobile Manor SW,,70.0,5.6,3152.0,routed
882830c91bfffff,Santiago Mobile Home park,,24.9,1.99,3892.0,routed
882830c91dfffff,Flamingo Mobile Manor,,22.3,1.78,1687.0,routed
882830c921fffff,Flamingo Mobile Manor E 8,,254.1,20.33,0.0,routed
882830c923fffff,Flamingo Mobile Manor NE 8,,249.9,20.0,0.0,routed
882830c927fffff,Flamingo Mobile Manor E 11,,261.0,20.88,1258.0,routed
882830c929fffff,Flamingo Mobile Manor E 7,,238.3,19.07,0.0,routed
882830c92bfffff,Flamingo Mobile Manor E 5,,237.6,19.01,579.0,routed
882830c92dfffff,Flamingo Mobile Manor E 12,,250.1,20.01,936.0,routed
882830c931fffff,Flamingo Mobile Manor NE 4,,255.0,20.4,0.0,routed
882830c933fffff,The Willows At Bethel Island E 3,,28.6,2.29,0.0,routed
882830c935fffff,Flamingo Mobile Manor NE 6,,254.6,20.37,0.0,routed
882830c937fffff,Flamingo Mobile Manor NE 7,,263.8,21.1,0.0,routed
882830c939fffff,Flamingo Mobile Manor NE 2,,217.7,17.42,0.0,routed
882830c93bfffff,Flamingo Mobile Manor NE 3,,18.6,1.49,0.0,routed
882830c93dfffff,Flamingo Mobile Manor NE 5,,243.7,19.5,0.0,routed
882830c941fffff,Summer Lake E 7,,225.0,18.0,0.0,routed
882830c943fffff,Summer Lake E 5,,190.4,15.24,800.0,routed
882830c945fffff,Summer Lake E 9,,217.7,17.41,961.0,routed
882830c947fffff,Flamingo Mobile Manor SE 4,,215.1,17.21,0.0,routed
882830c949fffff,Summer Lake E 6,,158.2,12.66,0.0,routed
882830c94bfffff,Summer Lake E 4,,162.6,13.01,981.0,routed
882830c94dfffff,Summer Lake E 8,,190.8,15.27,949.0,routed
882830c951fffff,Summer Lake NE 2,,171.9,13.75,176.0,routed
882830c953fffff,Summer Lake NE 3,,79.7,6.37,858.0,routed
882830c955fffff,Summer Lake NE 4,,186.9,14.96,670.0,routed
882830c957fffff,Flamingo Mobile Manor S,,78.4,6.27,0.0,routed
882830c959fffff,Summer Lake E,,162.6,13.01,2154.0,routed
882830c95bfffff,Summer Lake NE,,76.8,6.14,2471.0,routed
882830c95dfffff,Summer Lake E 3,,161.9,12.95,0.0,routed
882830c961fffff,Flamingo Mobile Manor E 10,,220.8,17.66,783.0,routed
882830c963fffff,Flamingo Mobile Manor E 6,,217.2,17.38,0.0,routed
882830c967fffff,Flamingo Mobile Manor E 9,,247.8,19.83,0.0,routed
882830c969fffff,Flamingo Mobile Manor SE 6,,220.0,17.6,641.0,routed
882830c96bfffff,Flamingo Mobile Manor SE 5,,209.0,16.72,836.0,routed
882830c981fffff,The Willows At Bethel Island NW 3,,85.7,6.86,0.0,routed
882830c983fffff,The Willows At Bethel Island NW 5,,188.0,15.04,1534.0,routed
882830c985fffff,The Willows At Bethel Island N 2,,89.8,7.18,0.0,routed
882830c987fffff,The Willows At Bethel Island N 4,,199.0,15.92,0.0,routed
882830c989fffff,The Willows At Bethel Island NW 2,,84.5,6.76,1872.0,routed
882830c98bfffff,The Willows At Bethel Island NW 4,,182.9,14.63,1155.0,routed
882830c98dfffff,The Willows At Bethel Island NW,,81.5,6.52,1393.0,routed
882830c991fffff,The Willows At Bethel Island NW 10,,176.3,14.11,57.0,routed
882830c993fffff,The Willows At Bethel Island NW 15,,180.7,14.45,974.0,routed
882830c995fffff,The Willows At Bethel Island NW 8,,193.9,15.51,0.0,routed
882830c997fffff,The Willows At Bethel Island NW 12,,187.5,15.0,520.0,routed
882830c999fffff,The Willows At Bethel Island NW 9,,169.0,13.52,1724.0,routed
882830c99bfffff,The Willows At Bethel Island NW 13,,169.4,13.55,916.0,routed
882830c99dfffff,The Willows At Bethel Island NW 6,,184.6,14.77,2283.0,routed
882830c9a1fffff,The Willows At Bethel Island N 6,,112.4,9.0,0.0,routed
882830c9a3fffff,The Willows At Bethel Island N 8,,113.5,9.08,0.0,routed
882830c9a5fffff,The Willows At Bethel Island NE 9,,121.8,9.74,0.0,routed
882830c9a7fffff,The Willows At Bethel Island N 9,,124.1,9.93,0.0,routed
882830c9a9fffff,The Willows At Bethel Island N 3,,101.0,8.08,0.0,routed
882830c9abfffff,The Willows At Bethel Island N 5,,101.6,8.13,0.0,routed
882830c9adfffff,The Willows At Bethel Island NE 5,,111.3,8.9,0.0,routed
882830c9b1fffff,The Willows At Bethel Island N 10,,211.2,16.89,781.0,routed
882830c9b3fffff,The Willows At Bethel Island NW 14,,216.9,17.36,774.0,routed
882830c9b5fffff,The Willows At Bethel Island N 11,,219.8,17.58,0.0,routed
882830c9b7fffff,The Willows At Bethel Island N 14,,223.0,17.84,196.0,routed
882830c9b9fffff,The Willows At Bethel Island NW 7,,199.4,15.95,990.0,routed
882830c9bbfffff,The Willows At Bethel Island NW 11,,205.3,16.42,0.0,routed
882830c9bdfffff,The Willows At Bethel Island N 7,,208.8,16.71,0.0,routed
882830c9c1fffff,The Willows At Bethel Island SW 2,,54.6,4.37,852.0,routed
882830c9c3fffff,The Willows At Bethel Island W 2,,68.9,5.51,1628.0,routed
882830c9c5fffff,The Willows At Bethel Island SW,,35.4,2.83,1053.0,routed
882830c9c7fffff,The Willows At Bethel Island W,,65.3,5.23,1762.0,routed
882830c9c9fffff,Santiago Mobile Home park W,,53.8,4.3,1251.0,routed
882830c9cbfffff,Santiago Mobile Home park NW 2,,67.7,5.42,0.0,routed
882830c9cdfffff,Santiago Mobile Home park NW,,44.0,3.52,598.0,routed
882830c9d1fffff,The Willows At Bethel Island W 6,,95.2,7.62,991.0,routed
882830c9d3fffff,The Willows At Bethel Island W 7,,174.8,13.99,0.0,routed
882830c9d5fffff,The Willows At Bethel Island W 3,,87.2,6.98,1376.0,routed
882830c9d7fffff,The Willows At Bethel Island W 5,,189.0,15.12,0.0,routed
882830c9d9fffff,Summer Lake NW 15,,89.1,7.13,1904.0,routed
882830c9dbfffff,Summer Lake NW 18,,97.3,7.78,888.0,routed
882830c9ddfffff,The Willows At Bethel Island W 4,,87.2,6.97,0.0,routed
882830c9e1fffff,The Willows At Bethel Island NE,,36.9,2.95,0.0,routed
882830c9e3fffff,The Willows At Bethel Island N,,90.5,7.24,0.0,routed
882830c9e5fffff,The Willows At Bethel Island NE 3,,39.7,3.18,0.0,routed
882830c9e7fffff,The Willows At Bethel Island NE 2,,104.7,8.37,0.0,routed
882830c9e9fffff,The Willows At Bethel Island E,,23.6,1.89,1022.0,routed
882830c9ebfffff,The Willows At Bethel Island,,77.0,6.16,1650.0,routed
882830c9edfffff,The Willows At Bethel Island E 2,,23.9,1.91,0.0,routed
882830ca01fffff,Brentwood Parks Apartments,,12.9,1.04,9721.0,routed
882830ca03fffff,Terrene,,20.4,1.63,9985.0,routed
882830ca05fffff,Brentwood Parks Apartments E,,36.5,2.92,1346.0,routed
882830ca07fffff,Terrene E,,28.6,2.29,6826.0,routed
882830ca09fffff,Walnut Acres Mobile Home Park,,5.5,0.44,9580.0,routed
882830ca0bfffff,Brentwood Parks Apartments SW,,8.3,0.66,10941.0,routed
882830ca0dfffff,Brentwood Parks Apartments SE,,14.9,1.19,6558.0,routed
882830ca11fffff,Marsh Creek Apartments W,,47.8,3.82,14803.0,routed
882830ca13fffff,Arbor Ridge Apartments E 2,,40.8,3.27,8239.0,routed
882830ca15fffff,Marsh Creek Apartments,,41.8,3.34,7196.0,routed
882830ca17fffff,Brentwood Park S,,27.8,2.23,9612.0,routed
882830ca19fffff,Villa Amador Apartments E 2,,37.1,2.97,9533.0,routed
882830ca1bfffff,Villa Amador Apartments E,,47.4,3.79,11521.0,routed
882830ca1dfffff,Arteaga's Redwood Apartments,,21.2,1.7,8860.0,routed
882830ca21fffff,Knightsen S 2,,61.8,4.94,3824.0,routed
882830ca23fffff,Knightsen S,,59.3,4.74,2300.0,routed
882830ca25fffff,Knightsen SE 3,,69.1,5.52,1843.0,routed
882830ca27fffff,Knightsen SE,,73.3,5.87,2015.0,routed
882830ca29fffff,Terrene E 2,,66.9,5.35,286.0,routed
882830ca2bfffff,Havenwood Village,,54.4,4.35,855.0,routed
882830ca2dfffff,Knightsen SE 5,,68.1,5.45,3529.0,routed
882830ca31fffff,Sunset Crossing N,,47.3,3.79,2054.0,routed
882830ca33fffff,Brentwood Park E,,34.9,2.79,2416.0,routed
882830ca35fffff,Knightsen SW,,55.5,4.44,1836.0,routed
882830ca37fffff,Knightsen W,,45.2,3.62,4762.0,routed
882830ca39fffff,Sunset Crossing,,36.6,2.93,9986.0,routed
882830ca3bfffff,Brentwood Park SE,,41.0,3.28,5458.0,routed
882830ca3dfffff,Sunset Crossing E,,39.8,3.19,2150.0,routed
882830ca41fffff,Woodgate Mobile Home Park SE,,31.2,2.49,3496.0,routed
882830ca43fffff,Woodgate Mobile Home Park,,21.3,1.7,13585.0,routed
882830ca45fffff,Woodgate Mobile Home Park SE 2,,36.4,2.91,3053.0,routed
882830ca47fffff,Woodgate Mobile Home Park E,,22.7,1.81,10641.0,routed
882830ca49fffff,Woodgate Mobile Home Park S 2,,43.4,3.47,816.0,routed
882830ca4bfffff,Woodgate Mobile Home Park S,,29.0,2.32,3173.0,routed
882830ca4dfffff,Woodgate Mobile Home Park SE 3,,39.8,3.19,1595.0,routed
882830ca51fffff,Midway Mobile Home Park SW,,30.7,2.46,10673.0,routed
882830ca53fffff,Villa Amador Apartments SE 2,,30.2,2.41,12988.0,routed
882830ca55fffff,Midway Mobile Home Park,,20.8,1.67,11709.0,routed
882830ca57fffff,Midway Mobile Home Park W,,20.6,1.65,10357.0,routed
882830ca59fffff,Woodgate Mobile Home Park SW 3,,55.5,4.44,6264.0,routed
882830ca5bfffff,Midway Mobile Home Park SW 2,,21.9,1.75,10284.0,routed
882830ca5dfffff,Woodgate Mobile Home Park SW,,29.3,2.34,8675.0,routed
882830ca61fffff,Woodgate Mobile Home Park E 4,,44.4,3.55,1087.0,routed
882830ca63fffff,Brentwood Parks Apartments E 2,,36.1,2.89,745.0,routed
882830ca65fffff,Brentwood Parks Apartments E 4,,55.8,4.47,1312.0,routed
882830ca67fffff,Brentwood Parks Apartments E 3,,51.6,4.13,2088.0,routed
882830ca69fffff,Woodgate Mobile Home Park E 3,,45.9,3.68,391.0,routed
882830ca6bfffff,Woodgate Mobile Home Park E 2,,39.6,3.17,1368.0,routed
882830ca6dfffff,Woodgate Mobile Home Park E 6,,60.8,4.87,916.0,routed
882830ca81fffff,Laurel Ranch E,,37.5,3.0,4112.0,routed
882830ca83fffff,Laurel Ranch N,,43.9,3.51,5740.0,routed
882830ca85fffff,Summer Creek Place S,,29.3,2.34,10583.0,routed
882830ca87fffff,Summer Creek Place SW,,37.4,2.99,9617.0,routed
882830ca89fffff,Laurel Ranch SE,,54.3,4.34,7245.0,routed
882830ca8bfffff,Laurel Ranch,,49.0,3.92,8465.0,routed
882830ca8dfffff,Laurel Ranch E 2,,18.7,1.49,7227.0,routed
882830ca91fffff,Antioch Family & Senior Apartments SW 3,,61.7,4.93,2783.0,routed
882830ca93fffff,Antioch Family & Senior Apartments SW 2,,52.8,4.23,4130.0,routed
882830ca95fffff,Antioch Family & Senior Apartments S,,55.9,4.47,3885.0,routed
882830ca97fffff,Antioch Family & Senior Apartments SW,,55.1,4.41,5198.0,routed
882830ca99fffff,Laurel Ranch W 2,,50.1,4.01,9977.0,routed
882830ca9bfffff,Antioch Hillcrest Terrace E,,46.2,3.69,8190.0,routed
882830ca9dfffff,Laurel Ranch NW,,66.4,5.31,8794.0,routed
882830caa1fffff,Oakley SW,,8.1,0.65,10287.0,routed
882830caa3fffff,Twin Oaks Residence,,15.2,1.21,8564.0,routed
882830caa5fffff,Oakley E,,11.2,0.89,3371.0,routed
882830caa7fffff,Oakley,,27.2,2.17,5198.0,routed
882830caa9fffff,Oakley S 2,,22.4,1.79,9724.0,routed
882830caabfffff,Summer Creek Place SE,,22.6,1.81,10619.0,routed
882830caadfffff,Oakley S,,24.0,1.92,4564.0,routed
882830cab1fffff,The Oaks,,41.1,3.29,4046.0,routed
882830cab3fffff,Antioch Family & Senior Apartments NE,,63.1,5.05,2062.0,routed
882830cab5fffff,The Oaks NE,,29.4,2.36,9423.0,routed
882830cab7fffff,The Oaks N,,44.0,3.52,427.0,routed
882830cab9fffff,The Oaks SW,,42.6,3.41,6265.0,routed
882830cabbfffff,Antioch Family & Senior Apartments E,,47.8,3.82,4092.0,routed
882830cabdfffff,Summer Creek Place,,26.8,2.14,11292.0,routed
882830cac1fffff,Arbor Ridge Apartments,,50.0,4.0,7405.0,routed
882830cac3fffff,Cross Pointe NE,,37.9,3.03,8909.0,routed
882830cac5fffff,Arbor Ridge Apartments E,,30.3,2.43,9034.0,routed
882830cac7fffff,Arbor Ridge Apartments N,,29.7,2.38,5238.0,routed
882830cac9fffff,Brighton Station,,56.6,4.53,4805.0,routed
882830cacbfffff,Cross Pointe SE,,39.6,3.16,5192.0,routed
882830cacdfffff,Sterling Pinnacle,,48.5,3.88,12708.0,routed
882830cad1fffff,Cross Pointe NW,,30.6,2.45,12341.0,routed
882830cad3fffff,Quail Lodge NE,,34.1,2.73,8396.0,routed
882830cad5fffff,Laurel Ranch S,,42.1,3.37,9466.0,routed
882830cad7fffff,Laurel Ranch W,,39.5,3.16,11639.0,routed
882830cad9fffff,Cross Pointe W,,18.1,1.45,9042.0,routed
882830cadbfffff,Prewett Family Park,,2.0,0.16,2493.0,routed
882830caddfffff,Cross Pointe,,25.0,2.0,12548.0,routed
882830cae1fffff,Brentwood Park NW,,9.2,0.73,8130.0,routed
882830cae3fffff,Brentwood Park NW 2,,18.7,1.49,8627.0,routed
882830cae5fffff,Brentwood Park NE,,23.7,1.9,4031.0,routed
882830cae7fffff,Brentwood Park N,,24.5,1.96,7577.0,routed
882830cae9fffff,Brentwood Park SW,,17.9,1.43,11930.0,routed
882830caebfffff,Brentwood Park W,,7.3,0.58,12262.0,routed
882830caedfffff,Brentwood Park,,20.3,1.62,6034.0,routed
882830cb01fffff,Summer Lake SE 10,,122.9,9.83,0.0,routed
882830cb03fffff,Summer Lake S 6,,122.9,9.83,0.0,routed
882830cb05fffff,Summer Lake SE 12,,134.8,10.79,0.0,routed
882830cb07fffff,Summer Lake SE 7,,128.5,10.28,0.0,routed
882830cb09fffff,Summer Lake S 10,,120.6,9.64,0.0,routed
882830cb0bfffff,Summer Lake S 8,,120.2,9.61,223.0,routed
882830cb0dfffff,Summer Lake SE 15,,120.0,9.6,0.0,routed
882830cb11fffff,Summer Lake S 5,,99.3,7.94,2416.0,routed
882830cb13fffff,Summer Lake SW 5,,89.7,7.18,1131.0,routed
882830cb15fffff,Summer Lake S 4,,117.6,9.41,929.0,routed
882830cb17fffff,Summer Lake S 3,,101.6,8.13,237.0,routed
882830cb19fffff,Knightsen SE 4,,91.4,7.31,2679.0,routed
882830cb1bfffff,Knightsen SE 2,,91.5,7.32,1142.0,routed
882830cb1dfffff,Summer Lake S 7,,107.3,8.59,103.0,routed
882830cb21fffff,Summer Lake SE 11,,183.9,14.71,246.0,routed
882830cb23fffff,Summer Lake SE 6,,153.3,12.26,1149.0,routed
882830cb25fffff,Summer Lake SE 14,,176.6,14.13,561.0,routed
882830cb27fffff,Summer Lake SE 9,,182.7,14.62,435.0,routed
882830cb29fffff,Summer Lake SE 13,,195.8,15.66,0.0,routed
882830cb2bfffff,Summer Lake SE 8,,162.3,12.98,0.0,routed
882830cb2dfffff,Summer Lake SE 16,,185.5,14.84,0.0,routed
882830cb31fffff,Summer Lake SE 2,,135.1,10.81,1861.0,routed
882830cb33fffff,Summer Lake SE,,105.1,8.41,2500.0,routed
882830cb35fffff,Summer Lake SE 3,,152.2,12.17,1488.0,routed
882830cb37fffff,Summer Lake E 2,,156.4,12.51,572.0,routed
882830cb39fffff,Summer Lake SE 4,,120.9,9.67,936.0,routed
882830cb3bfffff,Summer Lake S 2,,113.2,9.06,366.0,routed
882830cb3dfffff,Summer Lake SE 5,,143.9,11.52,0.0,routed
882830cb41fffff,Discovery Bay N 6,,116.4,9.32,2943.0,routed
882830cb43fffff,Discovery Bay NW 9,,100.2,8.02,1545.0,routed
882830cb45fffff,Discovery Bay N 7,,121.2,9.7,645.0,routed
882830cb47fffff,Discovery Bay N 9,,114.3,9.14,1228.0,routed
882830cb49fffff,Discovery Bay NW 3,,91.9,7.35,10312.0,routed
882830cb4bfffff,Discovery Bay NW 6,,102.8,8.23,4355.0,routed
882830cb4dfffff,Discovery Bay N 4,,132.3,10.58,187.0,routed
882830cb51fffff,Knightsen SE 8,,80.7,6.46,2298.0,routed
882830cb53fffff,Knightsen SE 6,,87.9,7.03,2563.0,routed
882830cb55fffff,Summer Lake S 11,,112.4,8.99,143.0,routed
882830cb57fffff,Summer Lake S 9,,100.9,8.07,2018.0,routed
882830cb59fffff,Brentwood Parks Apartments E 5,,66.2,5.3,1471.0,routed
882830cb5bfffff,Knightsen SE 7,,68.8,5.5,1564.0,routed
882830cb5dfffff,Discovery Bay NW 10,,88.3,7.07,690.0,routed
882830cb61fffff,Summer Lake SE 21,,136.0,10.88,0.0,routed
882830cb63fffff,Summer Lake SE 17,,140.3,11.22,0.0,routed
882830cb65fffff,Summer Lake SE 22,,146.8,11.74,0.0,routed
882830cb67fffff,Summer Lake SE 18,,147.5,11.8,0.0,routed
882830cb69fffff,Discovery Bay N 8,,128.6,10.29,982.0,routed
882830cb6bfffff,Discovery Bay N 10,,129.5,10.36,10.0,routed
882830cb6dfffff,Discovery Bay NE 11,,139.5,11.16,985.0,routed
882830cc01fffff,Pittsburg NE 12,,113.7,9.09,0.0,routed
882830cc03fffff,Pittsburg NE 13,,100.3,8.03,0.0,routed
882830cc09fffff,Pittsburg NE 9,,102.5,8.2,0.0,routed
882830cc0bfffff,Pittsburg NE 10,,84.4,6.75,0.0,routed
882830cc1dfffff,Pittsburg NE 11,,90.0,7.2,71.0,routed
882830cc41fffff,ReNew Aster N 4,,82.7,6.62,0.0,routed
882830cc43fffff,Pittsburg NE 7,,91.8,7.35,0.0,routed
882830cc47fffff,ReNew Aster N 5,,94.4,7.55,0.0,routed
882830cc49fffff,ReNew Aster NW 3,,71.7,5.74,0.0,routed
882830cc4bfffff,Edgewater Apartment Homes NE 4,,58.9,4.71,0.0,routed
882830cc4dfffff,ReNew Aster N 3,,71.8,5.75,0.0,routed
882830cc51fffff,Pittsburg NE 5,,60.3,4.82,0.0,routed
882830cc53fffff,Pittsburg N 4,,69.3,5.54,257.0,routed
882830cc55fffff,Pittsburg NE 6,,72.7,5.82,0.0,routed
882830cc57fffff,Pittsburg NE 8,,79.5,6.36,0.0,routed
882830cc59fffff,Pittsburg NE 2,,53.6,4.29,0.0,routed
882830cc5bfffff,Pittsburg N 3,,58.6,4.69,0.0,routed
882830cc5dfffff,Pittsburg NE 4,,61.4,4.91,0.0,routed
882830ce01fffff,Portofino Apartments,,9.9,0.79,6769.0,routed
882830ce03fffff,Ventrua Apartments,,15.1,1.21,7698.0,routed
882830ce05fffff,Delta View Apartments NW,,14.1,1.13,6336.0,routed
882830ce07fffff,Edgewater Apartment Homes E,,22.7,1.82,5352.0,routed
882830ce09fffff,Stoneman Apartments,,24.4,1.95,10480.0,routed
882830ce0bfffff,Delta Hawaii,,5.7,0.45,8860.0,routed
882830ce0dfffff,Chateau Mobile Home Park,,24.8,1.99,7996.0,routed
882830ce11fffff,Pittsburg Park Apartments,,10.1,0.81,6705.0,routed
882830ce13fffff,Crestview Apartments,,9.4,0.75,9904.0,routed
882830ce15fffff,Stanford Place,,18.1,1.45,10713.0,routed
882830ce17fffff,Pittsburg,,10.9,0.87,9484.0,routed
882830ce19fffff,Woodland Hills Apartment Homes NE,,21.6,1.73,7368.0,routed
882830ce1bfffff,Woodland Hills Apartment Homes N,,23.6,1.88,9824.0,routed
882830ce1dfffff,Small World Park,,25.0,2.0,11198.0,routed
882830ce21fffff,ReNew Aster NW,,53.7,4.29,1442.0,routed
882830ce23fffff,Edgewater Apartment Homes NE 3,,45.9,3.67,203.0,routed
882830ce25fffff,ReNew Aster N,,39.2,3.14,724.0,routed
882830ce27fffff,ReNew Aster NW 2,,61.2,4.9,0.0,routed
882830ce29fffff,Delta View Apartments N,,26.8,2.14,3632.0,routed
882830ce2bfffff,Delta View Apartments N 2,,46.6,3.73,1020.0,routed
882830ce2dfffff,ReNew Aster,,32.0,2.56,3863.0,routed
882830ce31fffff,Edgewater Apartment Homes N,,53.7,4.3,0.0,routed
882830ce33fffff,Pittsburg NE,,42.7,3.42,883.0,routed
882830ce35fffff,Edgewater Apartment Homes NE 2,,47.0,3.76,0.0,routed
882830ce37fffff,Pittsburg NE 3,,67.0,5.36,0.0,routed
882830ce39fffff,Edgewater Apartment Homes,,37.2,2.97,3625.0,routed
882830ce3bfffff,Pittsburg E,,26.6,2.13,9098.0,routed
882830ce3dfffff,Edgewater Apartment Homes NE,,37.2,2.97,2028.0,routed
882830ce41fffff,Vista Diablo Mobile Estates SW 2,,74.0,5.92,480.0,routed
882830ce43fffff,Delta Hawaii SE,,30.6,2.45,1645.0,routed
882830ce45fffff,Vista Diablo Mobile Estates SW,,41.0,3.28,7342.0,routed
882830ce47fffff,Chateau Mobile Home Park SW,,49.5,3.96,5627.0,routed
882830ce49fffff,Vista Diablo Mobile Estates SW 4,,85.3,6.82,605.0,routed
882830ce4bfffff,Kirker Creek Apartment Homes SE 3,,73.6,5.88,0.0,routed
882830ce4dfffff,Vista Diablo Mobile Estates SW 3,,56.6,4.53,793.0,routed
882830ce51fffff,Kirker Creek Apartment Homes,,26.3,2.1,7351.0,routed
882830ce53fffff,Woodland Hills Apartment Homes SE,,10.5,0.84,8235.0,routed
882830ce55fffff,Delta Hawaii S,,22.3,1.78,10233.0,routed
882830ce57fffff,Delta Hawaii SW,,17.8,1.42,8626.0,routed
882830ce59fffff,Kirker Creek Apartment Homes S,,32.5,2.6,1097.0,routed
882830ce5bfffff,Woodland Hills Apartment Homes S,,16.0,1.28,2211.0,routed
882830ce5dfffff,Kirker Creek Apartment Homes SE,,56.5,4.52,0.0,routed
882830ce61fffff,Parkview Village Apartments,,44.5,3.56,10575.0,routed
882830ce63fffff,Delta View Apartments,,23.6,1.89,7295.0,routed
882830ce65fffff,Baywoods,,28.9,2.31,10181.0,routed
882830ce67fffff,Mira Vista Hills,,32.4,2.59,6634.0,routed
882830ce69fffff,Vista Diablo Mobile Estates S,,31.8,2.54,5419.0,routed
882830ce6bfffff,Vista Diablo Mobile Estates,,48.0,3.84,5403.0,routed
882830ce6dfffff,Twin Creeks NW,,37.1,2.97,8378.0,routed
882830ce81fffff,Bella Vista Mobile Home Park N 2,,80.7,6.45,0.0,routed
882830ce85fffff,Beacon Villa NW 3,,69.5,5.56,0.0,routed
882830ce89fffff,Bella Vista Mobile Home Park N,,74.4,5.95,0.0,routed
882830ce8bfffff,California Seasons N 2,,77.1,6.17,0.0,routed
882830ce8dfffff,Beacon Villa NW 2,,57.8,4.62,0.0,routed
882830ce91fffff,Shore Acres NE 6,,100.5,8.04,0.0,routed
882830ce99fffff,Shore Acres NE 5,,89.3,7.14,0.0,routed
882830ce9bfffff,Shore Acres NE 4,,122.2,9.77,0.0,routed
882830ce9dfffff,California Seasons N 3,,94.9,7.59,0.0,routed
882830cec1fffff,River View Mobile Home Park,,28.8,2.3,13205.0,routed
882830cec3fffff,Bella Vista Mobile Home Park,,47.3,3.78,2963.0,routed
882830cec5fffff,Beacon Villa W,,24.7,1.97,6130.0,routed
882830cec7fffff,River View Mobile Home Park NE,,49.4,3.95,2546.0,routed
882830cec9fffff,Emerald Cove Mobile Home Park SE,,43.2,3.46,6911.0,routed
882830cecbfffff,Emerald Cove Mobile Home Park E,,40.2,3.22,8299.0,routed
882830cecdfffff,Woodland Hills Apartment Homes N 2,,27.5,2.2,5257.0,routed
882830ced1fffff,Broadway Mobil Home Park,,67.7,5.41,2138.0,routed
882830ced3fffff,Broadway Mobil Home Park NW,,81.7,6.54,0.0,routed
882830ced5fffff,California Seasons N,,80.7,6.45,0.0,routed
882830ced7fffff,Broadway Mobil Home Park N,,84.0,6.72,0.0,routed
882830ced9fffff,Hidden Cove Apartments,,66.1,5.29,10169.0,routed
882830cedbfffff,Rivershore Apartments,,84.3,6.75,4898.0,routed
882830ceddfffff,California Seasons,,53.6,4.29,9555.0,routed
882830cee1fffff,Beacon Villa N,,35.4,2.83,5199.0,routed
882830cee3fffff,Beacon Villa N 2,,51.8,4.14,0.0,routed
882830cee5fffff,Pittsburg N 2,,39.8,3.19,666.0,routed
882830cee7fffff,Beacon Villa N 3,,50.4,4.03,0.0,routed
882830cee9fffff,Beacon Villa,,27.8,2.22,9261.0,routed
882830ceebfffff,Beacon Villa NW,,44.2,3.54,0.0,routed
882830ceedfffff,Pittsburg N,,23.2,1.86,14241.0,routed
882830cf01fffff,Lakeshore N,,49.1,3.93,0.0,routed
882830cf09fffff,Lakeshore,,31.4,2.51,4076.0,routed
882830cf0bfffff,Lakeshore NW,,40.9,3.27,199.0,routed
882830cf0dfffff,Lakeshore NE,,45.1,3.61,929.0,routed
882830cf19fffff,ReNew Aster NE 2,,34.6,2.77,47.0,routed
882830cf1bfffff,ReNew Aster N 2,,70.0,5.6,0.0,routed
882830cf1dfffff,Antioch N 2,,33.4,2.68,0.0,routed
882830cf29fffff,Village Point NE 3,,95.2,7.62,0.0,routed
882830cf2dfffff,Antioch Family & Senior Apartments N 4,,92.6,7.41,876.0,routed
882830cf41fffff,Village Point SW,,36.5,2.92,7256.0,routed
882830cf43fffff,Lakeshore S,,17.3,1.39,10076.0,routed
882830cf45fffff,Village Point SE,,39.0,3.12,5099.0,routed
882830cf47fffff,Village Point,,33.4,2.67,8889.0,routed
882830cf49fffff,Antioch Hillcrest Terrace W,,28.0,2.24,11672.0,routed
882830cf4bfffff,Almond Knolls NE,,28.4,2.27,9002.0,routed
882830cf4dfffff,Antioch Hillcrest Terrace NE,,45.3,3.63,9068.0,routed
882830cf51fffff,Antioch,,10.6,0.85,10980.0,routed
882830cf53fffff,ReNew Aster NE,,24.2,1.94,11271.0,routed
882830cf55fffff,Antioch E,,17.3,1.39,10104.0,routed
882830cf57fffff,Antioch N,,22.5,1.8,8348.0,routed
882830cf59fffff,Casa Blanca Apartments,,13.1,1.05,9821.0,routed
882830cf5bfffff,Riverstone Apartments,,33.1,2.65,9550.0,routed
882830cf5dfffff,Antioch S,,8.4,0.67,11755.0,routed
882830cf61fffff,Antioch Family & Senior Apartments NW,,62.0,4.96,1890.0,routed
882830cf63fffff,Village Point NE 2,,90.9,7.28,0.0,routed
882830cf65fffff,Antioch Family & Senior Apartments N,,74.9,5.99,1914.0,routed
882830cf67fffff,Antioch Family & Senior Apartments N 2,,82.5,6.6,0.0,routed
882830cf69fffff,Antioch Family & Senior Apartments W,,51.7,4.14,8034.0,routed
882830cf6bfffff,Village Point NE,,47.4,3.79,3335.0,routed
882830cf6dfffff,Antioch Family & Senior Apartments,,60.2,4.82,3659.0,routed
882830d001fffff,Tassajara Hills E,,165.4,13.23,0.0,routed
882830d003fffff,Tassajara Hills NE 4,,120.6,9.65,0.0,routed
882830d005fffff,Tassajara Hills E 2,,143.2,11.46,967.0,routed
882830d007fffff,Tassajara Hills NE 7,,137.2,10.97,158.0,routed
882830d00bfffff,Tassajara Hills NE 3,,132.2,10.57,0.0,routed
882830d011fffff,Tassajara Hills N 3,,97.5,7.8,0.0,routed
882830d013fffff,Waterford E 3,,84.3,6.74,0.0,routed
882830d015fffff,Tassajara Hills NE 5,,107.8,8.63,0.0,routed
882830d017fffff,Tassajara Hills N 4,,104.2,8.34,0.0,routed
882830d019fffff,Tassajara Hills N,,99.2,7.94,0.0,routed
882830d01bfffff,Tassajara Hills N 2,,83.1,6.65,0.0,routed
882830d01dfffff,Tassajara Hills NE 2,,110.2,8.82,0.0,routed
882830d021fffff,Tassajara Hills NE 16,,140.8,11.26,891.0,routed
882830d023fffff,Tassajara Hills NE 14,,123.4,9.88,1948.0,routed
882830d025fffff,Tassajara Hills NE 21,,151.3,12.11,800.0,routed
882830d027fffff,Tassajara Hills NE 19,,137.4,10.99,1688.0,routed
882830d029fffff,Tassajara Hills E 3,,152.1,12.16,99.0,routed
882830d02bfffff,Tassajara Hills NE 11,,132.2,10.57,1352.0,routed
882830d02dfffff,Tassajara Hills E 4,,154.1,12.33,1439.0,routed
882830d031fffff,Tassajara Hills NE 10,,102.5,8.2,1726.0,routed
882830d033fffff,Tassajara Hills NE 12,,105.0,8.4,1119.0,routed
882830d035fffff,Tassajara Hills NE 13,,117.6,9.41,1652.0,routed
882830d037fffff,Tassajara Hills NE 15,,106.2,8.5,0.0,routed
882830d039fffff,Tassajara Hills NE 6,,123.5,9.88,211.0,routed
882830d03bfffff,Tassajara Hills NE 8,,120.0,9.6,0.0,routed
882830d03dfffff,Tassajara Hills NE 9,,136.2,10.9,783.0,routed
882830d053fffff,Tassajara Hills,,93.3,7.46,4348.0,routed
882830d057fffff,Tassajara Hills NE,,109.3,8.75,364.0,routed
882830d081fffff,Wendt Ranch SE,,4.6,0.37,6504.0,routed
882830d083fffff,Wendt Ranch,,16.6,1.33,11433.0,routed
882830d085fffff,Wendt Ranch E 2,,37.0,2.96,1731.0,routed
882830d087fffff,Wendt Ranch E,,18.1,1.45,2377.0,routed
882830d089fffff,Wendt Ranch SE 2,,53.6,4.29,130.0,routed
882830d08bfffff,Monterosso SE,,15.5,1.24,1711.0,routed
882830d08dfffff,Wendt Ranch SE 3,,18.0,1.44,0.0,routed
882830d091fffff,Oak Gate,,9.5,0.76,9578.0,routed
882830d093fffff,Silver Maple E,,25.5,2.04,4152.0,routed
882830d095fffff,Oak Gate E,,15.1,1.21,6408.0,routed
882830d097fffff,Oak Gate N,,26.5,2.12,6261.0,routed
882830d099fffff,Monterosso W,,12.1,0.97,3984.0,routed
882830d09bfffff,Somerset,,8.8,0.7,10017.0,routed
882830d09dfffff,Monterosso,,12.7,1.01,9107.0,routed
882830d0a1fffff,Wendt Ranch E 6,,61.3,4.91,1096.0,routed
882830d0a3fffff,Wendt Ranch NE 4,,52.4,4.19,1002.0,routed
882830d0a5fffff,Wendt Ranch E 9,,67.6,5.41,0.0,routed
882830d0a7fffff,Wendt Ranch NE 7,,75.0,6.0,0.0,routed
882830d0a9fffff,Wendt Ranch E 5,,49.1,3.93,1741.0,routed
882830d0abfffff,Wendt Ranch E 3,,48.2,3.85,1643.0,routed
882830d0adfffff,Wendt Ranch E 8,,66.1,5.29,0.0,routed
882830d0b1fffff,Wendt Ranch N,,35.0,2.8,1871.0,routed
882830d0b3fffff,Oak Gate NE 2,,178.4,14.28,1070.0,routed
882830d0b5fffff,Wendt Ranch NE 3,,75.4,6.03,0.0,routed
882830d0b7fffff,Wendt Ranch N 2,,151.0,12.08,0.0,routed
882830d0b9fffff,Wendt Ranch NE,,24.8,1.99,4532.0,routed
882830d0bbfffff,Oak Gate NE,,33.5,2.68,3407.0,routed
882830d0bdfffff,Wendt Ranch NE 2,,57.2,4.58,0.0,routed
882830d0c1fffff,Waterford NE,,88.3,7.07,0.0,routed
882830d0c3fffff,Aventura NE,,50.0,4.0,0.0,routed
882830d0c5fffff,Waterford NE 2,,65.3,5.23,958.0,routed
882830d0c7fffff,Aventura NE 2,,61.2,4.89,0.0,routed
882830d0c9fffff,Waterford,,42.6,3.41,800.0,routed
882830d0cbfffff,Aventura,,36.5,2.92,2308.0,routed
882830d0cdfffff,Waterford E 2,,76.0,6.08,982.0,routed
882830d0d1fffff,Solaire & Belvedere NE,,29.7,2.38,4940.0,routed
882830d0d3fffff,Avanti,,30.1,2.41,38.0,routed
882830d0d5fffff,Monterosso S,,48.4,3.88,1266.0,routed
882830d0d7fffff,Monterosso SW,,22.4,1.79,2605.0,routed
882830d0d9fffff,Solaire & Belvedere,,21.2,1.69,5766.0,routed
882830d0dbfffff,Terravista,,20.5,1.64,9916.0,routed
882830d0ddfffff,Fiore,,49.2,3.93,788.0,routed
882830d0e1fffff,Wendt Ranch SE 5,,77.7,6.22,0.0,routed
882830d0e3fffff,Wendt Ranch E 4,,47.7,3.82,1771.0,routed
882830d0e5fffff,Wendt Ranch E 10,,74.6,5.97,30.0,routed
882830d0e7fffff,Wendt Ranch E 7,,59.5,4.76,978.0,routed
882830d0e9fffff,Waterford NE 3,,67.8,5.43,1203.0,routed
882830d0ebfffff,Wendt Ranch SE 4,,51.9,4.15,1199.0,routed
882830d0edfffff,Tassajara Hills N 5,,75.6,6.04,995.0,routed
882830d101fffff,Saddleback NW,,269.0,21.52,0.0,routed
882830d103fffff,Saddleback NW 3,,322.7,25.82,0.0,routed
882830d105fffff,Saddleback,,311.5,24.92,228.0,routed
882830d107fffff,Saddleback N 2,,317.3,25.38,0.0,routed
882830d10bfffff,Saddleback NW 2,,200.0,16.0,0.0,routed
882830d111fffff,Proud Country NW 3,,203.8,16.3,1841.0,routed
882830d113fffff,Tassajara Hills NE 28,,212.1,16.97,0.0,routed
882830d115fffff,Saddleback NW 6,,340.3,27.22,0.0,routed
882830d117fffff,Saddleback NW 8,,225.9,18.07,1041.0,routed
882830d119fffff,Proud Country NW 2,,195.3,15.62,1942.0,routed
882830d11bfffff,Tassajara Hills NE 25,,207.2,16.58,1084.0,routed
882830d11dfffff,Saddleback NW 4,,351.8,28.15,0.0,routed
882830d121fffff,Saddleback N 4,,303.8,24.3,0.0,routed
882830d123fffff,Saddleback N 6,,313.0,25.04,0.0,routed
882830d125fffff,The Bluffs N 3,,289.2,23.14,0.0,routed
882830d127fffff,Saddleback N 7,,300.2,24.02,0.0,routed
882830d129fffff,Saddleback N,,311.0,24.88,694.0,routed
882830d12bfffff,Saddleback N 3,,311.0,24.88,814.0,routed
882830d12dfffff,The Bluffs,,293.1,23.45,646.0,routed
882830d131fffff,Saddleback N 8,,340.5,27.24,631.0,routed
882830d133fffff,Saddleback N 13,,307.1,24.57,0.0,routed
882830d135fffff,Saddleback N 9,,277.4,22.19,27.0,routed
882830d137fffff,Saddleback N 12,,267.1,21.37,1030.0,routed
882830d139fffff,Saddleback NW 5,,317.7,25.41,0.0,routed
882830d13bfffff,Saddleback NW 7,,229.3,18.34,60.0,routed
882830d13dfffff,Saddleback N 5,,308.4,24.67,974.0,routed
882830d153fffff,Proud Country NW,,185.5,14.84,933.0,routed
882830d157fffff,Proud Country,,188.0,15.04,0.0,routed
882830d181fffff,Wendt Ranch E 22,,253.8,20.31,0.0,routed
882830d183fffff,Wendt Ranch E 20,,214.8,17.18,0.0,routed
882830d185fffff,Wendt Ranch E 25,,243.3,19.47,994.0,routed
882830d187fffff,Wendt Ranch E 23,,226.1,18.09,154.0,routed
882830d189fffff,Wendt Ranch E 21,,152.9,12.23,0.0,routed
882830d18bfffff,Wendt Ranch E 19,,119.3,9.54,0.0,routed
882830d18dfffff,Wendt Ranch E 24,,253.4,20.27,0.0,routed
882830d191fffff,Wendt Ranch NE 16,,162.2,12.97,0.0,routed
882830d193fffff,Wendt Ranch NE 14,,155.9,12.47,0.0,routed
882830d195fffff,Wendt Ranch NE 21,,192.3,15.38,0.0,routed
882830d197fffff,Wendt Ranch NE 20,,149.9,11.99,0.0,routed
882830d199fffff,Wendt Ranch E 13,,86.0,6.88,0.0,routed
882830d19bfffff,Wendt Ranch NE 11,,80.0,6.4,0.0,routed
882830d19dfffff,Wendt Ranch E 17,,109.5,8.76,0.0,routed
882830d1a1fffff,Clayton Palms Community S 33,,241.4,19.31,0.0,routed
882830d1a3fffff,Clayton Palms Community S 29,,234.9,18.79,0.0,routed
882830d1a5fffff,Clayton Palms Community S 31,,220.9,17.67,0.0,routed
882830d1a7fffff,Clayton Palms Community S 28,,218.0,17.44,0.0,routed
882830d1a9fffff,Clayton Palms Community S 37,,251.2,20.1,0.0,routed
882830d1abfffff,Clayton Palms Community S 34,,232.4,18.6,428.0,routed
882830d1adfffff,Clayton Palms Community S 36,,255.3,20.42,0.0,routed
882830d1b1fffff,Clayton Palms Community S 26,,193.6,15.49,1372.0,routed
882830d1b3fffff,Clayton Palms Community S 24,,184.8,14.78,1082.0,routed
882830d1b5fffff,Clayton Palms Community S 25,,227.6,18.21,0.0,routed
882830d1b7fffff,Clayton Palms Community S 20,,196.5,15.72,0.0,routed
882830d1b9fffff,Wendt Ranch NE 25,,203.8,16.3,0.0,routed
882830d1bbfffff,Wendt Ranch NE 24,,166.0,13.28,0.0,routed
882830d1bdfffff,Clayton Palms Community S 30,,221.4,17.71,1432.0,routed
882830d1c1fffff,Tassajara Hills NE 22,,159.9,12.79,0.0,routed
882830d1c3fffff,Tassajara Hills NE 24,,141.0,11.28,339.0,routed
882830d1c5fffff,Tassajara Hills NE 26,,183.4,14.67,689.0,routed
882830d1c7fffff,Tassajara Hills NE 27,,187.7,15.01,0.0,routed
882830d1c9fffff,Tassajara Hills NE 17,,162.3,12.98,0.0,routed
882830d1cbfffff,Tassajara Hills NE 18,,141.6,11.33,1275.0,routed
882830d1cdfffff,Tassajara Hills NE 23,,156.1,12.49,1048.0,routed
882830d1d1fffff,Wendt Ranch E 15,,88.4,7.07,928.0,routed
882830d1d3fffff,Wendt Ranch E 12,,104.1,8.33,0.0,routed
882830d1d5fffff,Wendt Ranch E 18,,111.9,8.95,0.0,routed
882830d1d7fffff,Wendt Ranch E 16,,101.5,8.12,0.0,routed
882830d1d9fffff,Wendt Ranch E 14,,88.0,7.04,0.0,routed
882830d1dbfffff,Wendt Ranch E 11,,75.0,6.0,1032.0,routed
882830d1ddfffff,Tassajara Hills NE 20,,95.1,7.6,0.0,routed
882830d1e1fffff,Tassajara Hills NE 31,,255.7,20.46,986.0,routed
882830d1e3fffff,Tassajara Hills NE 32,,253.4,20.27,950.0,routed
882830d1e5fffff,Saddleback NW 10,,302.8,24.23,0.0,routed
882830d1e7fffff,Saddleback NW 11,,261.7,20.93,0.0,routed
882830d1e9fffff,Tassajara Hills NE 30,,185.1,14.81,0.0,routed
882830d1ebfffff,Tassajara Hills NE 29,,181.2,14.49,0.0,routed
882830d1edfffff,Saddleback NW 9,,230.5,18.44,1129.0,routed
882830d281fffff,eaves Dublin Apartments NE,,48.3,3.86,1683.0,routed
882830d283fffff,Bent Creek Estates NE,,26.7,2.14,0.0,routed
882830d285fffff,Wallis Ranch W,,109.3,8.75,140.0,routed
882830d287fffff,Chantera SW,,33.1,2.64,110.0,routed
882830d28bfffff,eaves Dublin Apartments,,33.7,2.7,4839.0,routed
882830d291fffff,Old Ranch Summit,,26.9,2.15,3923.0,routed
882830d293fffff,Old Ranch Summit NW,,28.5,2.28,4581.0,routed
882830d295fffff,Old Ranch Estates,,18.2,1.45,4368.0,routed
882830d297fffff,Serena & Cordova,,6.0,0.48,2727.0,routed
882830d299fffff,Fairway Village Apartments,,3.3,0.27,7191.0,routed
882830d29bfffff,Old Ranch Summit W,,16.9,1.35,6201.0,routed
882830d29dfffff,Bent Creek Estates,,21.2,1.7,9641.0,routed
882830d2a1fffff,Wallis Ranch N,,62.2,4.97,2741.0,routed
882830d2a3fffff,Waterford S,,50.9,4.08,575.0,routed
882830d2a5fffff,Tassajara Hills NW,,66.2,5.3,0.0,routed
882830d2a7fffff,Waterford E,,63.9,5.11,1414.0,routed
882830d2a9fffff,Wallis Ranch,,99.5,7.96,4880.0,routed
882830d2abfffff,Chantera,,37.0,2.96,5562.0,routed
882830d2adfffff,The Enclave,,81.6,6.53,3587.0,routed
882830d2b1fffff,Torello,,13.4,1.07,7168.0,routed
882830d2b3fffff,Ambridge,,13.3,1.07,10435.0,routed
882830d2b5fffff,Lunaria,,30.2,2.41,7752.0,routed
882830d2b7fffff,Wyngate,,24.3,1.95,11482.0,routed
882830d2b9fffff,Barcella,,22.0,1.76,3506.0,routed
882830d2bbfffff,Deer Creek,,0.9,0.07,3763.0,routed
882830d2bdfffff,Montecito,,24.1,1.93,11765.0,routed
882830d2d3fffff,Easthampton,,7.3,0.59,11587.0,routed
882830d2d7fffff,Amador Lakes Apartments,,5.0,0.4,3751.0,routed
882830d401fffff,Walnut Forest W,,14.9,1.2,7005.0,routed
882830d403fffff,Danville Oaks,,17.8,1.43,6855.0,routed
882830d405fffff,Walnut Forest,,10.8,0.86,7238.0,routed
882830d407fffff,Danville,,4.2,0.34,8907.0,routed
882830d409fffff,Sequoia Grove W,,22.4,1.79,1802.0,routed
882830d40bfffff,Danville SW,,28.3,2.26,3039.0,routed
882830d40dfffff,Sequoia Grove,,6.7,0.54,8139.0,routed
882830d411fffff,Rubicon of Danville W,,49.1,3.93,1268.0,routed
882830d413fffff,Alamo Oak Villas S 2,,48.7,3.9,0.0,routed
882830d415fffff,Rubicon of Danville,,25.2,2.01,8332.0,routed
882830d417fffff,Alamo Oak Villas S,,31.1,2.49,4805.0,routed
882830d419fffff,Danville Oaks SW 3,,38.7,3.09,147.0,routed
882830d41bfffff,Rubicon of Danville W 2,,33.3,2.66,0.0,routed
882830d41dfffff,Danville Oaks SW,,34.7,2.78,3584.0,routed
882830d421fffff,Rancho San Ramon NE,,14.7,1.18,3896.0,routed
882830d423fffff,Cameo Acres SW,,8.3,0.67,7375.0,routed
882830d425fffff,Diablo Country Club SW,,9.6,0.77,2825.0,routed
882830d427fffff,Cameo Acres S,,15.3,1.22,6767.0,routed
882830d429fffff,Rancho San Ramon SE,,6.4,0.51,9505.0,routed
882830d42bfffff,Rancho San Ramon,,16.3,1.31,8644.0,routed
882830d42dfffff,Autumn Creek NW,,20.5,1.64,2830.0,routed
882830d431fffff,Garden Creek N,,23.0,1.84,4279.0,routed
882830d433fffff,Alamo Highlands SW,,14.7,1.17,4496.0,routed
882830d435fffff,Alamo Oaks,,12.8,1.02,4248.0,routed
882830d437fffff,Alamo Highlands SE,,23.9,1.91,7154.0,routed
882830d439fffff,Garden Creek,,12.4,0.99,6827.0,routed
882830d43bfffff,Garden Creek NW,,12.6,1.0,5568.0,routed
882830d43dfffff,Rancho San Ramon NW,,11.9,0.95,7685.0,routed
882830d441fffff,California Chateau at Danville Ranch W,,34.3,2.74,0.0,routed
882830d443fffff,California Chateau at Danville Ranch NW,,52.4,4.19,0.0,routed
882830d445fffff,California Chateau at Danville Ranch N,,21.3,1.71,3639.0,routed
882830d447fffff,Greenbrook Townhomes W,,15.2,1.22,1291.0,routed
882830d449fffff,The Preserve W,,20.9,1.67,1111.0,routed
882830d44bfffff,California Chateau at Danville Ranch W 2,,30.0,2.4,988.0,routed
882830d44dfffff,California Chateau at Danville Ranch SW,,21.0,1.68,734.0,routed
882830d451fffff,Sequoia Grove W 3,,32.1,2.57,304.0,routed
882830d453fffff,Danville Oaks SW 4,,20.9,1.68,1712.0,routed
882830d455fffff,Sequoia Grove W 2,,44.8,3.59,144.0,routed
882830d457fffff,Danville Oaks SW 2,,49.1,3.93,460.0,routed
882830d459fffff,California Chateau at Danville Ranch W 4,,34.5,2.76,436.0,routed
882830d45bfffff,Sequoia Grove W 4,,27.5,2.2,512.0,routed
882830d45dfffff,California Chateau at Danville Ranch W 3,,41.9,3.35,849.0,routed
882830d461fffff,Greenbrook Townhomes NE,,8.5,0.68,5413.0,routed
882830d463fffff,Rose Garden Village,,13.0,1.04,9308.0,routed
882830d465fffff,Autumn Creek S,,25.4,2.04,1525.0,routed
882830d467fffff,Autumn Creek W,,8.4,0.67,9930.0,routed
882830d469fffff,Greenbrook Townhomes,,6.2,0.49,8089.0,routed
882830d46bfffff,Greenbrook Townhomes NW,,9.9,0.79,9404.0,routed
882830d46dfffff,Crow Canyon Country Club NW,,5.6,0.44,7500.0,routed
882830d481fffff,Rossmoor E 2,,102.1,8.17,2339.0,routed
882830d483fffff,Rossmoor E,,37.8,3.02,2115.0,routed
882830d485fffff,Stonecastle Estates S,,60.4,4.83,5818.0,routed
882830d487fffff,Stonecastle Estates SW,,40.5,3.24,2428.0,routed
882830d489fffff,Rossmoor SE,,90.9,7.27,2627.0,routed
882830d48bfffff,Rossmoor S,,63.5,5.08,3085.0,routed
882830d48dfffff,Alamo W,,76.9,6.15,1862.0,routed
882830d491fffff,Rossmoor NW,,72.1,5.77,1995.0,routed
882830d493fffff,Burton Valley E,,49.2,3.94,1994.0,routed
882830d495fffff,Rossmoor N,,9.6,0.77,4046.0,routed
882830d497fffff,Saranap S,,6.3,0.51,6552.0,routed
882830d499fffff,Rossmoor W,,37.9,3.03,2484.0,routed
882830d49bfffff,Burton Valley SE,,29.1,2.33,6513.0,routed
882830d49dfffff,Rossmoor,,18.3,1.47,3894.0,routed
882830d4a1fffff,Stonecastle Estates E,,68.3,5.46,6946.0,routed
882830d4a3fffff,Stonecastle Estates NE,,56.8,4.55,3584.0,routed
882830d4a5fffff,Stonebridge Estates W 2,,61.6,4.93,6368.0,routed
882830d4a7fffff,San Miguel SE,,57.9,4.63,7547.0,routed
882830d4a9fffff,Stonecastle Estates SE,,65.7,5.26,5650.0,routed
882830d4abfffff,Stonecastle Estates,,47.2,3.77,4255.0,routed
882830d4adfffff,Alamo Ranch Estates N,,60.4,4.83,6295.0,routed
882830d4b1fffff,Castle Hill,,30.9,2.47,7020.0,routed
882830d4b3fffff,Castle Hill NW,,22.4,1.8,7186.0,routed
882830d4b5fffff,San Miguel SW,,81.8,6.54,7504.0,routed
882830d4b7fffff,Castle Hill NE,,28.0,2.24,7841.0,routed
882830d4b9fffff,Castle Hill S,,27.0,2.16,4519.0,routed
882830d4bbfffff,Castle Hill W,,9.9,0.8,5447.0,routed
882830d4bdfffff,Stonecastle Estates NW,,44.7,3.57,5461.0,routed
882830d4c1fffff,Creektree,,67.4,5.39,0.0,routed
882830d4c3fffff,Rossmoor S 3,,69.0,5.52,0.0,routed
882830d4c5fffff,Alamo Village,,58.1,4.65,326.0,routed
882830d4c7fffff,Alamo SW,,85.3,6.83,1468.0,routed
882830d4c9fffff,Alamo Oak Villas SW 3,,39.2,3.14,0.0,routed
882830d4cbfffff,Rossmoor S 6,,54.1,4.33,0.0,routed
882830d4cdfffff,Alamo Oak Villas SW 2,,46.6,3.73,0.0,routed
882830d4d1fffff,Rossmoor SW 3,,59.1,4.73,0.0,routed
882830d4d3fffff,Rossmoor SW 2,,66.4,5.31,1326.0,routed
882830d4d5fffff,Rossmoor S 2,,66.9,5.36,0.0,routed
882830d4d7fffff,Rossmoor SW,,57.3,4.58,658.0,routed
882830d4d9fffff,Rossmoor S 5,,70.3,5.63,0.0,routed
882830d4dbfffff,Rossmoor SW 4,,47.6,3.81,1509.0,routed
882830d4ddfffff,Rossmoor S 4,,61.5,4.92,0.0,routed
882830d4e1fffff,Alamo Bridge,,38.7,3.09,5989.0,routed
882830d4e3fffff,Alamo,,49.5,3.96,6317.0,routed
882830d4e5fffff,Alamo Ranch Estates E,,45.3,3.62,5499.0,routed
882830d4e7fffff,Alamo Ranch Estates,,49.9,3.99,4600.0,routed
882830d4e9fffff,Alamo Oak Villas SW,,38.7,3.1,5219.0,routed
882830d4ebfffff,Alamo Bridge SW,,49.8,3.98,5150.0,routed
882830d4edfffff,Alamo Oak Villas,,27.7,2.21,3594.0,routed
882830d501fffff,Hidden Oaks E,,59.4,4.75,796.0,routed
882830d503fffff,Hidden Oaks N,,70.5,5.64,448.0,routed
882830d505fffff,Hidden Oaks E 2,,119.2,9.53,932.0,routed
882830d507fffff,Hidden Oaks NE,,83.3,6.66,1670.0,routed
882830d509fffff,Brooktree,,58.2,4.66,4340.0,routed
882830d50bfffff,Hidden Oaks,,52.3,4.19,6563.0,routed
882830d50dfffff,Tennis Club,,60.7,4.86,3633.0,routed
882830d511fffff,Diablo Country Club,,44.0,3.52,3877.0,routed
882830d513fffff,Diablo Country Club NW,,31.2,2.5,1027.0,routed
882830d515fffff,Diablo Country Club NE,,54.7,4.38,1675.0,routed
882830d517fffff,Diablo Country Club N,,53.9,4.32,1126.0,routed
882830d519fffff,Diablo Country Club S,,26.8,2.15,5561.0,routed
882830d51bfffff,Diablo Country Club W,,43.7,3.5,3093.0,routed
882830d51dfffff,Diablo Country Club E,,39.7,3.18,2074.0,routed
882830d521fffff,Hidden Oaks NE 5,,118.9,9.51,0.0,routed
882830d523fffff,Hidden Oaks NE 4,,107.5,8.6,0.0,routed
882830d525fffff,Hidden Oaks NE 9,,135.6,10.85,0.0,routed
882830d527fffff,Hidden Oaks NE 7,,120.4,9.63,0.0,routed
882830d529fffff,Hidden Oaks E 3,,142.5,11.4,0.0,routed
882830d52bfffff,Hidden Oaks NE 2,,106.6,8.53,276.0,routed
882830d52dfffff,Blackhawk NE 4,,132.9,10.63,0.0,routed
882830d531fffff,Diablo Country Club NE 4,,99.3,7.94,1846.0,routed
882830d533fffff,Diablo Country Club NE 5,,98.5,7.88,825.0,routed
882830d535fffff,Hidden Oaks NE 6,,117.1,9.37,0.0,routed
882830d537fffff,Diablo Country Club NE 6,,114.6,9.17,1995.0,routed
882830d539fffff,Diablo Country Club NE 3,,88.6,7.09,1510.0,routed
882830d53bfffff,Diablo Country Club NE 2,,92.4,7.39,0.0,routed
882830d53dfffff,Hidden Oaks NE 3,,100.5,8.04,702.0,routed
882830d541fffff,Belleterre N,,17.2,1.38,3220.0,routed
882830d543fffff,Belleterre NW,,29.2,2.34,710.0,routed
882830d545fffff,Magee Ranch Terrace SE,,40.3,3.23,4614.0,routed
882830d547fffff,Magee Ranch Terrace,,45.3,3.63,1964.0,routed
882830d549fffff,Belleterre,,6.6,0.53,10342.0,routed
882830d54bfffff,North Ridge,,11.9,0.95,2732.0,routed
882830d54dfffff,Silver Maple,,24.1,1.93,7064.0,routed
882830d551fffff,Magee Preserve S,,43.7,3.5,14.0,routed
882830d553fffff,Magee Preserve SW,,12.0,0.96,325.0,routed
882830d555fffff,Woodcreek,,45.9,3.67,4113.0,routed
882830d557fffff,Magee Preserve,,46.0,3.68,4515.0,routed
882830d559fffff,Edendale NW,,12.5,1.0,6413.0,routed
882830d55bfffff,Autumn Creek,,1.8,0.14,4568.0,routed
882830d55dfffff,Edendale NE,,30.9,2.47,0.0,routed
882830d561fffff,Blackhawk NE,,164.5,13.16,1625.0,routed
882830d563fffff,Blackhawk N,,166.5,13.32,1131.0,routed
882830d565fffff,Blackhawk E,,158.0,12.64,495.0,routed
882830d567fffff,Blackhawk NE 2,,147.7,11.82,0.0,routed
882830d569fffff,Blackhawk SE,,37.9,3.03,4815.0,routed
882830d56bfffff,Blackhawk,,57.0,4.56,3565.0,routed
882830d56dfffff,Oak Gate N 2,,169.1,13.53,4494.0,routed
882830d581fffff,Stonebridge Estates E 3,,41.5,3.32,0.0,routed
882830d583fffff,Stonebridge Estates NE,,21.0,1.68,0.0,routed
882830d585fffff,Stonebridge Estates E 5,,49.0,3.92,0.0,routed
882830d587fffff,Stonebridge Estates NE 2,,47.9,3.83,794.0,routed
882830d589fffff,Stonebridge Estates E 2,,40.6,3.25,77.0,routed
882830d58bfffff,Stonebridge Estates E,,42.8,3.43,38.0,routed
882830d58dfffff,Stonebridge Estates E 4,,44.5,3.56,0.0,routed
882830d591fffff,Stonebridge Estates N 2,,38.1,3.05,52.0,routed
882830d593fffff,Walnut Heights E 2,,42.4,3.39,489.0,routed
882830d595fffff,Stonebridge Estates N 3,,17.2,1.37,0.0,routed
882830d597fffff,North Gate S 3,,22.8,1.82,0.0,routed
882830d599fffff,Stonebridge Estates NW,,49.5,3.96,3840.0,routed
882830d59bfffff,Stonebridge Estates NW 2,,50.7,4.05,606.0,routed
882830d59dfffff,Stonebridge Estates N,,30.9,2.47,772.0,routed
882830d5a1fffff,Stonebridge Estates NE 5,,83.1,6.64,0.0,routed
882830d5a3fffff,North Gate SE 4,,82.3,6.58,0.0,routed
882830d5a5fffff,Diablo Country Club N 10,,105.5,8.44,0.0,routed
882830d5a7fffff,North Gate E 9,,102.6,8.2,0.0,routed
882830d5a9fffff,Stonebridge Estates E 6,,62.8,5.03,1133.0,routed
882830d5abfffff,Stonebridge Estates NE 4,,86.9,6.95,939.0,routed
882830d5adfffff,Diablo Country Club N 8,,81.5,6.52,0.0,routed
882830d5b1fffff,North Gate SE 2,,30.2,2.42,331.0,routed
882830d5b3fffff,North Gate SE,,37.9,3.03,987.0,routed
882830d5b5fffff,North Gate E 4,,94.0,7.52,0.0,routed
882830d5b7fffff,North Gate E 2,,80.3,6.43,0.0,routed
882830d5b9fffff,Stonebridge Estates NE 3,,66.3,5.31,727.0,routed
882830d5bbfffff,North Gate S 2,,4.9,0.39,810.0,routed
882830d5bdfffff,North Gate SE 3,,50.3,4.02,51.0,routed
882830d5c1fffff,Cameo Acres NW,,18.5,1.48,3827.0,routed
882830d5c3fffff,Stone Valley Oaks N,,28.5,2.28,778.0,routed
882830d5c5fffff,Cameo Acres N,,29.4,2.35,2577.0,routed
882830d5c7fffff,Stone Valley Oaks NE,,31.6,2.53,5704.0,routed
882830d5c9fffff,Cameo Acres W,,1.9,0.16,4556.0,routed
882830d5cbfffff,Stone Valley Oaks,,13.6,1.08,3697.0,routed
882830d5cdfffff,Cameo Acres,,21.9,1.75,7045.0,routed
882830d5d1fffff,Stonebridge Estates SW,,46.3,3.7,4865.0,routed
882830d5d3fffff,Stonebridge Estates W,,60.8,4.86,5099.0,routed
882830d5d5fffff,Stonebridge Estates SE,,44.4,3.55,4004.0,routed
882830d5d7fffff,Stonebridge Estates,,52.9,4.24,3182.0,routed
882830d5d9fffff,Alamo Highlands,,29.8,2.38,6144.0,routed
882830d5dbfffff,Alamo Highlands NW,,51.2,4.1,6836.0,routed
882830d5ddfffff,Stone Valley Oaks NW,,28.2,2.26,4112.0,routed
882830d5e1fffff,Diablo Country Club N 4,,64.9,5.19,0.0,routed
882830d5e3fffff,Cameo Acres N 3,,53.3,4.27,231.0,routed
882830d5e5fffff,Diablo Country Club N 5,,94.5,7.56,1734.0,routed
882830d5e7fffff,Diablo Country Club N 6,,73.5,5.88,1586.0,routed
882830d5e9fffff,Diablo Country Club N 2,,61.9,4.95,125.0,routed
882830d5ebfffff,Cameo Acres N 2,,44.9,3.59,270.0,routed
882830d5edfffff,Diablo Country Club N 3,,78.8,6.31,0.0,routed
882830d60dfffff,Norris Canyon W 2,,70.2,5.61,1127.0,routed
882830d621fffff,The Preserve SW 2,,13.4,1.07,4780.0,routed
882830d623fffff,The Preserve W 2,,23.6,1.89,0.0,routed
882830d625fffff,The Preserve S,,14.5,1.16,9888.0,routed
882830d627fffff,The Preserve SW,,14.0,1.12,5021.0,routed
882830d629fffff,The Preserve SW 4,,30.3,2.42,0.0,routed
882830d62bfffff,The Preserve SW 3,,28.3,2.26,985.0,routed
882830d62dfffff,The Preserve S 2,,26.1,2.09,3982.0,routed
882830d631fffff,The Preserve W 5,,83.2,6.65,0.0,routed
882830d633fffff,The Preserve W 6,,58.4,4.67,0.0,routed
882830d635fffff,The Preserve W 3,,32.6,2.61,0.0,routed
882830d637fffff,The Preserve W 4,,48.4,3.87,0.0,routed
882830d661fffff,Norris Canyon NW,,66.6,5.33,1812.0,routed
882830d663fffff,Norris Canyon NW 3,,56.9,4.55,2294.0,routed
882830d665fffff,Norris Canyon N,,56.7,4.54,2218.0,routed
882830d667fffff,Norris Canyon NW 2,,55.9,4.48,1538.0,routed
882830d669fffff,Norris Canyon SW,,83.7,6.7,0.0,routed
882830d66bfffff,Norris Canyon W,,78.6,6.29,0.0,routed
882830d66dfffff,Norris Canyon,,71.6,5.72,3272.0,routed
882830d681fffff,Moraga Royale SE 15,,107.9,8.64,0.0,routed
882830d683fffff,Moraga Royale SE 13,,80.4,6.43,0.0,routed
882830d685fffff,Danville Oaks SW 10,,64.9,5.19,0.0,routed
882830d687fffff,Alamo Oak Villas SW 8,,67.4,5.39,0.0,routed
882830d68bfffff,Moraga Royale SE 14,,112.7,9.01,0.0,routed
882830d691fffff,Moraga Royale SE 8,,50.0,4.0,0.0,routed
882830d693fffff,Moraga Royale SE 5,,55.2,4.42,980.0,routed
882830d695fffff,Moraga Royale SE 9,,78.0,6.24,0.0,routed
882830d697fffff,Moraga Royale SE 6,,54.5,4.36,0.0,routed
882830d699fffff,Moraga Royale SE 10,,52.5,4.2,0.0,routed
882830d69bfffff,Moraga Royale SE 7,,42.5,3.4,808.0,routed
882830d69dfffff,Moraga Royale SE 11,,88.7,7.1,0.0,routed
882830d6a1fffff,Rubicon of Danville SW,,20.9,1.67,224.0,routed
882830d6a3fffff,Alamo Oak Villas SW 5,,26.4,2.11,0.0,routed
882830d6a5fffff,Danville Oaks SW 5,,9.6,0.77,627.0,routed
882830d6a7fffff,Alamo Oak Villas SW 4,,24.6,1.97,114.0,routed
882830d6a9fffff,Danville Oaks SW 8,,54.6,4.36,0.0,routed
882830d6abfffff,Alamo Oak Villas SW 7,,40.6,3.25,0.0,routed
882830d6adfffff,Danville Oaks SW 6,,31.2,2.49,320.0,routed
882830d6b1fffff,Rossmoor S 8,,77.1,6.17,0.0,routed
882830d6b3fffff,Moraga Royale E 6,,71.5,5.72,1420.0,routed
882830d6b5fffff,Creektree SW,,43.0,3.44,0.0,routed
882830d6b7fffff,Rossmoor S 7,,63.4,5.07,953.0,routed
882830d6b9fffff,Moraga Royale SE 12,,68.5,5.48,0.0,routed
882830d6bbfffff,Moraga Royale E 5,,77.4,6.19,0.0,routed
882830d6bdfffff,Alamo Oak Villas SW 6,,45.3,3.62,0.0,routed
882830d6e3fffff,Danville Oaks SW 9,,67.8,5.43,0.0,routed
882830d6e5fffff,The Preserve W 7,,47.2,3.78,0.0,routed
882830d6e7fffff,Danville Oaks SW 7,,51.1,4.09,0.0,routed
882830d701fffff,Vista San Ramon,,20.3,1.62,3771.0,routed
882830d703fffff,Country View,,22.9,1.83,6377.0,routed
882830d705fffff,Siena Hills,,19.9,1.59,4919.0,routed
882830d707fffff,Country View E,,26.3,2.1,8012.0,routed
882830d709fffff,San Ramon Central Park,,0.3,0.02,8138.0,routed
882830d70bfffff,Bishop Ranch 6/City Village,,15.6,1.25,7479.0,routed
882830d70dfffff,Canyon Lakes N,,19.3,1.54,9555.0,routed
882830d711fffff,California Chateau at Danville Ranch SE,,21.9,1.75,8660.0,routed
882830d713fffff,California Chateau at Danville Ranch,,3.8,0.3,8913.0,routed
882830d715fffff,Crow Canyon Country Club SW,,26.6,2.13,9161.0,routed
882830d717fffff,Greenbrook Townhomes SE,,9.2,0.73,8926.0,routed
882830d719fffff,The Preserve SE,,19.3,1.55,7311.0,routed
882830d71bfffff,The Preserve,,6.8,0.55,6391.0,routed
882830d71dfffff,Park Central,,7.5,0.6,5361.0,routed
882830d721fffff,Trevari,,29.1,2.33,10067.0,routed
882830d723fffff,Portola,,23.1,1.85,1360.0,routed
882830d725fffff,Tassajara Ranch,,20.6,1.65,1631.0,routed
882830d727fffff,Heritage Park,,27.3,2.19,12020.0,routed
882830d729fffff,Capella,,10.7,0.86,5832.0,routed
882830d72bfffff,Bel Air,,27.1,2.17,6260.0,routed
882830d72dfffff,Monarch,,23.5,1.88,5706.0,routed
882830d731fffff,Crow Canyon Country Club NE,,37.0,2.96,88.0,routed
882830d733fffff,Edendale SW,,33.5,2.68,1042.0,routed
882830d735fffff,North Ridge SW,,14.2,1.14,4624.0,routed
882830d737fffff,Edendale,,23.6,1.89,6671.0,routed
882830d739fffff,Crow Canyon Country Club,,22.0,1.76,5560.0,routed
882830d73bfffff,Crow Canyon Country Club N,,9.7,0.78,5806.0,routed
882830d73dfffff,Canyon Crest,,8.9,0.71,4087.0,routed
882830d741fffff,Canyon Lakes SW,,11.1,0.89,9321.0,routed
882830d743fffff,Foothill Gardens E,,18.5,1.48,4378.0,routed
882830d745fffff,Canyon Lakes S,,23.7,1.89,10982.0,routed
882830d747fffff,Canyon Woods,,13.0,1.04,11435.0,routed
882830d749fffff,Foothill Gardens SE 2,,12.0,0.96,11040.0,routed
882830d74bfffff,Foothill Gardens SE,,21.3,1.71,7629.0,routed
882830d74dfffff,Old Ranch Summit W 2,,12.0,0.96,7887.0,routed
882830d751fffff,Foothill Gardens NW,,35.9,2.87,9286.0,routed
882830d753fffff,Bishop Ranch 6/City Village W 2,,28.1,2.25,9204.0,routed
882830d755fffff,Bishop Ranch 6/City Village S,,17.6,1.41,4653.0,routed
882830d757fffff,Bishop Ranch 6/City Village W,,19.1,1.53,7487.0,routed
882830d759fffff,Foothill Gardens SW,,47.8,3.83,2061.0,routed
882830d75bfffff,Foothill Gardens W,,37.8,3.02,4712.0,routed
882830d75dfffff,Foothill Gardens,,38.1,3.04,6945.0,routed
882830d761fffff,Carmelita,,20.4,1.63,4942.0,routed
882830d763fffff,Cedar Bridge,,7.8,0.62,5416.0,routed
882830d765fffff,Rose Garden,,2.0,0.16,11708.0,routed
882830d767fffff,Cornerstone,,15.5,1.24,10043.0,routed
882830d769fffff,Carmelita S,,27.7,2.21,47.0,routed
882830d76bfffff,Canyon Lakes,,28.7,2.29,2115.0,routed
882830d76dfffff,Serena & Cordova N,,9.3,0.74,7252.0,routed
882830d801fffff,Byron SW 5,,179.5,14.36,0.0,routed
882830d803fffff,Byron SW 4,,228.2,18.26,0.0,routed
882830d805fffff,Byron S 5,,176.5,14.12,0.0,routed
882830d807fffff,Byron SW 2,,148.4,11.87,0.0,routed
882830d809fffff,Byron SW 9,,179.3,14.35,1724.0,routed
882830d80bfffff,Byron SW 7,,207.0,16.56,703.0,routed
882830d80dfffff,Byron S 8,,173.4,13.87,161.0,routed
882830d811fffff,Byron SW 10,,133.8,10.71,0.0,routed
882830d813fffff,Byron W 12,,118.2,9.45,59.0,routed
882830d815fffff,Byron SW 6,,133.1,10.65,0.0,routed
882830d817fffff,Byron W 8,,123.0,9.84,142.0,routed
882830d819fffff,Byron SW 13,,214.4,17.15,0.0,routed
882830d81bfffff,Byron SW 15,,124.0,9.92,55.0,routed
882830d81dfffff,Byron SW 8,,218.9,17.51,9.0,routed
882830d821fffff,Byron S 2,,160.6,12.85,0.0,routed
882830d823fffff,Byron S,,152.1,12.17,0.0,routed
882830d825fffff,Byron SE 2,,152.7,12.22,0.0,routed
882830d827fffff,Byron SE,,152.0,12.16,0.0,routed
882830d829fffff,Byron S 4,,161.8,12.94,0.0,routed
882830d82bfffff,Byron S 3,,144.1,11.53,0.0,routed
882830d82dfffff,Byron SE 3,,154.4,12.35,921.0,routed
882830d831fffff,Byron W 3,,133.4,10.67,19.0,routed
882830d833fffff,Byron W 4,,116.0,9.28,801.0,routed
882830d835fffff,Byron W,,140.8,11.27,813.0,routed
882830d837fffff,Byron W 2,,130.4,10.43,651.0,routed
882830d839fffff,Byron SW 3,,130.4,10.43,0.0,routed
882830d83bfffff,Byron W 5,,119.2,9.54,577.0,routed
882830d83dfffff,Byron SW,,148.4,11.88,0.0,routed
882830d841fffff,Byron S 18,,191.0,15.28,930.0,routed
882830d843fffff,Byron SW 14,,190.7,15.26,1325.0,routed
882830d845fffff,Byron S 15,,191.2,15.29,1258.0,routed
882830d847fffff,Byron S 12,,197.6,15.8,0.0,routed
882830d849fffff,Byron S 23,,207.4,16.59,1981.0,routed
882830d84bfffff,Byron SW 20,,209.1,16.73,943.0,routed
882830d84dfffff,Byron S 20,,220.5,17.64,161.0,routed
882830d851fffff,Byron SW 16,,213.3,17.06,0.0,routed
882830d853fffff,Byron SW 17,,213.9,17.11,0.0,routed
882830d855fffff,Byron SW 12,,190.8,15.26,1902.0,routed
882830d857fffff,Byron SW 11,,205.6,16.45,1764.0,routed
882830d859fffff,Byron SW 23,,272.0,21.76,0.0,routed
882830d85bfffff,Byron SW 22,,224.3,17.95,0.0,routed
882830d85dfffff,Byron SW 18,,218.5,17.48,0.0,routed
882830d861fffff,Byron S 10,,174.9,13.99,1263.0,routed
882830d863fffff,Byron S 7,,163.7,13.1,1211.0,routed
882830d865fffff,Byron S 9,,137.4,10.99,1252.0,routed
882830d867fffff,Byron S 6,,155.3,12.43,1309.0,routed
882830d869fffff,Byron S 14,,188.0,15.04,69.0,routed
882830d86bfffff,Byron S 11,,189.2,15.14,981.0,routed
882830d86dfffff,Byron S 13,,139.1,11.13,0.0,routed
882830d881fffff,Woodgate Mobile Home Park S 12,,105.6,8.45,121.0,routed
882830d883fffff,Woodgate Mobile Home Park SW 12,,103.1,8.24,390.0,routed
882830d885fffff,Woodgate Mobile Home Park S 11,,71.7,5.73,873.0,routed
882830d887fffff,Woodgate Mobile Home Park S 9,,86.5,6.92,0.0,routed
882830d889fffff,Woodgate Mobile Home Park S 14,,93.1,7.45,651.0,routed
882830d88bfffff,Woodgate Mobile Home Park SW 14,,88.9,7.11,1211.0,routed
882830d88dfffff,Woodgate Mobile Home Park S 13,,92.7,7.42,1869.0,routed
882830d891fffff,Clayton Palms Community E 13,,55.9,4.47,0.0,routed
882830d893fffff,Clayton Palms Community E 11,,52.8,4.22,0.0,routed
882830d895fffff,Woodgate Mobile Home Park SW 11,,49.8,3.99,5647.0,routed
882830d897fffff,Woodgate Mobile Home Park SW 10,,38.3,3.07,8736.0,routed
882830d899fffff,Clayton Palms Community E 12,,105.7,8.46,0.0,routed
882830d89bfffff,Clayton Palms Community E 10,,116.9,9.35,0.0,routed
882830d89dfffff,Woodgate Mobile Home Park SW 13,,105.7,8.46,553.0,routed
882830d8a1fffff,Woodgate Mobile Home Park S 7,,68.6,5.49,0.0,routed
882830d8a3fffff,Woodgate Mobile Home Park S 5,,54.4,4.35,1896.0,routed
882830d8a5fffff,Woodgate Mobile Home Park SE 7,,62.0,4.96,1039.0,routed
882830d8a7fffff,Woodgate Mobile Home Park S 4,,54.1,4.33,2301.0,routed
882830d8a9fffff,Woodgate Mobile Home Park S 10,,76.5,6.12,0.0,routed
882830d8abfffff,Woodgate Mobile Home Park S 8,,59.1,4.73,977.0,routed
882830d8adfffff,Byron NW 9,,90.4,7.23,1054.0,routed
882830d8b1fffff,Woodgate Mobile Home Park SW 5,,46.2,3.69,1616.0,routed
882830d8b3fffff,Woodgate Mobile Home Park SW 4,,39.4,3.15,7004.0,routed
882830d8b5fffff,Woodgate Mobile Home Park S 3,,50.4,4.03,1504.0,routed
882830d8b7fffff,Woodgate Mobile Home Park SW 2,,46.5,3.72,1824.0,routed
882830d8b9fffff,Woodgate Mobile Home Park SW 9,,59.7,4.78,1743.0,routed
882830d8bbfffff,Woodgate Mobile Home Park SW 7,,38.4,3.08,6207.0,routed
882830d8bdfffff,Woodgate Mobile Home Park S 6,,58.6,4.69,0.0,routed
882830d8c1fffff,Byron W 18,,134.2,10.73,0.0,routed
882830d8c3fffff,Byron W 20,,142.3,11.38,0.0,routed
882830d8c5fffff,Byron W 15,,115.0,9.2,1162.0,routed
882830d8c7fffff,Byron W 17,,139.6,11.17,0.0,routed
882830d8c9fffff,Byron W 19,,142.0,11.36,495.0,routed
882830d8cbfffff,Byron W 21,,145.2,11.61,0.0,routed
882830d8cdfffff,Byron W 16,,119.5,9.56,1262.0,routed
882830d8d1fffff,Clayton Palms Community SE 19,,109.5,8.76,857.0,routed
882830d8d3fffff,Clayton Palms Community SE 14,,105.5,8.44,580.0,routed
882830d8d5fffff,Clayton Palms Community E 15,,86.2,6.89,995.0,routed
882830d8d7fffff,Clayton Palms Community E 14,,103.1,8.25,971.0,routed
882830d8d9fffff,Clayton Palms Community SE 21,,119.9,9.6,0.0,routed
882830d8dbfffff,Clayton Palms Community SE 16,,112.9,9.03,1100.0,routed
882830d8ddfffff,Clayton Palms Community SE 25,,155.9,12.48,0.0,routed
882830d8e1fffff,Byron W 10,,98.4,7.88,815.0,routed
882830d8e3fffff,Byron W 13,,90.3,7.22,2071.0,routed
882830d8e5fffff,Byron W 6,,97.9,7.83,0.0,routed
882830d8e7fffff,Byron W 9,,103.2,8.26,691.0,routed
882830d8e9fffff,Byron W 11,,115.1,9.21,1085.0,routed
882830d8ebfffff,Byron W 14,,100.9,8.07,748.0,routed
882830d8edfffff,Byron W 7,,114.0,9.12,1135.0,routed
882830d901fffff,Byron E 10,,195.8,15.66,0.0,routed
882830d903fffff,Byron E 9,,188.3,15.06,117.0,routed
882830d905fffff,Discovery Bay SE 11,,199.1,15.93,0.0,routed
882830d907fffff,Discovery Bay SE 9,,209.4,16.75,0.0,routed
882830d909fffff,Byron SE 13,,175.1,14.01,33.0,routed
882830d90bfffff,Byron E 8,,190.6,15.25,977.0,routed
882830d90dfffff,Byron E 11,,200.1,16.01,0.0,routed
882830d911fffff,Byron E 4,,169.5,13.56,59.0,routed
882830d913fffff,Byron E 3,,162.2,12.97,39.0,routed
882830d915fffff,Byron E 7,,195.2,15.62,0.0,routed
882830d917fffff,Byron E 5,,159.5,12.76,0.0,routed
882830d919fffff,Byron SE 4,,176.9,14.16,0.0,routed
882830d91bfffff,Byron E 2,,161.9,12.95,615.0,routed
882830d91dfffff,Byron E 6,,190.2,15.21,0.0,routed
882830d929fffff,Discovery Bay SE 12,,198.3,15.86,0.0,routed
882830d92bfffff,Discovery Bay SE 10,,204.5,16.36,0.0,routed
882830d92dfffff,Discovery Bay SE 13,,202.6,16.21,0.0,routed
882830d931fffff,Discovery Bay SE 6,,200.2,16.02,0.0,routed
882830d933fffff,Discovery Bay S 2,,176.3,14.1,0.0,routed
882830d935fffff,Discovery Bay SE 7,,192.0,15.36,0.0,routed
882830d937fffff,Discovery Bay SE 4,,171.1,13.69,0.0,routed
882830d939fffff,Discovery Bay S 5,,199.6,15.97,0.0,routed
882830d93bfffff,Discovery Bay S 4,,166.5,13.32,0.0,routed
882830d93dfffff,Discovery Bay SE 8,,200.3,16.03,0.0,routed
882830d941fffff,Questa NW 12,,138.3,11.06,0.0,routed
882830d943fffff,Byron SE 15,,125.7,10.06,78.0,routed
882830d945fffff,Questa NW 10,,249.1,19.93,0.0,routed
882830d947fffff,Byron SE 18,,184.8,14.78,0.0,routed
882830d949fffff,Questa NW 8,,108.6,8.69,0.0,routed
882830d94bfffff,Byron SE 16,,129.7,10.37,0.0,routed
882830d94dfffff,Questa NW 7,,100.7,8.06,0.0,routed
882830d951fffff,Byron SE 8,,149.6,11.97,1912.0,routed
882830d953fffff,Byron SE 5,,150.6,12.05,781.0,routed
882830d955fffff,Byron SE 10,,169.0,13.52,1173.0,routed
882830d957fffff,Byron SE 7,,162.4,13.0,470.0,routed
882830d959fffff,Byron SE 9,,128.9,10.31,564.0,routed
882830d95bfffff,Byron SE 6,,143.1,11.45,812.0,routed
882830d95dfffff,Byron SE 11,,130.8,10.47,1147.0,routed
882830d961fffff,Questa N 11,,201.6,16.13,0.0,routed
882830d963fffff,Byron E 12,,191.2,15.3,0.0,routed
882830d965fffff,Questa N 12,,207.7,16.62,0.0,routed
882830d967fffff,Discovery Bay SE 14,,197.1,15.77,0.0,routed
882830d969fffff,Questa N 7,,243.5,19.48,0.0,routed
882830d96bfffff,Questa N 10,,203.0,16.24,0.0,routed
882830d96dfffff,Questa N 8,,246.4,19.71,0.0,routed
882830d981fffff,Discovery Bay W 5,,111.3,8.9,952.0,routed
882830d983fffff,Discovery Bay W 7,,93.2,7.46,0.0,routed
882830d985fffff,Discovery Bay W 3,,119.1,9.53,2157.0,routed
882830d987fffff,Discovery Bay W 4,,116.6,9.33,132.0,routed
882830d989fffff,Byron N 4,,109.3,8.74,729.0,routed
882830d98bfffff,Byron N 5,,95.6,7.64,3.0,routed
882830d98dfffff,Discovery Bay SW 4,,122.1,9.77,4892.0,routed
882830d991fffff,Woodgate Mobile Home Park SE 6,,66.2,5.3,0.0,routed
882830d993fffff,Woodgate Mobile Home Park SE 4,,50.8,4.07,0.0,routed
882830d995fffff,Woodgate Mobile Home Park SE 9,,68.5,5.48,537.0,routed
882830d997fffff,Woodgate Mobile Home Park E 5,,64.2,5.14,0.0,routed
882830d999fffff,Woodgate Mobile Home Park SE 8,,78.1,6.24,0.0,routed
882830d99bfffff,Woodgate Mobile Home Park SE 5,,86.4,6.91,0.0,routed
882830d99dfffff,Byron N 6,,97.1,7.77,123.0,routed
882830d9a1fffff,Discovery Bay NW,,119.8,9.58,5474.0,routed
882830d9a3fffff,Discovery Bay NW 2,,98.7,7.9,8808.0,routed
882830d9a5fffff,Discovery Bay N,,177.8,14.22,4607.0,routed
882830d9a7fffff,Discovery Bay N 2,,194.1,15.53,243.0,routed
882830d9a9fffff,Discovery Bay W,,117.3,9.38,4795.0,routed
882830d9abfffff,Discovery Bay W 2,,103.0,8.24,7063.0,routed
882830d9adfffff,Discovery Bay,,166.4,13.31,5750.0,routed
882830d9b1fffff,Discovery Bay NW 7,,76.3,6.11,719.0,routed
882830d9b3fffff,Woodgate Mobile Home Park E 8,,68.6,5.49,1736.0,routed
882830d9b5fffff,Discovery Bay NW 5,,84.9,6.8,2489.0,routed
882830d9b7fffff,Discovery Bay NW 8,,78.2,6.26,724.0,routed
882830d9b9fffff,Discovery Bay W 6,,81.8,6.54,1786.0,routed
882830d9bbfffff,Woodgate Mobile Home Park E 7,,88.3,7.07,371.0,routed
882830d9bdfffff,Discovery Bay NW 4,,99.4,7.95,666.0,routed
882830d9c1fffff,Byron N,,134.9,10.8,983.0,routed
882830d9c3fffff,Byron N 2,,117.9,9.43,921.0,routed
882830d9c5fffff,Byron NE,,141.8,11.34,1737.0,routed
882830d9c7fffff,Byron N 3,,134.7,10.78,533.0,routed
882830d9c9fffff,Byron,,138.4,11.07,2544.0,routed
882830d9cbfffff,Byron NW,,132.4,10.6,803.0,routed
882830d9cdfffff,Byron E,,156.5,12.52,1384.0,routed
882830d9d1fffff,Byron NW 5,,103.5,8.28,837.0,routed
882830d9d3fffff,Byron NW 8,,82.2,6.57,966.0,routed
882830d9d5fffff,Byron NW 3,,101.6,8.13,754.0,routed
882830d9d7fffff,Byron NW 6,,85.7,6.86,0.0,routed
882830d9d9fffff,Byron NW 4,,109.0,8.72,215.0,routed
882830d9dbfffff,Byron NW 7,,89.2,7.13,1662.0,routed
882830d9ddfffff,Byron NW 2,,113.6,9.09,1565.0,routed
882830d9e1fffff,Discovery Bay SW 3,,138.6,11.09,2635.0,routed
882830d9e3fffff,Discovery Bay SW 2,,125.5,10.04,3483.0,routed
882830d9e5fffff,Discovery Bay S,,150.7,12.06,3801.0,routed
882830d9e7fffff,Discovery Bay SW,,161.5,12.92,4370.0,routed
882830d9e9fffff,Byron NE 2,,147.8,11.83,839.0,routed
882830d9ebfffff,Byron NE 3,,131.6,10.53,1301.0,routed
882830d9edfffff,Discovery Bay S 3,,156.8,12.55,0.0,routed
882830da01fffff,The Bluffs NE,,258.7,20.69,0.0,routed
882830da03fffff,The Bluffs N 8,,274.7,21.98,1342.0,routed
882830da05fffff,The Bluffs NE 2,,348.3,27.86,0.0,routed
882830da07fffff,The Bluffs NE 3,,291.3,23.31,0.0,routed
882830da0bfffff,The Bluffs N 4,,253.9,20.31,0.0,routed
882830da11fffff,The Bluffs N 9,,273.0,21.84,0.0,routed
882830da13fffff,The Bluffs N 11,,286.6,22.93,0.0,routed
882830da15fffff,The Bluffs N 10,,250.7,20.06,918.0,routed
882830da17fffff,The Bluffs N 13,,272.8,21.82,0.0,routed
882830da19fffff,The Bluffs N 5,,276.8,22.14,0.0,routed
882830da1bfffff,The Bluffs N 7,,286.9,22.95,0.0,routed
882830da1dfffff,The Bluffs N 6,,261.5,20.92,758.0,routed
882830da21fffff,Byron S 30,,248.1,19.85,0.0,routed
882830da23fffff,Byron S 28,,232.6,18.61,0.0,routed
882830da25fffff,Byron S 29,,248.4,19.88,762.0,routed
882830da27fffff,Byron S 25,,224.0,17.92,1011.0,routed
882830da29fffff,The Bluffs NE 4,,343.9,27.51,0.0,routed
882830da2bfffff,The Bluffs NE 5,,310.5,24.84,0.0,routed
882830da2dfffff,Byron S 32,,359.4,28.75,0.0,routed
882830da31fffff,Byron SW 32,,249.9,19.99,1290.0,routed
882830da33fffff,Byron SW 30,,260.7,20.85,67.0,routed
882830da35fffff,Byron S 26,,218.5,17.48,0.0,routed
882830da37fffff,Byron SW 25,,228.4,18.27,0.0,routed
882830da39fffff,The Bluffs N 12,,237.2,18.98,2394.0,routed
882830da3bfffff,The Bluffs N 15,,258.5,20.68,1170.0,routed
882830da3dfffff,Byron S 31,,247.7,19.82,537.0,routed
882830da53fffff,The Bluffs N,,285.9,22.87,0.0,routed
882830da57fffff,The Bluffs N 2,,266.5,21.32,0.0,routed
882830da81fffff,Clayton Palms Community SE 37,,254.2,20.33,0.0,routed
882830da83fffff,Clayton Palms Community SE 33,,198.2,15.85,0.0,routed
882830da85fffff,Byron SW 37,,177.5,14.2,0.0,routed
882830da87fffff,Clayton Palms Community SE 34,,168.6,13.49,0.0,routed
882830da89fffff,Saddleback N 23,,255.7,20.46,0.0,routed
882830da8bfffff,Clayton Palms Community SE 36,,244.2,19.54,0.0,routed
882830da8dfffff,Byron SW 39,,263.7,21.1,0.0,routed
882830da91fffff,Clayton Palms Community SE 28,,217.9,17.43,0.0,routed
882830da93fffff,Clayton Palms Community SE 22,,218.9,17.51,0.0,routed
882830da95fffff,Clayton Palms Community SE 30,,189.7,15.17,0.0,routed
882830da97fffff,Clayton Palms Community SE 24,,196.0,15.68,0.0,routed
882830da99fffff,Clayton Palms Community S 32,,214.6,17.17,0.0,routed
882830da9bfffff,Clayton Palms Community S 27,,203.5,16.28,0.0,routed
882830da9dfffff,Clayton Palms Community SE 32,,242.9,19.44,0.0,routed
882830daa1fffff,Byron SW 26,,143.0,11.44,0.0,routed
882830daa3fffff,Byron SW 27,,150.8,12.07,271.0,routed
882830daa5fffff,Byron SW 19,,135.2,10.81,0.0,routed
882830daa7fffff,Byron SW 21,,131.8,10.54,835.0,routed
882830daa9fffff,Byron SW 31,,182.1,14.57,0.0,routed
882830daabfffff,Byron SW 33,,164.9,13.19,0.0,routed
882830daadfffff,Byron SW 24,,225.8,18.06,0.0,routed
882830dab1fffff,Clayton Palms Community SE 29,,168.6,13.49,0.0,routed
882830dab3fffff,Clayton Palms Community SE 23,,172.7,13.82,0.0,routed
882830dab5fffff,Byron W 22,,150.7,12.05,428.0,routed
882830dab7fffff,Clayton Palms Community SE 27,,181.0,14.48,0.0,routed
882830dab9fffff,Clayton Palms Community SE 31,,171.0,13.68,0.0,routed
882830dabbfffff,Clayton Palms Community SE 26,,186.0,14.88,0.0,routed
882830dabdfffff,Byron W 23,,155.1,12.41,507.0,routed
882830dac1fffff,Saddleback N 15,,285.2,22.81,0.0,routed
882830dac3fffff,Saddleback N 18,,260.5,20.84,0.0,routed
882830dac5fffff,The Bluffs N 14,,291.6,23.33,0.0,routed
882830dac7fffff,Saddleback N 19,,272.2,21.78,0.0,routed
882830dac9fffff,Saddleback N 10,,285.3,22.83,0.0,routed
882830dacbfffff,Saddleback N 14,,274.3,21.94,0.0,routed
882830dacdfffff,Saddleback N 11,,298.2,23.86,0.0,routed
882830dad1fffff,Saddleback N 20,,246.0,19.68,0.0,routed
882830dad3fffff,Clayton Palms Community S 35,,233.3,18.66,0.0,routed
882830dad5fffff,Saddleback N 22,,255.7,20.46,0.0,routed
882830dad7fffff,Clayton Palms Community SE 35,,230.7,18.45,0.0,routed
882830dad9fffff,Saddleback N 16,,272.0,21.76,0.0,routed
882830dadbfffff,Saddleback N 21,,266.9,21.35,0.0,routed
882830daddfffff,Saddleback N 17,,253.2,20.25,1126.0,routed
882830dae1fffff,Byron SW 34,,281.7,22.54,0.0,routed
882830dae3fffff,Byron SW 36,,293.2,23.46,0.0,routed
882830dae5fffff,Byron SW 28,,281.1,22.48,0.0,routed
882830dae7fffff,Byron SW 29,,290.2,23.22,0.0,routed
882830dae9fffff,The Bluffs N 16,,279.9,22.39,0.0,routed
882830daebfffff,Byron SW 38,,289.6,23.17,0.0,routed
882830daedfffff,Byron SW 35,,270.3,21.62,141.0,routed
882830db03fffff,Questa W 2,,112.9,9.03,2286.0,routed
882830db07fffff,Questa W,,112.7,9.02,1563.0,routed
882830db11fffff,Byron S 22,,167.8,13.42,0.0,routed
882830db13fffff,Byron S 19,,195.7,15.66,108.0,routed
882830db15fffff,Byron S 21,,155.8,12.47,997.0,routed
882830db17fffff,Byron S 17,,155.1,12.41,279.0,routed
882830db19fffff,Byron S 27,,247.8,19.83,1063.0,routed
882830db1bfffff,Byron S 24,,252.3,20.18,183.0,routed
882830db1dfffff,Questa W 3,,167.6,13.41,1174.0,routed
882830db21fffff,Questa NW 2,,92.8,7.42,163.0,routed
882830db23fffff,Questa NW 6,,86.7,6.93,131.0,routed
882830db25fffff,Questa NW,,77.3,6.18,780.0,routed
882830db27fffff,Questa NW 4,,87.6,7.01,690.0,routed
882830db2bfffff,Questa NW 5,,122.8,9.82,157.0,routed
882830db31fffff,Byron SE 17,,127.3,10.18,649.0,routed
882830db33fffff,Byron SE 12,,125.9,10.07,1473.0,routed
882830db35fffff,Questa NW 11,,97.9,7.83,421.0,routed
882830db37fffff,Byron SE 14,,110.1,8.8,721.0,routed
882830db39fffff,Questa NW 13,,118.6,9.49,0.0,routed
882830db3bfffff,Byron S 16,,156.6,12.53,1085.0,routed
882830db3dfffff,Questa NW 9,,130.7,10.46,997.0,routed
882830db53fffff,Questa W 5,,259.2,20.74,0.0,routed
882830db57fffff,Questa W 4,,127.0,10.16,1964.0,routed
8828346d85fffff,West Dublin NW,,39.9,3.2,0.0,routed
8828346d87fffff,West Dublin NW 3,,105.9,8.47,0.0,routed
8828346d95fffff,Norris Canyon S 2,,91.8,7.34,0.0,routed
8828346d97fffff,Norris Canyon S,,84.4,6.75,0.0,routed
8828346da1fffff,West Dublin N,,29.4,2.35,6538.0,routed
8828346da3fffff,West Dublin N 2,,12.6,1.01,5817.0,routed
8828346da5fffff,The Gardens,,9.4,0.76,7975.0,routed
8828346da7fffff,The Gardens NW,,16.8,1.34,8894.0,routed
8828346da9fffff,West Dublin,,24.4,1.95,2460.0,routed
8828346dabfffff,West Dublin NW 2,,38.6,3.09,0.0,routed
8828346dadfffff,Village Parkway,,16.4,1.32,10588.0,routed
8828346db1fffff,Norris Canyon SE 2,,51.7,4.14,0.0,routed
8828346db3fffff,Norris Canyon E,,50.7,4.06,18.0,routed
8828346db5fffff,Foothill Gardens S 2,,27.4,2.2,2705.0,routed
8828346db7fffff,Foothill Gardens S,,38.7,3.1,112.0,routed
8828346db9fffff,Norris Canyon SE 3,,114.1,9.12,0.0,routed
8828346dbbfffff,Norris Canyon SE,,78.6,6.28,464.0,routed
8828346dbdfffff,West Dublin NW 4,,35.7,2.86,0.0,routed
882836265bfffff,Flamingo Mobile Manor E 13,,258.3,20.66,971.0,routed
8828362681fffff,The Willows At Bethel Island NE 21,,301.8,24.14,969.0,routed
8828362683fffff,The Willows At Bethel Island NE 19,,308.6,24.69,0.0,routed
882836268bfffff,The Willows At Bethel Island NE 16,,297.0,23.76,376.0,routed
8828362691fffff,The Willows At Bethel Island NE 17,,142.6,11.41,0.0,routed
8828362693fffff,The Willows At Bethel Island NE 18,,144.2,11.54,0.0,routed
8828362695fffff,The Willows At Bethel Island NE 20,,153.0,12.24,0.0,routed
8828362697fffff,The Willows At Bethel Island NE 22,,153.5,12.28,0.0,routed
8828362699fffff,The Willows At Bethel Island NE 12,,132.2,10.57,0.0,routed
882836269bfffff,The Willows At Bethel Island NE 14,,132.9,10.63,0.0,routed
882836269dfffff,The Willows At Bethel Island NE 15,,146.1,11.69,0.0,routed
88283626b3fffff,The Willows At Bethel Island NE 26,,174.3,13.95,690.0,routed
88283626b9fffff,The Willows At Bethel Island NE 23,,320.3,25.62,0.0,routed
88283626bbfffff,The Willows At Bethel Island NE 24,,163.5,13.08,0.0,routed
88283626c3fffff,The Willows At Bethel Island E 4,,278.1,22.25,794.0,routed
88283626c9fffff,Flamingo Mobile Manor NE 10,,261.2,20.89,1002.0,routed
88283626cbfffff,Flamingo Mobile Manor NE 9,,266.3,21.3,949.0,routed
88283626d1fffff,The Willows At Bethel Island NE 8,,60.5,4.84,0.0,routed
88283626d3fffff,The Willows At Bethel Island NE 7,,125.3,10.03,0.0,routed
88283626d5fffff,The Willows At Bethel Island NE 13,,285.5,22.84,441.0,routed
88283626d7fffff,The Willows At Bethel Island NE 11,,76.0,6.08,0.0,routed
88283626d9fffff,The Willows At Bethel Island NE 6,,44.6,3.57,0.0,routed
88283626dbfffff,The Willows At Bethel Island NE 4,,55.3,4.42,0.0,routed
88283626ddfffff,The Willows At Bethel Island NE 10,,274.3,21.95,0.0,routed
8828363499fffff,Summer Lake E 11,,189.9,15.19,0.0,routed
882836349bfffff,Summer Lake E 10,,184.2,14.74,550.0,routed
88283634d1fffff,Summer Lake SE 23,,199.5,15.96,0.0,routed
88283634d3fffff,Summer Lake SE 19,,188.0,15.04,0.0,routed
88283634d9fffff,Summer Lake SE 24,,206.1,16.49,0.0,routed
88283634dbfffff,Summer Lake SE 20,,195.5,15.64,0.0,routed
88283634ddfffff,Summer Lake SE 25,,208.1,16.64,0.0,routed
8828363659fffff,Questa N 13,,217.4,17.39,137.0,routed
882836365bfffff,Discovery Bay SE 15,,208.4,16.67,0.0,routed
8828363681fffff,Discovery Bay E 7,,225.1,18.01,0.0,routed
8828363683fffff,Discovery Bay NE 6,,221.2,17.69,0.0,routed
8828363687fffff,Discovery Bay NE 10,,183.7,14.7,0.0,routed
8828363689fffff,Discovery Bay E 6,,228.2,18.26,0.0,routed
882836368bfffff,Discovery Bay E 4,,214.5,17.16,0.0,routed
8828363691fffff,Discovery Bay NE 4,,208.2,16.66,0.0,routed
8828363693fffff,Discovery Bay N 5,,135.7,10.86,0.0,routed
8828363695fffff,Discovery Bay NE 5,,183.2,14.66,0.0,routed
8828363697fffff,Discovery Bay NE 7,,139.5,11.16,0.0,routed
8828363699fffff,Discovery Bay NE 2,,190.6,15.25,3189.0,routed
882836369bfffff,Discovery Bay N 3,,191.9,15.35,0.0,routed
882836369dfffff,Discovery Bay NE 3,,172.9,13.84,0.0,routed
88283636b1fffff,Discovery Bay NE 12,,186.0,14.88,0.0,routed
88283636b3fffff,Discovery Bay NE 14,,197.1,15.77,548.0,routed
88283636b7fffff,Discovery Bay NE 15,,196.6,15.73,56.0,routed
88283636b9fffff,Discovery Bay NE 8,,182.5,14.6,0.0,routed
88283636bbfffff,Discovery Bay NE 9,,192.1,15.37,0.0,routed
88283636bdfffff,Discovery Bay NE 13,,179.0,14.32,0.0,routed
88283636c1fffff,Discovery Bay E 8,,195.2,15.62,0.0,routed
88283636c3fffff,Discovery Bay E 5,,190.9,15.28,0.0,routed
88283636cbfffff,Discovery Bay SE 5,,180.7,14.46,0.0,routed
88283636d1fffff,Discovery Bay E,,177.4,14.19,3334.0,routed
88283636d3fffff,Discovery Bay NE,,175.3,14.03,4109.0,routed
88283636d5fffff,Discovery Bay E 3,,195.5,15.64,0.0,routed
88283636d7fffff,Discovery Bay E 2,,192.0,15.36,146.0,routed
88283636d9fffff,Discovery Bay SE 2,,180.9,14.47,3848.0,routed
88283636dbfffff,Discovery Bay SE,,165.9,13.27,5973.0,routed
88283636ddfffff,Discovery Bay SE 3,,187.5,15.0,0.0,routed
882836ac91fffff,Questa N 2,,235.7,18.86,191.0,routed
882836ac93fffff,Questa N 4,,238.5,19.08,0.0,routed
882836ac95fffff,Questa N 3,,240.0,19.2,1107.0,routed
882836ac97fffff,Questa N 5,,234.5,18.76,0.0,routed
882836ac99fffff,Questa,,70.1,5.61,1784.0,routed
882836ac9bfffff,Questa NW 3,,80.9,6.47,0.0,routed
882836ac9dfffff,Questa N,,75.7,6.06,644.0,routed
882836acb3fffff,Questa N 9,,255.2,20.42,503.0,routed
882836acbbfffff,Questa N 6,,245.2,19.61,691.0,routed
